,subject,feature_shuffle,trialnum,correlation
0,sub05,ling_word_target,0,0.006106935349264598
1,sub05,ling_word_target,1,0.0951172211987555
2,sub05,ling_word_target,2,0.05610996993552036
3,sub05,ling_word_target,3,0.04390092656211052
4,sub05,ling_word_target,4,-0.03192795217128858
5,sub05,ling_word_target,5,0.007604095461912124
6,sub05,ling_word_target,6,0.05150437166059074
7,sub05,ling_word_target,7,-0.031054479109826456
8,sub05,ling_word_target,8,-0.051585872430745354
9,sub05,ling_word_target,9,0.027873929513398447
10,sub05,ling_word_target,10,-0.017660642926233434
11,sub05,ling_word_target,11,-0.07561357384735501
12,sub05,ling_word_target,12,0.034269390412026625
13,sub05,ling_word_target,13,0.026406420515143535
14,sub05,ling_word_target,14,-0.012578430996483748
15,sub05,ling_word_target,15,0.005498157658486726
16,sub05,ling_word_target,16,0.0554080420001739
17,sub05,ling_word_target,17,-0.12022874070732494
18,sub05,ling_word_target,18,-0.05798537174345114
19,sub05,ling_word_target,19,-0.029237531914692427
20,sub05,ling_word_target,20,-0.03812237940286254
21,sub05,ling_word_target,21,-0.016663184030826523
22,sub05,ling_word_target,22,-0.009837445924683132
23,sub05,ling_word_target,23,0.010700938057302779
24,sub05,ling_word_target,24,-0.013314376908856921
25,sub05,ling_word_target,25,-0.03702314257724339
26,sub05,ling_word_target,26,0.009856445154276564
27,sub05,ling_word_target,27,0.04652251264631919
28,sub05,ling_word_target,28,0.035122388137097095
29,sub05,ling_word_target,29,0.0579689586525967
30,sub05,ling_word_target,30,-0.0035790067435835585
31,sub05,ling_word_target,31,0.008625072465636777
32,sub05,ling_word_target,32,-0.021089984756616383
33,sub05,ling_word_target,33,-0.006855656349500026
34,sub05,ling_word_target,34,0.05990617287640256
35,sub05,ling_word_target,35,-0.15630477768969675
36,sub05,ling_word_target,36,-0.03486720667444936
37,sub05,ling_word_target,37,0.03205954310436917
38,sub05,ling_word_target,38,-0.04150462020881986
39,sub05,ling_word_target,39,-0.008202728585210744
40,sub05,ling_word_target,40,0.013490265915843336
41,sub05,ling_word_target,41,-0.09115650548598483
42,sub05,ling_word_target,42,-0.0018465232161574779
43,sub05,ling_word_target,43,0.006153916028456179
44,sub05,ling_word_target,44,0.040993120898168145
45,sub05,ling_word_target,45,0.032366216386344154
46,sub05,ling_word_target,46,0.03421381110762874
47,sub05,ling_word_target,47,0.040633002455855535
48,sub05,ling_word_target,48,0.02588687537932289
49,sub05,ling_word_target,49,-0.01166085278312406
50,sub05,ling_word_target,50,-0.0002137342875565071
51,sub05,ling_word_target,51,0.05430587146552317
52,sub05,ling_word_target,52,0.011849753717324085
53,sub05,ling_word_target,53,0.01202021960553624
54,sub05,ling_word_target,54,-0.009271750024742086
55,sub05,ling_word_target,55,0.007058999975361864
56,sub05,ling_word_target,56,-0.0019081486504897796
57,sub05,ling_word_target,57,0.05636454925316256
58,sub05,ling_word_target,58,0.010930936933881063
59,sub05,ling_word_target,59,-0.06228947302730392
60,sub05,ling_word_target,60,0.013724784586719885
61,sub05,ling_word_target,61,-0.0010979114693786065
62,sub05,ling_word_target,62,-0.01844132416297898
63,sub05,ling_word_target,63,-0.004887271166873955
64,sub05,ling_word_target,64,-0.04446733061033073
65,sub05,ling_word_target,65,-0.0054105694085356815
66,sub05,ling_word_target,66,0.017425020121117185
67,sub05,ling_word_target,67,0.0040588484190340795
68,sub05,ling_word_target,68,0.05240978825706657
69,sub05,ling_word_target,69,-0.049540456071329037
70,sub05,ling_word_target,70,-0.02771156806742582
71,sub05,ling_word_target,71,0.04533900613864478
72,sub05,ling_word_target,72,0.028165029880904458
73,sub05,ling_word_target,73,0.06370587960547992
74,sub05,ling_word_target,74,0.024163266969008806
75,sub05,ling_word_target,75,0.036734933087218674
76,sub05,ling_word_target,76,-0.0022028088723444156
77,sub05,ling_word_target,77,-0.036292787390192656
78,sub05,ling_word_target,78,0.026798204813557963
79,sub05,ling_word_target,79,0.043573595614466006
80,sub05,ling_word_target,80,0.036231940743138416
81,sub05,ling_word_target,81,-0.0751107974730855
82,sub05,ling_word_target,82,-0.02273317926349063
83,sub05,ling_word_target,83,-0.026823219591687878
84,sub05,ling_word_target,84,-0.03175298177892748
85,sub05,ling_word_target,85,0.05334681674468996
86,sub05,ling_word_target,86,-0.03770588718789344
87,sub05,ling_word_target,87,0.05984762867431565
88,sub05,ling_word_target,88,-0.09896498854740317
89,sub05,ling_word_target,89,0.016717829155839633
90,sub05,ling_word_target,90,0.03782491465712218
91,sub05,ling_word_target,91,0.023885960735326426
92,sub05,ling_word_target,92,-0.02705100878111704
93,sub05,ling_word_target,93,0.011494818239978537
94,sub05,ling_word_target,94,-0.07265840837290266
95,sub05,ling_word_target,95,-0.034998449501618935
96,sub05,ling_word_target,96,-0.024390411886767462
97,sub05,ling_word_target,97,-0.006289304260884881
98,sub05,ling_word_target,98,0.014834705641058463
99,sub05,ling_word_target,99,0.018958222298816125
100,sub05,ling_word_target,100,0.012149014795849337
101,sub05,ling_word_target,101,-0.0054643650304525525
102,sub05,ling_word_target,102,0.03285813696956307
103,sub05,ling_word_target,103,-0.008827142099974544
104,sub05,ling_word_target,104,-0.015536193248082506
105,sub05,ling_word_target,105,-0.026098634395619148
106,sub05,ling_word_target,106,0.007654564175487749
107,sub05,ling_word_target,107,-0.07780533251067015
108,sub05,ling_word_target,108,-0.05189598359064885
109,sub05,ling_word_target,109,-0.06702900088361431
110,sub05,ling_word_target,110,-0.08875565452952512
111,sub05,ling_word_target,111,-0.06373485711223857
112,sub05,ling_word_target,112,0.025097158688428402
113,sub05,ling_word_target,113,0.033849231538789055
114,sub05,ling_word_target,114,-0.016398776373707583
115,sub05,ling_word_target,115,-0.07669556886354932
116,sub05,ling_word_target,116,-0.07707640129521098
117,sub05,ling_word_target,117,0.026825404405841784
118,sub05,ling_word_target,118,0.004621946415534101
119,sub05,ling_word_target,119,0.010186153931419098
120,sub05,ling_word_target,120,-0.0015015911320001103
121,sub05,ling_word_target,121,0.05049044573826936
122,sub05,ling_word_target,122,-0.004873171272458903
123,sub05,ling_word_target,123,-0.0007735529322745262
124,sub05,ling_word_target,124,0.01945593906858275
125,sub05,ling_word_target,125,-0.013968821659065541
126,sub05,ling_word_target,126,0.03048597661483518
127,sub05,ling_word_target,127,-0.004240758733614163
128,sub05,ling_word_target,128,-0.04304303516567064
129,sub05,ling_word_target,129,-0.02614859508975936
130,sub05,ling_word_target,130,-0.02538385754715379
131,sub05,ling_word_target,131,0.0362362003556419
132,sub05,ling_word_target,132,0.044556539677541064
133,sub05,ling_word_target,133,-0.11185014796261286
134,sub05,ling_word_target,134,0.013698085550642435
135,sub05,ling_word_target,135,0.01505375098204959
136,sub05,ling_word_target,136,-0.007619344062900622
137,sub05,ling_word_target,137,-0.0218483112237885
138,sub05,ling_word_target,138,-0.041958668253063505
139,sub05,ling_word_target,139,0.019651463574579076
140,sub05,ling_word_target,140,0.02020039492114526
141,sub05,ling_word_target,141,0.007905151784251647
142,sub05,ling_word_target,142,0.019774693028180582
143,sub05,ling_word_target,143,-0.024671989299681372
144,sub05,ling_word_target,144,0.021338637754854742
145,sub05,ling_word_target,145,-0.03309321889750409
146,sub05,ling_word_target,146,0.01229493931859341
147,sub05,ling_word_target,147,0.036056905299578834
148,sub05,ling_word_target,148,-0.03712214347481841
149,sub05,ling_word_target,149,-0.04091404657782087
150,sub05,ling_word_target,150,-0.019001037068716805
151,sub05,ling_word_target,151,0.018048124689872876
152,sub05,ling_word_target,152,0.025731885864705508
153,sub05,ling_word_target,153,-0.012573977571819727
154,sub05,ling_word_target,154,0.017018757111034902
155,sub05,ling_word_target,155,0.01504274931256421
156,sub05,ling_word_target,156,-0.006523440570602616
157,sub05,ling_word_target,157,0.05014404958523677
158,sub05,ling_word_target,158,-0.10758475712875377
159,sub05,ling_word_target,159,-0.07192490915970737
160,sub05,ling_word_target,160,-0.04754825152676977
161,sub05,ling_word_target,161,-0.03491780190425879
162,sub05,ling_word_target,162,-0.005743216338005991
163,sub05,ling_word_target,163,0.02180444634391089
164,sub05,ling_word_target,164,-0.07152066240460886
165,sub05,ling_word_target,165,0.06219407463177205
166,sub05,ling_word_target,166,0.02607566492839298
167,sub05,ling_word_target,167,-0.045520309093759835
168,sub05,ling_word_target,168,0.012774757310635857
169,sub05,ling_word_target,169,-0.045654641543643015
170,sub05,ling_word_target,170,0.04228096997960042
171,sub05,ling_word_target,171,-0.07003852983149503
172,sub05,ling_word_target,172,0.011986252351004659
173,sub05,ling_word_target,173,-0.028254830672047523
174,sub05,ling_word_target,174,0.0494774457222828
175,sub05,ling_word_target,175,-0.010695296129438292
176,sub05,ling_word_target,176,-0.010310237835459342
177,sub05,ling_word_target,177,0.020021366494475657
178,sub05,ling_word_target,178,-0.009978430588215063
179,sub05,ling_word_target,179,0.013102385036604085
180,sub05,ling_word_target,180,-0.04692586705767543
181,sub05,ling_word_target,181,-0.0242194517017183
182,sub05,ling_word_target,182,-0.04482640442277066
183,sub05,ling_word_target,183,0.03379953724633383
184,sub05,ling_word_target,184,0.013995114415140507
185,sub05,ling_word_target,185,0.007022967440279434
186,sub05,ling_word_target,186,0.012026521942160234
187,sub05,ling_word_target,187,-0.02534844651216751
188,sub05,ling_word_target,188,-0.027810458658587948
189,sub05,ling_word_target,189,0.022799495152313377
190,sub05,ling_word_target,190,0.010331348331711534
191,sub05,ling_word_target,191,3.5492031882006954e-05
192,sub05,ling_word_target,192,0.016329440665389564
193,sub05,ling_word_target,193,-0.015056127000943784
194,sub05,ling_word_target,194,-0.06992208670417534
195,sub05,ling_word_target,195,0.0006554579076608325
196,sub05,ling_word_target,196,0.03180833995288101
197,sub05,ling_word_target,197,-0.007277769472208607
198,sub05,ling_word_target,198,-0.03628204773761927
199,sub05,ling_word_target,199,0.041814180101452283
200,sub06,ling_word_target,0,-0.03153646900439292
201,sub06,ling_word_target,1,-0.03839303075342886
202,sub06,ling_word_target,2,0.09626484700867322
203,sub06,ling_word_target,3,0.07114465649609629
204,sub06,ling_word_target,4,0.02434808193725765
205,sub06,ling_word_target,5,-0.00181576238173757
206,sub06,ling_word_target,6,0.04916124365792074
207,sub06,ling_word_target,7,0.02726352336861481
208,sub06,ling_word_target,8,0.0011014615990839643
209,sub06,ling_word_target,9,0.09419201836164902
210,sub06,ling_word_target,10,-0.12872784547240007
211,sub06,ling_word_target,11,0.10271203131204953
212,sub06,ling_word_target,12,0.061030311146399036
213,sub06,ling_word_target,13,-0.012176414538784494
214,sub06,ling_word_target,14,-0.015374280027444304
215,sub06,ling_word_target,15,-0.02195522073321284
216,sub06,ling_word_target,16,-0.020194404534465773
217,sub06,ling_word_target,17,-0.021710349263511116
218,sub06,ling_word_target,18,0.07234741960997058
219,sub06,ling_word_target,19,0.06774326995937721
220,sub06,ling_word_target,20,-0.049615793986589864
221,sub06,ling_word_target,21,-0.08066636932103559
222,sub06,ling_word_target,22,0.04135013711839661
223,sub06,ling_word_target,23,0.019717378263869226
224,sub06,ling_word_target,24,0.0076819551544486595
225,sub06,ling_word_target,25,-0.06545493585100454
226,sub06,ling_word_target,26,-0.012862945163631302
227,sub06,ling_word_target,27,0.005801102351257912
228,sub06,ling_word_target,28,-0.03758169301168341
229,sub06,ling_word_target,29,0.1523280442399863
230,sub06,ling_word_target,30,0.13860307319976675
231,sub06,ling_word_target,31,-0.0020058919747133284
232,sub06,ling_word_target,32,0.01994133465898479
233,sub06,ling_word_target,33,-0.002110294103103819
234,sub06,ling_word_target,34,0.00858676553361854
235,sub06,ling_word_target,35,0.020108875652980487
236,sub06,ling_word_target,36,0.05129507752849783
237,sub06,ling_word_target,37,-0.02982995697263457
238,sub06,ling_word_target,38,0.016938224202408703
239,sub06,ling_word_target,39,-0.009535309731160244
240,sub06,ling_word_target,40,-0.038680215607426766
241,sub06,ling_word_target,41,0.03788630203087924
242,sub06,ling_word_target,42,0.05102436964836003
243,sub06,ling_word_target,43,0.012124145774308674
244,sub06,ling_word_target,44,0.032525072316163056
245,sub06,ling_word_target,45,0.00657439384682348
246,sub06,ling_word_target,46,0.009211288089724436
247,sub06,ling_word_target,47,0.03520428437610524
248,sub06,ling_word_target,48,-0.01910036527405132
249,sub06,ling_word_target,49,-0.029098436059828363
250,sub06,ling_word_target,50,0.01694450583451393
251,sub06,ling_word_target,51,0.06686156351317221
252,sub06,ling_word_target,52,-0.06974844622868857
253,sub06,ling_word_target,53,0.021740062856425237
254,sub06,ling_word_target,54,-0.07772520333966863
255,sub06,ling_word_target,55,-0.02858395847582234
256,sub06,ling_word_target,56,-0.037358872333851635
257,sub06,ling_word_target,57,0.007886862541439775
258,sub06,ling_word_target,58,0.023778483885208087
259,sub06,ling_word_target,59,-0.09676698136363973
260,sub06,ling_word_target,60,0.010501439153960233
261,sub06,ling_word_target,61,-0.00280893801115257
262,sub06,ling_word_target,62,-0.05791370251834074
263,sub06,ling_word_target,63,-0.007284651049721961
264,sub06,ling_word_target,64,0.005233301623104258
265,sub06,ling_word_target,65,0.007799000128150359
266,sub06,ling_word_target,66,-0.1448841289849034
267,sub06,ling_word_target,67,0.05040402547579388
268,sub06,ling_word_target,68,0.03567863646239628
269,sub06,ling_word_target,69,-0.007251689749766054
270,sub06,ling_word_target,70,0.05239881914160942
271,sub06,ling_word_target,71,0.04683799562638405
272,sub06,ling_word_target,72,0.035196089971565356
273,sub06,ling_word_target,73,-0.073183492334373
274,sub06,ling_word_target,74,-0.004778760429850123
275,sub06,ling_word_target,75,0.03326263332183418
276,sub06,ling_word_target,76,0.09258272367439703
277,sub06,ling_word_target,77,-0.018834387947146557
278,sub06,ling_word_target,78,-0.02071703424961584
279,sub06,ling_word_target,79,-0.06747190275852438
280,sub06,ling_word_target,80,0.018522369928317257
281,sub06,ling_word_target,81,0.07002211239623392
282,sub06,ling_word_target,82,-0.04097186805842188
283,sub06,ling_word_target,83,-0.013838281323089107
284,sub06,ling_word_target,84,-0.032893733972440484
285,sub06,ling_word_target,85,-0.022269028129554544
286,sub06,ling_word_target,86,0.0013943516146152546
287,sub06,ling_word_target,87,0.052639504645493704
288,sub06,ling_word_target,88,0.009706958673834342
289,sub06,ling_word_target,89,-0.0006939003353328894
290,sub06,ling_word_target,90,-0.0018743569939596093
291,sub06,ling_word_target,91,0.03528007495693639
292,sub06,ling_word_target,92,0.044874569425286684
293,sub06,ling_word_target,93,0.043522355983262026
294,sub06,ling_word_target,94,0.014376119006906109
295,sub06,ling_word_target,95,-0.0002670673127595268
296,sub06,ling_word_target,96,-0.0016877951904718511
297,sub06,ling_word_target,97,-0.009379764738796122
298,sub06,ling_word_target,98,-0.055298550539239745
299,sub06,ling_word_target,99,0.03210535415252291
300,sub06,ling_word_target,100,0.0568973041516636
301,sub06,ling_word_target,101,0.12416045102016456
302,sub06,ling_word_target,102,0.056420910565600765
303,sub06,ling_word_target,103,-0.031488426375326596
304,sub06,ling_word_target,104,0.032808580799318234
305,sub06,ling_word_target,105,-0.011873244561140769
306,sub06,ling_word_target,106,0.007039578842537025
307,sub06,ling_word_target,107,-0.025251787102159827
308,sub06,ling_word_target,108,-0.017706724982617925
309,sub06,ling_word_target,109,0.001082428759845558
310,sub06,ling_word_target,110,-0.015926571205393415
311,sub06,ling_word_target,111,0.002852151411706089
312,sub06,ling_word_target,112,-0.014778298782813922
313,sub06,ling_word_target,113,0.019322004624953145
314,sub06,ling_word_target,114,-0.02974627786424182
315,sub06,ling_word_target,115,-0.03400825044025619
316,sub06,ling_word_target,116,0.005434065192616292
317,sub06,ling_word_target,117,0.021365799957096074
318,sub06,ling_word_target,118,-0.018346219432887657
319,sub06,ling_word_target,119,0.02867515015952277
320,sub06,ling_word_target,120,-0.06477561890487124
321,sub06,ling_word_target,121,0.025572711099189894
322,sub06,ling_word_target,122,0.017603203107076675
323,sub06,ling_word_target,123,0.0046371319555904
324,sub06,ling_word_target,124,0.011105309869639469
325,sub06,ling_word_target,125,-0.0049787208089622
326,sub06,ling_word_target,126,-0.07023700271160185
327,sub06,ling_word_target,127,-0.00957169512985428
328,sub06,ling_word_target,128,-0.06411836052362843
329,sub06,ling_word_target,129,-0.05114458849570663
330,sub06,ling_word_target,130,0.04544270283544905
331,sub06,ling_word_target,131,-0.043732573208099895
332,sub06,ling_word_target,132,0.047650979176270376
333,sub06,ling_word_target,133,0.024353522739039696
334,sub06,ling_word_target,134,-0.04224735465970459
335,sub06,ling_word_target,135,0.03546968421577266
336,sub06,ling_word_target,136,0.0026205251555488024
337,sub06,ling_word_target,137,-0.03730180359480697
338,sub06,ling_word_target,138,-0.010914812701774128
339,sub06,ling_word_target,139,0.09496737661983636
340,sub06,ling_word_target,140,-0.048899569871684236
341,sub06,ling_word_target,141,0.012687826592721189
342,sub06,ling_word_target,142,-0.030884894737845656
343,sub06,ling_word_target,143,0.006130660502630449
344,sub06,ling_word_target,144,-0.007903720130592432
345,sub06,ling_word_target,145,-0.034549884476260374
346,sub06,ling_word_target,146,-0.007817801875097057
347,sub06,ling_word_target,147,-0.002744482824064864
348,sub06,ling_word_target,148,0.03952213384950895
349,sub06,ling_word_target,149,-0.06141116508040898
350,sub06,ling_word_target,150,-0.052451972988404975
351,sub06,ling_word_target,151,0.0031588241808450258
352,sub06,ling_word_target,152,-0.03407879328040935
353,sub06,ling_word_target,153,-0.0307996688907914
354,sub06,ling_word_target,154,0.04295144213500754
355,sub06,ling_word_target,155,0.0042420858709252005
356,sub06,ling_word_target,156,-0.032662684362928004
357,sub06,ling_word_target,157,-0.050610689455580164
358,sub06,ling_word_target,158,0.0034885134094947167
359,sub06,ling_word_target,159,-0.05734131626680421
360,sub06,ling_word_target,160,0.0687384719714389
361,sub06,ling_word_target,161,0.0012017554910412666
362,sub06,ling_word_target,162,-0.06012897760944038
363,sub06,ling_word_target,163,0.022002885420956093
364,sub06,ling_word_target,164,0.036921930126103036
365,sub06,ling_word_target,165,-0.00373057948762833
366,sub06,ling_word_target,166,-0.003102303665569682
367,sub06,ling_word_target,167,-0.010369823835557995
368,sub06,ling_word_target,168,-0.056772225995398135
369,sub06,ling_word_target,169,-0.037905821585953355
370,sub06,ling_word_target,170,0.01869790643725857
371,sub06,ling_word_target,171,0.0007513054790760723
372,sub06,ling_word_target,172,-0.045717651053521366
373,sub06,ling_word_target,173,0.05405485764273902
374,sub06,ling_word_target,174,-0.020233024850350605
375,sub06,ling_word_target,175,0.01503745642712546
376,sub06,ling_word_target,176,0.05774309778048734
377,sub06,ling_word_target,177,-0.02708579193729265
378,sub06,ling_word_target,178,-0.0478146345035252
379,sub06,ling_word_target,179,-0.019565544798656093
380,sub06,ling_word_target,180,-0.022118347155219775
381,sub06,ling_word_target,181,0.008408728439651325
382,sub06,ling_word_target,182,0.11295691722199476
383,sub06,ling_word_target,183,-0.012007237573803535
384,sub06,ling_word_target,184,0.009720909975470858
385,sub06,ling_word_target,185,0.011590696648559988
386,sub06,ling_word_target,186,0.05428214313189668
387,sub06,ling_word_target,187,0.0008314747745701149
388,sub06,ling_word_target,188,0.01956554526460563
389,sub06,ling_word_target,189,-0.03967369781591636
390,sub06,ling_word_target,190,-0.029186552349087413
391,sub06,ling_word_target,191,-0.08024830848011821
392,sub06,ling_word_target,192,-0.021893209902209894
393,sub06,ling_word_target,193,0.06909737676551533
394,sub06,ling_word_target,194,-0.05211006406302551
395,sub06,ling_word_target,195,-0.00022982550932689144
396,sub06,ling_word_target,196,0.0667764278204973
397,sub06,ling_word_target,197,0.014730900901805299
398,sub06,ling_word_target,198,-0.07784107744699154
399,sub06,ling_word_target,199,-0.02157121816405507
400,sub07,ling_word_target,0,-0.015309966284484236
401,sub07,ling_word_target,1,0.04849152886163865
402,sub07,ling_word_target,2,-0.04537732270892081
403,sub07,ling_word_target,3,-0.02536780939749503
404,sub07,ling_word_target,4,0.047786614014141825
405,sub07,ling_word_target,5,0.049350341189590786
406,sub07,ling_word_target,6,0.02812720144104971
407,sub07,ling_word_target,7,-0.07426662362082107
408,sub07,ling_word_target,8,-0.06532716373314269
409,sub07,ling_word_target,9,0.013841939242739094
410,sub07,ling_word_target,10,-0.02741154756177403
411,sub07,ling_word_target,11,0.015652774244301036
412,sub07,ling_word_target,12,-0.08296196592488742
413,sub07,ling_word_target,13,0.03971485353784521
414,sub07,ling_word_target,14,-0.1019758985380585
415,sub07,ling_word_target,15,-0.06401964127204665
416,sub07,ling_word_target,16,-0.037364655599416624
417,sub07,ling_word_target,17,0.017815019205569018
418,sub07,ling_word_target,18,0.01000454168942185
419,sub07,ling_word_target,19,0.0348429177935714
420,sub07,ling_word_target,20,0.011939306334308999
421,sub07,ling_word_target,21,0.005439678195329239
422,sub07,ling_word_target,22,0.09057583278150796
423,sub07,ling_word_target,23,0.09489978021394639
424,sub07,ling_word_target,24,0.03041358556903029
425,sub07,ling_word_target,25,0.03136714210107075
426,sub07,ling_word_target,26,-0.006332309483776418
427,sub07,ling_word_target,27,-0.032133843735876993
428,sub07,ling_word_target,28,-0.009755332703994302
429,sub07,ling_word_target,29,-0.017771849003347967
430,sub07,ling_word_target,30,-0.042370646632208284
431,sub07,ling_word_target,31,0.006072373157437997
432,sub07,ling_word_target,32,0.09325092589790093
433,sub07,ling_word_target,33,-0.015388080870558245
434,sub07,ling_word_target,34,-0.0073429708253403125
435,sub07,ling_word_target,35,0.04112955132187075
436,sub07,ling_word_target,36,0.010713440845432387
437,sub07,ling_word_target,37,-0.04822143897839983
438,sub07,ling_word_target,38,-0.037701871996402306
439,sub07,ling_word_target,39,-0.025534816650887315
440,sub07,ling_word_target,40,-0.0647058585800616
441,sub07,ling_word_target,41,0.0339231851285098
442,sub07,ling_word_target,42,-0.013933756987586572
443,sub07,ling_word_target,43,-0.05108218392501045
444,sub07,ling_word_target,44,0.02100600336762967
445,sub07,ling_word_target,45,-0.030233364711828175
446,sub07,ling_word_target,46,-0.028191906394405216
447,sub07,ling_word_target,47,-0.001871232099656379
448,sub07,ling_word_target,48,-0.01916851238160065
449,sub07,ling_word_target,49,-0.06809623740267073
450,sub07,ling_word_target,50,-0.028058302567537875
451,sub07,ling_word_target,51,-0.017808086788152988
452,sub07,ling_word_target,52,0.11013959091751757
453,sub07,ling_word_target,53,-0.08567515311913011
454,sub07,ling_word_target,54,0.01468577405643974
455,sub07,ling_word_target,55,-0.028215875491197386
456,sub07,ling_word_target,56,0.02510939548693477
457,sub07,ling_word_target,57,0.047861989114264
458,sub07,ling_word_target,58,-0.044131942451888104
459,sub07,ling_word_target,59,-0.06032367044459023
460,sub07,ling_word_target,60,0.02866069700320225
461,sub07,ling_word_target,61,-0.038133926911306876
462,sub07,ling_word_target,62,-0.08415856264531774
463,sub07,ling_word_target,63,0.03987059223606629
464,sub07,ling_word_target,64,-0.0760641525441146
465,sub07,ling_word_target,65,-0.018989275996113112
466,sub07,ling_word_target,66,0.03164266011271823
467,sub07,ling_word_target,67,0.024096417876587978
468,sub07,ling_word_target,68,-0.010563122562917755
469,sub07,ling_word_target,69,-0.06198616834424694
470,sub07,ling_word_target,70,-0.08882244433887576
471,sub07,ling_word_target,71,-0.015684493717127233
472,sub07,ling_word_target,72,0.07658549467027723
473,sub07,ling_word_target,73,-0.010280813713847875
474,sub07,ling_word_target,74,-0.08684156331996579
475,sub07,ling_word_target,75,0.08767584131605852
476,sub07,ling_word_target,76,-0.070616362082812
477,sub07,ling_word_target,77,0.0036597426990541897
478,sub07,ling_word_target,78,0.006876873418247154
479,sub07,ling_word_target,79,-0.046678091958288134
480,sub07,ling_word_target,80,-0.04613598332090577
481,sub07,ling_word_target,81,0.08303728305852281
482,sub07,ling_word_target,82,-0.08281764999096353
483,sub07,ling_word_target,83,0.03411845701998339
484,sub07,ling_word_target,84,-0.03979553501399319
485,sub07,ling_word_target,85,-0.031707019816895055
486,sub07,ling_word_target,86,-0.03589524855547502
487,sub07,ling_word_target,87,-0.026027290305066262
488,sub07,ling_word_target,88,0.0036467168064688036
489,sub07,ling_word_target,89,0.020999819316200083
490,sub07,ling_word_target,90,0.0020611028264095185
491,sub07,ling_word_target,91,0.012416173940293049
492,sub07,ling_word_target,92,-0.03660094404362728
493,sub07,ling_word_target,93,-0.013410901300533594
494,sub07,ling_word_target,94,0.04764748630708992
495,sub07,ling_word_target,95,0.03832976939677435
496,sub07,ling_word_target,96,0.06224580737726797
497,sub07,ling_word_target,97,-0.07571005028786082
498,sub07,ling_word_target,98,0.07165749445741401
499,sub07,ling_word_target,99,-0.0019786072073887315
500,sub07,ling_word_target,100,-0.02218871438608619
501,sub07,ling_word_target,101,-0.037243778319743334
502,sub07,ling_word_target,102,-0.02616806625980897
503,sub07,ling_word_target,103,0.012385715979003814
504,sub07,ling_word_target,104,-0.05361612052256178
505,sub07,ling_word_target,105,-0.18950402929732843
506,sub07,ling_word_target,106,0.09573049005049941
507,sub07,ling_word_target,107,0.029799503911951825
508,sub07,ling_word_target,108,-0.008245879393778823
509,sub07,ling_word_target,109,0.00895284029262319
510,sub07,ling_word_target,110,-0.00241419201717326
511,sub07,ling_word_target,111,-0.003005833785558074
512,sub07,ling_word_target,112,0.04784945940108686
513,sub07,ling_word_target,113,-0.02033981234307343
514,sub07,ling_word_target,114,-0.01879605574960869
515,sub07,ling_word_target,115,0.024963963234256762
516,sub07,ling_word_target,116,0.05980645733883906
517,sub07,ling_word_target,117,0.1365788665479257
518,sub07,ling_word_target,118,0.013507715537843835
519,sub07,ling_word_target,119,-0.01415730697369715
520,sub07,ling_word_target,120,0.026551096099235828
521,sub07,ling_word_target,121,-0.011169331766324269
522,sub07,ling_word_target,122,0.01319694378917687
523,sub07,ling_word_target,123,0.004234823358419904
524,sub07,ling_word_target,124,-0.06137194620139315
525,sub07,ling_word_target,125,-0.019274573574217677
526,sub07,ling_word_target,126,0.016325819739506146
527,sub07,ling_word_target,127,0.026304375840492538
528,sub07,ling_word_target,128,-0.047377286554055514
529,sub07,ling_word_target,129,-0.05504121873036987
530,sub07,ling_word_target,130,0.07897378094932142
531,sub07,ling_word_target,131,0.0008064114374022365
532,sub07,ling_word_target,132,-0.024944120554868894
533,sub07,ling_word_target,133,-0.058696664850128644
534,sub07,ling_word_target,134,0.009501552866455461
535,sub07,ling_word_target,135,-0.021390345674658737
536,sub07,ling_word_target,136,0.016832936694605807
537,sub07,ling_word_target,137,-0.011783212729279402
538,sub07,ling_word_target,138,0.017361564418115368
539,sub07,ling_word_target,139,-0.06936616299273454
540,sub07,ling_word_target,140,0.0006908856288953522
541,sub07,ling_word_target,141,-0.014794788740844337
542,sub07,ling_word_target,142,0.014760640531897243
543,sub07,ling_word_target,143,0.03060605521056841
544,sub07,ling_word_target,144,-0.007777184052129486
545,sub07,ling_word_target,145,-0.008021225784132129
546,sub07,ling_word_target,146,0.07482742287948052
547,sub07,ling_word_target,147,0.015082926240074507
548,sub07,ling_word_target,148,0.016158697577435596
549,sub07,ling_word_target,149,0.002205216278500926
550,sub07,ling_word_target,150,-0.003504862756438454
551,sub07,ling_word_target,151,0.08558890173437772
552,sub07,ling_word_target,152,-0.010169575301993207
553,sub07,ling_word_target,153,0.07279152452442271
554,sub07,ling_word_target,154,0.04905699479234504
555,sub07,ling_word_target,155,0.10088965991331456
556,sub07,ling_word_target,156,-0.04282316851421097
557,sub07,ling_word_target,157,0.011830468771420393
558,sub07,ling_word_target,158,0.04852267723026218
559,sub07,ling_word_target,159,-0.05009266082860902
560,sub07,ling_word_target,160,-0.021421966475187335
561,sub07,ling_word_target,161,0.010813984221323476
562,sub07,ling_word_target,162,0.12417622922942326
563,sub07,ling_word_target,163,-0.030210747443092812
564,sub07,ling_word_target,164,0.0652346544079969
565,sub07,ling_word_target,165,-0.010777797375466556
566,sub07,ling_word_target,166,0.0507656322431283
567,sub07,ling_word_target,167,0.08769061926214518
568,sub07,ling_word_target,168,0.04664435838335743
569,sub07,ling_word_target,169,0.0008388848390995556
570,sub07,ling_word_target,170,-0.02442959310372745
571,sub07,ling_word_target,171,0.07314576913506902
572,sub07,ling_word_target,172,-0.006449370806618464
573,sub07,ling_word_target,173,-0.07109287214887945
574,sub07,ling_word_target,174,0.03497515127462759
575,sub07,ling_word_target,175,0.05939442888860333
576,sub07,ling_word_target,176,0.024267369272578714
577,sub07,ling_word_target,177,-0.022953189267737137
578,sub07,ling_word_target,178,0.007627172731951104
579,sub07,ling_word_target,179,0.08573951156854667
580,sub07,ling_word_target,180,-0.023691172723191198
581,sub07,ling_word_target,181,0.02566908252103799
582,sub07,ling_word_target,182,-0.006846624836169437
583,sub07,ling_word_target,183,-0.03267158304263915
584,sub07,ling_word_target,184,-0.03326033020490717
585,sub07,ling_word_target,185,0.0026597637536705816
586,sub07,ling_word_target,186,0.006344055316211005
587,sub07,ling_word_target,187,0.019656681603263882
588,sub07,ling_word_target,188,-0.012072909798703168
589,sub07,ling_word_target,189,-0.014545339869034932
590,sub07,ling_word_target,190,-0.04117682907503831
591,sub07,ling_word_target,191,-0.04914176985741994
592,sub07,ling_word_target,192,0.05804546910158213
593,sub07,ling_word_target,193,-0.028604526712090003
594,sub07,ling_word_target,194,0.0038057629379518202
595,sub07,ling_word_target,195,0.004169321390824717
596,sub07,ling_word_target,196,0.013135288141306765
597,sub07,ling_word_target,197,0.0010084455860827027
598,sub07,ling_word_target,198,-0.043853529411181966
599,sub07,ling_word_target,199,-0.032101051176740454
600,sub08,ling_word_target,0,-0.035987056805658876
601,sub08,ling_word_target,1,0.014008016996325385
602,sub08,ling_word_target,2,-0.02230531216904622
603,sub08,ling_word_target,3,0.02201264079025557
604,sub08,ling_word_target,4,0.0266365521938261
605,sub08,ling_word_target,5,0.004240547437318802
606,sub08,ling_word_target,6,-0.07393201840401104
607,sub08,ling_word_target,7,-0.010853532928812342
608,sub08,ling_word_target,8,-0.004292281991920551
609,sub08,ling_word_target,9,0.04175895330730929
610,sub08,ling_word_target,10,-0.0764270962365357
611,sub08,ling_word_target,11,-0.024587713919180434
612,sub08,ling_word_target,12,0.034936950670622365
613,sub08,ling_word_target,13,0.018154528971119563
614,sub08,ling_word_target,14,-0.04809961671841146
615,sub08,ling_word_target,15,0.024066592806718506
616,sub08,ling_word_target,16,-0.0029082115499922427
617,sub08,ling_word_target,17,0.0484040766783218
618,sub08,ling_word_target,18,6.499828477859605e-05
619,sub08,ling_word_target,19,-0.05372465244395848
620,sub08,ling_word_target,20,-0.012028761978736814
621,sub08,ling_word_target,21,-0.0839765222637546
622,sub08,ling_word_target,22,-0.0017192163105548153
623,sub08,ling_word_target,23,-0.04636519632970662
624,sub08,ling_word_target,24,-0.0376999771666854
625,sub08,ling_word_target,25,-0.02642512041017678
626,sub08,ling_word_target,26,-0.05240596870044599
627,sub08,ling_word_target,27,-0.0046761470083589475
628,sub08,ling_word_target,28,-0.003199709080710934
629,sub08,ling_word_target,29,0.016975503242906788
630,sub08,ling_word_target,30,-0.07657465928456025
631,sub08,ling_word_target,31,0.028823105196047635
632,sub08,ling_word_target,32,0.014479308831781161
633,sub08,ling_word_target,33,-0.010857796358356233
634,sub08,ling_word_target,34,0.01984284670607082
635,sub08,ling_word_target,35,0.08461376934011682
636,sub08,ling_word_target,36,0.04796732627351747
637,sub08,ling_word_target,37,-0.032466880449653394
638,sub08,ling_word_target,38,-0.03259985600165628
639,sub08,ling_word_target,39,-0.03939803031753172
640,sub08,ling_word_target,40,-0.026295950410522292
641,sub08,ling_word_target,41,-0.009615412795002306
642,sub08,ling_word_target,42,-0.01280256292798888
643,sub08,ling_word_target,43,0.017604552893302868
644,sub08,ling_word_target,44,-0.016312549205252408
645,sub08,ling_word_target,45,0.03420583958007236
646,sub08,ling_word_target,46,0.037424879311591386
647,sub08,ling_word_target,47,-0.019051493151270974
648,sub08,ling_word_target,48,-0.018467670788738653
649,sub08,ling_word_target,49,0.031160251179265127
650,sub08,ling_word_target,50,0.0015696218026704438
651,sub08,ling_word_target,51,-0.0036587115823373136
652,sub08,ling_word_target,52,0.0017853222042753612
653,sub08,ling_word_target,53,0.0028606923393999302
654,sub08,ling_word_target,54,-0.0036453767262862413
655,sub08,ling_word_target,55,0.019579006827727962
656,sub08,ling_word_target,56,-0.03433279263990221
657,sub08,ling_word_target,57,-0.08711415202503553
658,sub08,ling_word_target,58,-0.028414527565684584
659,sub08,ling_word_target,59,-0.018400089630507696
660,sub08,ling_word_target,60,-0.09061958737393495
661,sub08,ling_word_target,61,0.050581507965221484
662,sub08,ling_word_target,62,-0.03834590274902525
663,sub08,ling_word_target,63,0.014953006279445057
664,sub08,ling_word_target,64,0.013313015469573102
665,sub08,ling_word_target,65,-0.0611342885847542
666,sub08,ling_word_target,66,0.026113786106706303
667,sub08,ling_word_target,67,0.04717611522876911
668,sub08,ling_word_target,68,0.10615553511621095
669,sub08,ling_word_target,69,-0.05051096028523165
670,sub08,ling_word_target,70,-0.03251458106767686
671,sub08,ling_word_target,71,0.020643535961777593
672,sub08,ling_word_target,72,-0.0009411290884862671
673,sub08,ling_word_target,73,-0.01324062987664088
674,sub08,ling_word_target,74,-0.01144704804503582
675,sub08,ling_word_target,75,0.016608114476570183
676,sub08,ling_word_target,76,-0.16936467701639704
677,sub08,ling_word_target,77,-0.035140989867517604
678,sub08,ling_word_target,78,-0.03724527505410846
679,sub08,ling_word_target,79,0.00219073577523885
680,sub08,ling_word_target,80,0.04733008918984845
681,sub08,ling_word_target,81,-0.04798020379077537
682,sub08,ling_word_target,82,-0.04098239024954816
683,sub08,ling_word_target,83,-0.018492218583019398
684,sub08,ling_word_target,84,-0.0016430105287725133
685,sub08,ling_word_target,85,-0.02606741249162944
686,sub08,ling_word_target,86,-0.04777391075608847
687,sub08,ling_word_target,87,-0.022495427354491483
688,sub08,ling_word_target,88,-0.01257687320006656
689,sub08,ling_word_target,89,-0.2070783554830578
690,sub08,ling_word_target,90,0.051409245520182285
691,sub08,ling_word_target,91,-0.030773418619335406
692,sub08,ling_word_target,92,0.0200536838104387
693,sub08,ling_word_target,93,0.03055512309156195
694,sub08,ling_word_target,94,-0.03954872806032484
695,sub08,ling_word_target,95,-0.030275247228443408
696,sub08,ling_word_target,96,-0.006156719355147926
697,sub08,ling_word_target,97,-0.0010754126130970117
698,sub08,ling_word_target,98,-0.02381054436236645
699,sub08,ling_word_target,99,0.0555884145591132
700,sub08,ling_word_target,100,-0.06280907333856504
701,sub08,ling_word_target,101,0.005195021375189177
702,sub08,ling_word_target,102,-0.011205306456356041
703,sub08,ling_word_target,103,0.04484582095885448
704,sub08,ling_word_target,104,0.04206749563644125
705,sub08,ling_word_target,105,-0.01532624821707121
706,sub08,ling_word_target,106,0.001813204197944621
707,sub08,ling_word_target,107,-0.028580249434103932
708,sub08,ling_word_target,108,0.009092392754605568
709,sub08,ling_word_target,109,-0.003059835851034402
710,sub08,ling_word_target,110,0.02116347908636981
711,sub08,ling_word_target,111,0.034576300633866755
712,sub08,ling_word_target,112,-0.005105856700848619
713,sub08,ling_word_target,113,-0.03017226698825961
714,sub08,ling_word_target,114,0.022916561169297803
715,sub08,ling_word_target,115,0.03827842689567256
716,sub08,ling_word_target,116,0.05642694941343733
717,sub08,ling_word_target,117,-0.01797038599605053
718,sub08,ling_word_target,118,-0.021456106928144265
719,sub08,ling_word_target,119,-0.00922714334179511
720,sub08,ling_word_target,120,-0.01726212364432996
721,sub08,ling_word_target,121,-0.01950372135633827
722,sub08,ling_word_target,122,-0.09249771756723019
723,sub08,ling_word_target,123,0.0009705896380607721
724,sub08,ling_word_target,124,0.001011012850045013
725,sub08,ling_word_target,125,0.016770824836784798
726,sub08,ling_word_target,126,-0.008229294281534906
727,sub08,ling_word_target,127,-0.0430072414350505
728,sub08,ling_word_target,128,-0.03162601382882587
729,sub08,ling_word_target,129,0.048382930234316994
730,sub08,ling_word_target,130,0.058634403565041335
731,sub08,ling_word_target,131,0.011547657560417203
732,sub08,ling_word_target,132,0.07346719067885908
733,sub08,ling_word_target,133,0.018217549958435764
734,sub08,ling_word_target,134,-0.05846845062874435
735,sub08,ling_word_target,135,0.007045427932939291
736,sub08,ling_word_target,136,-0.025125532466082463
737,sub08,ling_word_target,137,0.0073413649154890955
738,sub08,ling_word_target,138,-0.00606484559841184
739,sub08,ling_word_target,139,-0.03885678990127037
740,sub08,ling_word_target,140,-0.019728922465448787
741,sub08,ling_word_target,141,-0.04323784108889989
742,sub08,ling_word_target,142,-0.03399804783143176
743,sub08,ling_word_target,143,-0.000616045568687033
744,sub08,ling_word_target,144,-0.0048806014076787025
745,sub08,ling_word_target,145,-0.0819441676897785
746,sub08,ling_word_target,146,-0.043526995056758375
747,sub08,ling_word_target,147,-0.012869825610721473
748,sub08,ling_word_target,148,0.029553789320466033
749,sub08,ling_word_target,149,-0.008217396519446986
750,sub08,ling_word_target,150,0.022960945640718957
751,sub08,ling_word_target,151,0.003061845851091058
752,sub08,ling_word_target,152,0.05135246723712836
753,sub08,ling_word_target,153,-0.01560053302823362
754,sub08,ling_word_target,154,0.03549543063652226
755,sub08,ling_word_target,155,-0.0037049628627718544
756,sub08,ling_word_target,156,0.008223838444040635
757,sub08,ling_word_target,157,-0.052968833333513606
758,sub08,ling_word_target,158,-0.040013477558799124
759,sub08,ling_word_target,159,-0.039224393990622046
760,sub08,ling_word_target,160,-0.06656774553273018
761,sub08,ling_word_target,161,0.02371314359614285
762,sub08,ling_word_target,162,0.0039637144675604774
763,sub08,ling_word_target,163,-0.04411926859833473
764,sub08,ling_word_target,164,0.023505020939244274
765,sub08,ling_word_target,165,-0.03305323324827615
766,sub08,ling_word_target,166,0.009835071957292538
767,sub08,ling_word_target,167,-0.04735733550228236
768,sub08,ling_word_target,168,0.04026409677904448
769,sub08,ling_word_target,169,-0.002927467880744053
770,sub08,ling_word_target,170,-0.01571894595914383
771,sub08,ling_word_target,171,0.020768998124216568
772,sub08,ling_word_target,172,-0.015337409106263461
773,sub08,ling_word_target,173,-0.012928598452754117
774,sub08,ling_word_target,174,0.025367736507309217
775,sub08,ling_word_target,175,0.007317585038148325
776,sub08,ling_word_target,176,0.012944000651279498
777,sub08,ling_word_target,177,-0.08193118026125758
778,sub08,ling_word_target,178,0.027203999899865793
779,sub08,ling_word_target,179,0.03324289824780962
780,sub08,ling_word_target,180,-0.0420776309561389
781,sub08,ling_word_target,181,0.0013107649961649895
782,sub08,ling_word_target,182,0.036932758671458704
783,sub08,ling_word_target,183,-0.031765399654115525
784,sub08,ling_word_target,184,0.0013821370839394362
785,sub08,ling_word_target,185,0.00257029699123894
786,sub08,ling_word_target,186,-0.02381470280640192
787,sub08,ling_word_target,187,0.07242599576078639
788,sub08,ling_word_target,188,-0.011748782634604285
789,sub08,ling_word_target,189,-0.06262105648598901
790,sub08,ling_word_target,190,0.060590639228785395
791,sub08,ling_word_target,191,0.02024978489696083
792,sub08,ling_word_target,192,-0.019426246528357973
793,sub08,ling_word_target,193,0.045241630641221095
794,sub08,ling_word_target,194,0.03493412298061812
795,sub08,ling_word_target,195,0.03125433909506245
796,sub08,ling_word_target,196,0.019429641825403333
797,sub08,ling_word_target,197,-0.02724737759489734
798,sub08,ling_word_target,198,0.006760182018813956
799,sub08,ling_word_target,199,0.0353346049551746
800,sub09,ling_word_target,0,0.020810417143981005
801,sub09,ling_word_target,1,0.007285909656630688
802,sub09,ling_word_target,2,0.08555026644789533
803,sub09,ling_word_target,3,0.02139729059188896
804,sub09,ling_word_target,4,-0.059064006072388896
805,sub09,ling_word_target,5,-0.03418373298509644
806,sub09,ling_word_target,6,0.020362686887770612
807,sub09,ling_word_target,7,0.03236300643926625
808,sub09,ling_word_target,8,0.09283822315165118
809,sub09,ling_word_target,9,0.030510641418036385
810,sub09,ling_word_target,10,0.005999780271105394
811,sub09,ling_word_target,11,-0.005597272913495617
812,sub09,ling_word_target,12,-0.06348351248513298
813,sub09,ling_word_target,13,0.006064630547440958
814,sub09,ling_word_target,14,-0.027819556174255272
815,sub09,ling_word_target,15,-0.006550166717080938
816,sub09,ling_word_target,16,0.12321744181141989
817,sub09,ling_word_target,17,-0.045451420771637725
818,sub09,ling_word_target,18,0.0073111175985898814
819,sub09,ling_word_target,19,0.07513122998831878
820,sub09,ling_word_target,20,-0.06865001273401589
821,sub09,ling_word_target,21,-0.021650840699944357
822,sub09,ling_word_target,22,-0.025016843340361482
823,sub09,ling_word_target,23,-0.047743526649387844
824,sub09,ling_word_target,24,-0.017153314920019234
825,sub09,ling_word_target,25,0.019800500947215055
826,sub09,ling_word_target,26,0.014253761313102646
827,sub09,ling_word_target,27,-0.012064761438611654
828,sub09,ling_word_target,28,-0.01899826116382406
829,sub09,ling_word_target,29,-0.08018505806998114
830,sub09,ling_word_target,30,0.06504058957039366
831,sub09,ling_word_target,31,-0.02129779400171208
832,sub09,ling_word_target,32,0.004294425664454588
833,sub09,ling_word_target,33,-0.04279253854282013
834,sub09,ling_word_target,34,0.002344968785634683
835,sub09,ling_word_target,35,-0.019388895227558482
836,sub09,ling_word_target,36,0.049520859283089545
837,sub09,ling_word_target,37,0.021395900525884474
838,sub09,ling_word_target,38,0.030497516433753615
839,sub09,ling_word_target,39,-0.012731179583643074
840,sub09,ling_word_target,40,0.001637575385235603
841,sub09,ling_word_target,41,0.04320228864635861
842,sub09,ling_word_target,42,-0.06264427180063384
843,sub09,ling_word_target,43,0.0362578528167018
844,sub09,ling_word_target,44,-0.053780790890511444
845,sub09,ling_word_target,45,0.023395467462497075
846,sub09,ling_word_target,46,-0.02243341956716213
847,sub09,ling_word_target,47,0.025203001573910123
848,sub09,ling_word_target,48,0.04944884429221814
849,sub09,ling_word_target,49,-0.0020388664737084556
850,sub09,ling_word_target,50,-0.034393783260236364
851,sub09,ling_word_target,51,0.03660727478734413
852,sub09,ling_word_target,52,0.015159669980569597
853,sub09,ling_word_target,53,-0.07962657882512537
854,sub09,ling_word_target,54,-0.00601587445313495
855,sub09,ling_word_target,55,-0.07012201495234494
856,sub09,ling_word_target,56,-0.011169461245313364
857,sub09,ling_word_target,57,-0.03272690203425815
858,sub09,ling_word_target,58,-0.003053950931638741
859,sub09,ling_word_target,59,0.04437272444233217
860,sub09,ling_word_target,60,0.02698511481236873
861,sub09,ling_word_target,61,-0.0027212329631987305
862,sub09,ling_word_target,62,0.015599002238582196
863,sub09,ling_word_target,63,0.09428613674695951
864,sub09,ling_word_target,64,-0.01744555264741637
865,sub09,ling_word_target,65,-0.011022147095402968
866,sub09,ling_word_target,66,-0.03148505219468423
867,sub09,ling_word_target,67,0.04957661093629931
868,sub09,ling_word_target,68,0.055161911581912186
869,sub09,ling_word_target,69,0.022504768333461385
870,sub09,ling_word_target,70,0.012210624321362802
871,sub09,ling_word_target,71,0.020913966809546988
872,sub09,ling_word_target,72,0.06994037119353969
873,sub09,ling_word_target,73,0.09520334811724562
874,sub09,ling_word_target,74,0.0771311079199135
875,sub09,ling_word_target,75,-0.05317069298690869
876,sub09,ling_word_target,76,-0.05868286142081524
877,sub09,ling_word_target,77,-0.02361727118809634
878,sub09,ling_word_target,78,-0.019476766825071636
879,sub09,ling_word_target,79,-0.030984658402428287
880,sub09,ling_word_target,80,-0.03633309641653406
881,sub09,ling_word_target,81,0.03443567221715328
882,sub09,ling_word_target,82,-0.001311793976797828
883,sub09,ling_word_target,83,0.08847247261998072
884,sub09,ling_word_target,84,-0.03364496419111214
885,sub09,ling_word_target,85,-0.091388761839204
886,sub09,ling_word_target,86,0.020338985003182482
887,sub09,ling_word_target,87,0.026695806056252932
888,sub09,ling_word_target,88,-0.014152912286286214
889,sub09,ling_word_target,89,-0.01929914690153977
890,sub09,ling_word_target,90,-0.09183706048760244
891,sub09,ling_word_target,91,0.033442535056420176
892,sub09,ling_word_target,92,-0.05324500130308154
893,sub09,ling_word_target,93,0.02164992731054152
894,sub09,ling_word_target,94,0.004026689495946352
895,sub09,ling_word_target,95,-0.08389762919546156
896,sub09,ling_word_target,96,0.05755940204108768
897,sub09,ling_word_target,97,0.012922768282710552
898,sub09,ling_word_target,98,0.01141713495680319
899,sub09,ling_word_target,99,-0.019546888473969192
900,sub09,ling_word_target,100,0.07883121997793285
901,sub09,ling_word_target,101,-0.08279997697875277
902,sub09,ling_word_target,102,0.002087201646563004
903,sub09,ling_word_target,103,-0.0003548354050615443
904,sub09,ling_word_target,104,-0.007228487963593598
905,sub09,ling_word_target,105,-0.10898036919955177
906,sub09,ling_word_target,106,0.09466074549792175
907,sub09,ling_word_target,107,0.04119760246475803
908,sub09,ling_word_target,108,-0.01407727627176435
909,sub09,ling_word_target,109,-0.027304721317811767
910,sub09,ling_word_target,110,-0.027378782043276505
911,sub09,ling_word_target,111,0.021898085501581056
912,sub09,ling_word_target,112,-0.006233464306006912
913,sub09,ling_word_target,113,-0.01557624411292714
914,sub09,ling_word_target,114,-0.03955993616180944
915,sub09,ling_word_target,115,0.008197979148751564
916,sub09,ling_word_target,116,0.04088017066890113
917,sub09,ling_word_target,117,-0.028244538021153925
918,sub09,ling_word_target,118,0.013879479800776622
919,sub09,ling_word_target,119,-0.01874431106860346
920,sub09,ling_word_target,120,0.009984391434302544
921,sub09,ling_word_target,121,0.05226150103739876
922,sub09,ling_word_target,122,-0.03760574423329785
923,sub09,ling_word_target,123,0.05750422152452593
924,sub09,ling_word_target,124,0.06750461188977078
925,sub09,ling_word_target,125,0.041348669095827774
926,sub09,ling_word_target,126,0.06058560723185711
927,sub09,ling_word_target,127,0.06261684811563534
928,sub09,ling_word_target,128,-0.05599973078984075
929,sub09,ling_word_target,129,-0.002848327620682054
930,sub09,ling_word_target,130,0.0690463529239578
931,sub09,ling_word_target,131,-0.08151561156567114
932,sub09,ling_word_target,132,0.038321359901265194
933,sub09,ling_word_target,133,-0.016948691810540935
934,sub09,ling_word_target,134,0.032090695919234816
935,sub09,ling_word_target,135,0.041339617128302274
936,sub09,ling_word_target,136,-0.00939262016747596
937,sub09,ling_word_target,137,0.0015322478425011628
938,sub09,ling_word_target,138,0.01792210311210837
939,sub09,ling_word_target,139,0.02175789211240392
940,sub09,ling_word_target,140,0.026694085879911705
941,sub09,ling_word_target,141,-0.046665525984736354
942,sub09,ling_word_target,142,0.023138675913159972
943,sub09,ling_word_target,143,0.02861421960219452
944,sub09,ling_word_target,144,0.08859950670304245
945,sub09,ling_word_target,145,0.09874121372957667
946,sub09,ling_word_target,146,0.006276349417679497
947,sub09,ling_word_target,147,-0.013676122616227348
948,sub09,ling_word_target,148,-0.006674527519729903
949,sub09,ling_word_target,149,-0.001561858149059843
950,sub09,ling_word_target,150,0.0307448152572243
951,sub09,ling_word_target,151,0.014467064983633083
952,sub09,ling_word_target,152,-0.024782391561846046
953,sub09,ling_word_target,153,0.012512596496082008
954,sub09,ling_word_target,154,0.05018873043224934
955,sub09,ling_word_target,155,-0.0156973945189786
956,sub09,ling_word_target,156,-0.104014965882932
957,sub09,ling_word_target,157,0.07497186708178846
958,sub09,ling_word_target,158,0.16395897626750264
959,sub09,ling_word_target,159,0.021283970780347213
960,sub09,ling_word_target,160,-0.011913769606269456
961,sub09,ling_word_target,161,0.03361411858841128
962,sub09,ling_word_target,162,-0.07571199279354815
963,sub09,ling_word_target,163,0.018118349960372846
964,sub09,ling_word_target,164,-0.07642897403970901
965,sub09,ling_word_target,165,0.057593386449312105
966,sub09,ling_word_target,166,-0.02953834448380038
967,sub09,ling_word_target,167,-0.022870238043125758
968,sub09,ling_word_target,168,0.05781780557713074
969,sub09,ling_word_target,169,-0.017724344123815825
970,sub09,ling_word_target,170,0.06822013660522881
971,sub09,ling_word_target,171,-0.10169405779598609
972,sub09,ling_word_target,172,0.011657795768649564
973,sub09,ling_word_target,173,-0.014267112623201985
974,sub09,ling_word_target,174,0.006199606673960095
975,sub09,ling_word_target,175,-0.022590804084529053
976,sub09,ling_word_target,176,-0.04444045384823219
977,sub09,ling_word_target,177,-0.02656560555077463
978,sub09,ling_word_target,178,0.023669638210123002
979,sub09,ling_word_target,179,0.008614479812741509
980,sub09,ling_word_target,180,0.007127690997202917
981,sub09,ling_word_target,181,0.010927027170101421
982,sub09,ling_word_target,182,0.021615027210166324
983,sub09,ling_word_target,183,-0.024848787404875648
984,sub09,ling_word_target,184,-0.08379034551495634
985,sub09,ling_word_target,185,-0.05490662243341976
986,sub09,ling_word_target,186,-0.04653273053880042
987,sub09,ling_word_target,187,-0.04664975920142375
988,sub09,ling_word_target,188,-0.026937574880891563
989,sub09,ling_word_target,189,-0.03728463358207642
990,sub09,ling_word_target,190,0.003870869512545224
991,sub09,ling_word_target,191,0.03832172585361361
992,sub09,ling_word_target,192,0.06977837529317307
993,sub09,ling_word_target,193,0.03820762084004995
994,sub09,ling_word_target,194,0.08355979627530068
995,sub09,ling_word_target,195,-0.0028907927794286424
996,sub09,ling_word_target,196,-0.02200139789064699
997,sub09,ling_word_target,197,0.014508020387864586
998,sub09,ling_word_target,198,-0.058059635775478804
999,sub09,ling_word_target,199,-0.06850028095277842
1000,sub10,ling_word_target,0,-0.0035503982965800003
1001,sub10,ling_word_target,1,-0.0160733872202563
1002,sub10,ling_word_target,2,0.00830394388077974
1003,sub10,ling_word_target,3,0.03373047365311926
1004,sub10,ling_word_target,4,-0.011185332462563981
1005,sub10,ling_word_target,5,0.012000283045387129
1006,sub10,ling_word_target,6,-0.005687885126937244
1007,sub10,ling_word_target,7,-0.05491704992749302
1008,sub10,ling_word_target,8,-0.051282677986702524
1009,sub10,ling_word_target,9,0.06685254087656528
1010,sub10,ling_word_target,10,-0.025564056349863938
1011,sub10,ling_word_target,11,-0.013891638844096691
1012,sub10,ling_word_target,12,0.018413804761483025
1013,sub10,ling_word_target,13,-0.016075961993435965
1014,sub10,ling_word_target,14,-0.026209649455475537
1015,sub10,ling_word_target,15,0.000940297251535819
1016,sub10,ling_word_target,16,0.01577034258981972
1017,sub10,ling_word_target,17,0.01426559197469342
1018,sub10,ling_word_target,18,0.03434070552459818
1019,sub10,ling_word_target,19,0.018829621489520037
1020,sub10,ling_word_target,20,-0.05118158400177892
1021,sub10,ling_word_target,21,0.030393455458067927
1022,sub10,ling_word_target,22,-0.00556118849037335
1023,sub10,ling_word_target,23,-0.04737447297322454
1024,sub10,ling_word_target,24,0.0033342667362276676
1025,sub10,ling_word_target,25,0.027940445660126413
1026,sub10,ling_word_target,26,-0.04031238506208099
1027,sub10,ling_word_target,27,0.02518003357880846
1028,sub10,ling_word_target,28,-0.048937752393213185
1029,sub10,ling_word_target,29,0.009676083683374364
1030,sub10,ling_word_target,30,-0.07485733107475491
1031,sub10,ling_word_target,31,-0.007948973954054785
1032,sub10,ling_word_target,32,-0.07755808601250626
1033,sub10,ling_word_target,33,-0.024862170573464546
1034,sub10,ling_word_target,34,0.04469735320783414
1035,sub10,ling_word_target,35,0.03054873213280411
1036,sub10,ling_word_target,36,0.001360252741401663
1037,sub10,ling_word_target,37,-0.10633987122168995
1038,sub10,ling_word_target,38,0.01629523388478922
1039,sub10,ling_word_target,39,-0.03757654107545605
1040,sub10,ling_word_target,40,0.011739055593265697
1041,sub10,ling_word_target,41,-0.01529528154395114
1042,sub10,ling_word_target,42,-0.01839618173373249
1043,sub10,ling_word_target,43,-0.05950903226971794
1044,sub10,ling_word_target,44,-0.07087749573847163
1045,sub10,ling_word_target,45,0.0021841657245008175
1046,sub10,ling_word_target,46,-0.024872405670047122
1047,sub10,ling_word_target,47,0.05848134284946985
1048,sub10,ling_word_target,48,-0.019783414199539724
1049,sub10,ling_word_target,49,0.04191628635377966
1050,sub10,ling_word_target,50,0.04169893961541833
1051,sub10,ling_word_target,51,-0.02635726268349523
1052,sub10,ling_word_target,52,0.01670563712359672
1053,sub10,ling_word_target,53,0.006959661712323568
1054,sub10,ling_word_target,54,-0.0023692873423522267
1055,sub10,ling_word_target,55,0.011860483220854472
1056,sub10,ling_word_target,56,-0.012734365744189291
1057,sub10,ling_word_target,57,0.04179697052390603
1058,sub10,ling_word_target,58,0.02231320344678052
1059,sub10,ling_word_target,59,0.02563007245099886
1060,sub10,ling_word_target,60,0.02709682388544608
1061,sub10,ling_word_target,61,-0.04928747080173279
1062,sub10,ling_word_target,62,0.07696227875382013
1063,sub10,ling_word_target,63,0.02540495353828759
1064,sub10,ling_word_target,64,0.0410591268229349
1065,sub10,ling_word_target,65,0.010388393131706334
1066,sub10,ling_word_target,66,-0.0744769484134189
1067,sub10,ling_word_target,67,-0.013919856212558417
1068,sub10,ling_word_target,68,0.03028266076068661
1069,sub10,ling_word_target,69,-0.04039882996668273
1070,sub10,ling_word_target,70,-0.01754222067071173
1071,sub10,ling_word_target,71,-0.005077716913831845
1072,sub10,ling_word_target,72,-0.07284462143395298
1073,sub10,ling_word_target,73,-0.054842150615907706
1074,sub10,ling_word_target,74,0.005151613105875046
1075,sub10,ling_word_target,75,-0.0002828064539073879
1076,sub10,ling_word_target,76,-0.04947912755138722
1077,sub10,ling_word_target,77,0.007630516580640719
1078,sub10,ling_word_target,78,0.01045357784775024
1079,sub10,ling_word_target,79,-0.010637588274001497
1080,sub10,ling_word_target,80,-0.033850692645463414
1081,sub10,ling_word_target,81,-0.01467677324428088
1082,sub10,ling_word_target,82,0.0004116300612999854
1083,sub10,ling_word_target,83,-0.003609429767295508
1084,sub10,ling_word_target,84,-0.02865209668689331
1085,sub10,ling_word_target,85,-0.06270478446235689
1086,sub10,ling_word_target,86,0.045659854917096614
1087,sub10,ling_word_target,87,0.025677683219099093
1088,sub10,ling_word_target,88,-0.004249656240148298
1089,sub10,ling_word_target,89,0.05123292890070787
1090,sub10,ling_word_target,90,0.017692020851016434
1091,sub10,ling_word_target,91,0.1533119342648497
1092,sub10,ling_word_target,92,-0.1022598036234327
1093,sub10,ling_word_target,93,-0.014405248988608626
1094,sub10,ling_word_target,94,0.05037128551688452
1095,sub10,ling_word_target,95,-0.053345179865236805
1096,sub10,ling_word_target,96,0.001583522668599714
1097,sub10,ling_word_target,97,-0.09452802195115352
1098,sub10,ling_word_target,98,0.06684670307344635
1099,sub10,ling_word_target,99,-0.02647026210001447
1100,sub10,ling_word_target,100,-0.0038512703541018437
1101,sub10,ling_word_target,101,0.05689137052352031
1102,sub10,ling_word_target,102,-0.004621278645256288
1103,sub10,ling_word_target,103,-0.04167200486861282
1104,sub10,ling_word_target,104,0.02125943333074048
1105,sub10,ling_word_target,105,0.05446711235714557
1106,sub10,ling_word_target,106,0.032621488505139754
1107,sub10,ling_word_target,107,0.029838154674724438
1108,sub10,ling_word_target,108,-0.006427870170405102
1109,sub10,ling_word_target,109,0.03005328716775866
1110,sub10,ling_word_target,110,0.0045597276928807185
1111,sub10,ling_word_target,111,0.03113919981734728
1112,sub10,ling_word_target,112,-0.008239955027822855
1113,sub10,ling_word_target,113,0.029853719663803135
1114,sub10,ling_word_target,114,0.0061706671521170025
1115,sub10,ling_word_target,115,0.01098618259587117
1116,sub10,ling_word_target,116,-0.017751778633616072
1117,sub10,ling_word_target,117,0.016194554867152443
1118,sub10,ling_word_target,118,-0.017157349133680267
1119,sub10,ling_word_target,119,-0.047215128621723015
1120,sub10,ling_word_target,120,0.001137520572764322
1121,sub10,ling_word_target,121,0.014492780158718735
1122,sub10,ling_word_target,122,-0.017388159660761095
1123,sub10,ling_word_target,123,-0.020957961432381846
1124,sub10,ling_word_target,124,-0.006644815175701259
1125,sub10,ling_word_target,125,0.021942126012782944
1126,sub10,ling_word_target,126,0.019981384285722773
1127,sub10,ling_word_target,127,-0.027035722904514368
1128,sub10,ling_word_target,128,-0.03608935596475025
1129,sub10,ling_word_target,129,-0.01370756006551561
1130,sub10,ling_word_target,130,-0.04999945281973031
1131,sub10,ling_word_target,131,0.009742011291586724
1132,sub10,ling_word_target,132,-0.028142554243999876
1133,sub10,ling_word_target,133,-0.002814116596115705
1134,sub10,ling_word_target,134,0.022969065788979302
1135,sub10,ling_word_target,135,-0.03144655250447592
1136,sub10,ling_word_target,136,0.021596226055115766
1137,sub10,ling_word_target,137,-0.0013153955751678042
1138,sub10,ling_word_target,138,0.02055660758016809
1139,sub10,ling_word_target,139,0.12056020353365171
1140,sub10,ling_word_target,140,-0.09562900014655189
1141,sub10,ling_word_target,141,0.005980609181799121
1142,sub10,ling_word_target,142,-0.0035868350114248585
1143,sub10,ling_word_target,143,0.010170068774898662
1144,sub10,ling_word_target,144,0.02226217537065125
1145,sub10,ling_word_target,145,-0.026772014071999122
1146,sub10,ling_word_target,146,-0.009729347585364907
1147,sub10,ling_word_target,147,-0.004852975297659286
1148,sub10,ling_word_target,148,0.13013581287036494
1149,sub10,ling_word_target,149,-0.02303376072151559
1150,sub10,ling_word_target,150,0.03648018471600955
1151,sub10,ling_word_target,151,0.021677539266924534
1152,sub10,ling_word_target,152,-0.026268956260215026
1153,sub10,ling_word_target,153,0.029122041618113815
1154,sub10,ling_word_target,154,-0.02465068400609915
1155,sub10,ling_word_target,155,-0.012814556224838658
1156,sub10,ling_word_target,156,-0.0033577867036269854
1157,sub10,ling_word_target,157,-0.07587793863026927
1158,sub10,ling_word_target,158,0.04303320623159868
1159,sub10,ling_word_target,159,0.06671924592798939
1160,sub10,ling_word_target,160,-0.010529057927815149
1161,sub10,ling_word_target,161,-0.04694440068639084
1162,sub10,ling_word_target,162,0.06473539656971455
1163,sub10,ling_word_target,163,-0.0567141065143157
1164,sub10,ling_word_target,164,-0.016988212057574496
1165,sub10,ling_word_target,165,0.044624398794391035
1166,sub10,ling_word_target,166,-0.04583495541206703
1167,sub10,ling_word_target,167,0.04471533148324331
1168,sub10,ling_word_target,168,-0.05571319619460847
1169,sub10,ling_word_target,169,-0.06707399047466372
1170,sub10,ling_word_target,170,-0.0013022160058410476
1171,sub10,ling_word_target,171,-0.012167538494180829
1172,sub10,ling_word_target,172,-0.022304037844118073
1173,sub10,ling_word_target,173,-0.06922764765680439
1174,sub10,ling_word_target,174,0.06351665935859299
1175,sub10,ling_word_target,175,-0.011988263753267241
1176,sub10,ling_word_target,176,0.036952818955744614
1177,sub10,ling_word_target,177,0.017674563215765153
1178,sub10,ling_word_target,178,0.056657500618912705
1179,sub10,ling_word_target,179,0.04721635411257198
1180,sub10,ling_word_target,180,0.07619414069051522
1181,sub10,ling_word_target,181,-0.005470455862698366
1182,sub10,ling_word_target,182,-0.06812021922132208
1183,sub10,ling_word_target,183,0.009290725545847343
1184,sub10,ling_word_target,184,-0.011808483041814609
1185,sub10,ling_word_target,185,0.007024645424161736
1186,sub10,ling_word_target,186,-0.018492757801838112
1187,sub10,ling_word_target,187,-0.04363896118457439
1188,sub10,ling_word_target,188,0.024905727967950392
1189,sub10,ling_word_target,189,-0.017212123986805085
1190,sub10,ling_word_target,190,-0.008394252879183712
1191,sub10,ling_word_target,191,0.018487335245754244
1192,sub10,ling_word_target,192,0.04341554170841618
1193,sub10,ling_word_target,193,0.018447249482283455
1194,sub10,ling_word_target,194,-0.0775137335015457
1195,sub10,ling_word_target,195,0.03853610445957179
1196,sub10,ling_word_target,196,-0.008236095895217331
1197,sub10,ling_word_target,197,0.056632063033308186
1198,sub10,ling_word_target,198,0.05353303161534164
1199,sub10,ling_word_target,199,-0.02192564353885427
1200,sub11,ling_word_target,0,0.0777920746992321
1201,sub11,ling_word_target,1,-0.056884286121967075
1202,sub11,ling_word_target,2,-0.06070923939335938
1203,sub11,ling_word_target,3,-0.17042044742479337
1204,sub11,ling_word_target,4,-0.027379655721283154
1205,sub11,ling_word_target,5,0.04675157180045561
1206,sub11,ling_word_target,6,-0.06814851258194307
1207,sub11,ling_word_target,7,-0.008909877103678457
1208,sub11,ling_word_target,8,0.05746976016764413
1209,sub11,ling_word_target,9,0.09417908294906074
1210,sub11,ling_word_target,10,-0.06561629044944607
1211,sub11,ling_word_target,11,-0.014546230229691407
1212,sub11,ling_word_target,12,0.01927977174262008
1213,sub11,ling_word_target,13,0.062130125159737155
1214,sub11,ling_word_target,14,0.004068476345597151
1215,sub11,ling_word_target,15,-0.010988124290833819
1216,sub11,ling_word_target,16,-0.025102469673897926
1217,sub11,ling_word_target,17,0.06761909853170865
1218,sub11,ling_word_target,18,0.13950891460314638
1219,sub11,ling_word_target,19,0.04858322705230958
1220,sub11,ling_word_target,20,-0.0043531085158687866
1221,sub11,ling_word_target,21,-0.018458444698562736
1222,sub11,ling_word_target,22,-0.0073367603557003645
1223,sub11,ling_word_target,23,0.11652504160532362
1224,sub11,ling_word_target,24,-0.07850268225520998
1225,sub11,ling_word_target,25,0.09583984649032555
1226,sub11,ling_word_target,26,0.05717210592275373
1227,sub11,ling_word_target,27,-0.02453660196630926
1228,sub11,ling_word_target,28,0.03036352506138722
1229,sub11,ling_word_target,29,7.926882156666152e-05
1230,sub11,ling_word_target,30,0.09975332397174329
1231,sub11,ling_word_target,31,-0.034351863329109965
1232,sub11,ling_word_target,32,0.007722606713359511
1233,sub11,ling_word_target,33,-0.033132887713902805
1234,sub11,ling_word_target,34,-0.04145801210677164
1235,sub11,ling_word_target,35,-0.006180405118468119
1236,sub11,ling_word_target,36,-0.07727912306395428
1237,sub11,ling_word_target,37,0.03310244345229855
1238,sub11,ling_word_target,38,-0.03347752979850396
1239,sub11,ling_word_target,39,0.036144887183006146
1240,sub11,ling_word_target,40,0.046320184603210565
1241,sub11,ling_word_target,41,-0.07983305084810913
1242,sub11,ling_word_target,42,-0.024217413999170188
1243,sub11,ling_word_target,43,0.007286575823433121
1244,sub11,ling_word_target,44,-0.02615616728346279
1245,sub11,ling_word_target,45,0.03181477153196013
1246,sub11,ling_word_target,46,-0.0042907140045530725
1247,sub11,ling_word_target,47,-0.03276957478451401
1248,sub11,ling_word_target,48,-0.0039835910395789815
1249,sub11,ling_word_target,49,-0.04213591843321485
1250,sub11,ling_word_target,50,0.028804429738309024
1251,sub11,ling_word_target,51,0.0665783026752729
1252,sub11,ling_word_target,52,0.05874250194214838
1253,sub11,ling_word_target,53,0.048775922316400995
1254,sub11,ling_word_target,54,0.05085519763322901
1255,sub11,ling_word_target,55,0.01602555936748367
1256,sub11,ling_word_target,56,0.03441443349733293
1257,sub11,ling_word_target,57,-0.03940746180356741
1258,sub11,ling_word_target,58,-0.05548557406855019
1259,sub11,ling_word_target,59,0.08250995447673087
1260,sub11,ling_word_target,60,-0.08284587589182077
1261,sub11,ling_word_target,61,0.00020722911530314867
1262,sub11,ling_word_target,62,0.02702175899970389
1263,sub11,ling_word_target,63,0.0624130988431047
1264,sub11,ling_word_target,64,0.019524853472314016
1265,sub11,ling_word_target,65,0.019088915769872736
1266,sub11,ling_word_target,66,0.0021370074117001356
1267,sub11,ling_word_target,67,0.017890081897527586
1268,sub11,ling_word_target,68,-0.054174156637178936
1269,sub11,ling_word_target,69,-0.037966460270708983
1270,sub11,ling_word_target,70,-0.008952138737715172
1271,sub11,ling_word_target,71,0.007994649107383378
1272,sub11,ling_word_target,72,-0.007227603042636749
1273,sub11,ling_word_target,73,-0.11587680044175912
1274,sub11,ling_word_target,74,-0.011851567434696524
1275,sub11,ling_word_target,75,0.11776091139863375
1276,sub11,ling_word_target,76,-0.007484008097188463
1277,sub11,ling_word_target,77,0.0773910843701938
1278,sub11,ling_word_target,78,0.027673008970131172
1279,sub11,ling_word_target,79,-0.03779438960088981
1280,sub11,ling_word_target,80,-0.0816054175093239
1281,sub11,ling_word_target,81,0.022554441377189323
1282,sub11,ling_word_target,82,0.000726838996613872
1283,sub11,ling_word_target,83,-0.04892614588998588
1284,sub11,ling_word_target,84,-0.06515022355719303
1285,sub11,ling_word_target,85,0.035805134714397606
1286,sub11,ling_word_target,86,0.08924609993075035
1287,sub11,ling_word_target,87,-0.0035736125268947495
1288,sub11,ling_word_target,88,-0.12623299665986562
1289,sub11,ling_word_target,89,-0.01857671403587209
1290,sub11,ling_word_target,90,0.12223479315231932
1291,sub11,ling_word_target,91,0.062262538135558716
1292,sub11,ling_word_target,92,0.04746648714252904
1293,sub11,ling_word_target,93,-0.09840300587957566
1294,sub11,ling_word_target,94,-0.03107709004240791
1295,sub11,ling_word_target,95,-0.013866247799794198
1296,sub11,ling_word_target,96,0.04432275526901588
1297,sub11,ling_word_target,97,0.07882286819470925
1298,sub11,ling_word_target,98,0.023399602002189424
1299,sub11,ling_word_target,99,0.010573280695935439
1300,sub11,ling_word_target,100,0.059446268340153666
1301,sub11,ling_word_target,101,0.03630226008938166
1302,sub11,ling_word_target,102,0.043131041598150885
1303,sub11,ling_word_target,103,-0.03373923273563366
1304,sub11,ling_word_target,104,0.08721663169891156
1305,sub11,ling_word_target,105,-0.06545749420152583
1306,sub11,ling_word_target,106,-0.025510264517392207
1307,sub11,ling_word_target,107,-0.020893460086942314
1308,sub11,ling_word_target,108,0.032501214316092715
1309,sub11,ling_word_target,109,0.006380091058847633
1310,sub11,ling_word_target,110,-0.03429366763614792
1311,sub11,ling_word_target,111,0.05174134188361384
1312,sub11,ling_word_target,112,-0.060435559840397494
1313,sub11,ling_word_target,113,-0.03348985938554545
1314,sub11,ling_word_target,114,0.017191857242525473
1315,sub11,ling_word_target,115,-0.036816146509498535
1316,sub11,ling_word_target,116,0.04617306990693775
1317,sub11,ling_word_target,117,-0.021964484515086674
1318,sub11,ling_word_target,118,0.06474711139597587
1319,sub11,ling_word_target,119,0.08182286259841474
1320,sub11,ling_word_target,120,-0.038009242375156155
1321,sub11,ling_word_target,121,-0.011569107860919033
1322,sub11,ling_word_target,122,-0.053860972658559984
1323,sub11,ling_word_target,123,0.04431770725791043
1324,sub11,ling_word_target,124,-0.010828587120728785
1325,sub11,ling_word_target,125,0.046069900906501794
1326,sub11,ling_word_target,126,-0.04679955536287507
1327,sub11,ling_word_target,127,-0.005319163705259319
1328,sub11,ling_word_target,128,-0.013649133813644064
1329,sub11,ling_word_target,129,0.03025455710738616
1330,sub11,ling_word_target,130,0.020693881275491863
1331,sub11,ling_word_target,131,-0.08275754982730417
1332,sub11,ling_word_target,132,0.022750576358170137
1333,sub11,ling_word_target,133,0.09384986128968792
1334,sub11,ling_word_target,134,-0.08819633517911153
1335,sub11,ling_word_target,135,-0.019469371028003182
1336,sub11,ling_word_target,136,0.06543871031868424
1337,sub11,ling_word_target,137,0.002394205615421292
1338,sub11,ling_word_target,138,0.0534002790445087
1339,sub11,ling_word_target,139,0.06321610108256873
1340,sub11,ling_word_target,140,0.018335863083203927
1341,sub11,ling_word_target,141,-0.0032675875222105723
1342,sub11,ling_word_target,142,0.057188845271244855
1343,sub11,ling_word_target,143,-0.039983798926607236
1344,sub11,ling_word_target,144,-0.029941422973237826
1345,sub11,ling_word_target,145,0.035339980098883464
1346,sub11,ling_word_target,146,0.026421635827065113
1347,sub11,ling_word_target,147,-0.013022418290718868
1348,sub11,ling_word_target,148,-0.0665868934996814
1349,sub11,ling_word_target,149,-0.029826114447661103
1350,sub11,ling_word_target,150,-0.03522745449830815
1351,sub11,ling_word_target,151,0.058775537586026896
1352,sub11,ling_word_target,152,-0.009542951950935578
1353,sub11,ling_word_target,153,-0.015036249264085397
1354,sub11,ling_word_target,154,-0.05201630784087685
1355,sub11,ling_word_target,155,0.018227119560901752
1356,sub11,ling_word_target,156,-0.013732515711480625
1357,sub11,ling_word_target,157,0.012528362681609614
1358,sub11,ling_word_target,158,-0.006682891081925866
1359,sub11,ling_word_target,159,-0.018995726751007743
1360,sub11,ling_word_target,160,0.0328679614328435
1361,sub11,ling_word_target,161,0.10273504399690757
1362,sub11,ling_word_target,162,-0.007610766356223922
1363,sub11,ling_word_target,163,-0.04001178821934687
1364,sub11,ling_word_target,164,0.007545600433293619
1365,sub11,ling_word_target,165,-0.03939667322166916
1366,sub11,ling_word_target,166,-0.05899612553823364
1367,sub11,ling_word_target,167,0.07999596731502134
1368,sub11,ling_word_target,168,0.07534257032304388
1369,sub11,ling_word_target,169,0.0003325516177909434
1370,sub11,ling_word_target,170,-0.09409915087051837
1371,sub11,ling_word_target,171,0.04711631099026983
1372,sub11,ling_word_target,172,-0.004041805042998831
1373,sub11,ling_word_target,173,-0.08067781656301486
1374,sub11,ling_word_target,174,-0.008414600817617775
1375,sub11,ling_word_target,175,0.0886817617053156
1376,sub11,ling_word_target,176,-0.06406979079085164
1377,sub11,ling_word_target,177,0.027949525449490583
1378,sub11,ling_word_target,178,-0.03435905243949376
1379,sub11,ling_word_target,179,0.07980466898685079
1380,sub11,ling_word_target,180,0.0027350100548093168
1381,sub11,ling_word_target,181,0.033169494556788276
1382,sub11,ling_word_target,182,-0.048649385865464106
1383,sub11,ling_word_target,183,0.029133892181528374
1384,sub11,ling_word_target,184,-0.022210470119372286
1385,sub11,ling_word_target,185,0.00853984238583966
1386,sub11,ling_word_target,186,0.03067618330532102
1387,sub11,ling_word_target,187,-0.023846021988499912
1388,sub11,ling_word_target,188,-0.06675886801809175
1389,sub11,ling_word_target,189,-0.05972862269439801
1390,sub11,ling_word_target,190,0.00075288547651597
1391,sub11,ling_word_target,191,0.07189567612395882
1392,sub11,ling_word_target,192,0.03693435590687806
1393,sub11,ling_word_target,193,0.0519402024196101
1394,sub11,ling_word_target,194,-0.07108015687924776
1395,sub11,ling_word_target,195,-0.0051962078841418895
1396,sub11,ling_word_target,196,0.01575785099765795
1397,sub11,ling_word_target,197,0.1252443563614999
1398,sub11,ling_word_target,198,-0.07876764139740317
1399,sub11,ling_word_target,199,0.020096974021577858
1400,sub12,ling_word_target,0,0.02731161600988931
1401,sub12,ling_word_target,1,0.0529205517421462
1402,sub12,ling_word_target,2,-0.07467891577597528
1403,sub12,ling_word_target,3,-0.028806097803207795
1404,sub12,ling_word_target,4,0.020679151978518186
1405,sub12,ling_word_target,5,-0.053840307181424615
1406,sub12,ling_word_target,6,-0.012171570020105502
1407,sub12,ling_word_target,7,-0.013047301695551253
1408,sub12,ling_word_target,8,-0.0589452693141808
1409,sub12,ling_word_target,9,-0.11935287946100327
1410,sub12,ling_word_target,10,0.09505839548510461
1411,sub12,ling_word_target,11,-0.0026333143813594808
1412,sub12,ling_word_target,12,-0.1018962459073218
1413,sub12,ling_word_target,13,-0.008307018165794999
1414,sub12,ling_word_target,14,0.021342254624131477
1415,sub12,ling_word_target,15,0.010395774293903943
1416,sub12,ling_word_target,16,-0.01409244611798781
1417,sub12,ling_word_target,17,-0.0377453488233904
1418,sub12,ling_word_target,18,-0.0556100157570308
1419,sub12,ling_word_target,19,0.011628251894591284
1420,sub12,ling_word_target,20,-0.05252396967146282
1421,sub12,ling_word_target,21,0.036233655307336465
1422,sub12,ling_word_target,22,0.06139889163514042
1423,sub12,ling_word_target,23,-0.08619579274000896
1424,sub12,ling_word_target,24,-0.028068088160334452
1425,sub12,ling_word_target,25,-0.05503525738918768
1426,sub12,ling_word_target,26,-0.011088493405643936
1427,sub12,ling_word_target,27,0.048323617212276446
1428,sub12,ling_word_target,28,-0.04167198853370462
1429,sub12,ling_word_target,29,0.1072182177818579
1430,sub12,ling_word_target,30,-0.06639249947524735
1431,sub12,ling_word_target,31,-0.0022062866448313827
1432,sub12,ling_word_target,32,-0.0019131494849742143
1433,sub12,ling_word_target,33,0.013678677755272206
1434,sub12,ling_word_target,34,-0.0103083513889839
1435,sub12,ling_word_target,35,0.03267449993194429
1436,sub12,ling_word_target,36,-0.06691139289170675
1437,sub12,ling_word_target,37,-0.039439190753247526
1438,sub12,ling_word_target,38,0.040030319829730154
1439,sub12,ling_word_target,39,-0.0021069411972942345
1440,sub12,ling_word_target,40,0.03585819877490492
1441,sub12,ling_word_target,41,-0.007546957303010173
1442,sub12,ling_word_target,42,0.0003432663032786891
1443,sub12,ling_word_target,43,-0.06458833570338784
1444,sub12,ling_word_target,44,-0.020901195083634125
1445,sub12,ling_word_target,45,-0.027618852994069104
1446,sub12,ling_word_target,46,-0.07780942914026819
1447,sub12,ling_word_target,47,-0.05855985040687473
1448,sub12,ling_word_target,48,0.03642050133926641
1449,sub12,ling_word_target,49,0.0016686677784556484
1450,sub12,ling_word_target,50,0.09932536949793741
1451,sub12,ling_word_target,51,0.07195656397486781
1452,sub12,ling_word_target,52,-0.008856531620324624
1453,sub12,ling_word_target,53,-0.03015039632772819
1454,sub12,ling_word_target,54,0.003907374667374166
1455,sub12,ling_word_target,55,0.05545757467173582
1456,sub12,ling_word_target,56,-0.04993587613105922
1457,sub12,ling_word_target,57,-0.03775959972055177
1458,sub12,ling_word_target,58,-0.051188259513988664
1459,sub12,ling_word_target,59,0.06170848089278286
1460,sub12,ling_word_target,60,0.004152160488220366
1461,sub12,ling_word_target,61,0.006611291108803317
1462,sub12,ling_word_target,62,0.02686840206378259
1463,sub12,ling_word_target,63,0.011126154390292707
1464,sub12,ling_word_target,64,-0.008411353859003571
1465,sub12,ling_word_target,65,0.07193074405644856
1466,sub12,ling_word_target,66,0.015455846251697828
1467,sub12,ling_word_target,67,0.048464253018794534
1468,sub12,ling_word_target,68,0.02315978612481075
1469,sub12,ling_word_target,69,0.05803824091946248
1470,sub12,ling_word_target,70,-0.05897179047596301
1471,sub12,ling_word_target,71,0.11006892832139545
1472,sub12,ling_word_target,72,-0.03165375779881486
1473,sub12,ling_word_target,73,-0.004856857551006127
1474,sub12,ling_word_target,74,0.036685492332521843
1475,sub12,ling_word_target,75,0.027763888906828203
1476,sub12,ling_word_target,76,-0.13496344334913227
1477,sub12,ling_word_target,77,0.05607581158280026
1478,sub12,ling_word_target,78,0.037615502690276754
1479,sub12,ling_word_target,79,0.09057166037744963
1480,sub12,ling_word_target,80,0.04756874263165923
1481,sub12,ling_word_target,81,-0.017405285354563857
1482,sub12,ling_word_target,82,0.05252792845496951
1483,sub12,ling_word_target,83,-0.013431449505110412
1484,sub12,ling_word_target,84,0.012977902618012443
1485,sub12,ling_word_target,85,-0.047383141563320234
1486,sub12,ling_word_target,86,-0.03041709974563385
1487,sub12,ling_word_target,87,0.031248235371475995
1488,sub12,ling_word_target,88,0.039466181030679164
1489,sub12,ling_word_target,89,0.07989301352393902
1490,sub12,ling_word_target,90,0.03555710301786888
1491,sub12,ling_word_target,91,-0.05941803242997321
1492,sub12,ling_word_target,92,0.05226105322301668
1493,sub12,ling_word_target,93,-0.00013406458748338468
1494,sub12,ling_word_target,94,-0.003220956832183467
1495,sub12,ling_word_target,95,-0.037793072743302916
1496,sub12,ling_word_target,96,-0.0464133351025124
1497,sub12,ling_word_target,97,-0.031832603134584345
1498,sub12,ling_word_target,98,0.06918955239087902
1499,sub12,ling_word_target,99,-0.0635763735161279
1500,sub12,ling_word_target,100,0.05712882528178265
1501,sub12,ling_word_target,101,-0.008895740009315672
1502,sub12,ling_word_target,102,0.05921565129336991
1503,sub12,ling_word_target,103,-0.017759245069345935
1504,sub12,ling_word_target,104,-0.061899001105766724
1505,sub12,ling_word_target,105,0.009350336785002912
1506,sub12,ling_word_target,106,0.01796818149985562
1507,sub12,ling_word_target,107,0.014293624739527723
1508,sub12,ling_word_target,108,-0.02237242511622596
1509,sub12,ling_word_target,109,0.0028903348498550063
1510,sub12,ling_word_target,110,-0.007517623562616691
1511,sub12,ling_word_target,111,0.07975902624058089
1512,sub12,ling_word_target,112,0.05745241707792846
1513,sub12,ling_word_target,113,-0.0020661902481538203
1514,sub12,ling_word_target,114,-0.007735008154231664
1515,sub12,ling_word_target,115,-0.010209447719520618
1516,sub12,ling_word_target,116,-0.0052419005462184635
1517,sub12,ling_word_target,117,-0.00961849987430048
1518,sub12,ling_word_target,118,-0.018716410004235268
1519,sub12,ling_word_target,119,-0.016502386009496262
1520,sub12,ling_word_target,120,0.04351324056116571
1521,sub12,ling_word_target,121,-0.07518806097350884
1522,sub12,ling_word_target,122,-0.013204599674554637
1523,sub12,ling_word_target,123,0.04976132309783575
1524,sub12,ling_word_target,124,-0.002581271262001173
1525,sub12,ling_word_target,125,-0.0014689217539100496
1526,sub12,ling_word_target,126,0.08855188711849594
1527,sub12,ling_word_target,127,0.015200585845545784
1528,sub12,ling_word_target,128,-0.032679999556215825
1529,sub12,ling_word_target,129,-0.01722498967724548
1530,sub12,ling_word_target,130,0.035251569021017976
1531,sub12,ling_word_target,131,-0.013118120035711422
1532,sub12,ling_word_target,132,-0.04537396431115786
1533,sub12,ling_word_target,133,0.015758130082313856
1534,sub12,ling_word_target,134,0.016973934818138917
1535,sub12,ling_word_target,135,0.01531533720843261
1536,sub12,ling_word_target,136,-0.06072095722781679
1537,sub12,ling_word_target,137,0.07220095526114605
1538,sub12,ling_word_target,138,-0.027564871407665927
1539,sub12,ling_word_target,139,-0.08170994599545273
1540,sub12,ling_word_target,140,-0.10896657803035553
1541,sub12,ling_word_target,141,-0.003799699458662151
1542,sub12,ling_word_target,142,0.008688216700727915
1543,sub12,ling_word_target,143,0.02182110025009225
1544,sub12,ling_word_target,144,0.013429516716970638
1545,sub12,ling_word_target,145,0.04737098386778449
1546,sub12,ling_word_target,146,0.00030848270422290195
1547,sub12,ling_word_target,147,-0.04657878153580685
1548,sub12,ling_word_target,148,-0.017228096571554115
1549,sub12,ling_word_target,149,0.044482387841435204
1550,sub12,ling_word_target,150,0.013633215418711766
1551,sub12,ling_word_target,151,0.0975229847627097
1552,sub12,ling_word_target,152,-0.11212930156395887
1553,sub12,ling_word_target,153,-0.12224387931074787
1554,sub12,ling_word_target,154,0.03269497838296812
1555,sub12,ling_word_target,155,-0.14899999538416944
1556,sub12,ling_word_target,156,-0.10038847545115553
1557,sub12,ling_word_target,157,0.0404972445257876
1558,sub12,ling_word_target,158,0.02080861001389236
1559,sub12,ling_word_target,159,0.05557367661585832
1560,sub12,ling_word_target,160,0.0186886136236685
1561,sub12,ling_word_target,161,-0.03226038690114649
1562,sub12,ling_word_target,162,0.01800524971760821
1563,sub12,ling_word_target,163,0.015442593808603959
1564,sub12,ling_word_target,164,0.0384437879202715
1565,sub12,ling_word_target,165,-0.040542897927811995
1566,sub12,ling_word_target,166,-0.050324594616630566
1567,sub12,ling_word_target,167,0.10832059046879117
1568,sub12,ling_word_target,168,-0.008448880276091858
1569,sub12,ling_word_target,169,0.022921786576169424
1570,sub12,ling_word_target,170,0.042293976241428693
1571,sub12,ling_word_target,171,-0.06641694650683677
1572,sub12,ling_word_target,172,0.0390171374950951
1573,sub12,ling_word_target,173,0.04119241608490985
1574,sub12,ling_word_target,174,0.05847726605195044
1575,sub12,ling_word_target,175,-0.051758780781190894
1576,sub12,ling_word_target,176,-0.04507648827480887
1577,sub12,ling_word_target,177,0.03959079519591256
1578,sub12,ling_word_target,178,0.011556317971514646
1579,sub12,ling_word_target,179,0.06071668177947793
1580,sub12,ling_word_target,180,0.07345953985639524
1581,sub12,ling_word_target,181,0.07852512362680841
1582,sub12,ling_word_target,182,-0.06452553649882353
1583,sub12,ling_word_target,183,0.020080748748965153
1584,sub12,ling_word_target,184,0.004595554333348259
1585,sub12,ling_word_target,185,-0.056442279192225844
1586,sub12,ling_word_target,186,0.06767033941529672
1587,sub12,ling_word_target,187,0.004652198107901515
1588,sub12,ling_word_target,188,-0.014317677540680479
1589,sub12,ling_word_target,189,0.0032796167379045577
1590,sub12,ling_word_target,190,-0.03040051925510728
1591,sub12,ling_word_target,191,0.03725520174964212
1592,sub12,ling_word_target,192,0.01937216766110448
1593,sub12,ling_word_target,193,0.007033331021210715
1594,sub12,ling_word_target,194,0.04090468468670484
1595,sub12,ling_word_target,195,-0.056778899333252496
1596,sub12,ling_word_target,196,0.04870838473646057
1597,sub12,ling_word_target,197,-0.05382275226668352
1598,sub12,ling_word_target,198,0.011334646173184089
1599,sub12,ling_word_target,199,0.1321974289920819
1600,sub13,ling_word_target,0,0.0009727121141607886
1601,sub13,ling_word_target,1,0.05566213445400528
1602,sub13,ling_word_target,2,0.015132005893877464
1603,sub13,ling_word_target,3,0.011904234761535295
1604,sub13,ling_word_target,4,-0.007314484001613438
1605,sub13,ling_word_target,5,-0.014319064357346596
1606,sub13,ling_word_target,6,0.006614316179084336
1607,sub13,ling_word_target,7,-0.07503721543392455
1608,sub13,ling_word_target,8,-0.06352956715347391
1609,sub13,ling_word_target,9,-0.0019172249854812736
1610,sub13,ling_word_target,10,-0.0035613913971058024
1611,sub13,ling_word_target,11,-0.04387284655425977
1612,sub13,ling_word_target,12,-0.023085577307691313
1613,sub13,ling_word_target,13,-0.05456086076873473
1614,sub13,ling_word_target,14,0.03435335088627368
1615,sub13,ling_word_target,15,0.06676692511205658
1616,sub13,ling_word_target,16,-0.01997604961203171
1617,sub13,ling_word_target,17,0.10603157579668436
1618,sub13,ling_word_target,18,-0.010503147185614757
1619,sub13,ling_word_target,19,0.07962802488809259
1620,sub13,ling_word_target,20,-0.0033161796370957375
1621,sub13,ling_word_target,21,-0.044958009928474756
1622,sub13,ling_word_target,22,0.004237076184833566
1623,sub13,ling_word_target,23,0.033355559615214705
1624,sub13,ling_word_target,24,0.027954882124109577
1625,sub13,ling_word_target,25,0.013254153873872408
1626,sub13,ling_word_target,26,0.013025774089175216
1627,sub13,ling_word_target,27,-0.017198479809898984
1628,sub13,ling_word_target,28,0.03447821049716532
1629,sub13,ling_word_target,29,-0.016189992747759296
1630,sub13,ling_word_target,30,0.06301787361444355
1631,sub13,ling_word_target,31,-0.026665515983908403
1632,sub13,ling_word_target,32,0.025400900139245577
1633,sub13,ling_word_target,33,0.04137017218898458
1634,sub13,ling_word_target,34,0.024390433233664993
1635,sub13,ling_word_target,35,-0.00885301756127118
1636,sub13,ling_word_target,36,-0.016509331588658718
1637,sub13,ling_word_target,37,-0.022039046475371516
1638,sub13,ling_word_target,38,-0.022590891373862318
1639,sub13,ling_word_target,39,0.010147890284060322
1640,sub13,ling_word_target,40,-0.016466795284549536
1641,sub13,ling_word_target,41,-0.0192800796914921
1642,sub13,ling_word_target,42,0.005283525485922136
1643,sub13,ling_word_target,43,0.01338001865425965
1644,sub13,ling_word_target,44,0.03286221986844205
1645,sub13,ling_word_target,45,0.007537386633535689
1646,sub13,ling_word_target,46,0.03713507105609077
1647,sub13,ling_word_target,47,0.05368373819356958
1648,sub13,ling_word_target,48,0.01860982087187551
1649,sub13,ling_word_target,49,0.050683360142595
1650,sub13,ling_word_target,50,-0.06713053557020009
1651,sub13,ling_word_target,51,0.02029661800970512
1652,sub13,ling_word_target,52,-0.02987382598042129
1653,sub13,ling_word_target,53,-0.04490967920514807
1654,sub13,ling_word_target,54,-0.008302664191072496
1655,sub13,ling_word_target,55,0.04414084978724188
1656,sub13,ling_word_target,56,0.025568713010713742
1657,sub13,ling_word_target,57,0.001676753736959332
1658,sub13,ling_word_target,58,-0.034179797335363374
1659,sub13,ling_word_target,59,0.019164213904869488
1660,sub13,ling_word_target,60,0.008673811445704421
1661,sub13,ling_word_target,61,0.01755803365185849
1662,sub13,ling_word_target,62,0.046215003373449595
1663,sub13,ling_word_target,63,-0.055888183811785105
1664,sub13,ling_word_target,64,-0.002627426244697088
1665,sub13,ling_word_target,65,0.011676604239451877
1666,sub13,ling_word_target,66,-0.04912018262144435
1667,sub13,ling_word_target,67,0.02250702890171228
1668,sub13,ling_word_target,68,0.0412378207345091
1669,sub13,ling_word_target,69,-0.0386297152063797
1670,sub13,ling_word_target,70,0.09466794292414087
1671,sub13,ling_word_target,71,-0.02942269984316141
1672,sub13,ling_word_target,72,0.011680184030302194
1673,sub13,ling_word_target,73,-0.03901204078222492
1674,sub13,ling_word_target,74,0.03237020989007794
1675,sub13,ling_word_target,75,-0.038333202524765596
1676,sub13,ling_word_target,76,0.02308823304816417
1677,sub13,ling_word_target,77,2.9387820878087413e-05
1678,sub13,ling_word_target,78,-0.055579188605702844
1679,sub13,ling_word_target,79,-0.02802788288646204
1680,sub13,ling_word_target,80,-0.060887246193682264
1681,sub13,ling_word_target,81,0.07156170807105512
1682,sub13,ling_word_target,82,-0.007230255036118592
1683,sub13,ling_word_target,83,0.02493906092163482
1684,sub13,ling_word_target,84,-0.0024318408338336616
1685,sub13,ling_word_target,85,-0.034725698399111875
1686,sub13,ling_word_target,86,0.004140099407950441
1687,sub13,ling_word_target,87,-0.0769524094931144
1688,sub13,ling_word_target,88,-0.02556380106815981
1689,sub13,ling_word_target,89,0.03862756348121179
1690,sub13,ling_word_target,90,0.03897432042739934
1691,sub13,ling_word_target,91,-0.051219654133725284
1692,sub13,ling_word_target,92,-0.04737172307055445
1693,sub13,ling_word_target,93,0.022717270076627646
1694,sub13,ling_word_target,94,-0.002448843755261674
1695,sub13,ling_word_target,95,0.060390368371182425
1696,sub13,ling_word_target,96,-0.008627045007879162
1697,sub13,ling_word_target,97,0.015203027710943194
1698,sub13,ling_word_target,98,-0.019129124284206996
1699,sub13,ling_word_target,99,0.048903746463671266
1700,sub13,ling_word_target,100,0.059860743652486906
1701,sub13,ling_word_target,101,0.013293472500182025
1702,sub13,ling_word_target,102,0.006694772733073191
1703,sub13,ling_word_target,103,0.010941147618552357
1704,sub13,ling_word_target,104,0.03465788101458925
1705,sub13,ling_word_target,105,-0.01942894523764689
1706,sub13,ling_word_target,106,0.10432803373492354
1707,sub13,ling_word_target,107,0.029732261454607528
1708,sub13,ling_word_target,108,-0.013680578971736143
1709,sub13,ling_word_target,109,-0.002877764260700929
1710,sub13,ling_word_target,110,0.06391794630294187
1711,sub13,ling_word_target,111,0.003705354404662035
1712,sub13,ling_word_target,112,-0.020539449261097048
1713,sub13,ling_word_target,113,0.11344111686427212
1714,sub13,ling_word_target,114,0.0037351281981088382
1715,sub13,ling_word_target,115,0.08968515724234019
1716,sub13,ling_word_target,116,-0.052312438502423605
1717,sub13,ling_word_target,117,0.14797112758263323
1718,sub13,ling_word_target,118,-0.021958185803685033
1719,sub13,ling_word_target,119,0.03607208868589757
1720,sub13,ling_word_target,120,0.021293276652165218
1721,sub13,ling_word_target,121,-0.02501903007755131
1722,sub13,ling_word_target,122,-0.006378974363494258
1723,sub13,ling_word_target,123,0.04293253972527475
1724,sub13,ling_word_target,124,0.01969468275493704
1725,sub13,ling_word_target,125,0.03440192210738723
1726,sub13,ling_word_target,126,-0.009164045037482214
1727,sub13,ling_word_target,127,-0.019393648576005423
1728,sub13,ling_word_target,128,0.08969868662261823
1729,sub13,ling_word_target,129,0.012954450396052777
1730,sub13,ling_word_target,130,-0.013244058065346169
1731,sub13,ling_word_target,131,0.07791529428773743
1732,sub13,ling_word_target,132,-0.047596099434624346
1733,sub13,ling_word_target,133,-0.02843971041414955
1734,sub13,ling_word_target,134,0.01206029535477253
1735,sub13,ling_word_target,135,0.11627326293308331
1736,sub13,ling_word_target,136,0.005479597975546795
1737,sub13,ling_word_target,137,0.021850964140988496
1738,sub13,ling_word_target,138,-0.05837785747066037
1739,sub13,ling_word_target,139,0.03196250994234815
1740,sub13,ling_word_target,140,0.031935243833303886
1741,sub13,ling_word_target,141,-0.07070127073914334
1742,sub13,ling_word_target,142,0.09038470206973778
1743,sub13,ling_word_target,143,0.039891161008155256
1744,sub13,ling_word_target,144,0.0336335220341087
1745,sub13,ling_word_target,145,0.0016025854894764705
1746,sub13,ling_word_target,146,0.06839024680017365
1747,sub13,ling_word_target,147,0.0252837164028288
1748,sub13,ling_word_target,148,0.019297945189593765
1749,sub13,ling_word_target,149,0.000956322108437622
1750,sub13,ling_word_target,150,-0.14099494442169294
1751,sub13,ling_word_target,151,-0.11087044116280648
1752,sub13,ling_word_target,152,2.1298139169880733e-06
1753,sub13,ling_word_target,153,-0.018485440561894738
1754,sub13,ling_word_target,154,0.011272587733075028
1755,sub13,ling_word_target,155,-0.012746189588072764
1756,sub13,ling_word_target,156,-0.0697196207660005
1757,sub13,ling_word_target,157,0.055017201152504705
1758,sub13,ling_word_target,158,0.003130125286567603
1759,sub13,ling_word_target,159,0.002239577487259261
1760,sub13,ling_word_target,160,-0.07397320412205398
1761,sub13,ling_word_target,161,-0.035531642425929696
1762,sub13,ling_word_target,162,0.039628914451863013
1763,sub13,ling_word_target,163,0.06531499686901966
1764,sub13,ling_word_target,164,-0.029503360241811424
1765,sub13,ling_word_target,165,0.006983814538351522
1766,sub13,ling_word_target,166,-0.053821058830180485
1767,sub13,ling_word_target,167,-0.029068364998639632
1768,sub13,ling_word_target,168,-0.004279547759771864
1769,sub13,ling_word_target,169,-0.11929681933391016
1770,sub13,ling_word_target,170,-0.053090011953331934
1771,sub13,ling_word_target,171,0.03392538659283871
1772,sub13,ling_word_target,172,-0.07049000080966775
1773,sub13,ling_word_target,173,-0.0077291896746679595
1774,sub13,ling_word_target,174,-0.007658351702956359
1775,sub13,ling_word_target,175,-0.001807494271406936
1776,sub13,ling_word_target,176,-0.014468375483964367
1777,sub13,ling_word_target,177,0.06018379713414151
1778,sub13,ling_word_target,178,-0.002846549584231062
1779,sub13,ling_word_target,179,-0.009014746401093215
1780,sub13,ling_word_target,180,0.010371775766642295
1781,sub13,ling_word_target,181,-0.14140656162452805
1782,sub13,ling_word_target,182,-0.0017579708435295418
1783,sub13,ling_word_target,183,0.050573028282231
1784,sub13,ling_word_target,184,-0.036478378065623596
1785,sub13,ling_word_target,185,0.05034301648595641
1786,sub13,ling_word_target,186,0.06832599859710276
1787,sub13,ling_word_target,187,-0.027650831929372167
1788,sub13,ling_word_target,188,-0.02673789434518248
1789,sub13,ling_word_target,189,0.03408479300882988
1790,sub13,ling_word_target,190,0.021195968445317702
1791,sub13,ling_word_target,191,-0.04694956125420893
1792,sub13,ling_word_target,192,-0.03153449573933227
1793,sub13,ling_word_target,193,-0.038023212784773205
1794,sub13,ling_word_target,194,-0.05095340272393994
1795,sub13,ling_word_target,195,0.010085623558284648
1796,sub13,ling_word_target,196,0.07290083168008861
1797,sub13,ling_word_target,197,0.047747910817387176
1798,sub13,ling_word_target,198,-0.07070963088521777
1799,sub13,ling_word_target,199,-0.05320454119781194
1800,sub14,ling_word_target,0,-0.01499970481516469
1801,sub14,ling_word_target,1,-0.04563610514124896
1802,sub14,ling_word_target,2,0.0017380517416924243
1803,sub14,ling_word_target,3,0.00335693066964494
1804,sub14,ling_word_target,4,-0.02102122081856917
1805,sub14,ling_word_target,5,-0.01852123638443787
1806,sub14,ling_word_target,6,0.010114093515272543
1807,sub14,ling_word_target,7,-0.004979728525762953
1808,sub14,ling_word_target,8,0.001680773701630327
1809,sub14,ling_word_target,9,-0.02924816985669665
1810,sub14,ling_word_target,10,-0.01918941780372544
1811,sub14,ling_word_target,11,-0.05094965633207346
1812,sub14,ling_word_target,12,0.010982721261839263
1813,sub14,ling_word_target,13,-0.011875724630777197
1814,sub14,ling_word_target,14,-0.022544791214875036
1815,sub14,ling_word_target,15,0.012689473395432855
1816,sub14,ling_word_target,16,-0.016447218157164732
1817,sub14,ling_word_target,17,-0.020508520030488434
1818,sub14,ling_word_target,18,-0.01316651400709913
1819,sub14,ling_word_target,19,-0.01280453690232315
1820,sub14,ling_word_target,20,-0.03809900829537571
1821,sub14,ling_word_target,21,-0.037319443289932856
1822,sub14,ling_word_target,22,-0.018138924546007306
1823,sub14,ling_word_target,23,-0.11685386889849028
1824,sub14,ling_word_target,24,-0.01954517516000999
1825,sub14,ling_word_target,25,-0.06004021516773877
1826,sub14,ling_word_target,26,-0.02766494228303099
1827,sub14,ling_word_target,27,-0.03862162479626008
1828,sub14,ling_word_target,28,-0.021535594247003777
1829,sub14,ling_word_target,29,-0.013582108150954312
1830,sub14,ling_word_target,30,0.0232703199194835
1831,sub14,ling_word_target,31,0.0043618340582527865
1832,sub14,ling_word_target,32,-0.06235278574491818
1833,sub14,ling_word_target,33,-0.0843486650872818
1834,sub14,ling_word_target,34,-0.034138759560418876
1835,sub14,ling_word_target,35,-0.0058399370282586505
1836,sub14,ling_word_target,36,-0.018507733118865003
1837,sub14,ling_word_target,37,-0.029331526000641296
1838,sub14,ling_word_target,38,0.004003482205255259
1839,sub14,ling_word_target,39,0.05985280702241452
1840,sub14,ling_word_target,40,0.016937343989619574
1841,sub14,ling_word_target,41,-0.04620028126009498
1842,sub14,ling_word_target,42,0.0018216697913644069
1843,sub14,ling_word_target,43,-0.05898300927351324
1844,sub14,ling_word_target,44,0.004933095747707714
1845,sub14,ling_word_target,45,-0.07816495761544046
1846,sub14,ling_word_target,46,-0.042977522272428396
1847,sub14,ling_word_target,47,0.02953246672847702
1848,sub14,ling_word_target,48,0.004917243203630774
1849,sub14,ling_word_target,49,0.011690135251682113
1850,sub14,ling_word_target,50,-0.03638034393280642
1851,sub14,ling_word_target,51,0.023684071689001638
1852,sub14,ling_word_target,52,-0.02555817845184215
1853,sub14,ling_word_target,53,-0.03244367210452298
1854,sub14,ling_word_target,54,-0.010185482521342484
1855,sub14,ling_word_target,55,-0.03702354954377858
1856,sub14,ling_word_target,56,-0.012696779110724497
1857,sub14,ling_word_target,57,0.05367563927566126
1858,sub14,ling_word_target,58,-0.032433691798266016
1859,sub14,ling_word_target,59,-0.036019236468204145
1860,sub14,ling_word_target,60,0.01020268511380588
1861,sub14,ling_word_target,61,-0.024070103185560594
1862,sub14,ling_word_target,62,-0.03772412125283419
1863,sub14,ling_word_target,63,0.026864291445932338
1864,sub14,ling_word_target,64,-0.05473255620318295
1865,sub14,ling_word_target,65,-0.024267717644963813
1866,sub14,ling_word_target,66,0.054807850882673724
1867,sub14,ling_word_target,67,0.07969189473349468
1868,sub14,ling_word_target,68,-0.04236403257971303
1869,sub14,ling_word_target,69,0.038738245969776194
1870,sub14,ling_word_target,70,0.008372574639763784
1871,sub14,ling_word_target,71,-0.09212598056102818
1872,sub14,ling_word_target,72,0.011431785664048006
1873,sub14,ling_word_target,73,0.07017325405033377
1874,sub14,ling_word_target,74,-0.007388261740160552
1875,sub14,ling_word_target,75,-0.015590048209759415
1876,sub14,ling_word_target,76,-0.036223210061049886
1877,sub14,ling_word_target,77,-0.018185161158792346
1878,sub14,ling_word_target,78,0.009249771187364747
1879,sub14,ling_word_target,79,0.03684355157650609
1880,sub14,ling_word_target,80,-0.01643591223325721
1881,sub14,ling_word_target,81,-0.07718483276438282
1882,sub14,ling_word_target,82,0.016608639831579286
1883,sub14,ling_word_target,83,0.019379775330589207
1884,sub14,ling_word_target,84,3.471362598987443e-05
1885,sub14,ling_word_target,85,-0.019179469929011293
1886,sub14,ling_word_target,86,0.03156353884996581
1887,sub14,ling_word_target,87,-0.11927517367568709
1888,sub14,ling_word_target,88,-0.012397391933371228
1889,sub14,ling_word_target,89,0.0016373266319955069
1890,sub14,ling_word_target,90,0.025389825057070707
1891,sub14,ling_word_target,91,0.03407023118717444
1892,sub14,ling_word_target,92,0.007372849323215829
1893,sub14,ling_word_target,93,-0.020927598259462478
1894,sub14,ling_word_target,94,0.0183099145850389
1895,sub14,ling_word_target,95,-0.02221868032989435
1896,sub14,ling_word_target,96,0.03192773467592108
1897,sub14,ling_word_target,97,-1.4968464841236876e-05
1898,sub14,ling_word_target,98,0.05391090860306153
1899,sub14,ling_word_target,99,-0.016109029565343394
1900,sub14,ling_word_target,100,-0.021434384996252963
1901,sub14,ling_word_target,101,0.0021674423700702556
1902,sub14,ling_word_target,102,-0.02716348401046182
1903,sub14,ling_word_target,103,0.04335158742275478
1904,sub14,ling_word_target,104,-0.01688138045846711
1905,sub14,ling_word_target,105,-0.05521846305678051
1906,sub14,ling_word_target,106,-0.0523217523084568
1907,sub14,ling_word_target,107,0.04145894740633073
1908,sub14,ling_word_target,108,-0.025585893605060882
1909,sub14,ling_word_target,109,-0.04276142576297625
1910,sub14,ling_word_target,110,-0.02923639429301924
1911,sub14,ling_word_target,111,0.010305578532040158
1912,sub14,ling_word_target,112,-0.037211295509932366
1913,sub14,ling_word_target,113,0.034590224007500045
1914,sub14,ling_word_target,114,-0.014987924119955344
1915,sub14,ling_word_target,115,-0.016130655347589052
1916,sub14,ling_word_target,116,-0.012089466651130752
1917,sub14,ling_word_target,117,-0.06698966731987917
1918,sub14,ling_word_target,118,-0.027807305651720956
1919,sub14,ling_word_target,119,0.0033856851311507654
1920,sub14,ling_word_target,120,-0.011138541468096522
1921,sub14,ling_word_target,121,-0.012943358455711677
1922,sub14,ling_word_target,122,0.013173820992960002
1923,sub14,ling_word_target,123,0.046696349471483184
1924,sub14,ling_word_target,124,-0.0074802044041306515
1925,sub14,ling_word_target,125,-0.005587871142303981
1926,sub14,ling_word_target,126,-0.060159212098820226
1927,sub14,ling_word_target,127,0.008644428929452113
1928,sub14,ling_word_target,128,0.046015340453673746
1929,sub14,ling_word_target,129,-0.01916035743676679
1930,sub14,ling_word_target,130,-0.0266043584752249
1931,sub14,ling_word_target,131,-0.005662501445671688
1932,sub14,ling_word_target,132,0.019972845547616767
1933,sub14,ling_word_target,133,-0.04576563367109634
1934,sub14,ling_word_target,134,0.020453348486897994
1935,sub14,ling_word_target,135,0.02963286076382293
1936,sub14,ling_word_target,136,-0.026322252647814393
1937,sub14,ling_word_target,137,0.03453630717351714
1938,sub14,ling_word_target,138,-0.014229155329482554
1939,sub14,ling_word_target,139,-0.056138220389639996
1940,sub14,ling_word_target,140,-0.04154749545079557
1941,sub14,ling_word_target,141,0.02940322302808441
1942,sub14,ling_word_target,142,-0.012130737214459387
1943,sub14,ling_word_target,143,-0.05318777167408962
1944,sub14,ling_word_target,144,0.0009280715031935555
1945,sub14,ling_word_target,145,0.06685083106213777
1946,sub14,ling_word_target,146,-0.014667793378916069
1947,sub14,ling_word_target,147,-0.017417596801833916
1948,sub14,ling_word_target,148,0.07662635842824705
1949,sub14,ling_word_target,149,-0.027624837640143594
1950,sub14,ling_word_target,150,0.024079867724744027
1951,sub14,ling_word_target,151,-0.06794840578895137
1952,sub14,ling_word_target,152,-0.022265162452854346
1953,sub14,ling_word_target,153,-0.00978865101092717
1954,sub14,ling_word_target,154,-0.033173217341663334
1955,sub14,ling_word_target,155,-0.024122616772933706
1956,sub14,ling_word_target,156,-0.001832247169037891
1957,sub14,ling_word_target,157,-0.019816253330538703
1958,sub14,ling_word_target,158,0.02225336879742986
1959,sub14,ling_word_target,159,-0.03406935196426694
1960,sub14,ling_word_target,160,0.028678226015656238
1961,sub14,ling_word_target,161,-0.009834591132819889
1962,sub14,ling_word_target,162,-0.004424486750478257
1963,sub14,ling_word_target,163,-0.021295379081889575
1964,sub14,ling_word_target,164,0.002294902000152321
1965,sub14,ling_word_target,165,0.01955829768958263
1966,sub14,ling_word_target,166,-0.02105343021136022
1967,sub14,ling_word_target,167,0.008445147059944546
1968,sub14,ling_word_target,168,0.021171610646005094
1969,sub14,ling_word_target,169,-0.014968228971890898
1970,sub14,ling_word_target,170,0.023647637909680493
1971,sub14,ling_word_target,171,-0.05118728165941619
1972,sub14,ling_word_target,172,-0.015516176417840253
1973,sub14,ling_word_target,173,-0.008462079668248003
1974,sub14,ling_word_target,174,-0.023153636261084964
1975,sub14,ling_word_target,175,-0.013211718207689805
1976,sub14,ling_word_target,176,-0.0005621819119753639
1977,sub14,ling_word_target,177,-0.005820396005335003
1978,sub14,ling_word_target,178,-0.05671862474930164
1979,sub14,ling_word_target,179,0.005501284950217996
1980,sub14,ling_word_target,180,0.0073309000004648526
1981,sub14,ling_word_target,181,0.017287070651384934
1982,sub14,ling_word_target,182,-0.010622760736433624
1983,sub14,ling_word_target,183,0.02286428558430351
1984,sub14,ling_word_target,184,-0.019572884913712004
1985,sub14,ling_word_target,185,-0.05201530171048011
1986,sub14,ling_word_target,186,-0.0056744787163499925
1987,sub14,ling_word_target,187,-0.010787838703714159
1988,sub14,ling_word_target,188,-0.027548425749258268
1989,sub14,ling_word_target,189,0.08079737557757356
1990,sub14,ling_word_target,190,0.0068015357856217075
1991,sub14,ling_word_target,191,0.03324494069291277
1992,sub14,ling_word_target,192,0.03099830062180021
1993,sub14,ling_word_target,193,-0.0012017741661016722
1994,sub14,ling_word_target,194,0.030143462393309707
1995,sub14,ling_word_target,195,0.015058722666152439
1996,sub14,ling_word_target,196,0.00040908994214390707
1997,sub14,ling_word_target,197,-0.01772086503570244
1998,sub14,ling_word_target,198,-0.014154910311169253
1999,sub14,ling_word_target,199,-0.024005949829917484
2000,sub15,ling_word_target,0,-0.0836556415335876
2001,sub15,ling_word_target,1,-0.041088961850947923
2002,sub15,ling_word_target,2,0.10823882603344757
2003,sub15,ling_word_target,3,-0.04085397362439722
2004,sub15,ling_word_target,4,-0.042581282878901554
2005,sub15,ling_word_target,5,-0.07563666844922583
2006,sub15,ling_word_target,6,0.05718794834525114
2007,sub15,ling_word_target,7,-0.047296731159538814
2008,sub15,ling_word_target,8,-0.01923511810789834
2009,sub15,ling_word_target,9,-0.013114908898062138
2010,sub15,ling_word_target,10,0.004752355775542842
2011,sub15,ling_word_target,11,0.0020536081615386394
2012,sub15,ling_word_target,12,0.005356155430165863
2013,sub15,ling_word_target,13,-0.009643384268123691
2014,sub15,ling_word_target,14,-0.01755408207356192
2015,sub15,ling_word_target,15,0.03381488238889103
2016,sub15,ling_word_target,16,0.06996039754463551
2017,sub15,ling_word_target,17,-6.721775552524334e-05
2018,sub15,ling_word_target,18,0.002416281368035911
2019,sub15,ling_word_target,19,0.013286663006808115
2020,sub15,ling_word_target,20,-0.043693912274204376
2021,sub15,ling_word_target,21,0.004550739619950099
2022,sub15,ling_word_target,22,-0.0417457692833585
2023,sub15,ling_word_target,23,-0.01775602182310739
2024,sub15,ling_word_target,24,0.030680547463198513
2025,sub15,ling_word_target,25,0.009294785987357812
2026,sub15,ling_word_target,26,0.025194951809665904
2027,sub15,ling_word_target,27,-0.04437178919970247
2028,sub15,ling_word_target,28,0.02056106656007797
2029,sub15,ling_word_target,29,-0.04886342761224534
2030,sub15,ling_word_target,30,0.023210929627173783
2031,sub15,ling_word_target,31,0.05586443971059497
2032,sub15,ling_word_target,32,-0.03200388854903851
2033,sub15,ling_word_target,33,0.010542432630043574
2034,sub15,ling_word_target,34,0.00180082702015639
2035,sub15,ling_word_target,35,0.0739292184307727
2036,sub15,ling_word_target,36,0.04106289781115622
2037,sub15,ling_word_target,37,0.023881659878075726
2038,sub15,ling_word_target,38,0.03929792006312431
2039,sub15,ling_word_target,39,-0.016023464205693186
2040,sub15,ling_word_target,40,0.01002616180005985
2041,sub15,ling_word_target,41,-0.027579125823556844
2042,sub15,ling_word_target,42,-0.027691408972368017
2043,sub15,ling_word_target,43,0.006815492993989359
2044,sub15,ling_word_target,44,0.03006915157098507
2045,sub15,ling_word_target,45,0.03281576317907203
2046,sub15,ling_word_target,46,0.02281320722572972
2047,sub15,ling_word_target,47,-0.06999475084866204
2048,sub15,ling_word_target,48,0.012268093510616739
2049,sub15,ling_word_target,49,0.04147778107722999
2050,sub15,ling_word_target,50,0.022228822914030347
2051,sub15,ling_word_target,51,0.01325230617413906
2052,sub15,ling_word_target,52,-0.03869424851534973
2053,sub15,ling_word_target,53,-0.013267030727296437
2054,sub15,ling_word_target,54,0.004664275855099116
2055,sub15,ling_word_target,55,0.055710244564185565
2056,sub15,ling_word_target,56,0.006334821869462018
2057,sub15,ling_word_target,57,0.0034969931764985136
2058,sub15,ling_word_target,58,0.052914307406808914
2059,sub15,ling_word_target,59,-0.024946276007565965
2060,sub15,ling_word_target,60,-0.010254617246016694
2061,sub15,ling_word_target,61,0.0006849232160920365
2062,sub15,ling_word_target,62,-0.018891316780296073
2063,sub15,ling_word_target,63,-0.025084145151687783
2064,sub15,ling_word_target,64,0.04857356444966845
2065,sub15,ling_word_target,65,-0.00539592048901112
2066,sub15,ling_word_target,66,-0.022364095078063022
2067,sub15,ling_word_target,67,0.026852519488859534
2068,sub15,ling_word_target,68,0.08368846210471903
2069,sub15,ling_word_target,69,-0.053810364968595446
2070,sub15,ling_word_target,70,-0.0501096169379621
2071,sub15,ling_word_target,71,-0.0032241566464610957
2072,sub15,ling_word_target,72,-0.006620854929785828
2073,sub15,ling_word_target,73,0.00209039094295599
2074,sub15,ling_word_target,74,0.02176975768883391
2075,sub15,ling_word_target,75,0.000874536012092134
2076,sub15,ling_word_target,76,0.009303223510305977
2077,sub15,ling_word_target,77,0.00955120858321407
2078,sub15,ling_word_target,78,-0.031229472542718135
2079,sub15,ling_word_target,79,-0.06193541271193615
2080,sub15,ling_word_target,80,0.047347824679216936
2081,sub15,ling_word_target,81,-0.032279848176837635
2082,sub15,ling_word_target,82,-0.1254827393312845
2083,sub15,ling_word_target,83,0.07191274170589551
2084,sub15,ling_word_target,84,-0.042319587445406676
2085,sub15,ling_word_target,85,0.016397280077705075
2086,sub15,ling_word_target,86,0.015542469782549131
2087,sub15,ling_word_target,87,0.06437022904448222
2088,sub15,ling_word_target,88,-0.011493949454957363
2089,sub15,ling_word_target,89,-0.10486618500892772
2090,sub15,ling_word_target,90,-0.06559405844500464
2091,sub15,ling_word_target,91,-0.023440719919770637
2092,sub15,ling_word_target,92,0.012360742109349877
2093,sub15,ling_word_target,93,0.049825383219106394
2094,sub15,ling_word_target,94,0.007030672313879941
2095,sub15,ling_word_target,95,0.007001552316169527
2096,sub15,ling_word_target,96,0.04572051062011915
2097,sub15,ling_word_target,97,0.008360758494748273
2098,sub15,ling_word_target,98,-0.01225218501081867
2099,sub15,ling_word_target,99,0.0061276170394247344
2100,sub15,ling_word_target,100,-0.0190031980723961
2101,sub15,ling_word_target,101,0.014143535461162541
2102,sub15,ling_word_target,102,0.012902388802595281
2103,sub15,ling_word_target,103,0.07709153985298361
2104,sub15,ling_word_target,104,-0.05920098642035934
2105,sub15,ling_word_target,105,0.026992451732383346
2106,sub15,ling_word_target,106,-0.0664711184384344
2107,sub15,ling_word_target,107,-0.06296683615953767
2108,sub15,ling_word_target,108,0.02646835710436203
2109,sub15,ling_word_target,109,0.000889680820064597
2110,sub15,ling_word_target,110,0.01889145879044727
2111,sub15,ling_word_target,111,0.03476667493181507
2112,sub15,ling_word_target,112,-0.012671906823414155
2113,sub15,ling_word_target,113,-0.04854227898124993
2114,sub15,ling_word_target,114,-0.05112698635316783
2115,sub15,ling_word_target,115,0.0010165201402045998
2116,sub15,ling_word_target,116,-0.050095091944051595
2117,sub15,ling_word_target,117,0.00620636368764239
2118,sub15,ling_word_target,118,0.01324514451532912
2119,sub15,ling_word_target,119,0.002295437101000894
2120,sub15,ling_word_target,120,0.0023379034213853764
2121,sub15,ling_word_target,121,0.03681282782086675
2122,sub15,ling_word_target,122,-0.03608755081952868
2123,sub15,ling_word_target,123,0.021729460424142304
2124,sub15,ling_word_target,124,0.02618909039448639
2125,sub15,ling_word_target,125,-0.00611997483397132
2126,sub15,ling_word_target,126,-0.02690901532401553
2127,sub15,ling_word_target,127,0.05465613387396125
2128,sub15,ling_word_target,128,0.0662407920805155
2129,sub15,ling_word_target,129,0.0339401862010075
2130,sub15,ling_word_target,130,0.0014266900433741415
2131,sub15,ling_word_target,131,-0.020321996101672395
2132,sub15,ling_word_target,132,-0.02363437707504772
2133,sub15,ling_word_target,133,-0.04693028785616239
2134,sub15,ling_word_target,134,0.003455789497965437
2135,sub15,ling_word_target,135,0.05399001462129874
2136,sub15,ling_word_target,136,-0.03001430267707008
2137,sub15,ling_word_target,137,0.029940182971232767
2138,sub15,ling_word_target,138,0.004209200952571104
2139,sub15,ling_word_target,139,-0.0017281015891019917
2140,sub15,ling_word_target,140,-0.035596831056414806
2141,sub15,ling_word_target,141,-0.004158676252302025
2142,sub15,ling_word_target,142,0.038853043621803966
2143,sub15,ling_word_target,143,0.03424493390139566
2144,sub15,ling_word_target,144,-0.005992909468483975
2145,sub15,ling_word_target,145,0.08062631051084539
2146,sub15,ling_word_target,146,-0.061689684578922155
2147,sub15,ling_word_target,147,-0.002469142222217632
2148,sub15,ling_word_target,148,-0.0176904124710991
2149,sub15,ling_word_target,149,0.020260071101195345
2150,sub15,ling_word_target,150,0.015944834349784512
2151,sub15,ling_word_target,151,-0.006572511970290192
2152,sub15,ling_word_target,152,-0.14118007268876734
2153,sub15,ling_word_target,153,-0.0074160186221945935
2154,sub15,ling_word_target,154,-0.020320471499180415
2155,sub15,ling_word_target,155,-0.08751306696346055
2156,sub15,ling_word_target,156,-0.03548647267655845
2157,sub15,ling_word_target,157,0.021094015680021005
2158,sub15,ling_word_target,158,0.024743597339960812
2159,sub15,ling_word_target,159,-0.022838467795033592
2160,sub15,ling_word_target,160,0.006081223519544566
2161,sub15,ling_word_target,161,-0.0037963808519054865
2162,sub15,ling_word_target,162,-0.02634921562296841
2163,sub15,ling_word_target,163,-0.022667955648086744
2164,sub15,ling_word_target,164,0.07003296306881855
2165,sub15,ling_word_target,165,0.0737494698490518
2166,sub15,ling_word_target,166,0.015909394824351435
2167,sub15,ling_word_target,167,-0.03135921182874295
2168,sub15,ling_word_target,168,0.002016292867301507
2169,sub15,ling_word_target,169,0.0033097322004936405
2170,sub15,ling_word_target,170,-0.011315065586283158
2171,sub15,ling_word_target,171,0.013903068126659831
2172,sub15,ling_word_target,172,-0.022527378702943236
2173,sub15,ling_word_target,173,-0.0346411495037272
2174,sub15,ling_word_target,174,0.0021577306537244674
2175,sub15,ling_word_target,175,0.05054631911968011
2176,sub15,ling_word_target,176,-0.03982519908891566
2177,sub15,ling_word_target,177,-0.04219637290820637
2178,sub15,ling_word_target,178,-0.050220319626028014
2179,sub15,ling_word_target,179,-0.0075397656304720196
2180,sub15,ling_word_target,180,-0.004039818157111048
2181,sub15,ling_word_target,181,-0.011966018018091938
2182,sub15,ling_word_target,182,0.006623529346101564
2183,sub15,ling_word_target,183,-0.009477094857988297
2184,sub15,ling_word_target,184,-0.01450993144813973
2185,sub15,ling_word_target,185,-0.0031276674072433248
2186,sub15,ling_word_target,186,0.007542327306752473
2187,sub15,ling_word_target,187,0.014348261653850796
2188,sub15,ling_word_target,188,-0.019912431941297885
2189,sub15,ling_word_target,189,0.06225892253318864
2190,sub15,ling_word_target,190,-0.01721472201297837
2191,sub15,ling_word_target,191,0.06088150196096624
2192,sub15,ling_word_target,192,0.05493276322175922
2193,sub15,ling_word_target,193,0.010578676552443414
2194,sub15,ling_word_target,194,-0.0443881829969014
2195,sub15,ling_word_target,195,-0.04044048162597703
2196,sub15,ling_word_target,196,0.08896055038005082
2197,sub15,ling_word_target,197,0.015788926099158364
2198,sub15,ling_word_target,198,-0.023269390766583554
2199,sub15,ling_word_target,199,-0.022380187593892875
2200,sub16,ling_word_target,0,0.0008196236972035719
2201,sub16,ling_word_target,1,-0.0009695728251182138
2202,sub16,ling_word_target,2,0.0014106087175711575
2203,sub16,ling_word_target,3,0.05693510578019633
2204,sub16,ling_word_target,4,-0.0013736579137677712
2205,sub16,ling_word_target,5,0.004765635774122968
2206,sub16,ling_word_target,6,0.042950326975698915
2207,sub16,ling_word_target,7,0.01755666003525754
2208,sub16,ling_word_target,8,-0.018204637183539357
2209,sub16,ling_word_target,9,0.03856518078497458
2210,sub16,ling_word_target,10,0.008039885996568458
2211,sub16,ling_word_target,11,0.033948473453939865
2212,sub16,ling_word_target,12,-0.003708529966664841
2213,sub16,ling_word_target,13,0.023273716359989847
2214,sub16,ling_word_target,14,-0.03712690867790258
2215,sub16,ling_word_target,15,-0.022265749549822852
2216,sub16,ling_word_target,16,-0.0049703531678061035
2217,sub16,ling_word_target,17,-0.02370745181439068
2218,sub16,ling_word_target,18,-0.010410721669389557
2219,sub16,ling_word_target,19,0.025726781054302626
2220,sub16,ling_word_target,20,-0.004317197182187938
2221,sub16,ling_word_target,21,0.019977145729586584
2222,sub16,ling_word_target,22,-0.005665539287797502
2223,sub16,ling_word_target,23,0.0338267382528053
2224,sub16,ling_word_target,24,0.02479544373904834
2225,sub16,ling_word_target,25,0.028796529447690393
2226,sub16,ling_word_target,26,0.015467807859192715
2227,sub16,ling_word_target,27,-0.02714841451553277
2228,sub16,ling_word_target,28,0.01616558357549303
2229,sub16,ling_word_target,29,0.0004826617744336396
2230,sub16,ling_word_target,30,0.004879813581735124
2231,sub16,ling_word_target,31,0.001159000819102077
2232,sub16,ling_word_target,32,-0.08405092691023468
2233,sub16,ling_word_target,33,-0.01706483517302172
2234,sub16,ling_word_target,34,-0.04557677784858378
2235,sub16,ling_word_target,35,0.018471958929267236
2236,sub16,ling_word_target,36,0.014878289047947737
2237,sub16,ling_word_target,37,-0.09011514171095646
2238,sub16,ling_word_target,38,-0.014461257498306632
2239,sub16,ling_word_target,39,0.02017363448704661
2240,sub16,ling_word_target,40,0.0012343773404858568
2241,sub16,ling_word_target,41,-0.03667198615927592
2242,sub16,ling_word_target,42,0.004772158375384634
2243,sub16,ling_word_target,43,-0.003778581433766897
2244,sub16,ling_word_target,44,-0.03366228859645978
2245,sub16,ling_word_target,45,-0.016293325147114228
2246,sub16,ling_word_target,46,-0.03683935397213505
2247,sub16,ling_word_target,47,-0.002477446309913339
2248,sub16,ling_word_target,48,-0.007208625161049638
2249,sub16,ling_word_target,49,-0.033788167179471716
2250,sub16,ling_word_target,50,0.010187122134327811
2251,sub16,ling_word_target,51,-0.035445699814616295
2252,sub16,ling_word_target,52,-0.002954011792817954
2253,sub16,ling_word_target,53,-0.04951141084446098
2254,sub16,ling_word_target,54,0.005706633054965333
2255,sub16,ling_word_target,55,-0.027539148067292477
2256,sub16,ling_word_target,56,-0.023564418075253876
2257,sub16,ling_word_target,57,0.041968287887787926
2258,sub16,ling_word_target,58,0.03377888697923512
2259,sub16,ling_word_target,59,0.024747550093910508
2260,sub16,ling_word_target,60,-0.01788939842826219
2261,sub16,ling_word_target,61,-0.02458194427694397
2262,sub16,ling_word_target,62,-0.03484239091849255
2263,sub16,ling_word_target,63,-0.0191817198026566
2264,sub16,ling_word_target,64,-0.04534316138016277
2265,sub16,ling_word_target,65,0.01562659718640957
2266,sub16,ling_word_target,66,0.04494823031618286
2267,sub16,ling_word_target,67,-0.005635691103822558
2268,sub16,ling_word_target,68,-0.047354100430004764
2269,sub16,ling_word_target,69,0.02351258620461979
2270,sub16,ling_word_target,70,0.0017137783249827003
2271,sub16,ling_word_target,71,0.013827280214858441
2272,sub16,ling_word_target,72,0.01109396977800139
2273,sub16,ling_word_target,73,-0.0024511464551008645
2274,sub16,ling_word_target,74,0.020803160097188557
2275,sub16,ling_word_target,75,0.04272227384681886
2276,sub16,ling_word_target,76,0.0010191261490841957
2277,sub16,ling_word_target,77,-0.030582643002388946
2278,sub16,ling_word_target,78,0.02498160828940172
2279,sub16,ling_word_target,79,-0.10225485096336222
2280,sub16,ling_word_target,80,0.05245334426317407
2281,sub16,ling_word_target,81,0.038542832146497445
2282,sub16,ling_word_target,82,0.06584679739320654
2283,sub16,ling_word_target,83,0.01750432221074436
2284,sub16,ling_word_target,84,-0.024784319521262255
2285,sub16,ling_word_target,85,0.02105761573086241
2286,sub16,ling_word_target,86,0.0038290823254043026
2287,sub16,ling_word_target,87,0.014937417592774518
2288,sub16,ling_word_target,88,-0.011236642398748446
2289,sub16,ling_word_target,89,0.04195028494231526
2290,sub16,ling_word_target,90,0.024737921348000184
2291,sub16,ling_word_target,91,0.01096244720445742
2292,sub16,ling_word_target,92,-0.007823511676242154
2293,sub16,ling_word_target,93,0.03729434123495026
2294,sub16,ling_word_target,94,0.014574087345364467
2295,sub16,ling_word_target,95,0.017813963537568433
2296,sub16,ling_word_target,96,0.02766951000917463
2297,sub16,ling_word_target,97,-0.012103623283168809
2298,sub16,ling_word_target,98,0.01755270596326973
2299,sub16,ling_word_target,99,-0.0016122632491203824
2300,sub16,ling_word_target,100,0.01224174364330714
2301,sub16,ling_word_target,101,-0.011328254387363556
2302,sub16,ling_word_target,102,-0.01771055112118241
2303,sub16,ling_word_target,103,-0.056792870436296106
2304,sub16,ling_word_target,104,0.015621889485075532
2305,sub16,ling_word_target,105,-0.010643654228422134
2306,sub16,ling_word_target,106,0.017978049762491538
2307,sub16,ling_word_target,107,-0.04139691643696585
2308,sub16,ling_word_target,108,-0.018749361476104724
2309,sub16,ling_word_target,109,0.02610617316283251
2310,sub16,ling_word_target,110,-0.05609401964317519
2311,sub16,ling_word_target,111,0.010822495092130563
2312,sub16,ling_word_target,112,0.04563182625327639
2313,sub16,ling_word_target,113,-0.015832967062300734
2314,sub16,ling_word_target,114,0.004238794658188495
2315,sub16,ling_word_target,115,0.06799851488241866
2316,sub16,ling_word_target,116,0.048977217939051486
2317,sub16,ling_word_target,117,0.008464695801618459
2318,sub16,ling_word_target,118,0.04595894808008672
2319,sub16,ling_word_target,119,-0.03958039017675368
2320,sub16,ling_word_target,120,0.056651221819097736
2321,sub16,ling_word_target,121,0.021510709380296936
2322,sub16,ling_word_target,122,0.04310545850361671
2323,sub16,ling_word_target,123,-0.0005318697193885882
2324,sub16,ling_word_target,124,-0.054020763064645864
2325,sub16,ling_word_target,125,0.07901815830146587
2326,sub16,ling_word_target,126,-0.03184307713819225
2327,sub16,ling_word_target,127,0.036772687991770574
2328,sub16,ling_word_target,128,0.034297165001057554
2329,sub16,ling_word_target,129,-0.002288248471230076
2330,sub16,ling_word_target,130,-0.03632887674097358
2331,sub16,ling_word_target,131,-0.00573363751768432
2332,sub16,ling_word_target,132,-0.09132777441238686
2333,sub16,ling_word_target,133,-0.004322753939552937
2334,sub16,ling_word_target,134,0.009764346898352604
2335,sub16,ling_word_target,135,0.0020788230017893326
2336,sub16,ling_word_target,136,0.006685782806298198
2337,sub16,ling_word_target,137,0.0018954478860882945
2338,sub16,ling_word_target,138,0.05054531183159003
2339,sub16,ling_word_target,139,-0.009786878058887186
2340,sub16,ling_word_target,140,-0.014881775909944203
2341,sub16,ling_word_target,141,0.0026727823181335124
2342,sub16,ling_word_target,142,-0.038577351174605576
2343,sub16,ling_word_target,143,0.03343059208057347
2344,sub16,ling_word_target,144,0.0045372185939593765
2345,sub16,ling_word_target,145,-0.016585244831099
2346,sub16,ling_word_target,146,-0.019984999978468868
2347,sub16,ling_word_target,147,-0.0034216551856111384
2348,sub16,ling_word_target,148,-0.010556228528418324
2349,sub16,ling_word_target,149,-0.09430927245811374
2350,sub16,ling_word_target,150,-0.0474647634022984
2351,sub16,ling_word_target,151,0.009806517038974161
2352,sub16,ling_word_target,152,0.056233778385049275
2353,sub16,ling_word_target,153,0.025139082170122114
2354,sub16,ling_word_target,154,0.04495569613244355
2355,sub16,ling_word_target,155,-0.006823236128899763
2356,sub16,ling_word_target,156,-0.03009188318241474
2357,sub16,ling_word_target,157,-0.03372751350879415
2358,sub16,ling_word_target,158,0.0012712460989996186
2359,sub16,ling_word_target,159,-0.028298660971630116
2360,sub16,ling_word_target,160,0.002942954944306566
2361,sub16,ling_word_target,161,0.012841509448130523
2362,sub16,ling_word_target,162,0.07537003027619725
2363,sub16,ling_word_target,163,-0.007973228091693183
2364,sub16,ling_word_target,164,0.018663381586273266
2365,sub16,ling_word_target,165,0.01643364837720837
2366,sub16,ling_word_target,166,0.027476721487842845
2367,sub16,ling_word_target,167,0.015346056603734424
2368,sub16,ling_word_target,168,-0.04222364330033405
2369,sub16,ling_word_target,169,-0.008191335651486926
2370,sub16,ling_word_target,170,-0.026956677962700924
2371,sub16,ling_word_target,171,-0.007265725251656571
2372,sub16,ling_word_target,172,-0.010086075891299642
2373,sub16,ling_word_target,173,0.025968144837993642
2374,sub16,ling_word_target,174,-0.035701287383206035
2375,sub16,ling_word_target,175,-0.08536710136796481
2376,sub16,ling_word_target,176,-0.05096432446255028
2377,sub16,ling_word_target,177,0.002465470565696822
2378,sub16,ling_word_target,178,0.06531870437335621
2379,sub16,ling_word_target,179,-0.04542095511956388
2380,sub16,ling_word_target,180,-0.015954246148578318
2381,sub16,ling_word_target,181,-0.01611194082380046
2382,sub16,ling_word_target,182,0.021679890654841365
2383,sub16,ling_word_target,183,0.05635530658582447
2384,sub16,ling_word_target,184,-0.06469372596614763
2385,sub16,ling_word_target,185,-0.047549260506582404
2386,sub16,ling_word_target,186,-0.03228936612312614
2387,sub16,ling_word_target,187,0.04328588245534431
2388,sub16,ling_word_target,188,0.03581436679905018
2389,sub16,ling_word_target,189,-0.03447299718713527
2390,sub16,ling_word_target,190,-0.017242709585743223
2391,sub16,ling_word_target,191,0.015103190876557596
2392,sub16,ling_word_target,192,0.04180678313967591
2393,sub16,ling_word_target,193,-0.00457385808148464
2394,sub16,ling_word_target,194,-0.01698744907311551
2395,sub16,ling_word_target,195,-0.045195422489318134
2396,sub16,ling_word_target,196,-0.013320983332908114
2397,sub16,ling_word_target,197,0.06711370213863378
2398,sub16,ling_word_target,198,0.013284078398385767
2399,sub16,ling_word_target,199,0.0011551791791460657
2400,sub18,ling_word_target,0,-0.006915539672642811
2401,sub18,ling_word_target,1,-0.14142914318678848
2402,sub18,ling_word_target,2,-0.016100499765820158
2403,sub18,ling_word_target,3,-0.06188129648400729
2404,sub18,ling_word_target,4,0.1311689859745337
2405,sub18,ling_word_target,5,0.07353399964473112
2406,sub18,ling_word_target,6,0.043398633133779826
2407,sub18,ling_word_target,7,-0.005000166947708391
2408,sub18,ling_word_target,8,-0.07228968205683636
2409,sub18,ling_word_target,9,0.11982159545126222
2410,sub18,ling_word_target,10,-0.01715377956911008
2411,sub18,ling_word_target,11,0.03941774201353194
2412,sub18,ling_word_target,12,-0.016868979293170574
2413,sub18,ling_word_target,13,0.050197053472326524
2414,sub18,ling_word_target,14,0.06781889806645783
2415,sub18,ling_word_target,15,-0.03843678287757239
2416,sub18,ling_word_target,16,0.07779394730568795
2417,sub18,ling_word_target,17,-0.011798512303071903
2418,sub18,ling_word_target,18,0.06520553139370398
2419,sub18,ling_word_target,19,-0.045442454333901955
2420,sub18,ling_word_target,20,-0.009568957948590731
2421,sub18,ling_word_target,21,-0.03537655508919488
2422,sub18,ling_word_target,22,0.03135348985217108
2423,sub18,ling_word_target,23,-0.009682938491041205
2424,sub18,ling_word_target,24,-0.02269895110102464
2425,sub18,ling_word_target,25,-0.04820637872954445
2426,sub18,ling_word_target,26,0.0007929849092169616
2427,sub18,ling_word_target,27,0.03473310603044914
2428,sub18,ling_word_target,28,-0.06486936749919947
2429,sub18,ling_word_target,29,-0.011577952733473458
2430,sub18,ling_word_target,30,-0.04536754379361936
2431,sub18,ling_word_target,31,0.014501537658475571
2432,sub18,ling_word_target,32,0.07685417531290475
2433,sub18,ling_word_target,33,-0.028780258980522236
2434,sub18,ling_word_target,34,-0.07588942846994819
2435,sub18,ling_word_target,35,-0.1361452774191725
2436,sub18,ling_word_target,36,-0.04202476038254895
2437,sub18,ling_word_target,37,0.03612198336788918
2438,sub18,ling_word_target,38,-0.05736498927940313
2439,sub18,ling_word_target,39,0.10342532679815983
2440,sub18,ling_word_target,40,-0.054800432966134474
2441,sub18,ling_word_target,41,-0.054330500494154575
2442,sub18,ling_word_target,42,0.101715842325666
2443,sub18,ling_word_target,43,0.05752169241881125
2444,sub18,ling_word_target,44,0.02315675103228225
2445,sub18,ling_word_target,45,-0.1571390742854929
2446,sub18,ling_word_target,46,-0.04250570683597324
2447,sub18,ling_word_target,47,-0.08584231510200184
2448,sub18,ling_word_target,48,-0.006627289420322006
2449,sub18,ling_word_target,49,0.0445479743643939
2450,sub18,ling_word_target,50,-0.042349812352781444
2451,sub18,ling_word_target,51,0.039178203145411004
2452,sub18,ling_word_target,52,0.023766544350199117
2453,sub18,ling_word_target,53,-0.02915438440282113
2454,sub18,ling_word_target,54,-0.025502052659987763
2455,sub18,ling_word_target,55,0.0031456143436031617
2456,sub18,ling_word_target,56,0.023041267438765372
2457,sub18,ling_word_target,57,-0.05937759238860691
2458,sub18,ling_word_target,58,0.002576855202715712
2459,sub18,ling_word_target,59,0.006441443625712767
2460,sub18,ling_word_target,60,0.10271558208187621
2461,sub18,ling_word_target,61,-0.047002185892309735
2462,sub18,ling_word_target,62,0.013491781222203583
2463,sub18,ling_word_target,63,-0.006772803752400792
2464,sub18,ling_word_target,64,0.09675018934312292
2465,sub18,ling_word_target,65,-0.0695514613191347
2466,sub18,ling_word_target,66,0.034048846266379204
2467,sub18,ling_word_target,67,0.04731587975103536
2468,sub18,ling_word_target,68,0.0355491298059434
2469,sub18,ling_word_target,69,-0.033722587993345834
2470,sub18,ling_word_target,70,0.05348608706708713
2471,sub18,ling_word_target,71,0.012166242473657262
2472,sub18,ling_word_target,72,0.0675263048982231
2473,sub18,ling_word_target,73,0.004810522378651839
2474,sub18,ling_word_target,74,-0.028701911722950092
2475,sub18,ling_word_target,75,0.008173748918447037
2476,sub18,ling_word_target,76,-0.03216999836796968
2477,sub18,ling_word_target,77,0.03839431964997642
2478,sub18,ling_word_target,78,-0.02434703371118005
2479,sub18,ling_word_target,79,-0.09017791501879419
2480,sub18,ling_word_target,80,0.07715631735846618
2481,sub18,ling_word_target,81,-0.051284037563390145
2482,sub18,ling_word_target,82,0.03453788864142317
2483,sub18,ling_word_target,83,-0.016998783457541505
2484,sub18,ling_word_target,84,0.07667276126708926
2485,sub18,ling_word_target,85,0.08277963604459732
2486,sub18,ling_word_target,86,0.0824930503648258
2487,sub18,ling_word_target,87,-0.03695741138721672
2488,sub18,ling_word_target,88,0.04860772505884302
2489,sub18,ling_word_target,89,-0.03792427135876565
2490,sub18,ling_word_target,90,-0.04417811720177202
2491,sub18,ling_word_target,91,-0.07830799694968152
2492,sub18,ling_word_target,92,-0.033752222363579026
2493,sub18,ling_word_target,93,0.014741658222635724
2494,sub18,ling_word_target,94,-0.11047578696134593
2495,sub18,ling_word_target,95,0.004985295681137152
2496,sub18,ling_word_target,96,-0.02146056448470297
2497,sub18,ling_word_target,97,0.0529757755156162
2498,sub18,ling_word_target,98,-0.06210196389942405
2499,sub18,ling_word_target,99,0.02966187421858632
2500,sub18,ling_word_target,100,0.04387608701564963
2501,sub18,ling_word_target,101,-0.002982753616179613
2502,sub18,ling_word_target,102,-0.025319610100061184
2503,sub18,ling_word_target,103,-0.02181427863946383
2504,sub18,ling_word_target,104,0.009363139463451605
2505,sub18,ling_word_target,105,-0.04453693680193842
2506,sub18,ling_word_target,106,0.0009012108768665464
2507,sub18,ling_word_target,107,0.015191499263326854
2508,sub18,ling_word_target,108,0.03717636709898211
2509,sub18,ling_word_target,109,0.06656466898783432
2510,sub18,ling_word_target,110,-0.023056464164486777
2511,sub18,ling_word_target,111,0.012290573412491498
2512,sub18,ling_word_target,112,-0.02180633813851025
2513,sub18,ling_word_target,113,-0.03166522207327566
2514,sub18,ling_word_target,114,0.05387547758115902
2515,sub18,ling_word_target,115,-0.04439420082625862
2516,sub18,ling_word_target,116,0.037704891199964036
2517,sub18,ling_word_target,117,0.03697945134545276
2518,sub18,ling_word_target,118,0.002179378424786311
2519,sub18,ling_word_target,119,0.007491735896625884
2520,sub18,ling_word_target,120,0.046840774955715
2521,sub18,ling_word_target,121,0.004087603422079253
2522,sub18,ling_word_target,122,-0.028639451865115555
2523,sub18,ling_word_target,123,0.03467104670199905
2524,sub18,ling_word_target,124,0.028255637048331027
2525,sub18,ling_word_target,125,-0.06896089891370262
2526,sub18,ling_word_target,126,0.024241146408279086
2527,sub18,ling_word_target,127,-0.08319555560036754
2528,sub18,ling_word_target,128,-0.010634199505587527
2529,sub18,ling_word_target,129,0.010826427708353837
2530,sub18,ling_word_target,130,0.020947593757900514
2531,sub18,ling_word_target,131,-0.011759699484432227
2532,sub18,ling_word_target,132,0.005006877361656344
2533,sub18,ling_word_target,133,-0.05206237114473501
2534,sub18,ling_word_target,134,-0.03650081307322349
2535,sub18,ling_word_target,135,0.09940257988391908
2536,sub18,ling_word_target,136,-0.019728092662790686
2537,sub18,ling_word_target,137,-0.15412665194102482
2538,sub18,ling_word_target,138,-0.035709488610103486
2539,sub18,ling_word_target,139,-0.06493548265439743
2540,sub18,ling_word_target,140,-0.046122998009050106
2541,sub18,ling_word_target,141,-0.010102939061921468
2542,sub18,ling_word_target,142,-0.09413025049981259
2543,sub18,ling_word_target,143,-0.0464396777501353
2544,sub18,ling_word_target,144,0.07380558951062745
2545,sub18,ling_word_target,145,0.006963344934436753
2546,sub18,ling_word_target,146,-0.08051269337929445
2547,sub18,ling_word_target,147,-0.007772664257206077
2548,sub18,ling_word_target,148,0.04471964784450793
2549,sub18,ling_word_target,149,-0.04922298304514785
2550,sub18,ling_word_target,150,-0.038779715864351263
2551,sub18,ling_word_target,151,0.0405688984830354
2552,sub18,ling_word_target,152,-0.10813761768367318
2553,sub18,ling_word_target,153,0.006387133890073816
2554,sub18,ling_word_target,154,-0.015271755623618634
2555,sub18,ling_word_target,155,-0.025003875011334584
2556,sub18,ling_word_target,156,0.03499323509477972
2557,sub18,ling_word_target,157,0.10224006467444519
2558,sub18,ling_word_target,158,-0.12271701265585067
2559,sub18,ling_word_target,159,-0.005342613277104182
2560,sub18,ling_word_target,160,-0.01667897877406414
2561,sub18,ling_word_target,161,-0.04057331249565432
2562,sub18,ling_word_target,162,0.031902821118357974
2563,sub18,ling_word_target,163,0.034467402818055465
2564,sub18,ling_word_target,164,-0.03247978074088851
2565,sub18,ling_word_target,165,0.05373869581085811
2566,sub18,ling_word_target,166,-0.03301232906015251
2567,sub18,ling_word_target,167,-0.004535121894830355
2568,sub18,ling_word_target,168,0.06279676351023587
2569,sub18,ling_word_target,169,-0.020022031813577378
2570,sub18,ling_word_target,170,-0.07275386382614271
2571,sub18,ling_word_target,171,-0.00037835747279222845
2572,sub18,ling_word_target,172,0.028605050765372262
2573,sub18,ling_word_target,173,-0.04840690641494053
2574,sub18,ling_word_target,174,0.03196807025069381
2575,sub18,ling_word_target,175,0.07314510734072227
2576,sub18,ling_word_target,176,-0.04317897663493406
2577,sub18,ling_word_target,177,-0.1130930904422998
2578,sub18,ling_word_target,178,-0.04699813692912366
2579,sub18,ling_word_target,179,0.11089515575390692
2580,sub18,ling_word_target,180,0.08615681008866452
2581,sub18,ling_word_target,181,0.07198431678309963
2582,sub18,ling_word_target,182,-0.0069902715752161925
2583,sub18,ling_word_target,183,0.039182374872944264
2584,sub18,ling_word_target,184,0.011581483586643553
2585,sub18,ling_word_target,185,0.1512655778484318
2586,sub18,ling_word_target,186,-0.012374703382773479
2587,sub18,ling_word_target,187,0.039582421267725626
2588,sub18,ling_word_target,188,0.044977980582158045
2589,sub18,ling_word_target,189,-0.10837849357760287
2590,sub18,ling_word_target,190,0.022828497652365633
2591,sub18,ling_word_target,191,0.027626796359188105
2592,sub18,ling_word_target,192,-0.0025072031414054836
2593,sub18,ling_word_target,193,-0.005493063068036682
2594,sub18,ling_word_target,194,-0.013054069710246353
2595,sub18,ling_word_target,195,-0.06117407896736072
2596,sub18,ling_word_target,196,0.06053707775837048
2597,sub18,ling_word_target,197,-0.01335339995390835
2598,sub18,ling_word_target,198,0.031471134863444473
2599,sub18,ling_word_target,199,0.10649257242240893
2600,sub19,ling_word_target,0,-0.05835435427327916
2601,sub19,ling_word_target,1,0.011775613417527125
2602,sub19,ling_word_target,2,-0.03227056410206111
2603,sub19,ling_word_target,3,0.025368975490026268
2604,sub19,ling_word_target,4,0.007191443964408839
2605,sub19,ling_word_target,5,0.0711595572111759
2606,sub19,ling_word_target,6,0.04373500666908315
2607,sub19,ling_word_target,7,-0.07884048501631587
2608,sub19,ling_word_target,8,-0.001759667054239766
2609,sub19,ling_word_target,9,-0.053317525485377014
2610,sub19,ling_word_target,10,0.005368783253320681
2611,sub19,ling_word_target,11,0.005578734684858624
2612,sub19,ling_word_target,12,-0.06825275667432347
2613,sub19,ling_word_target,13,-0.055129900048252516
2614,sub19,ling_word_target,14,0.0424668785892695
2615,sub19,ling_word_target,15,0.003493364415005021
2616,sub19,ling_word_target,16,-0.1251878223251649
2617,sub19,ling_word_target,17,0.015855062598170704
2618,sub19,ling_word_target,18,0.01036367507798286
2619,sub19,ling_word_target,19,0.03531838402581746
2620,sub19,ling_word_target,20,-0.00474662158852542
2621,sub19,ling_word_target,21,0.03677159070840294
2622,sub19,ling_word_target,22,0.019542220233512358
2623,sub19,ling_word_target,23,-0.04386122803252861
2624,sub19,ling_word_target,24,-0.07185453203776196
2625,sub19,ling_word_target,25,0.052869594922568944
2626,sub19,ling_word_target,26,-0.011872581351158233
2627,sub19,ling_word_target,27,0.07629637480405531
2628,sub19,ling_word_target,28,0.038246771358054175
2629,sub19,ling_word_target,29,0.08124255380497625
2630,sub19,ling_word_target,30,-0.13000657329316204
2631,sub19,ling_word_target,31,0.03810381724977661
2632,sub19,ling_word_target,32,-0.023943960612381233
2633,sub19,ling_word_target,33,0.037820933104548905
2634,sub19,ling_word_target,34,-0.04338599354582302
2635,sub19,ling_word_target,35,0.010469924482174226
2636,sub19,ling_word_target,36,-0.004525910031237245
2637,sub19,ling_word_target,37,0.013471720815860377
2638,sub19,ling_word_target,38,0.0068711442525022015
2639,sub19,ling_word_target,39,0.05102450585532274
2640,sub19,ling_word_target,40,-0.04011689167700833
2641,sub19,ling_word_target,41,0.04486927255574474
2642,sub19,ling_word_target,42,0.022472013163281658
2643,sub19,ling_word_target,43,-0.003054078347823186
2644,sub19,ling_word_target,44,0.003944074484851258
2645,sub19,ling_word_target,45,0.010791796104840818
2646,sub19,ling_word_target,46,-0.021323686137883886
2647,sub19,ling_word_target,47,0.00640380836137813
2648,sub19,ling_word_target,48,0.0423023854111972
2649,sub19,ling_word_target,49,0.02597843490438698
2650,sub19,ling_word_target,50,-0.009706615000924228
2651,sub19,ling_word_target,51,0.039333854857998854
2652,sub19,ling_word_target,52,0.03632725451157495
2653,sub19,ling_word_target,53,0.034812698336286765
2654,sub19,ling_word_target,54,-0.05504091772389329
2655,sub19,ling_word_target,55,0.004172762182806449
2656,sub19,ling_word_target,56,-0.09419709468624476
2657,sub19,ling_word_target,57,-0.02963954767882295
2658,sub19,ling_word_target,58,-0.05769310103536583
2659,sub19,ling_word_target,59,-0.013693577001959374
2660,sub19,ling_word_target,60,0.027227478531000333
2661,sub19,ling_word_target,61,-0.010986882501551458
2662,sub19,ling_word_target,62,0.05736595748866185
2663,sub19,ling_word_target,63,-0.006613624813512564
2664,sub19,ling_word_target,64,-0.0607049007630306
2665,sub19,ling_word_target,65,0.11474599450716852
2666,sub19,ling_word_target,66,0.013614170230448443
2667,sub19,ling_word_target,67,-0.026653370382714234
2668,sub19,ling_word_target,68,-0.00043037642003637824
2669,sub19,ling_word_target,69,0.019835065243964924
2670,sub19,ling_word_target,70,-0.007753709548208444
2671,sub19,ling_word_target,71,0.04088546899811195
2672,sub19,ling_word_target,72,-0.030201594949516013
2673,sub19,ling_word_target,73,0.033462133557604065
2674,sub19,ling_word_target,74,-0.011199008560308974
2675,sub19,ling_word_target,75,-0.01176458926833104
2676,sub19,ling_word_target,76,-0.05699315775882419
2677,sub19,ling_word_target,77,-0.07085973611743097
2678,sub19,ling_word_target,78,0.08790320491032536
2679,sub19,ling_word_target,79,0.0006309913648523055
2680,sub19,ling_word_target,80,0.05531607703372612
2681,sub19,ling_word_target,81,-0.020502691920936462
2682,sub19,ling_word_target,82,0.02551486409444309
2683,sub19,ling_word_target,83,0.09500688750794248
2684,sub19,ling_word_target,84,-0.012207088089784336
2685,sub19,ling_word_target,85,-0.03156189274492476
2686,sub19,ling_word_target,86,0.06997645817537661
2687,sub19,ling_word_target,87,0.1102571536511566
2688,sub19,ling_word_target,88,-0.03529032823303091
2689,sub19,ling_word_target,89,-0.007171199179538273
2690,sub19,ling_word_target,90,0.004408433733098068
2691,sub19,ling_word_target,91,0.06736959532621731
2692,sub19,ling_word_target,92,-0.009257685717228133
2693,sub19,ling_word_target,93,0.026012213314591862
2694,sub19,ling_word_target,94,-0.0023168896054093138
2695,sub19,ling_word_target,95,0.01739740990997229
2696,sub19,ling_word_target,96,0.00502469758197948
2697,sub19,ling_word_target,97,-0.022190904165612826
2698,sub19,ling_word_target,98,-0.006097604564688672
2699,sub19,ling_word_target,99,0.01824603111484863
2700,sub19,ling_word_target,100,-0.03996318021367929
2701,sub19,ling_word_target,101,0.006838752856899021
2702,sub19,ling_word_target,102,0.014346391606329313
2703,sub19,ling_word_target,103,0.03782811944676427
2704,sub19,ling_word_target,104,-0.01021508942864371
2705,sub19,ling_word_target,105,-0.015373070098906726
2706,sub19,ling_word_target,106,0.008591783566708306
2707,sub19,ling_word_target,107,-0.09411946450050727
2708,sub19,ling_word_target,108,0.003502823926809878
2709,sub19,ling_word_target,109,-0.020812772220793137
2710,sub19,ling_word_target,110,0.010010650914787847
2711,sub19,ling_word_target,111,-0.05615891829076739
2712,sub19,ling_word_target,112,0.014657207138319495
2713,sub19,ling_word_target,113,0.028343104436519002
2714,sub19,ling_word_target,114,-0.08138215032229716
2715,sub19,ling_word_target,115,-0.06027070280426847
2716,sub19,ling_word_target,116,0.06523428883801019
2717,sub19,ling_word_target,117,-0.06451843795565043
2718,sub19,ling_word_target,118,-0.04589157643525524
2719,sub19,ling_word_target,119,0.013270793551920436
2720,sub19,ling_word_target,120,-0.02052549671060505
2721,sub19,ling_word_target,121,0.032463052148396
2722,sub19,ling_word_target,122,-0.015005611353675907
2723,sub19,ling_word_target,123,0.10673249884966783
2724,sub19,ling_word_target,124,0.034406932151929207
2725,sub19,ling_word_target,125,-0.10008855478434653
2726,sub19,ling_word_target,126,0.007714891053969599
2727,sub19,ling_word_target,127,-0.04863860624373607
2728,sub19,ling_word_target,128,0.0109356639335738
2729,sub19,ling_word_target,129,0.033355031406368356
2730,sub19,ling_word_target,130,-0.009594999362365377
2731,sub19,ling_word_target,131,0.03784613367043288
2732,sub19,ling_word_target,132,0.002690790757860636
2733,sub19,ling_word_target,133,-0.011501147772180325
2734,sub19,ling_word_target,134,-0.0032139298655217583
2735,sub19,ling_word_target,135,0.05343079259582186
2736,sub19,ling_word_target,136,0.11698971060514306
2737,sub19,ling_word_target,137,0.056182928750998055
2738,sub19,ling_word_target,138,0.060659373432888644
2739,sub19,ling_word_target,139,-0.038161989271314554
2740,sub19,ling_word_target,140,0.005817711534651258
2741,sub19,ling_word_target,141,0.03337859916807477
2742,sub19,ling_word_target,142,-0.018897573581250496
2743,sub19,ling_word_target,143,0.01658373975693457
2744,sub19,ling_word_target,144,0.03951676833793758
2745,sub19,ling_word_target,145,0.025991905575757528
2746,sub19,ling_word_target,146,-0.015099082263512318
2747,sub19,ling_word_target,147,-0.02392213524744784
2748,sub19,ling_word_target,148,-0.019313778074073983
2749,sub19,ling_word_target,149,-0.024781718203993625
2750,sub19,ling_word_target,150,-0.03333602167021488
2751,sub19,ling_word_target,151,-0.0004158964678786654
2752,sub19,ling_word_target,152,-0.05094534513072521
2753,sub19,ling_word_target,153,-0.055922825468365155
2754,sub19,ling_word_target,154,-0.024486900061859964
2755,sub19,ling_word_target,155,-0.0014271553086394018
2756,sub19,ling_word_target,156,0.019654726103896597
2757,sub19,ling_word_target,157,-0.04411167891270141
2758,sub19,ling_word_target,158,0.012928013303467168
2759,sub19,ling_word_target,159,0.017861481433787515
2760,sub19,ling_word_target,160,0.024680791458821558
2761,sub19,ling_word_target,161,0.04532450211001766
2762,sub19,ling_word_target,162,0.07615846215556459
2763,sub19,ling_word_target,163,-0.09571760609972015
2764,sub19,ling_word_target,164,-0.058968274658256645
2765,sub19,ling_word_target,165,0.04580356880089707
2766,sub19,ling_word_target,166,-0.008839416679793715
2767,sub19,ling_word_target,167,-0.017290492300004137
2768,sub19,ling_word_target,168,0.03806964194732234
2769,sub19,ling_word_target,169,-0.10221643835504649
2770,sub19,ling_word_target,170,-0.059609642919951425
2771,sub19,ling_word_target,171,-0.02213025393729848
2772,sub19,ling_word_target,172,-0.020525460776553487
2773,sub19,ling_word_target,173,0.02346775020848014
2774,sub19,ling_word_target,174,-0.07227817013032525
2775,sub19,ling_word_target,175,-0.004091012365781573
2776,sub19,ling_word_target,176,-0.008947845388437885
2777,sub19,ling_word_target,177,0.04829604292157912
2778,sub19,ling_word_target,178,-0.042766380967992554
2779,sub19,ling_word_target,179,-0.008248657580102231
2780,sub19,ling_word_target,180,-0.025121436764428035
2781,sub19,ling_word_target,181,-0.027041322405065536
2782,sub19,ling_word_target,182,-0.00876086570930727
2783,sub19,ling_word_target,183,-0.025708303184275486
2784,sub19,ling_word_target,184,-0.022297689504860913
2785,sub19,ling_word_target,185,-0.009673791488757768
2786,sub19,ling_word_target,186,0.004671307079340823
2787,sub19,ling_word_target,187,-0.06054497073682658
2788,sub19,ling_word_target,188,-0.00455165866569364
2789,sub19,ling_word_target,189,-0.01688342779011657
2790,sub19,ling_word_target,190,0.012671971849928278
2791,sub19,ling_word_target,191,0.057968495885023806
2792,sub19,ling_word_target,192,-0.04014401655486717
2793,sub19,ling_word_target,193,0.04079233685352317
2794,sub19,ling_word_target,194,0.08879568872151931
2795,sub19,ling_word_target,195,-0.02637124428435065
2796,sub19,ling_word_target,196,0.012909396924948826
2797,sub19,ling_word_target,197,0.018007929718253917
2798,sub19,ling_word_target,198,-0.022769261932248836
2799,sub19,ling_word_target,199,0.03672446545524842
2800,sub20,ling_word_target,0,-0.026417192657470633
2801,sub20,ling_word_target,1,0.048096115363735245
2802,sub20,ling_word_target,2,0.031164742910709517
2803,sub20,ling_word_target,3,0.019292849518160876
2804,sub20,ling_word_target,4,-0.06135521054075765
2805,sub20,ling_word_target,5,-0.02437223487150312
2806,sub20,ling_word_target,6,-0.02725786953528137
2807,sub20,ling_word_target,7,-0.023979844657894708
2808,sub20,ling_word_target,8,-0.02204797567632293
2809,sub20,ling_word_target,9,0.02238515802715372
2810,sub20,ling_word_target,10,-0.04220862888314908
2811,sub20,ling_word_target,11,-0.06793151033795389
2812,sub20,ling_word_target,12,0.018331149461226305
2813,sub20,ling_word_target,13,0.003255008577743579
2814,sub20,ling_word_target,14,0.0019974421445573907
2815,sub20,ling_word_target,15,0.11445547680999303
2816,sub20,ling_word_target,16,0.02361241078044099
2817,sub20,ling_word_target,17,0.054265432457081146
2818,sub20,ling_word_target,18,0.007160299178855279
2819,sub20,ling_word_target,19,-0.03719909188557458
2820,sub20,ling_word_target,20,0.04481315848291985
2821,sub20,ling_word_target,21,0.06941078697283237
2822,sub20,ling_word_target,22,-0.028923850412438928
2823,sub20,ling_word_target,23,0.01021190604062096
2824,sub20,ling_word_target,24,0.030221060263525158
2825,sub20,ling_word_target,25,-0.013065372463210899
2826,sub20,ling_word_target,26,0.05064261407460819
2827,sub20,ling_word_target,27,0.03974389272821037
2828,sub20,ling_word_target,28,-0.0754274902633459
2829,sub20,ling_word_target,29,0.04367630592927017
2830,sub20,ling_word_target,30,-0.0075219908120028245
2831,sub20,ling_word_target,31,-0.02376777413885857
2832,sub20,ling_word_target,32,-0.013757759380320315
2833,sub20,ling_word_target,33,0.03778477897243095
2834,sub20,ling_word_target,34,-0.03740641089221784
2835,sub20,ling_word_target,35,0.014806971944143783
2836,sub20,ling_word_target,36,-0.005442696243448973
2837,sub20,ling_word_target,37,0.04843018948411616
2838,sub20,ling_word_target,38,0.034119578876682155
2839,sub20,ling_word_target,39,-0.009588201533971542
2840,sub20,ling_word_target,40,-0.006064403518229686
2841,sub20,ling_word_target,41,-0.051261687824273254
2842,sub20,ling_word_target,42,-0.06370985890886066
2843,sub20,ling_word_target,43,-0.03020801947494256
2844,sub20,ling_word_target,44,0.08568401377312565
2845,sub20,ling_word_target,45,0.025375197488050685
2846,sub20,ling_word_target,46,-0.07631627278412588
2847,sub20,ling_word_target,47,-0.020398176534851147
2848,sub20,ling_word_target,48,0.024297058643423113
2849,sub20,ling_word_target,49,0.00028440995757927413
2850,sub20,ling_word_target,50,0.0026409281124233387
2851,sub20,ling_word_target,51,-0.05249050485070508
2852,sub20,ling_word_target,52,0.029100982626163792
2853,sub20,ling_word_target,53,-0.030052501205353497
2854,sub20,ling_word_target,54,0.030981983995022465
2855,sub20,ling_word_target,55,-0.0018407349858997521
2856,sub20,ling_word_target,56,0.015845445264137722
2857,sub20,ling_word_target,57,-0.0011159217643440832
2858,sub20,ling_word_target,58,0.002963122192083526
2859,sub20,ling_word_target,59,0.030539486906231414
2860,sub20,ling_word_target,60,-0.03893272773797128
2861,sub20,ling_word_target,61,-0.05856587258964475
2862,sub20,ling_word_target,62,-0.02549076001911765
2863,sub20,ling_word_target,63,5.2227955205711295e-05
2864,sub20,ling_word_target,64,-0.037923217436943324
2865,sub20,ling_word_target,65,-0.04985810573402118
2866,sub20,ling_word_target,66,-0.013181317718097331
2867,sub20,ling_word_target,67,0.011852578675390585
2868,sub20,ling_word_target,68,0.048107046876696806
2869,sub20,ling_word_target,69,-0.03469060990430908
2870,sub20,ling_word_target,70,-0.009185557500545252
2871,sub20,ling_word_target,71,0.066215689253175
2872,sub20,ling_word_target,72,0.001673074550950722
2873,sub20,ling_word_target,73,0.0622505676890697
2874,sub20,ling_word_target,74,-0.05679618866232821
2875,sub20,ling_word_target,75,0.04368576301632529
2876,sub20,ling_word_target,76,0.13339243008004784
2877,sub20,ling_word_target,77,-0.01662133878206683
2878,sub20,ling_word_target,78,-0.06989777597615926
2879,sub20,ling_word_target,79,-0.027253661997226328
2880,sub20,ling_word_target,80,-0.00047116363942257953
2881,sub20,ling_word_target,81,0.06399547132315803
2882,sub20,ling_word_target,82,0.056192823204806334
2883,sub20,ling_word_target,83,-0.0209842061633651
2884,sub20,ling_word_target,84,-0.001485057975238772
2885,sub20,ling_word_target,85,-0.00837147470400715
2886,sub20,ling_word_target,86,0.02254756919027747
2887,sub20,ling_word_target,87,-0.03628646768389381
2888,sub20,ling_word_target,88,-0.04553298726754791
2889,sub20,ling_word_target,89,0.08220712580889923
2890,sub20,ling_word_target,90,0.03494842043529238
2891,sub20,ling_word_target,91,0.025051870764489736
2892,sub20,ling_word_target,92,0.07067633613418368
2893,sub20,ling_word_target,93,0.013936082278873557
2894,sub20,ling_word_target,94,-0.004722439991609407
2895,sub20,ling_word_target,95,0.0268348428554236
2896,sub20,ling_word_target,96,0.07049418717747354
2897,sub20,ling_word_target,97,0.04413612809546473
2898,sub20,ling_word_target,98,0.004198496742331753
2899,sub20,ling_word_target,99,-0.04167254425644101
2900,sub20,ling_word_target,100,-0.0018903507280910148
2901,sub20,ling_word_target,101,-0.015011420314473417
2902,sub20,ling_word_target,102,-0.03174501244346532
2903,sub20,ling_word_target,103,-0.020152247746509522
2904,sub20,ling_word_target,104,-0.01833887109276921
2905,sub20,ling_word_target,105,0.07131704467170397
2906,sub20,ling_word_target,106,0.015395140025370945
2907,sub20,ling_word_target,107,-0.014321600034779327
2908,sub20,ling_word_target,108,0.0507157536648199
2909,sub20,ling_word_target,109,-0.08276171545269077
2910,sub20,ling_word_target,110,-0.021915856573941756
2911,sub20,ling_word_target,111,0.016831980226647038
2912,sub20,ling_word_target,112,0.006371358249696565
2913,sub20,ling_word_target,113,0.026540593309213385
2914,sub20,ling_word_target,114,0.03834734068435001
2915,sub20,ling_word_target,115,0.0290396669983981
2916,sub20,ling_word_target,116,0.07354289749121218
2917,sub20,ling_word_target,117,-0.004013584015365086
2918,sub20,ling_word_target,118,0.010367663282369885
2919,sub20,ling_word_target,119,0.009260250844476188
2920,sub20,ling_word_target,120,0.028380673695109975
2921,sub20,ling_word_target,121,0.0792174442131199
2922,sub20,ling_word_target,122,-0.02764497300357536
2923,sub20,ling_word_target,123,-0.002895898056226084
2924,sub20,ling_word_target,124,0.06777025663001514
2925,sub20,ling_word_target,125,-0.037938733174999364
2926,sub20,ling_word_target,126,-0.02789259692049274
2927,sub20,ling_word_target,127,0.009301616543234605
2928,sub20,ling_word_target,128,-0.11513837861738825
2929,sub20,ling_word_target,129,0.01587477509339175
2930,sub20,ling_word_target,130,-0.06717043814637151
2931,sub20,ling_word_target,131,0.05845531353087007
2932,sub20,ling_word_target,132,0.031862237615205215
2933,sub20,ling_word_target,133,0.04151112112958548
2934,sub20,ling_word_target,134,0.020482740132637244
2935,sub20,ling_word_target,135,-0.030526996653551235
2936,sub20,ling_word_target,136,-0.051289119389586385
2937,sub20,ling_word_target,137,-0.03774106386844483
2938,sub20,ling_word_target,138,0.000467293940825147
2939,sub20,ling_word_target,139,-0.058461020868022975
2940,sub20,ling_word_target,140,0.02738234264575658
2941,sub20,ling_word_target,141,-0.024289392463727605
2942,sub20,ling_word_target,142,-0.03839605100356297
2943,sub20,ling_word_target,143,-0.028849385060710622
2944,sub20,ling_word_target,144,0.03010482763245029
2945,sub20,ling_word_target,145,0.000807107766485001
2946,sub20,ling_word_target,146,-0.008182345100672736
2947,sub20,ling_word_target,147,-0.022248966540298204
2948,sub20,ling_word_target,148,-0.053075372793323465
2949,sub20,ling_word_target,149,-0.020346932651557598
2950,sub20,ling_word_target,150,0.04657937446196508
2951,sub20,ling_word_target,151,0.04887621058306848
2952,sub20,ling_word_target,152,-0.026939124084738083
2953,sub20,ling_word_target,153,0.04795363750766421
2954,sub20,ling_word_target,154,0.010899138195840926
2955,sub20,ling_word_target,155,-0.02669980902682537
2956,sub20,ling_word_target,156,0.007780710449377024
2957,sub20,ling_word_target,157,-0.02643691823341727
2958,sub20,ling_word_target,158,0.01773654218290662
2959,sub20,ling_word_target,159,-0.05143702742614352
2960,sub20,ling_word_target,160,0.028460353011831224
2961,sub20,ling_word_target,161,0.03621303091322641
2962,sub20,ling_word_target,162,0.02336038987295476
2963,sub20,ling_word_target,163,0.045346691950576064
2964,sub20,ling_word_target,164,-0.00594885445304054
2965,sub20,ling_word_target,165,-0.0534987698595003
2966,sub20,ling_word_target,166,-0.0103351869927986
2967,sub20,ling_word_target,167,0.09046529347950209
2968,sub20,ling_word_target,168,-0.04554239465207345
2969,sub20,ling_word_target,169,0.014246862241072697
2970,sub20,ling_word_target,170,-0.010431816424809398
2971,sub20,ling_word_target,171,-0.00267228116117915
2972,sub20,ling_word_target,172,-0.04000558601844494
2973,sub20,ling_word_target,173,-0.03475953525630041
2974,sub20,ling_word_target,174,-0.06183192972210196
2975,sub20,ling_word_target,175,0.026509500079114075
2976,sub20,ling_word_target,176,-0.08684420657010343
2977,sub20,ling_word_target,177,-0.034158467468856375
2978,sub20,ling_word_target,178,0.030867258497186505
2979,sub20,ling_word_target,179,-0.004744979908363084
2980,sub20,ling_word_target,180,-0.08103398147368625
2981,sub20,ling_word_target,181,0.07392282486562932
2982,sub20,ling_word_target,182,-0.014493864432655003
2983,sub20,ling_word_target,183,-0.01561832126432735
2984,sub20,ling_word_target,184,-0.022435178004447616
2985,sub20,ling_word_target,185,-0.013266248969347208
2986,sub20,ling_word_target,186,-0.04700554024683783
2987,sub20,ling_word_target,187,0.06463270244026614
2988,sub20,ling_word_target,188,-0.028446792225799548
2989,sub20,ling_word_target,189,0.010625625866443724
2990,sub20,ling_word_target,190,-0.014204279077596253
2991,sub20,ling_word_target,191,-0.02680697260898686
2992,sub20,ling_word_target,192,-0.03302964972478922
2993,sub20,ling_word_target,193,0.006223488791032457
2994,sub20,ling_word_target,194,-0.053251882760965416
2995,sub20,ling_word_target,195,0.024720776159078976
2996,sub20,ling_word_target,196,0.08884394456822745
2997,sub20,ling_word_target,197,0.020329418432755465
2998,sub20,ling_word_target,198,-0.03046651960922637
2999,sub20,ling_word_target,199,0.08020214473347066
3000,sub21,ling_word_target,0,0.0539734606896661
3001,sub21,ling_word_target,1,0.03393681802042723
3002,sub21,ling_word_target,2,0.008033601875256967
3003,sub21,ling_word_target,3,0.040660193975157674
3004,sub21,ling_word_target,4,0.02568272375346206
3005,sub21,ling_word_target,5,0.03679969475135939
3006,sub21,ling_word_target,6,0.1151145705915046
3007,sub21,ling_word_target,7,-0.004272289410452335
3008,sub21,ling_word_target,8,-0.0012467739278749159
3009,sub21,ling_word_target,9,0.025854161928172945
3010,sub21,ling_word_target,10,0.0420850120029434
3011,sub21,ling_word_target,11,-0.1186211369095495
3012,sub21,ling_word_target,12,-0.012542395422119487
3013,sub21,ling_word_target,13,-0.061727171493418304
3014,sub21,ling_word_target,14,-0.06300548496338002
3015,sub21,ling_word_target,15,0.04112052557086731
3016,sub21,ling_word_target,16,-0.01929904053703885
3017,sub21,ling_word_target,17,0.0034740037065678995
3018,sub21,ling_word_target,18,0.021170224829092137
3019,sub21,ling_word_target,19,-0.09508664756684145
3020,sub21,ling_word_target,20,-0.20234588980129162
3021,sub21,ling_word_target,21,0.07253237576975027
3022,sub21,ling_word_target,22,-0.010895118332032794
3023,sub21,ling_word_target,23,0.004223117742579491
3024,sub21,ling_word_target,24,-0.04791727090800176
3025,sub21,ling_word_target,25,-0.004254286547115329
3026,sub21,ling_word_target,26,-0.010234316146827547
3027,sub21,ling_word_target,27,0.013038217036408445
3028,sub21,ling_word_target,28,-0.04855301952125939
3029,sub21,ling_word_target,29,0.03410395593940284
3030,sub21,ling_word_target,30,0.07999460891019014
3031,sub21,ling_word_target,31,0.043097307152482
3032,sub21,ling_word_target,32,0.020491662530361332
3033,sub21,ling_word_target,33,0.034123236258878975
3034,sub21,ling_word_target,34,-0.06869487206997735
3035,sub21,ling_word_target,35,0.07871872453802897
3036,sub21,ling_word_target,36,0.029307797004368773
3037,sub21,ling_word_target,37,-0.04304691370561681
3038,sub21,ling_word_target,38,0.03847670034567535
3039,sub21,ling_word_target,39,-0.04870950786935099
3040,sub21,ling_word_target,40,-0.1003139478404813
3041,sub21,ling_word_target,41,0.07205470531256522
3042,sub21,ling_word_target,42,-0.015545803643156744
3043,sub21,ling_word_target,43,-0.00500124798659256
3044,sub21,ling_word_target,44,0.06600154412190967
3045,sub21,ling_word_target,45,-0.10074642784528419
3046,sub21,ling_word_target,46,0.10019401379495019
3047,sub21,ling_word_target,47,-0.026448028626397998
3048,sub21,ling_word_target,48,-0.09675889350049342
3049,sub21,ling_word_target,49,0.14015202132077736
3050,sub21,ling_word_target,50,-0.005602391246954703
3051,sub21,ling_word_target,51,-0.01359062200888222
3052,sub21,ling_word_target,52,0.025003845307243304
3053,sub21,ling_word_target,53,-0.026785845108009413
3054,sub21,ling_word_target,54,-0.059157956347254334
3055,sub21,ling_word_target,55,-0.1134046139433323
3056,sub21,ling_word_target,56,-0.0013126027504600346
3057,sub21,ling_word_target,57,0.02933702447190228
3058,sub21,ling_word_target,58,-0.06772237791226686
3059,sub21,ling_word_target,59,0.11770077401825838
3060,sub21,ling_word_target,60,-0.031366417767640965
3061,sub21,ling_word_target,61,-0.037818032453978516
3062,sub21,ling_word_target,62,-0.046074802786447704
3063,sub21,ling_word_target,63,0.05186059133446296
3064,sub21,ling_word_target,64,-0.03867577728480913
3065,sub21,ling_word_target,65,0.008433853817049995
3066,sub21,ling_word_target,66,0.013716900778717048
3067,sub21,ling_word_target,67,0.04211698092244441
3068,sub21,ling_word_target,68,-0.10435472650334728
3069,sub21,ling_word_target,69,-0.12657971965644293
3070,sub21,ling_word_target,70,-0.04012300253442574
3071,sub21,ling_word_target,71,-0.011439606740934277
3072,sub21,ling_word_target,72,0.07338569941329216
3073,sub21,ling_word_target,73,0.09935085205064123
3074,sub21,ling_word_target,74,0.13196603840013058
3075,sub21,ling_word_target,75,0.04330510240492251
3076,sub21,ling_word_target,76,-0.0007952995478683197
3077,sub21,ling_word_target,77,0.039408365359591926
3078,sub21,ling_word_target,78,0.016853145789982406
3079,sub21,ling_word_target,79,0.0712209340212747
3080,sub21,ling_word_target,80,0.026282884613300216
3081,sub21,ling_word_target,81,-0.028613578306106346
3082,sub21,ling_word_target,82,-0.03833648950233833
3083,sub21,ling_word_target,83,-0.15417527538904088
3084,sub21,ling_word_target,84,-0.016325656399447403
3085,sub21,ling_word_target,85,-0.053574512325344645
3086,sub21,ling_word_target,86,0.04971827006468535
3087,sub21,ling_word_target,87,0.09180173329844134
3088,sub21,ling_word_target,88,0.15621125309295808
3089,sub21,ling_word_target,89,0.04767621425274539
3090,sub21,ling_word_target,90,0.017910266736744628
3091,sub21,ling_word_target,91,-0.006793594444212193
3092,sub21,ling_word_target,92,0.050026952527589305
3093,sub21,ling_word_target,93,-0.09955013875690359
3094,sub21,ling_word_target,94,-0.07898600310685111
3095,sub21,ling_word_target,95,0.0983741081337455
3096,sub21,ling_word_target,96,0.14118313726897314
3097,sub21,ling_word_target,97,0.062344535215314176
3098,sub21,ling_word_target,98,0.12207121776262668
3099,sub21,ling_word_target,99,0.09774165315878257
3100,sub21,ling_word_target,100,0.06522107600430806
3101,sub21,ling_word_target,101,0.06537211985908169
3102,sub21,ling_word_target,102,0.10219353939989609
3103,sub21,ling_word_target,103,0.059429037773898304
3104,sub21,ling_word_target,104,-0.07715346897909499
3105,sub21,ling_word_target,105,0.06461680875398279
3106,sub21,ling_word_target,106,0.10558540748523691
3107,sub21,ling_word_target,107,0.011186272459931028
3108,sub21,ling_word_target,108,-0.004062366021321198
3109,sub21,ling_word_target,109,0.06456549941029108
3110,sub21,ling_word_target,110,-0.012125591517605188
3111,sub21,ling_word_target,111,0.016025656244040662
3112,sub21,ling_word_target,112,0.07293976875904895
3113,sub21,ling_word_target,113,0.0358042944399855
3114,sub21,ling_word_target,114,-0.04886907486384904
3115,sub21,ling_word_target,115,-0.09908263097245441
3116,sub21,ling_word_target,116,0.08715166983590947
3117,sub21,ling_word_target,117,0.004028088087119195
3118,sub21,ling_word_target,118,0.026775555719757312
3119,sub21,ling_word_target,119,-0.0027938267485485995
3120,sub21,ling_word_target,120,-0.0031807350670442804
3121,sub21,ling_word_target,121,0.02768039799723337
3122,sub21,ling_word_target,122,-0.0030094795959618344
3123,sub21,ling_word_target,123,0.027767016273846794
3124,sub21,ling_word_target,124,-0.03088394260714668
3125,sub21,ling_word_target,125,-0.06118724062374462
3126,sub21,ling_word_target,126,-0.014995813207617103
3127,sub21,ling_word_target,127,0.0001837735526610325
3128,sub21,ling_word_target,128,-0.031546553400824656
3129,sub21,ling_word_target,129,0.14431724740056712
3130,sub21,ling_word_target,130,-0.015737856215222223
3131,sub21,ling_word_target,131,0.0031927995605073073
3132,sub21,ling_word_target,132,0.11629029722295035
3133,sub21,ling_word_target,133,0.04520656089614846
3134,sub21,ling_word_target,134,0.0006219126196056065
3135,sub21,ling_word_target,135,0.029122763812908792
3136,sub21,ling_word_target,136,0.030982353308026643
3137,sub21,ling_word_target,137,0.09072361598690966
3138,sub21,ling_word_target,138,0.034481176057404785
3139,sub21,ling_word_target,139,-0.1063159686048514
3140,sub21,ling_word_target,140,-0.048878402971933535
3141,sub21,ling_word_target,141,-0.06046253807132804
3142,sub21,ling_word_target,142,0.013001291101355748
3143,sub21,ling_word_target,143,-0.025839457217753707
3144,sub21,ling_word_target,144,0.021129428596581457
3145,sub21,ling_word_target,145,0.009106376877807937
3146,sub21,ling_word_target,146,-0.021273150551428113
3147,sub21,ling_word_target,147,0.01700140215761843
3148,sub21,ling_word_target,148,-0.10652777868529976
3149,sub21,ling_word_target,149,0.0018403871066005185
3150,sub21,ling_word_target,150,0.0674666265333209
3151,sub21,ling_word_target,151,-0.03992378143246776
3152,sub21,ling_word_target,152,-0.060017686510918614
3153,sub21,ling_word_target,153,0.17402208904251942
3154,sub21,ling_word_target,154,-0.12294305131051668
3155,sub21,ling_word_target,155,0.03393813270136874
3156,sub21,ling_word_target,156,-0.03378499941896735
3157,sub21,ling_word_target,157,-0.09521339898404546
3158,sub21,ling_word_target,158,-0.034577936216668874
3159,sub21,ling_word_target,159,-0.031689312922009855
3160,sub21,ling_word_target,160,-0.05485476376660688
3161,sub21,ling_word_target,161,-0.023346983530477223
3162,sub21,ling_word_target,162,0.07935302469885361
3163,sub21,ling_word_target,163,0.02280191059548566
3164,sub21,ling_word_target,164,-0.058441252475497106
3165,sub21,ling_word_target,165,-0.012378936851134677
3166,sub21,ling_word_target,166,0.07215028100317668
3167,sub21,ling_word_target,167,0.07496754802594369
3168,sub21,ling_word_target,168,0.040418550483793544
3169,sub21,ling_word_target,169,-0.021500371797459752
3170,sub21,ling_word_target,170,0.08722886073735184
3171,sub21,ling_word_target,171,0.051886584085159414
3172,sub21,ling_word_target,172,0.02793422444900968
3173,sub21,ling_word_target,173,-0.028703403139162132
3174,sub21,ling_word_target,174,0.11068193637575577
3175,sub21,ling_word_target,175,0.05567583739390785
3176,sub21,ling_word_target,176,-0.03111707312784266
3177,sub21,ling_word_target,177,-0.014749057789380703
3178,sub21,ling_word_target,178,-0.016347615948322156
3179,sub21,ling_word_target,179,-0.026713234123672207
3180,sub21,ling_word_target,180,-0.023401427033215013
3181,sub21,ling_word_target,181,-0.03576162030207298
3182,sub21,ling_word_target,182,0.00476521160228868
3183,sub21,ling_word_target,183,-0.09881813354326473
3184,sub21,ling_word_target,184,-0.008133849889160404
3185,sub21,ling_word_target,185,0.07526171969408181
3186,sub21,ling_word_target,186,-0.10538420664835724
3187,sub21,ling_word_target,187,-0.0791943484385769
3188,sub21,ling_word_target,188,0.09561138790098493
3189,sub21,ling_word_target,189,-0.051402728838478705
3190,sub21,ling_word_target,190,0.11894550769913184
3191,sub21,ling_word_target,191,0.08909607074257107
3192,sub21,ling_word_target,192,0.022920398350616097
3193,sub21,ling_word_target,193,0.0471750066011719
3194,sub21,ling_word_target,194,0.00014959613270666217
3195,sub21,ling_word_target,195,-0.017872632946773354
3196,sub21,ling_word_target,196,0.07054515529453785
3197,sub21,ling_word_target,197,-0.019994106424804495
3198,sub21,ling_word_target,198,0.025303995367106903
3199,sub21,ling_word_target,199,0.006415297152457227
3200,sub22,ling_word_target,0,-0.01421587691363158
3201,sub22,ling_word_target,1,0.008896580231241819
3202,sub22,ling_word_target,2,-0.010485930231565683
3203,sub22,ling_word_target,3,-0.006178171718208711
3204,sub22,ling_word_target,4,0.03655447485801786
3205,sub22,ling_word_target,5,0.010005652766914458
3206,sub22,ling_word_target,6,0.0019173554695200603
3207,sub22,ling_word_target,7,-0.033436979495112644
3208,sub22,ling_word_target,8,-0.044617405115942754
3209,sub22,ling_word_target,9,-0.0012524010577530625
3210,sub22,ling_word_target,10,-0.01327480762962756
3211,sub22,ling_word_target,11,-0.0211423776344728
3212,sub22,ling_word_target,12,-0.03982931025943657
3213,sub22,ling_word_target,13,0.022155618330502336
3214,sub22,ling_word_target,14,-0.07745179695626102
3215,sub22,ling_word_target,15,0.03468171928395431
3216,sub22,ling_word_target,16,-0.0034898792390985907
3217,sub22,ling_word_target,17,0.031100418649485446
3218,sub22,ling_word_target,18,0.04957666794499805
3219,sub22,ling_word_target,19,0.013575939211022809
3220,sub22,ling_word_target,20,0.03778844415753321
3221,sub22,ling_word_target,21,0.06760085423050026
3222,sub22,ling_word_target,22,0.06757489257053977
3223,sub22,ling_word_target,23,-0.012856362877802938
3224,sub22,ling_word_target,24,0.011806730189748484
3225,sub22,ling_word_target,25,0.016645667964949748
3226,sub22,ling_word_target,26,-0.05480916106475818
3227,sub22,ling_word_target,27,-0.0007634623070089502
3228,sub22,ling_word_target,28,0.014881647010038841
3229,sub22,ling_word_target,29,-0.0012088719515801398
3230,sub22,ling_word_target,30,-0.05557219643833053
3231,sub22,ling_word_target,31,0.08364019680479777
3232,sub22,ling_word_target,32,-0.06479997302944815
3233,sub22,ling_word_target,33,0.03883682567941729
3234,sub22,ling_word_target,34,0.0822347839642188
3235,sub22,ling_word_target,35,0.08551028138329353
3236,sub22,ling_word_target,36,0.027472943919319405
3237,sub22,ling_word_target,37,-0.01460638958231148
3238,sub22,ling_word_target,38,0.012780238969080513
3239,sub22,ling_word_target,39,0.01767191757274601
3240,sub22,ling_word_target,40,0.02227369274194809
3241,sub22,ling_word_target,41,-0.029720170801432872
3242,sub22,ling_word_target,42,0.07638157648757915
3243,sub22,ling_word_target,43,0.01817972527520473
3244,sub22,ling_word_target,44,-0.0696854365636192
3245,sub22,ling_word_target,45,-0.02755298428519432
3246,sub22,ling_word_target,46,0.02185393896257566
3247,sub22,ling_word_target,47,-0.06154529286284287
3248,sub22,ling_word_target,48,-0.02093307340771915
3249,sub22,ling_word_target,49,0.03714402377302304
3250,sub22,ling_word_target,50,0.021336342568689524
3251,sub22,ling_word_target,51,0.008725812754137564
3252,sub22,ling_word_target,52,-0.012454641152835877
3253,sub22,ling_word_target,53,0.013553165891835372
3254,sub22,ling_word_target,54,0.06674313183247478
3255,sub22,ling_word_target,55,0.07452865743119108
3256,sub22,ling_word_target,56,0.06937529000324166
3257,sub22,ling_word_target,57,-0.029355563559513197
3258,sub22,ling_word_target,58,0.009728330543275238
3259,sub22,ling_word_target,59,-0.04123743859782799
3260,sub22,ling_word_target,60,-0.014565243906012309
3261,sub22,ling_word_target,61,0.014132053080407348
3262,sub22,ling_word_target,62,0.03981698647226615
3263,sub22,ling_word_target,63,-0.09329502211948204
3264,sub22,ling_word_target,64,-0.04492408254725764
3265,sub22,ling_word_target,65,-0.028594931374044456
3266,sub22,ling_word_target,66,-0.04697944767969149
3267,sub22,ling_word_target,67,-0.025010706957150616
3268,sub22,ling_word_target,68,-0.05200633420700959
3269,sub22,ling_word_target,69,0.011549016058677471
3270,sub22,ling_word_target,70,-0.0434646155547013
3271,sub22,ling_word_target,71,-0.002421884704597401
3272,sub22,ling_word_target,72,0.0036494346689284313
3273,sub22,ling_word_target,73,0.06413225872365964
3274,sub22,ling_word_target,74,-0.0009042463207202136
3275,sub22,ling_word_target,75,-0.0047708832759784485
3276,sub22,ling_word_target,76,-0.023278607696878728
3277,sub22,ling_word_target,77,0.01626950845718395
3278,sub22,ling_word_target,78,0.025190049840880073
3279,sub22,ling_word_target,79,0.027338807555579735
3280,sub22,ling_word_target,80,0.0015037415294369826
3281,sub22,ling_word_target,81,-0.0009828531723164104
3282,sub22,ling_word_target,82,0.005446718155971643
3283,sub22,ling_word_target,83,0.02303083392362528
3284,sub22,ling_word_target,84,0.024286515121427193
3285,sub22,ling_word_target,85,-0.05606310942401873
3286,sub22,ling_word_target,86,0.029280383445239005
3287,sub22,ling_word_target,87,0.012754810561458042
3288,sub22,ling_word_target,88,0.021433453661737992
3289,sub22,ling_word_target,89,0.005258101446439396
3290,sub22,ling_word_target,90,0.02469625920264575
3291,sub22,ling_word_target,91,0.013547276253959949
3292,sub22,ling_word_target,92,-0.002078712498645053
3293,sub22,ling_word_target,93,-0.06777663224686875
3294,sub22,ling_word_target,94,0.14569397583161076
3295,sub22,ling_word_target,95,-0.004771294309843469
3296,sub22,ling_word_target,96,0.01519646342735925
3297,sub22,ling_word_target,97,0.037835286155824085
3298,sub22,ling_word_target,98,-0.002949989527154469
3299,sub22,ling_word_target,99,-0.007969298033584477
3300,sub22,ling_word_target,100,0.005314103190242513
3301,sub22,ling_word_target,101,0.02460627734165021
3302,sub22,ling_word_target,102,0.021528598625413804
3303,sub22,ling_word_target,103,0.03930435781404482
3304,sub22,ling_word_target,104,-0.01539815488836961
3305,sub22,ling_word_target,105,-0.03355864128795372
3306,sub22,ling_word_target,106,-0.02357577471692941
3307,sub22,ling_word_target,107,0.02372275881315319
3308,sub22,ling_word_target,108,0.07251087037201256
3309,sub22,ling_word_target,109,-0.040454062092233366
3310,sub22,ling_word_target,110,0.061936845580442434
3311,sub22,ling_word_target,111,-0.010761813460178342
3312,sub22,ling_word_target,112,-0.06920529093511808
3313,sub22,ling_word_target,113,-0.026717321990309104
3314,sub22,ling_word_target,114,-0.03128087696521077
3315,sub22,ling_word_target,115,0.01857143985858092
3316,sub22,ling_word_target,116,0.0047311771267108385
3317,sub22,ling_word_target,117,-0.008313057019284998
3318,sub22,ling_word_target,118,-9.154107910373366e-05
3319,sub22,ling_word_target,119,-0.006644737392618856
3320,sub22,ling_word_target,120,0.11181720597560176
3321,sub22,ling_word_target,121,-0.06657980177069654
3322,sub22,ling_word_target,122,0.012376717327717172
3323,sub22,ling_word_target,123,0.015491711016028555
3324,sub22,ling_word_target,124,-0.062422970762934855
3325,sub22,ling_word_target,125,-0.053976858514849416
3326,sub22,ling_word_target,126,0.010187818571277792
3327,sub22,ling_word_target,127,-0.017180401424266644
3328,sub22,ling_word_target,128,-0.03309322091247886
3329,sub22,ling_word_target,129,-0.046428787685227575
3330,sub22,ling_word_target,130,0.025960189431472918
3331,sub22,ling_word_target,131,-0.01129894992479322
3332,sub22,ling_word_target,132,-0.0144216701667635
3333,sub22,ling_word_target,133,-0.055106920206272204
3334,sub22,ling_word_target,134,-0.006020317769216223
3335,sub22,ling_word_target,135,-0.002191284339392554
3336,sub22,ling_word_target,136,0.019370823107290904
3337,sub22,ling_word_target,137,-0.05893047478032683
3338,sub22,ling_word_target,138,-0.03660254038337645
3339,sub22,ling_word_target,139,-0.004661022757136702
3340,sub22,ling_word_target,140,-0.04823756983607391
3341,sub22,ling_word_target,141,-0.03162720847898416
3342,sub22,ling_word_target,142,-0.050939620701335724
3343,sub22,ling_word_target,143,0.03919961405342845
3344,sub22,ling_word_target,144,-0.06646481691431283
3345,sub22,ling_word_target,145,0.01986112412024742
3346,sub22,ling_word_target,146,0.007444880530503705
3347,sub22,ling_word_target,147,-0.0055112063483805885
3348,sub22,ling_word_target,148,-0.006643172093147635
3349,sub22,ling_word_target,149,-0.018790016660651356
3350,sub22,ling_word_target,150,0.04516596108306595
3351,sub22,ling_word_target,151,-0.03119384414569347
3352,sub22,ling_word_target,152,0.0024275578355762335
3353,sub22,ling_word_target,153,-0.031097081774746314
3354,sub22,ling_word_target,154,0.00630006685862169
3355,sub22,ling_word_target,155,0.011119266052062374
3356,sub22,ling_word_target,156,-0.002051673506649995
3357,sub22,ling_word_target,157,-0.02241091345885082
3358,sub22,ling_word_target,158,0.06573225169841042
3359,sub22,ling_word_target,159,-0.02043510466811062
3360,sub22,ling_word_target,160,0.007391866383372729
3361,sub22,ling_word_target,161,-0.06205641225248942
3362,sub22,ling_word_target,162,0.06301256818000736
3363,sub22,ling_word_target,163,0.03103750007584954
3364,sub22,ling_word_target,164,0.0030756558127086253
3365,sub22,ling_word_target,165,0.01567888860859966
3366,sub22,ling_word_target,166,-0.10049162043185267
3367,sub22,ling_word_target,167,-0.014694078297654945
3368,sub22,ling_word_target,168,-0.011409489943718043
3369,sub22,ling_word_target,169,-0.002732637453206084
3370,sub22,ling_word_target,170,0.0007640665869320343
3371,sub22,ling_word_target,171,-0.00868513726251963
3372,sub22,ling_word_target,172,-0.04501069479711814
3373,sub22,ling_word_target,173,0.04562178631771695
3374,sub22,ling_word_target,174,0.03632074817925134
3375,sub22,ling_word_target,175,-0.0002966483563178915
3376,sub22,ling_word_target,176,-0.061484183485333334
3377,sub22,ling_word_target,177,-0.003522498483805933
3378,sub22,ling_word_target,178,0.012449435058371905
3379,sub22,ling_word_target,179,0.0492403328379615
3380,sub22,ling_word_target,180,0.0162713883225157
3381,sub22,ling_word_target,181,-0.02034896152896064
3382,sub22,ling_word_target,182,-0.007616350321272041
3383,sub22,ling_word_target,183,0.04073059298120789
3384,sub22,ling_word_target,184,-0.03399900067684271
3385,sub22,ling_word_target,185,0.012040013502161632
3386,sub22,ling_word_target,186,0.002179326767701001
3387,sub22,ling_word_target,187,-0.033498456336970704
3388,sub22,ling_word_target,188,0.010141188049379137
3389,sub22,ling_word_target,189,0.0181664541639977
3390,sub22,ling_word_target,190,0.01431645391752684
3391,sub22,ling_word_target,191,-0.03706093099653314
3392,sub22,ling_word_target,192,-0.037874354615966666
3393,sub22,ling_word_target,193,-0.007911084004133307
3394,sub22,ling_word_target,194,0.05158467506866087
3395,sub22,ling_word_target,195,-0.0016570942620720997
3396,sub22,ling_word_target,196,0.017880242550015732
3397,sub22,ling_word_target,197,0.04341454666342547
3398,sub22,ling_word_target,198,0.05161995796737884
3399,sub22,ling_word_target,199,-0.019210173861248774
3400,sub23,ling_word_target,0,0.08096560077188383
3401,sub23,ling_word_target,1,0.027673040185349804
3402,sub23,ling_word_target,2,0.011959099710066453
3403,sub23,ling_word_target,3,0.016579622974405437
3404,sub23,ling_word_target,4,-0.02104933675977945
3405,sub23,ling_word_target,5,0.008858437046190232
3406,sub23,ling_word_target,6,-0.017763163867814936
3407,sub23,ling_word_target,7,0.02315610892363638
3408,sub23,ling_word_target,8,0.06622941695836605
3409,sub23,ling_word_target,9,-0.0550497469761027
3410,sub23,ling_word_target,10,-0.016017086029944734
3411,sub23,ling_word_target,11,-0.009921561828568704
3412,sub23,ling_word_target,12,0.018179007398992274
3413,sub23,ling_word_target,13,-0.011216873784239995
3414,sub23,ling_word_target,14,0.12515043686794247
3415,sub23,ling_word_target,15,-0.07568562525911798
3416,sub23,ling_word_target,16,-0.02826457430424399
3417,sub23,ling_word_target,17,-0.04038374761866782
3418,sub23,ling_word_target,18,0.1380142087973476
3419,sub23,ling_word_target,19,0.06081982714436683
3420,sub23,ling_word_target,20,0.024650608543571106
3421,sub23,ling_word_target,21,0.07959205294059461
3422,sub23,ling_word_target,22,0.023477242228603194
3423,sub23,ling_word_target,23,0.04347195512050516
3424,sub23,ling_word_target,24,-0.06576854397252174
3425,sub23,ling_word_target,25,0.015287529362748315
3426,sub23,ling_word_target,26,0.02581451952207675
3427,sub23,ling_word_target,27,0.10371892614212681
3428,sub23,ling_word_target,28,0.11954523939231229
3429,sub23,ling_word_target,29,-0.0023515072582488174
3430,sub23,ling_word_target,30,0.0033430896136138113
3431,sub23,ling_word_target,31,-0.008029546373763225
3432,sub23,ling_word_target,32,0.06028937921791831
3433,sub23,ling_word_target,33,0.0751657626508807
3434,sub23,ling_word_target,34,0.035664570934847414
3435,sub23,ling_word_target,35,-0.06913963743592053
3436,sub23,ling_word_target,36,-0.05740897050164201
3437,sub23,ling_word_target,37,0.046133185781098346
3438,sub23,ling_word_target,38,0.023726349649804572
3439,sub23,ling_word_target,39,0.0014604796229651044
3440,sub23,ling_word_target,40,0.11690543957335169
3441,sub23,ling_word_target,41,0.034599132062045915
3442,sub23,ling_word_target,42,-0.021648944705686516
3443,sub23,ling_word_target,43,0.006033331110440502
3444,sub23,ling_word_target,44,0.058727236194202156
3445,sub23,ling_word_target,45,-0.04201216333065341
3446,sub23,ling_word_target,46,0.006171838781797717
3447,sub23,ling_word_target,47,-0.05921902045959191
3448,sub23,ling_word_target,48,0.03633667324582395
3449,sub23,ling_word_target,49,0.04716237818494399
3450,sub23,ling_word_target,50,-0.030525269513960576
3451,sub23,ling_word_target,51,-0.028153720587208324
3452,sub23,ling_word_target,52,0.07750654655907824
3453,sub23,ling_word_target,53,-0.035470355703161136
3454,sub23,ling_word_target,54,-0.04715259785281831
3455,sub23,ling_word_target,55,-0.051134397686155915
3456,sub23,ling_word_target,56,0.16000350371711242
3457,sub23,ling_word_target,57,-0.028263508946961318
3458,sub23,ling_word_target,58,-0.003467868103707808
3459,sub23,ling_word_target,59,-0.14713698263737052
3460,sub23,ling_word_target,60,-0.017595913367178802
3461,sub23,ling_word_target,61,0.03546546610382318
3462,sub23,ling_word_target,62,0.046327097425552535
3463,sub23,ling_word_target,63,0.07743204401247628
3464,sub23,ling_word_target,64,0.03589217351292126
3465,sub23,ling_word_target,65,-0.017242359896341285
3466,sub23,ling_word_target,66,0.04737101991681848
3467,sub23,ling_word_target,67,-0.04770160765363033
3468,sub23,ling_word_target,68,-0.002601838932297605
3469,sub23,ling_word_target,69,-0.0627608062922799
3470,sub23,ling_word_target,70,-0.013437503594844668
3471,sub23,ling_word_target,71,0.08241745395206931
3472,sub23,ling_word_target,72,0.04590779991946205
3473,sub23,ling_word_target,73,-0.005714355720471082
3474,sub23,ling_word_target,74,0.017261556456438475
3475,sub23,ling_word_target,75,-0.019949469505988405
3476,sub23,ling_word_target,76,0.017441544284711445
3477,sub23,ling_word_target,77,0.07898592184474268
3478,sub23,ling_word_target,78,0.022237681111027977
3479,sub23,ling_word_target,79,0.038719676490552024
3480,sub23,ling_word_target,80,0.06607300217079874
3481,sub23,ling_word_target,81,0.08080621836258786
3482,sub23,ling_word_target,82,-0.020904526801105848
3483,sub23,ling_word_target,83,0.07759448659048637
3484,sub23,ling_word_target,84,0.034263611565665486
3485,sub23,ling_word_target,85,0.009187572774560978
3486,sub23,ling_word_target,86,-0.027059874303694734
3487,sub23,ling_word_target,87,0.01675735090218105
3488,sub23,ling_word_target,88,0.010144153489125993
3489,sub23,ling_word_target,89,0.019948491307167568
3490,sub23,ling_word_target,90,0.001188648181003454
3491,sub23,ling_word_target,91,0.07727762323543579
3492,sub23,ling_word_target,92,0.0641775669291666
3493,sub23,ling_word_target,93,0.10426508613825923
3494,sub23,ling_word_target,94,0.049785622629402296
3495,sub23,ling_word_target,95,0.03805383020215887
3496,sub23,ling_word_target,96,-0.03274808275926942
3497,sub23,ling_word_target,97,0.02377563141068276
3498,sub23,ling_word_target,98,-0.04672526351840506
3499,sub23,ling_word_target,99,-0.05876541827850367
3500,sub23,ling_word_target,100,0.10327399087710235
3501,sub23,ling_word_target,101,0.04170986644858999
3502,sub23,ling_word_target,102,-0.01788163312546441
3503,sub23,ling_word_target,103,-0.043994518031642935
3504,sub23,ling_word_target,104,0.08103271204394753
3505,sub23,ling_word_target,105,0.040624849747615065
3506,sub23,ling_word_target,106,-0.02070985819976736
3507,sub23,ling_word_target,107,-0.07194653450273222
3508,sub23,ling_word_target,108,-0.056698664148568
3509,sub23,ling_word_target,109,0.024509142460369945
3510,sub23,ling_word_target,110,-0.014845718095268082
3511,sub23,ling_word_target,111,0.052545704958748204
3512,sub23,ling_word_target,112,-0.0114175493562844
3513,sub23,ling_word_target,113,0.06134319327114749
3514,sub23,ling_word_target,114,0.04747165377112679
3515,sub23,ling_word_target,115,-0.026981729268482694
3516,sub23,ling_word_target,116,0.05328624686340107
3517,sub23,ling_word_target,117,0.035880720189066496
3518,sub23,ling_word_target,118,-0.07298103306145717
3519,sub23,ling_word_target,119,-0.01236351815024148
3520,sub23,ling_word_target,120,0.001841740375281276
3521,sub23,ling_word_target,121,-0.02787472878400952
3522,sub23,ling_word_target,122,-0.012656599231046634
3523,sub23,ling_word_target,123,-0.01629776535478088
3524,sub23,ling_word_target,124,-0.0765237019238786
3525,sub23,ling_word_target,125,0.0241516119577207
3526,sub23,ling_word_target,126,0.10243269749526279
3527,sub23,ling_word_target,127,0.0614966868510572
3528,sub23,ling_word_target,128,0.04583203260077162
3529,sub23,ling_word_target,129,0.06238302291245181
3530,sub23,ling_word_target,130,0.045513627924584577
3531,sub23,ling_word_target,131,-0.0766490190853178
3532,sub23,ling_word_target,132,0.04514594605877122
3533,sub23,ling_word_target,133,-0.07010710393127076
3534,sub23,ling_word_target,134,-0.045405899178879036
3535,sub23,ling_word_target,135,0.05426476852302288
3536,sub23,ling_word_target,136,0.0054677709309594235
3537,sub23,ling_word_target,137,0.035478008229396896
3538,sub23,ling_word_target,138,-0.027198154709234826
3539,sub23,ling_word_target,139,0.06926882854690036
3540,sub23,ling_word_target,140,0.027815175803340107
3541,sub23,ling_word_target,141,0.10190040919455665
3542,sub23,ling_word_target,142,0.08380342243651674
3543,sub23,ling_word_target,143,-0.08570739101954025
3544,sub23,ling_word_target,144,-0.14721397483024548
3545,sub23,ling_word_target,145,-0.023780933440914833
3546,sub23,ling_word_target,146,0.05506157006400767
3547,sub23,ling_word_target,147,0.06970856263049749
3548,sub23,ling_word_target,148,-0.05143167943857174
3549,sub23,ling_word_target,149,-0.16283568800952686
3550,sub23,ling_word_target,150,0.07000223624338754
3551,sub23,ling_word_target,151,0.02837748906666854
3552,sub23,ling_word_target,152,0.02183116016290438
3553,sub23,ling_word_target,153,0.08301884907268946
3554,sub23,ling_word_target,154,-0.015204257213301917
3555,sub23,ling_word_target,155,0.012043014548472737
3556,sub23,ling_word_target,156,0.08488639901002172
3557,sub23,ling_word_target,157,0.021101809926247276
3558,sub23,ling_word_target,158,0.04655082608852206
3559,sub23,ling_word_target,159,-0.07134728719295304
3560,sub23,ling_word_target,160,0.0004111508582282492
3561,sub23,ling_word_target,161,0.06075793084692362
3562,sub23,ling_word_target,162,-0.06754630662221243
3563,sub23,ling_word_target,163,0.05482220796453418
3564,sub23,ling_word_target,164,-0.03734912265413953
3565,sub23,ling_word_target,165,0.03665132013195101
3566,sub23,ling_word_target,166,-0.1391157420891906
3567,sub23,ling_word_target,167,-0.05316617319843596
3568,sub23,ling_word_target,168,-0.016459132381590368
3569,sub23,ling_word_target,169,0.029710618380384687
3570,sub23,ling_word_target,170,0.00807236587196633
3571,sub23,ling_word_target,171,-0.013332379350930618
3572,sub23,ling_word_target,172,0.04201485171327946
3573,sub23,ling_word_target,173,0.1051958935232927
3574,sub23,ling_word_target,174,0.01641382250400999
3575,sub23,ling_word_target,175,-0.022867455732340076
3576,sub23,ling_word_target,176,0.015138349969713413
3577,sub23,ling_word_target,177,0.0480797015610076
3578,sub23,ling_word_target,178,-0.06484164154006562
3579,sub23,ling_word_target,179,-0.1271518893966549
3580,sub23,ling_word_target,180,0.04790077598188425
3581,sub23,ling_word_target,181,0.04480171628905519
3582,sub23,ling_word_target,182,0.0818297280611493
3583,sub23,ling_word_target,183,0.03247965163831095
3584,sub23,ling_word_target,184,-0.010716630689083571
3585,sub23,ling_word_target,185,0.08187442801634086
3586,sub23,ling_word_target,186,-0.025777195500114255
3587,sub23,ling_word_target,187,0.034774342050032714
3588,sub23,ling_word_target,188,0.06958802467992835
3589,sub23,ling_word_target,189,0.08789762226705203
3590,sub23,ling_word_target,190,-0.04746012474191169
3591,sub23,ling_word_target,191,-0.02508571778576222
3592,sub23,ling_word_target,192,-0.03537621303184725
3593,sub23,ling_word_target,193,-0.08266485822773491
3594,sub23,ling_word_target,194,0.07705407598414982
3595,sub23,ling_word_target,195,0.019789824010203638
3596,sub23,ling_word_target,196,0.026522990051619837
3597,sub23,ling_word_target,197,-0.006402583758306578
3598,sub23,ling_word_target,198,0.005211702699421211
3599,sub23,ling_word_target,199,-0.03876453085694473
3600,sub25,ling_word_target,0,0.05092723705031344
3601,sub25,ling_word_target,1,-0.01689295814122554
3602,sub25,ling_word_target,2,-0.009016542966384699
3603,sub25,ling_word_target,3,-0.013222668888249682
3604,sub25,ling_word_target,4,0.02626385968219223
3605,sub25,ling_word_target,5,0.025182361623843783
3606,sub25,ling_word_target,6,-0.021533383848299635
3607,sub25,ling_word_target,7,0.01670997947109212
3608,sub25,ling_word_target,8,-0.004483567147709136
3609,sub25,ling_word_target,9,-0.017036623035839842
3610,sub25,ling_word_target,10,0.044747735790359656
3611,sub25,ling_word_target,11,-0.002870582085578802
3612,sub25,ling_word_target,12,-0.015186392681547936
3613,sub25,ling_word_target,13,0.018187708838019026
3614,sub25,ling_word_target,14,0.04757337947927323
3615,sub25,ling_word_target,15,-0.04806592591940623
3616,sub25,ling_word_target,16,0.018304867156801206
3617,sub25,ling_word_target,17,0.0448588465918007
3618,sub25,ling_word_target,18,-0.03270787020436653
3619,sub25,ling_word_target,19,-0.056304107920092245
3620,sub25,ling_word_target,20,-0.026588792143844974
3621,sub25,ling_word_target,21,-0.006474676191766268
3622,sub25,ling_word_target,22,-0.06593492675676307
3623,sub25,ling_word_target,23,0.0035140972229716233
3624,sub25,ling_word_target,24,-0.007436940825239473
3625,sub25,ling_word_target,25,-0.003749541278494063
3626,sub25,ling_word_target,26,0.013195509409899662
3627,sub25,ling_word_target,27,0.012799037899757013
3628,sub25,ling_word_target,28,0.01674747599159926
3629,sub25,ling_word_target,29,0.04714815438058783
3630,sub25,ling_word_target,30,0.09064332807319098
3631,sub25,ling_word_target,31,-0.1010607665474622
3632,sub25,ling_word_target,32,0.04736701293121882
3633,sub25,ling_word_target,33,0.02603737713292191
3634,sub25,ling_word_target,34,-0.04641331868943309
3635,sub25,ling_word_target,35,0.0414774743237413
3636,sub25,ling_word_target,36,-0.0002916329225052018
3637,sub25,ling_word_target,37,0.019589782166790873
3638,sub25,ling_word_target,38,-0.03503905742195027
3639,sub25,ling_word_target,39,-0.005827288146118045
3640,sub25,ling_word_target,40,-0.010803003592146636
3641,sub25,ling_word_target,41,-0.013324603480450588
3642,sub25,ling_word_target,42,0.03310219900250057
3643,sub25,ling_word_target,43,-0.04893682005190317
3644,sub25,ling_word_target,44,-0.04402930927826463
3645,sub25,ling_word_target,45,-0.019494988097307556
3646,sub25,ling_word_target,46,-0.011489157066741425
3647,sub25,ling_word_target,47,0.032638197632581974
3648,sub25,ling_word_target,48,-0.014956390918601702
3649,sub25,ling_word_target,49,-0.005987604576066002
3650,sub25,ling_word_target,50,0.08616473398572412
3651,sub25,ling_word_target,51,-0.05026216165995675
3652,sub25,ling_word_target,52,-0.003913999133146978
3653,sub25,ling_word_target,53,-0.01113609474247472
3654,sub25,ling_word_target,54,-0.05426113802488475
3655,sub25,ling_word_target,55,0.03539152257545724
3656,sub25,ling_word_target,56,0.06397731233640219
3657,sub25,ling_word_target,57,0.083302029477884
3658,sub25,ling_word_target,58,0.04376671089736213
3659,sub25,ling_word_target,59,-0.06187315452739252
3660,sub25,ling_word_target,60,0.05845615641230683
3661,sub25,ling_word_target,61,0.012896477402757775
3662,sub25,ling_word_target,62,0.04623672164436968
3663,sub25,ling_word_target,63,0.011256229853274263
3664,sub25,ling_word_target,64,-0.05148484610559807
3665,sub25,ling_word_target,65,-0.0012239072861260094
3666,sub25,ling_word_target,66,-0.00869294509010104
3667,sub25,ling_word_target,67,-0.025501512466388227
3668,sub25,ling_word_target,68,0.017162823767092668
3669,sub25,ling_word_target,69,-0.05233779530101154
3670,sub25,ling_word_target,70,-0.019125552155415247
3671,sub25,ling_word_target,71,0.016212830085603678
3672,sub25,ling_word_target,72,0.052481260272338744
3673,sub25,ling_word_target,73,-0.0265636720602038
3674,sub25,ling_word_target,74,0.07756147899117824
3675,sub25,ling_word_target,75,0.004011036742665596
3676,sub25,ling_word_target,76,0.06800467654136819
3677,sub25,ling_word_target,77,0.03800652132275616
3678,sub25,ling_word_target,78,0.03898626712522175
3679,sub25,ling_word_target,79,-0.10385964184647231
3680,sub25,ling_word_target,80,-0.004158222657090821
3681,sub25,ling_word_target,81,-0.053224850932539605
3682,sub25,ling_word_target,82,-0.09784530485880383
3683,sub25,ling_word_target,83,-0.033069495667675676
3684,sub25,ling_word_target,84,-0.05717414965461105
3685,sub25,ling_word_target,85,0.019975436821291687
3686,sub25,ling_word_target,86,-0.020421796976262473
3687,sub25,ling_word_target,87,-0.007356470103980529
3688,sub25,ling_word_target,88,0.036153257230049626
3689,sub25,ling_word_target,89,0.00273706624707429
3690,sub25,ling_word_target,90,0.0664971243471418
3691,sub25,ling_word_target,91,0.006040309058141043
3692,sub25,ling_word_target,92,0.028929234671788175
3693,sub25,ling_word_target,93,0.06651113924428424
3694,sub25,ling_word_target,94,0.02613049070581233
3695,sub25,ling_word_target,95,-0.005325152528801598
3696,sub25,ling_word_target,96,-0.021543141200655452
3697,sub25,ling_word_target,97,-0.02827264761720362
3698,sub25,ling_word_target,98,0.020964542319908235
3699,sub25,ling_word_target,99,0.015974586738277716
3700,sub25,ling_word_target,100,0.03057969749944206
3701,sub25,ling_word_target,101,-0.03047814905899485
3702,sub25,ling_word_target,102,0.03387440301210216
3703,sub25,ling_word_target,103,-0.08355243665602805
3704,sub25,ling_word_target,104,-0.02735856369315295
3705,sub25,ling_word_target,105,0.026281698355291
3706,sub25,ling_word_target,106,0.02714445908714947
3707,sub25,ling_word_target,107,0.021477175115562627
3708,sub25,ling_word_target,108,-0.06912599867107229
3709,sub25,ling_word_target,109,0.03484708973684904
3710,sub25,ling_word_target,110,0.03345038851176192
3711,sub25,ling_word_target,111,0.008238081846983263
3712,sub25,ling_word_target,112,-0.007164307538010195
3713,sub25,ling_word_target,113,0.01749906787620865
3714,sub25,ling_word_target,114,0.04517055019215009
3715,sub25,ling_word_target,115,-0.0003084852763366239
3716,sub25,ling_word_target,116,-0.0015651905078880861
3717,sub25,ling_word_target,117,-0.07134778008751472
3718,sub25,ling_word_target,118,-0.019662511761116556
3719,sub25,ling_word_target,119,-0.03858346809819158
3720,sub25,ling_word_target,120,-0.01960830709251198
3721,sub25,ling_word_target,121,0.028841707854025882
3722,sub25,ling_word_target,122,0.006159715601845676
3723,sub25,ling_word_target,123,-0.019435884269550778
3724,sub25,ling_word_target,124,-0.01898357441356797
3725,sub25,ling_word_target,125,0.016630072802957505
3726,sub25,ling_word_target,126,0.01768570305057008
3727,sub25,ling_word_target,127,0.021767588961883032
3728,sub25,ling_word_target,128,-0.016494948361708128
3729,sub25,ling_word_target,129,-0.043115080446002506
3730,sub25,ling_word_target,130,0.007846911239179154
3731,sub25,ling_word_target,131,-0.04373900770094603
3732,sub25,ling_word_target,132,-0.014417775731536592
3733,sub25,ling_word_target,133,-0.0036958882615380855
3734,sub25,ling_word_target,134,-0.0010138963912605494
3735,sub25,ling_word_target,135,-0.0067977177466215415
3736,sub25,ling_word_target,136,0.06753805129190835
3737,sub25,ling_word_target,137,-0.01080559557906146
3738,sub25,ling_word_target,138,-0.03161106591728233
3739,sub25,ling_word_target,139,-0.009412113208740072
3740,sub25,ling_word_target,140,0.04758731681472184
3741,sub25,ling_word_target,141,0.05161643974900643
3742,sub25,ling_word_target,142,-0.04685736903502616
3743,sub25,ling_word_target,143,0.03659285613073747
3744,sub25,ling_word_target,144,-0.012958693681416502
3745,sub25,ling_word_target,145,0.029310150417674992
3746,sub25,ling_word_target,146,0.043570053596324584
3747,sub25,ling_word_target,147,-0.040726795235331396
3748,sub25,ling_word_target,148,-0.013472778004341998
3749,sub25,ling_word_target,149,-0.026097188033385538
3750,sub25,ling_word_target,150,0.03454294056317513
3751,sub25,ling_word_target,151,-0.002716281337245406
3752,sub25,ling_word_target,152,0.035546129925864076
3753,sub25,ling_word_target,153,-0.01581559813362844
3754,sub25,ling_word_target,154,0.054187858744279595
3755,sub25,ling_word_target,155,0.008749322762095257
3756,sub25,ling_word_target,156,0.026025990303421325
3757,sub25,ling_word_target,157,0.01614123934095889
3758,sub25,ling_word_target,158,0.011590306227537402
3759,sub25,ling_word_target,159,0.028914526593482166
3760,sub25,ling_word_target,160,-0.04150347468032425
3761,sub25,ling_word_target,161,0.058526707370218076
3762,sub25,ling_word_target,162,0.027704077697635388
3763,sub25,ling_word_target,163,0.029607646343633012
3764,sub25,ling_word_target,164,-0.026891708202665832
3765,sub25,ling_word_target,165,0.008519894404747036
3766,sub25,ling_word_target,166,-0.042091279488426524
3767,sub25,ling_word_target,167,0.0009788269361174723
3768,sub25,ling_word_target,168,-0.1517387407424786
3769,sub25,ling_word_target,169,0.07530758579699118
3770,sub25,ling_word_target,170,-0.21369483493869795
3771,sub25,ling_word_target,171,0.005524709368562907
3772,sub25,ling_word_target,172,-0.010549215581411878
3773,sub25,ling_word_target,173,0.007936416796044229
3774,sub25,ling_word_target,174,-0.005855907661194847
3775,sub25,ling_word_target,175,-0.04485332881539811
3776,sub25,ling_word_target,176,-0.03489378546091516
3777,sub25,ling_word_target,177,0.0006309471186187459
3778,sub25,ling_word_target,178,0.04360156617381656
3779,sub25,ling_word_target,179,-0.05677124460473092
3780,sub25,ling_word_target,180,-0.08398177952327733
3781,sub25,ling_word_target,181,0.03599833692080172
3782,sub25,ling_word_target,182,0.0190322864234041
3783,sub25,ling_word_target,183,0.08798582918108722
3784,sub25,ling_word_target,184,0.026104852794004547
3785,sub25,ling_word_target,185,0.016242742123118964
3786,sub25,ling_word_target,186,0.020276476784338613
3787,sub25,ling_word_target,187,0.0471256800146679
3788,sub25,ling_word_target,188,-0.012671111011940513
3789,sub25,ling_word_target,189,0.024352300253422044
3790,sub25,ling_word_target,190,-0.04123962191652908
3791,sub25,ling_word_target,191,-0.015943960164659276
3792,sub25,ling_word_target,192,0.07269718710760073
3793,sub25,ling_word_target,193,-0.06164102625175349
3794,sub25,ling_word_target,194,0.0485893223668819
3795,sub25,ling_word_target,195,-0.016448209359411537
3796,sub25,ling_word_target,196,-0.03523962328570665
3797,sub25,ling_word_target,197,-0.04492740070314146
3798,sub25,ling_word_target,198,0.03936021346498739
3799,sub25,ling_word_target,199,0.04104631606685406
3800,sub26,ling_word_target,0,-0.010540944883686315
3801,sub26,ling_word_target,1,-0.0603486992744379
3802,sub26,ling_word_target,2,-0.020534822411591148
3803,sub26,ling_word_target,3,-0.03911932350995027
3804,sub26,ling_word_target,4,-0.023707129195034003
3805,sub26,ling_word_target,5,-0.0877153574982539
3806,sub26,ling_word_target,6,0.04808985614324687
3807,sub26,ling_word_target,7,0.045672076740111076
3808,sub26,ling_word_target,8,0.007607351131387282
3809,sub26,ling_word_target,9,-0.05628563594706711
3810,sub26,ling_word_target,10,0.1205691077056225
3811,sub26,ling_word_target,11,0.013447703413836824
3812,sub26,ling_word_target,12,-0.01939842969001692
3813,sub26,ling_word_target,13,0.07156175011441915
3814,sub26,ling_word_target,14,-0.030251858757465513
3815,sub26,ling_word_target,15,0.09629379937163934
3816,sub26,ling_word_target,16,-0.06087583089731938
3817,sub26,ling_word_target,17,-0.026967872887218903
3818,sub26,ling_word_target,18,0.0055504555744320064
3819,sub26,ling_word_target,19,-0.019128125467659247
3820,sub26,ling_word_target,20,0.05667774042119083
3821,sub26,ling_word_target,21,0.08176700019271294
3822,sub26,ling_word_target,22,-0.010066343573008302
3823,sub26,ling_word_target,23,0.03337378459184053
3824,sub26,ling_word_target,24,-0.04584801357026647
3825,sub26,ling_word_target,25,0.009444393304536329
3826,sub26,ling_word_target,26,-0.0028785305883928195
3827,sub26,ling_word_target,27,0.011020482020796734
3828,sub26,ling_word_target,28,0.04689914670294941
3829,sub26,ling_word_target,29,0.1222316980392719
3830,sub26,ling_word_target,30,-0.027650839495820614
3831,sub26,ling_word_target,31,-0.03643869565926856
3832,sub26,ling_word_target,32,-0.015549840255797188
3833,sub26,ling_word_target,33,-0.012610119102897653
3834,sub26,ling_word_target,34,-0.0314648030296422
3835,sub26,ling_word_target,35,-0.017940075943171364
3836,sub26,ling_word_target,36,0.02490316417922665
3837,sub26,ling_word_target,37,-0.01251286248324602
3838,sub26,ling_word_target,38,-0.10865007268975532
3839,sub26,ling_word_target,39,-0.06790957042048547
3840,sub26,ling_word_target,40,-0.04576047909859042
3841,sub26,ling_word_target,41,0.0010299094106480577
3842,sub26,ling_word_target,42,-0.001635037244667422
3843,sub26,ling_word_target,43,0.07545787278214422
3844,sub26,ling_word_target,44,0.03865587613431473
3845,sub26,ling_word_target,45,0.09628206958803621
3846,sub26,ling_word_target,46,0.1758941352021419
3847,sub26,ling_word_target,47,0.015815782361843448
3848,sub26,ling_word_target,48,-0.0044387584239806025
3849,sub26,ling_word_target,49,-0.009137688825032566
3850,sub26,ling_word_target,50,-0.012460413097712487
3851,sub26,ling_word_target,51,-0.0241265941050738
3852,sub26,ling_word_target,52,0.056059675840146074
3853,sub26,ling_word_target,53,0.008189575067513897
3854,sub26,ling_word_target,54,0.008393475196691865
3855,sub26,ling_word_target,55,0.05616617575189313
3856,sub26,ling_word_target,56,-0.03401229399508333
3857,sub26,ling_word_target,57,-0.07094133106928978
3858,sub26,ling_word_target,58,-0.020444069453696184
3859,sub26,ling_word_target,59,-0.05467298840139031
3860,sub26,ling_word_target,60,-0.006205882899936374
3861,sub26,ling_word_target,61,0.13582519912019225
3862,sub26,ling_word_target,62,0.05455412908826294
3863,sub26,ling_word_target,63,-0.029726038449543246
3864,sub26,ling_word_target,64,-0.050310118344693205
3865,sub26,ling_word_target,65,0.015940623698425013
3866,sub26,ling_word_target,66,0.07928661303050494
3867,sub26,ling_word_target,67,0.06821497712208728
3868,sub26,ling_word_target,68,-0.08541166271595545
3869,sub26,ling_word_target,69,0.04786720594684891
3870,sub26,ling_word_target,70,-0.06435076398297779
3871,sub26,ling_word_target,71,0.04466118641518646
3872,sub26,ling_word_target,72,-0.008807074590464533
3873,sub26,ling_word_target,73,-0.054194794902203615
3874,sub26,ling_word_target,74,-0.07997815279858998
3875,sub26,ling_word_target,75,0.035235183020069887
3876,sub26,ling_word_target,76,0.02198153107068725
3877,sub26,ling_word_target,77,0.03774394687045042
3878,sub26,ling_word_target,78,0.014282946881264484
3879,sub26,ling_word_target,79,0.04239532869847228
3880,sub26,ling_word_target,80,-0.024913841848345802
3881,sub26,ling_word_target,81,0.06939818217478512
3882,sub26,ling_word_target,82,-0.020960778213543762
3883,sub26,ling_word_target,83,0.07234093229593687
3884,sub26,ling_word_target,84,0.0827812416486731
3885,sub26,ling_word_target,85,-0.0893568698558252
3886,sub26,ling_word_target,86,-0.08426095442444323
3887,sub26,ling_word_target,87,-0.05130725924334771
3888,sub26,ling_word_target,88,0.009147716491608863
3889,sub26,ling_word_target,89,0.05712821568711798
3890,sub26,ling_word_target,90,0.0045407777536319825
3891,sub26,ling_word_target,91,0.04209341163878285
3892,sub26,ling_word_target,92,-0.004481229060033461
3893,sub26,ling_word_target,93,-0.040437769604747854
3894,sub26,ling_word_target,94,-0.0037001427004662362
3895,sub26,ling_word_target,95,-0.007763055090868409
3896,sub26,ling_word_target,96,-0.03495130823149086
3897,sub26,ling_word_target,97,0.013680102056017029
3898,sub26,ling_word_target,98,0.014566000684382319
3899,sub26,ling_word_target,99,-0.12206966162436826
3900,sub26,ling_word_target,100,0.01858460961292308
3901,sub26,ling_word_target,101,-0.025777234437791927
3902,sub26,ling_word_target,102,0.004992086689068109
3903,sub26,ling_word_target,103,-0.024240537319805796
3904,sub26,ling_word_target,104,0.045968822345148194
3905,sub26,ling_word_target,105,-0.06099844096361501
3906,sub26,ling_word_target,106,-0.01828716040398125
3907,sub26,ling_word_target,107,0.09959795678162521
3908,sub26,ling_word_target,108,-0.012654311363827057
3909,sub26,ling_word_target,109,0.020273394482121208
3910,sub26,ling_word_target,110,0.04794163937435242
3911,sub26,ling_word_target,111,-0.038713799870158334
3912,sub26,ling_word_target,112,0.020760877881122432
3913,sub26,ling_word_target,113,0.0019248502152757346
3914,sub26,ling_word_target,114,-0.032780665466505654
3915,sub26,ling_word_target,115,0.034995017020940156
3916,sub26,ling_word_target,116,0.0220601295015831
3917,sub26,ling_word_target,117,0.00372934801500074
3918,sub26,ling_word_target,118,-0.025270723231613005
3919,sub26,ling_word_target,119,0.048363812338030714
3920,sub26,ling_word_target,120,-0.10118806768454505
3921,sub26,ling_word_target,121,0.04494769362425147
3922,sub26,ling_word_target,122,-0.04592421101526901
3923,sub26,ling_word_target,123,0.03391976085709736
3924,sub26,ling_word_target,124,-0.0826545693866295
3925,sub26,ling_word_target,125,0.03637829813962788
3926,sub26,ling_word_target,126,0.03658446104796774
3927,sub26,ling_word_target,127,-0.15221431449827702
3928,sub26,ling_word_target,128,-0.11557632326285802
3929,sub26,ling_word_target,129,0.09278949954761213
3930,sub26,ling_word_target,130,0.01420592876567736
3931,sub26,ling_word_target,131,-0.04980888712142094
3932,sub26,ling_word_target,132,-0.118843496937374
3933,sub26,ling_word_target,133,-0.034096624254618665
3934,sub26,ling_word_target,134,0.04104765982996977
3935,sub26,ling_word_target,135,0.03351680187791
3936,sub26,ling_word_target,136,0.017729235045272372
3937,sub26,ling_word_target,137,-0.04919032885462178
3938,sub26,ling_word_target,138,-0.018641762438492075
3939,sub26,ling_word_target,139,0.012383332254501066
3940,sub26,ling_word_target,140,0.05978688342022454
3941,sub26,ling_word_target,141,0.020172241189401047
3942,sub26,ling_word_target,142,0.08819774677831521
3943,sub26,ling_word_target,143,0.059052239943436606
3944,sub26,ling_word_target,144,-0.0055457644819000155
3945,sub26,ling_word_target,145,-0.03960658452892248
3946,sub26,ling_word_target,146,0.007513067551004611
3947,sub26,ling_word_target,147,0.016103070226651823
3948,sub26,ling_word_target,148,-0.056134831581311134
3949,sub26,ling_word_target,149,0.028419558683344535
3950,sub26,ling_word_target,150,0.10122195236826764
3951,sub26,ling_word_target,151,0.0200525681689799
3952,sub26,ling_word_target,152,0.024300694215740642
3953,sub26,ling_word_target,153,0.05582215997647257
3954,sub26,ling_word_target,154,0.042464741844439734
3955,sub26,ling_word_target,155,0.004498326997212313
3956,sub26,ling_word_target,156,-0.07905968802873443
3957,sub26,ling_word_target,157,0.026830077746234013
3958,sub26,ling_word_target,158,0.04102942205266401
3959,sub26,ling_word_target,159,0.006228680405854129
3960,sub26,ling_word_target,160,-0.03996133851816007
3961,sub26,ling_word_target,161,0.05202828921637106
3962,sub26,ling_word_target,162,0.03588540753065761
3963,sub26,ling_word_target,163,-0.00886970839060835
3964,sub26,ling_word_target,164,-0.017663789110543306
3965,sub26,ling_word_target,165,-0.030292322631538755
3966,sub26,ling_word_target,166,0.017130793526752116
3967,sub26,ling_word_target,167,-0.07057253960954003
3968,sub26,ling_word_target,168,-0.015636579340310684
3969,sub26,ling_word_target,169,-0.007711143158084044
3970,sub26,ling_word_target,170,-0.006073553319794676
3971,sub26,ling_word_target,171,0.054912456988703104
3972,sub26,ling_word_target,172,-0.004742690151110596
3973,sub26,ling_word_target,173,-0.11568944780409052
3974,sub26,ling_word_target,174,-0.04915241743944015
3975,sub26,ling_word_target,175,0.018675884896396492
3976,sub26,ling_word_target,176,0.062496859928441284
3977,sub26,ling_word_target,177,0.03664339540307827
3978,sub26,ling_word_target,178,0.047047736675578544
3979,sub26,ling_word_target,179,0.016538254614515083
3980,sub26,ling_word_target,180,-0.04132209513745998
3981,sub26,ling_word_target,181,-0.01458096808546876
3982,sub26,ling_word_target,182,0.058965133309577776
3983,sub26,ling_word_target,183,-0.022885814148649868
3984,sub26,ling_word_target,184,0.011307475552109663
3985,sub26,ling_word_target,185,-0.020280564073821433
3986,sub26,ling_word_target,186,-0.07590055500042855
3987,sub26,ling_word_target,187,0.003442016094457236
3988,sub26,ling_word_target,188,0.04561109924419775
3989,sub26,ling_word_target,189,0.05062890363060161
3990,sub26,ling_word_target,190,-0.008167586775617562
3991,sub26,ling_word_target,191,-0.024582414327967227
3992,sub26,ling_word_target,192,-0.07207964638300716
3993,sub26,ling_word_target,193,-0.0465296754171632
3994,sub26,ling_word_target,194,-0.07696517033710866
3995,sub26,ling_word_target,195,0.017759676493288
3996,sub26,ling_word_target,196,0.005447559402735668
3997,sub26,ling_word_target,197,-0.012776122327681603
3998,sub26,ling_word_target,198,-0.057389916848677586
3999,sub26,ling_word_target,199,-0.025462675121748574
4000,sub27,ling_word_target,0,0.006153026637184326
4001,sub27,ling_word_target,1,-0.04418193243039282
4002,sub27,ling_word_target,2,0.014359343512722235
4003,sub27,ling_word_target,3,-0.009525810890029919
4004,sub27,ling_word_target,4,0.07115068762048077
4005,sub27,ling_word_target,5,-0.027515964983996624
4006,sub27,ling_word_target,6,0.054126902705494855
4007,sub27,ling_word_target,7,0.06563339759702391
4008,sub27,ling_word_target,8,-0.018893716775379335
4009,sub27,ling_word_target,9,0.006270144269387047
4010,sub27,ling_word_target,10,-0.06782931019689636
4011,sub27,ling_word_target,11,0.048731545700929114
4012,sub27,ling_word_target,12,-0.017279788022542476
4013,sub27,ling_word_target,13,0.07260359545474086
4014,sub27,ling_word_target,14,0.009725132198269034
4015,sub27,ling_word_target,15,0.07261653704775599
4016,sub27,ling_word_target,16,-0.022888371719548658
4017,sub27,ling_word_target,17,0.08116894157464423
4018,sub27,ling_word_target,18,0.017247542462885523
4019,sub27,ling_word_target,19,0.0316819565964541
4020,sub27,ling_word_target,20,0.01634660841637123
4021,sub27,ling_word_target,21,-0.028009546159050266
4022,sub27,ling_word_target,22,0.039126509485926574
4023,sub27,ling_word_target,23,0.05023252597903305
4024,sub27,ling_word_target,24,-0.010663658705546485
4025,sub27,ling_word_target,25,0.03274213931659943
4026,sub27,ling_word_target,26,-0.010844610139955066
4027,sub27,ling_word_target,27,0.02651613966455165
4028,sub27,ling_word_target,28,-0.03570093418615334
4029,sub27,ling_word_target,29,-0.03610717182306028
4030,sub27,ling_word_target,30,0.05389204267723738
4031,sub27,ling_word_target,31,0.011420538164792588
4032,sub27,ling_word_target,32,0.12023229515654069
4033,sub27,ling_word_target,33,0.046103978146837955
4034,sub27,ling_word_target,34,-0.02311224036805899
4035,sub27,ling_word_target,35,-0.0688998383045928
4036,sub27,ling_word_target,36,0.05684403023615887
4037,sub27,ling_word_target,37,-0.013676156723042456
4038,sub27,ling_word_target,38,0.02240073394163245
4039,sub27,ling_word_target,39,0.07746566845052134
4040,sub27,ling_word_target,40,-0.0059257568676102336
4041,sub27,ling_word_target,41,-0.0313341264925525
4042,sub27,ling_word_target,42,0.05620204528249834
4043,sub27,ling_word_target,43,0.02207199576318589
4044,sub27,ling_word_target,44,-0.009016109558843714
4045,sub27,ling_word_target,45,-0.018542802505346817
4046,sub27,ling_word_target,46,-0.023961054095899288
4047,sub27,ling_word_target,47,0.0028241729825814223
4048,sub27,ling_word_target,48,0.010976880032639243
4049,sub27,ling_word_target,49,0.045718562996810666
4050,sub27,ling_word_target,50,0.028171762815832762
4051,sub27,ling_word_target,51,-0.07379163037986584
4052,sub27,ling_word_target,52,0.039810008395682474
4053,sub27,ling_word_target,53,0.03006850569734678
4054,sub27,ling_word_target,54,0.022861498115510723
4055,sub27,ling_word_target,55,-0.06305533304292928
4056,sub27,ling_word_target,56,0.025399863204048235
4057,sub27,ling_word_target,57,0.02701018404941708
4058,sub27,ling_word_target,58,0.03933508221190699
4059,sub27,ling_word_target,59,0.02656914776419292
4060,sub27,ling_word_target,60,0.02506928125501607
4061,sub27,ling_word_target,61,-0.01766737710020065
4062,sub27,ling_word_target,62,-0.0491177471099053
4063,sub27,ling_word_target,63,0.07627978499625311
4064,sub27,ling_word_target,64,0.04538699382772898
4065,sub27,ling_word_target,65,-0.026003711512807993
4066,sub27,ling_word_target,66,0.06279543298306539
4067,sub27,ling_word_target,67,-0.03101506642232657
4068,sub27,ling_word_target,68,0.045521582918615563
4069,sub27,ling_word_target,69,-0.048417985657380286
4070,sub27,ling_word_target,70,0.038865674568519394
4071,sub27,ling_word_target,71,0.045562763884094325
4072,sub27,ling_word_target,72,0.03254476585231802
4073,sub27,ling_word_target,73,-0.042284817909359756
4074,sub27,ling_word_target,74,-0.009786075613006638
4075,sub27,ling_word_target,75,-0.009067381006402697
4076,sub27,ling_word_target,76,-0.00995281128302248
4077,sub27,ling_word_target,77,0.08170429958357857
4078,sub27,ling_word_target,78,-0.0705038216830691
4079,sub27,ling_word_target,79,-0.01478684324187456
4080,sub27,ling_word_target,80,-0.07576934523183676
4081,sub27,ling_word_target,81,-0.02302352856064283
4082,sub27,ling_word_target,82,0.044431993164055064
4083,sub27,ling_word_target,83,0.07588649622444331
4084,sub27,ling_word_target,84,0.0014069296007372806
4085,sub27,ling_word_target,85,0.14441544345585614
4086,sub27,ling_word_target,86,0.003307951027304254
4087,sub27,ling_word_target,87,-0.07243311983421087
4088,sub27,ling_word_target,88,-0.04030208117409438
4089,sub27,ling_word_target,89,-0.07992687809087035
4090,sub27,ling_word_target,90,0.05682200739063843
4091,sub27,ling_word_target,91,0.015878915122204573
4092,sub27,ling_word_target,92,0.038387116205940514
4093,sub27,ling_word_target,93,-0.0691895709129287
4094,sub27,ling_word_target,94,0.05092016569635639
4095,sub27,ling_word_target,95,-0.01925351198647793
4096,sub27,ling_word_target,96,0.03238121616458232
4097,sub27,ling_word_target,97,0.03157062339478762
4098,sub27,ling_word_target,98,-0.06201047209166868
4099,sub27,ling_word_target,99,0.015991265238038895
4100,sub27,ling_word_target,100,-0.032684530506786845
4101,sub27,ling_word_target,101,0.022412484054103784
4102,sub27,ling_word_target,102,-0.09979109800168308
4103,sub27,ling_word_target,103,-0.11163864626116449
4104,sub27,ling_word_target,104,0.01243847961971462
4105,sub27,ling_word_target,105,-0.06535119916085691
4106,sub27,ling_word_target,106,0.042739772905144274
4107,sub27,ling_word_target,107,-0.05409206804704939
4108,sub27,ling_word_target,108,-0.11589017262970305
4109,sub27,ling_word_target,109,0.018579057173114494
4110,sub27,ling_word_target,110,-0.08208620026442136
4111,sub27,ling_word_target,111,0.0190772187803588
4112,sub27,ling_word_target,112,0.01670030020268497
4113,sub27,ling_word_target,113,-0.05030838113136798
4114,sub27,ling_word_target,114,0.025155520387913292
4115,sub27,ling_word_target,115,0.04424898171415992
4116,sub27,ling_word_target,116,-0.0025079530714929325
4117,sub27,ling_word_target,117,-0.0016839955082795794
4118,sub27,ling_word_target,118,-0.014397691813695386
4119,sub27,ling_word_target,119,-0.014746746343128695
4120,sub27,ling_word_target,120,0.04356258657886604
4121,sub27,ling_word_target,121,0.0029346236015269722
4122,sub27,ling_word_target,122,-0.004824806314889137
4123,sub27,ling_word_target,123,0.057705705859679185
4124,sub27,ling_word_target,124,0.1345509521539303
4125,sub27,ling_word_target,125,0.04443694860189022
4126,sub27,ling_word_target,126,0.0499405955837267
4127,sub27,ling_word_target,127,-0.029555663901571244
4128,sub27,ling_word_target,128,0.018913406241192716
4129,sub27,ling_word_target,129,-0.006066007129137711
4130,sub27,ling_word_target,130,-0.11691193997555083
4131,sub27,ling_word_target,131,-0.044765273059185984
4132,sub27,ling_word_target,132,0.09477777842310457
4133,sub27,ling_word_target,133,-0.007023960665645743
4134,sub27,ling_word_target,134,-0.02551436727993804
4135,sub27,ling_word_target,135,-0.00011901511834774237
4136,sub27,ling_word_target,136,0.008980620633322044
4137,sub27,ling_word_target,137,-0.02052138190883896
4138,sub27,ling_word_target,138,0.08711317764431653
4139,sub27,ling_word_target,139,0.02441615454016875
4140,sub27,ling_word_target,140,-0.06892657053388665
4141,sub27,ling_word_target,141,0.06164913931670385
4142,sub27,ling_word_target,142,0.024299382992797137
4143,sub27,ling_word_target,143,-0.029005507878813598
4144,sub27,ling_word_target,144,0.03678579680982436
4145,sub27,ling_word_target,145,0.07117036116506471
4146,sub27,ling_word_target,146,0.002177336603811041
4147,sub27,ling_word_target,147,-0.04496991857857142
4148,sub27,ling_word_target,148,-0.026868580885150636
4149,sub27,ling_word_target,149,-0.034108057824912864
4150,sub27,ling_word_target,150,-0.005387408974777555
4151,sub27,ling_word_target,151,-0.04148391070787604
4152,sub27,ling_word_target,152,0.06820008136183235
4153,sub27,ling_word_target,153,-0.0010302424222802618
4154,sub27,ling_word_target,154,-0.037541639000808265
4155,sub27,ling_word_target,155,-0.010446654427833052
4156,sub27,ling_word_target,156,-0.02525253065677903
4157,sub27,ling_word_target,157,-0.0017691795717138018
4158,sub27,ling_word_target,158,0.03727508403195787
4159,sub27,ling_word_target,159,0.003711971336573605
4160,sub27,ling_word_target,160,0.03675212830265683
4161,sub27,ling_word_target,161,-0.10860156675498746
4162,sub27,ling_word_target,162,-0.022431309188441457
4163,sub27,ling_word_target,163,-0.021990886465410888
4164,sub27,ling_word_target,164,0.04232138371188108
4165,sub27,ling_word_target,165,0.003465394454408808
4166,sub27,ling_word_target,166,-0.04062882048594882
4167,sub27,ling_word_target,167,0.05213798479270633
4168,sub27,ling_word_target,168,-0.035034890268099965
4169,sub27,ling_word_target,169,0.0038692503430849167
4170,sub27,ling_word_target,170,-0.03388301353329091
4171,sub27,ling_word_target,171,-0.03396889566976965
4172,sub27,ling_word_target,172,0.03913335637640771
4173,sub27,ling_word_target,173,0.04478335369437957
4174,sub27,ling_word_target,174,-0.036804879391122446
4175,sub27,ling_word_target,175,0.032697936425889564
4176,sub27,ling_word_target,176,0.0015435888894916234
4177,sub27,ling_word_target,177,0.01814269987055085
4178,sub27,ling_word_target,178,0.04828013981340303
4179,sub27,ling_word_target,179,0.053051643726362986
4180,sub27,ling_word_target,180,-0.033767594306185346
4181,sub27,ling_word_target,181,0.07851342644981958
4182,sub27,ling_word_target,182,-0.020314848595970117
4183,sub27,ling_word_target,183,-0.03468471752376183
4184,sub27,ling_word_target,184,-0.012857389615779613
4185,sub27,ling_word_target,185,-0.056943490053534454
4186,sub27,ling_word_target,186,0.05132173436929015
4187,sub27,ling_word_target,187,0.08190315890487848
4188,sub27,ling_word_target,188,0.04324309498386731
4189,sub27,ling_word_target,189,0.013608271600189775
4190,sub27,ling_word_target,190,-0.12089963640965297
4191,sub27,ling_word_target,191,-0.010179586947172806
4192,sub27,ling_word_target,192,0.03761126749744921
4193,sub27,ling_word_target,193,0.012733149189173747
4194,sub27,ling_word_target,194,-0.021513671033492256
4195,sub27,ling_word_target,195,-0.13670796267731997
4196,sub27,ling_word_target,196,-0.008279558990274247
4197,sub27,ling_word_target,197,-0.04347360293552343
4198,sub27,ling_word_target,198,-0.020003052416188525
4199,sub27,ling_word_target,199,-0.0035180603124765064
4200,sub28,ling_word_target,0,-0.0008337747257469033
4201,sub28,ling_word_target,1,-0.03303913118571911
4202,sub28,ling_word_target,2,0.0075728473561861645
4203,sub28,ling_word_target,3,0.03226231781070675
4204,sub28,ling_word_target,4,0.002795004931434193
4205,sub28,ling_word_target,5,-0.03154040746687973
4206,sub28,ling_word_target,6,0.07481063622803538
4207,sub28,ling_word_target,7,-0.011730675612592573
4208,sub28,ling_word_target,8,-0.07508722301418663
4209,sub28,ling_word_target,9,0.014212243560701589
4210,sub28,ling_word_target,10,-0.07144981052205983
4211,sub28,ling_word_target,11,0.035545058183575715
4212,sub28,ling_word_target,12,0.029606830635344156
4213,sub28,ling_word_target,13,0.048913868822140306
4214,sub28,ling_word_target,14,0.028470251471999806
4215,sub28,ling_word_target,15,0.05721502871194064
4216,sub28,ling_word_target,16,0.11301156342096472
4217,sub28,ling_word_target,17,-0.07060047960659835
4218,sub28,ling_word_target,18,-0.054885553776933924
4219,sub28,ling_word_target,19,-0.1845782058337341
4220,sub28,ling_word_target,20,-0.016086641102744884
4221,sub28,ling_word_target,21,-0.040519686286973076
4222,sub28,ling_word_target,22,-0.024256632235179373
4223,sub28,ling_word_target,23,0.09874856549744394
4224,sub28,ling_word_target,24,-0.03438549763206008
4225,sub28,ling_word_target,25,-0.022219613638354112
4226,sub28,ling_word_target,26,-0.012535091854625854
4227,sub28,ling_word_target,27,-0.04154297953240117
4228,sub28,ling_word_target,28,0.005881195384600123
4229,sub28,ling_word_target,29,-0.002318812591387341
4230,sub28,ling_word_target,30,-0.05125120016063867
4231,sub28,ling_word_target,31,0.11302652968177046
4232,sub28,ling_word_target,32,0.041911036964184925
4233,sub28,ling_word_target,33,-0.0062798777971730824
4234,sub28,ling_word_target,34,0.047089478849284105
4235,sub28,ling_word_target,35,0.04927321292072388
4236,sub28,ling_word_target,36,-0.020569780253784486
4237,sub28,ling_word_target,37,0.06968801491750126
4238,sub28,ling_word_target,38,-0.022020264949549794
4239,sub28,ling_word_target,39,-0.01595882079124925
4240,sub28,ling_word_target,40,-0.0654207996573606
4241,sub28,ling_word_target,41,-0.03653004872706843
4242,sub28,ling_word_target,42,-0.01564735725451578
4243,sub28,ling_word_target,43,-0.0020705906815890133
4244,sub28,ling_word_target,44,0.07428844724051147
4245,sub28,ling_word_target,45,-0.00299387535686574
4246,sub28,ling_word_target,46,-0.0008772477382405876
4247,sub28,ling_word_target,47,-0.013968213119015289
4248,sub28,ling_word_target,48,0.04447926098542522
4249,sub28,ling_word_target,49,0.0065118724804645485
4250,sub28,ling_word_target,50,0.028543459687097095
4251,sub28,ling_word_target,51,0.009530616862274657
4252,sub28,ling_word_target,52,0.07070510789653647
4253,sub28,ling_word_target,53,0.05332682472651659
4254,sub28,ling_word_target,54,-0.016348021261660153
4255,sub28,ling_word_target,55,-0.030181170220796655
4256,sub28,ling_word_target,56,0.006000250655268413
4257,sub28,ling_word_target,57,0.005699621691835987
4258,sub28,ling_word_target,58,0.004028032535287902
4259,sub28,ling_word_target,59,0.06057358447536129
4260,sub28,ling_word_target,60,-0.06698717806211169
4261,sub28,ling_word_target,61,0.023695656496292412
4262,sub28,ling_word_target,62,-0.023396407999035487
4263,sub28,ling_word_target,63,0.034689667397275976
4264,sub28,ling_word_target,64,0.044509053780172794
4265,sub28,ling_word_target,65,-0.08707588247618223
4266,sub28,ling_word_target,66,0.04258873407590645
4267,sub28,ling_word_target,67,-0.023605713649994288
4268,sub28,ling_word_target,68,0.0567976008497896
4269,sub28,ling_word_target,69,0.08236496158304246
4270,sub28,ling_word_target,70,-0.01626751761221163
4271,sub28,ling_word_target,71,0.01885609744036493
4272,sub28,ling_word_target,72,-0.03395577677946095
4273,sub28,ling_word_target,73,0.06909321813015479
4274,sub28,ling_word_target,74,-0.008118883011842118
4275,sub28,ling_word_target,75,0.143168880399773
4276,sub28,ling_word_target,76,-0.0700098221100005
4277,sub28,ling_word_target,77,-0.006737303699663595
4278,sub28,ling_word_target,78,0.003603921901945566
4279,sub28,ling_word_target,79,-0.06414503323793798
4280,sub28,ling_word_target,80,0.007947447994908584
4281,sub28,ling_word_target,81,0.025028809179567527
4282,sub28,ling_word_target,82,0.03617838246463242
4283,sub28,ling_word_target,83,-0.024125011715309105
4284,sub28,ling_word_target,84,-0.1045424444514926
4285,sub28,ling_word_target,85,0.03477074170404214
4286,sub28,ling_word_target,86,0.10855479453774222
4287,sub28,ling_word_target,87,-0.09690999780672142
4288,sub28,ling_word_target,88,0.04892799743267598
4289,sub28,ling_word_target,89,0.0680442448920113
4290,sub28,ling_word_target,90,0.03200380097558899
4291,sub28,ling_word_target,91,0.06972988227124925
4292,sub28,ling_word_target,92,0.007936621954172461
4293,sub28,ling_word_target,93,0.026830198278154943
4294,sub28,ling_word_target,94,-0.007704719619115693
4295,sub28,ling_word_target,95,0.09453683267713395
4296,sub28,ling_word_target,96,-0.10955214297493879
4297,sub28,ling_word_target,97,0.03737437422780469
4298,sub28,ling_word_target,98,-0.022273864383487423
4299,sub28,ling_word_target,99,-0.026974466011589524
4300,sub28,ling_word_target,100,-0.008460427933086002
4301,sub28,ling_word_target,101,0.010834688289488081
4302,sub28,ling_word_target,102,0.056604087373084214
4303,sub28,ling_word_target,103,-0.02550235906402081
4304,sub28,ling_word_target,104,-0.012596269443251672
4305,sub28,ling_word_target,105,-0.09986181505405542
4306,sub28,ling_word_target,106,-0.04722274926217038
4307,sub28,ling_word_target,107,0.017580553639956337
4308,sub28,ling_word_target,108,0.010977594698343682
4309,sub28,ling_word_target,109,-0.04537229022444524
4310,sub28,ling_word_target,110,0.06122860086558392
4311,sub28,ling_word_target,111,0.10030627554015817
4312,sub28,ling_word_target,112,-0.03089687914266981
4313,sub28,ling_word_target,113,0.07562310021324528
4314,sub28,ling_word_target,114,0.0039817200958065955
4315,sub28,ling_word_target,115,-0.015024125522911892
4316,sub28,ling_word_target,116,-0.0642192698520421
4317,sub28,ling_word_target,117,0.022274342012586407
4318,sub28,ling_word_target,118,-0.022609124160544173
4319,sub28,ling_word_target,119,-0.062685603883176
4320,sub28,ling_word_target,120,-0.055910917135553025
4321,sub28,ling_word_target,121,-0.0017096332811292528
4322,sub28,ling_word_target,122,-0.007044914886257786
4323,sub28,ling_word_target,123,-0.02472950430582726
4324,sub28,ling_word_target,124,0.009581232968759356
4325,sub28,ling_word_target,125,-0.00781676096127202
4326,sub28,ling_word_target,126,-0.00023219675338738
4327,sub28,ling_word_target,127,0.015600136113562776
4328,sub28,ling_word_target,128,-0.010205510805404452
4329,sub28,ling_word_target,129,0.010676622367884732
4330,sub28,ling_word_target,130,-0.00494731007847503
4331,sub28,ling_word_target,131,-0.05283669412392126
4332,sub28,ling_word_target,132,0.04369011049145634
4333,sub28,ling_word_target,133,0.028873487487544095
4334,sub28,ling_word_target,134,0.0871283689098109
4335,sub28,ling_word_target,135,0.05214793127343678
4336,sub28,ling_word_target,136,-0.06726119183841979
4337,sub28,ling_word_target,137,0.007471879483202284
4338,sub28,ling_word_target,138,-0.013651323257030359
4339,sub28,ling_word_target,139,-0.01951540934431033
4340,sub28,ling_word_target,140,0.01155180994844446
4341,sub28,ling_word_target,141,0.08592222054467252
4342,sub28,ling_word_target,142,-0.016557900036536597
4343,sub28,ling_word_target,143,-0.0075910125357766985
4344,sub28,ling_word_target,144,0.029742035321731662
4345,sub28,ling_word_target,145,-0.07125359580150598
4346,sub28,ling_word_target,146,0.04702466996140016
4347,sub28,ling_word_target,147,-0.012070981373033729
4348,sub28,ling_word_target,148,0.05172324007229599
4349,sub28,ling_word_target,149,0.10113842476824848
4350,sub28,ling_word_target,150,-0.04792991445201827
4351,sub28,ling_word_target,151,0.008784953457790094
4352,sub28,ling_word_target,152,0.045195335468419
4353,sub28,ling_word_target,153,-0.04800047600777505
4354,sub28,ling_word_target,154,-0.029199598096400402
4355,sub28,ling_word_target,155,0.03554455888570401
4356,sub28,ling_word_target,156,0.03297282450213105
4357,sub28,ling_word_target,157,-0.04886775639158883
4358,sub28,ling_word_target,158,0.022531605614241106
4359,sub28,ling_word_target,159,-0.00513829798679925
4360,sub28,ling_word_target,160,-0.016046077766870125
4361,sub28,ling_word_target,161,0.05494981699705863
4362,sub28,ling_word_target,162,0.03780319910704105
4363,sub28,ling_word_target,163,-0.0918871054845672
4364,sub28,ling_word_target,164,0.023380158625753576
4365,sub28,ling_word_target,165,0.061961835600283205
4366,sub28,ling_word_target,166,-0.08559596305803972
4367,sub28,ling_word_target,167,0.012218413059527769
4368,sub28,ling_word_target,168,-0.027427156559807084
4369,sub28,ling_word_target,169,0.005004814962336449
4370,sub28,ling_word_target,170,-0.031430058772291276
4371,sub28,ling_word_target,171,0.05426126158598111
4372,sub28,ling_word_target,172,0.014782672236762122
4373,sub28,ling_word_target,173,0.07508970901247039
4374,sub28,ling_word_target,174,0.1712397230832748
4375,sub28,ling_word_target,175,0.01316589856088332
4376,sub28,ling_word_target,176,0.0496483940991583
4377,sub28,ling_word_target,177,0.12282853524032677
4378,sub28,ling_word_target,178,-0.022813496369812267
4379,sub28,ling_word_target,179,0.006641635843395066
4380,sub28,ling_word_target,180,0.07101184006511196
4381,sub28,ling_word_target,181,-0.002620336229014884
4382,sub28,ling_word_target,182,0.019412201336550406
4383,sub28,ling_word_target,183,-0.03862160274711146
4384,sub28,ling_word_target,184,-0.07535188945057823
4385,sub28,ling_word_target,185,-0.009499428985654009
4386,sub28,ling_word_target,186,-0.05068316718472503
4387,sub28,ling_word_target,187,-0.01748880112590291
4388,sub28,ling_word_target,188,-0.06507586941969788
4389,sub28,ling_word_target,189,-0.022412788307481092
4390,sub28,ling_word_target,190,-0.021134231176457848
4391,sub28,ling_word_target,191,0.05077230039483292
4392,sub28,ling_word_target,192,0.06268450488221562
4393,sub28,ling_word_target,193,-0.06407571179899732
4394,sub28,ling_word_target,194,-0.051283829574951825
4395,sub28,ling_word_target,195,0.000739558124895399
4396,sub28,ling_word_target,196,0.06323820602690894
4397,sub28,ling_word_target,197,0.031639093671394704
4398,sub28,ling_word_target,198,0.08363365812072843
4399,sub28,ling_word_target,199,-0.009719897723408782
4400,sub29,ling_word_target,0,0.0316403369984545
4401,sub29,ling_word_target,1,-0.1216869522044514
4402,sub29,ling_word_target,2,0.005927479250710218
4403,sub29,ling_word_target,3,0.02028816817850943
4404,sub29,ling_word_target,4,-0.03922253077531152
4405,sub29,ling_word_target,5,0.05546726965577962
4406,sub29,ling_word_target,6,-0.07201543891373577
4407,sub29,ling_word_target,7,0.02074859392318131
4408,sub29,ling_word_target,8,0.019397269214425725
4409,sub29,ling_word_target,9,0.04400879756892873
4410,sub29,ling_word_target,10,0.08694735363083687
4411,sub29,ling_word_target,11,-0.037127035525346394
4412,sub29,ling_word_target,12,-0.02165957271850509
4413,sub29,ling_word_target,13,-0.05062588513898406
4414,sub29,ling_word_target,14,-0.13191473602394985
4415,sub29,ling_word_target,15,-0.08009435479259253
4416,sub29,ling_word_target,16,0.008924510746023202
4417,sub29,ling_word_target,17,0.006069423846975263
4418,sub29,ling_word_target,18,0.022113591170433242
4419,sub29,ling_word_target,19,-0.037053290693406044
4420,sub29,ling_word_target,20,-0.012960333638522328
4421,sub29,ling_word_target,21,-0.0073569746200713455
4422,sub29,ling_word_target,22,0.04874683335236057
4423,sub29,ling_word_target,23,-0.17178740969279954
4424,sub29,ling_word_target,24,0.06355364318387756
4425,sub29,ling_word_target,25,-0.09541388534032073
4426,sub29,ling_word_target,26,0.03897543251365985
4427,sub29,ling_word_target,27,-0.02923765503322248
4428,sub29,ling_word_target,28,0.049842058362118226
4429,sub29,ling_word_target,29,-0.023431579010737055
4430,sub29,ling_word_target,30,-0.07037396807733795
4431,sub29,ling_word_target,31,-0.03995641066175109
4432,sub29,ling_word_target,32,-0.028477238565544134
4433,sub29,ling_word_target,33,-0.0672611653144984
4434,sub29,ling_word_target,34,-0.07165968471864581
4435,sub29,ling_word_target,35,0.009820651198741828
4436,sub29,ling_word_target,36,-0.0036010382854935684
4437,sub29,ling_word_target,37,-0.009609627448319823
4438,sub29,ling_word_target,38,-0.12447606429396207
4439,sub29,ling_word_target,39,0.05330797462933182
4440,sub29,ling_word_target,40,0.029695383458270733
4441,sub29,ling_word_target,41,-0.028588570608743893
4442,sub29,ling_word_target,42,-0.016268647794504144
4443,sub29,ling_word_target,43,-0.09377298438051766
4444,sub29,ling_word_target,44,0.13397844781751725
4445,sub29,ling_word_target,45,0.07733154216833968
4446,sub29,ling_word_target,46,0.09148488342073509
4447,sub29,ling_word_target,47,-0.02267022712804684
4448,sub29,ling_word_target,48,0.03854577414222759
4449,sub29,ling_word_target,49,-0.05448786442741009
4450,sub29,ling_word_target,50,-0.04726500660018532
4451,sub29,ling_word_target,51,-0.0995031038216892
4452,sub29,ling_word_target,52,0.003951555455020681
4453,sub29,ling_word_target,53,-0.1045057284374154
4454,sub29,ling_word_target,54,-0.029962100235114395
4455,sub29,ling_word_target,55,-0.034349882025880143
4456,sub29,ling_word_target,56,0.011010366563819063
4457,sub29,ling_word_target,57,0.010495689930282945
4458,sub29,ling_word_target,58,-0.08619421984110347
4459,sub29,ling_word_target,59,0.0706751300874927
4460,sub29,ling_word_target,60,0.07705751657081839
4461,sub29,ling_word_target,61,0.06380347662090395
4462,sub29,ling_word_target,62,-0.0469685006781767
4463,sub29,ling_word_target,63,-0.047168032926879294
4464,sub29,ling_word_target,64,0.023357871556159086
4465,sub29,ling_word_target,65,0.07062184723569057
4466,sub29,ling_word_target,66,-0.05843029679079934
4467,sub29,ling_word_target,67,-0.03374473547821131
4468,sub29,ling_word_target,68,-0.0076044920074651995
4469,sub29,ling_word_target,69,-0.049015325537349004
4470,sub29,ling_word_target,70,-0.0425720787559108
4471,sub29,ling_word_target,71,0.051811365911807794
4472,sub29,ling_word_target,72,-0.047435754618462056
4473,sub29,ling_word_target,73,0.04434276371536654
4474,sub29,ling_word_target,74,-0.026491323532677146
4475,sub29,ling_word_target,75,-0.08534075881324439
4476,sub29,ling_word_target,76,0.02613135144188814
4477,sub29,ling_word_target,77,0.03725592069147275
4478,sub29,ling_word_target,78,-0.012622546410763004
4479,sub29,ling_word_target,79,-0.11869082033852645
4480,sub29,ling_word_target,80,-0.09084815163493491
4481,sub29,ling_word_target,81,0.07153669204462672
4482,sub29,ling_word_target,82,0.0078283250906
4483,sub29,ling_word_target,83,0.009870407060154579
4484,sub29,ling_word_target,84,0.0050135800411032745
4485,sub29,ling_word_target,85,0.031764950653070397
4486,sub29,ling_word_target,86,-0.011791432028889976
4487,sub29,ling_word_target,87,0.07380709644398295
4488,sub29,ling_word_target,88,0.022833643195589642
4489,sub29,ling_word_target,89,-0.05256381308590023
4490,sub29,ling_word_target,90,-0.06185974324339132
4491,sub29,ling_word_target,91,0.02729959563410072
4492,sub29,ling_word_target,92,-0.027826733859167018
4493,sub29,ling_word_target,93,-0.015219753384169834
4494,sub29,ling_word_target,94,-0.010036908069266201
4495,sub29,ling_word_target,95,-0.029075770609374926
4496,sub29,ling_word_target,96,-0.010479833969268396
4497,sub29,ling_word_target,97,-0.07786993440388607
4498,sub29,ling_word_target,98,0.002112114777954853
4499,sub29,ling_word_target,99,0.08373437711826508
4500,sub29,ling_word_target,100,-0.029588794269130657
4501,sub29,ling_word_target,101,0.12157540777245643
4502,sub29,ling_word_target,102,-0.030333248354743242
4503,sub29,ling_word_target,103,0.07605307085916875
4504,sub29,ling_word_target,104,-0.0569961154816651
4505,sub29,ling_word_target,105,0.017816430576972228
4506,sub29,ling_word_target,106,-0.006432084209313206
4507,sub29,ling_word_target,107,0.02164169830189893
4508,sub29,ling_word_target,108,-0.00474649319369045
4509,sub29,ling_word_target,109,-0.03880056087081048
4510,sub29,ling_word_target,110,0.008881023837570641
4511,sub29,ling_word_target,111,0.05936377365104323
4512,sub29,ling_word_target,112,-0.006733731333618716
4513,sub29,ling_word_target,113,0.07225205971265412
4514,sub29,ling_word_target,114,0.013901491775834168
4515,sub29,ling_word_target,115,-0.061570649954587185
4516,sub29,ling_word_target,116,0.011005360995279335
4517,sub29,ling_word_target,117,0.01180169470317857
4518,sub29,ling_word_target,118,-0.009528227470900015
4519,sub29,ling_word_target,119,0.06522926986989118
4520,sub29,ling_word_target,120,0.0953885593103992
4521,sub29,ling_word_target,121,-0.015221039044448239
4522,sub29,ling_word_target,122,-0.05234037291980216
4523,sub29,ling_word_target,123,0.05210073869026916
4524,sub29,ling_word_target,124,0.0610211479248914
4525,sub29,ling_word_target,125,0.029461490353516143
4526,sub29,ling_word_target,126,-0.01607072145648302
4527,sub29,ling_word_target,127,-0.04344036414444594
4528,sub29,ling_word_target,128,0.03163962398962012
4529,sub29,ling_word_target,129,-0.057238430374550904
4530,sub29,ling_word_target,130,-0.03276727522934347
4531,sub29,ling_word_target,131,-0.002683172699495877
4532,sub29,ling_word_target,132,0.012064396371405925
4533,sub29,ling_word_target,133,0.10341911431521651
4534,sub29,ling_word_target,134,-0.03908820409015727
4535,sub29,ling_word_target,135,-0.04344057454119389
4536,sub29,ling_word_target,136,0.015421489065827668
4537,sub29,ling_word_target,137,0.00852209682160293
4538,sub29,ling_word_target,138,0.1308934980508108
4539,sub29,ling_word_target,139,-0.013695195847108925
4540,sub29,ling_word_target,140,0.005128967080630581
4541,sub29,ling_word_target,141,-0.06263532202161205
4542,sub29,ling_word_target,142,-0.01253017526747137
4543,sub29,ling_word_target,143,-0.025843888981416145
4544,sub29,ling_word_target,144,0.023864832674400788
4545,sub29,ling_word_target,145,-0.014576760385910785
4546,sub29,ling_word_target,146,0.01585152759139088
4547,sub29,ling_word_target,147,0.022622238513087208
4548,sub29,ling_word_target,148,0.028571887344745084
4549,sub29,ling_word_target,149,-0.006443486114034226
4550,sub29,ling_word_target,150,0.0050609544824976645
4551,sub29,ling_word_target,151,0.01001145676597583
4552,sub29,ling_word_target,152,-0.053044944500488495
4553,sub29,ling_word_target,153,0.014467802465512757
4554,sub29,ling_word_target,154,0.1368606540115636
4555,sub29,ling_word_target,155,0.0588909958913105
4556,sub29,ling_word_target,156,-0.015630111793933706
4557,sub29,ling_word_target,157,0.0722313676633855
4558,sub29,ling_word_target,158,0.06896259054531277
4559,sub29,ling_word_target,159,-0.00451008644517117
4560,sub29,ling_word_target,160,-0.015706244979657263
4561,sub29,ling_word_target,161,-0.02891430977179
4562,sub29,ling_word_target,162,-0.0811725856605363
4563,sub29,ling_word_target,163,0.03946003603419394
4564,sub29,ling_word_target,164,-0.04353438545756809
4565,sub29,ling_word_target,165,0.10706366408452114
4566,sub29,ling_word_target,166,0.07056295989843814
4567,sub29,ling_word_target,167,-0.01303902785739029
4568,sub29,ling_word_target,168,0.026363313557942785
4569,sub29,ling_word_target,169,-0.05158673936926173
4570,sub29,ling_word_target,170,0.012098412656112622
4571,sub29,ling_word_target,171,0.012348897377473623
4572,sub29,ling_word_target,172,0.042506295321158565
4573,sub29,ling_word_target,173,-0.05897405099018702
4574,sub29,ling_word_target,174,-0.03792997052665709
4575,sub29,ling_word_target,175,0.051077916070618255
4576,sub29,ling_word_target,176,-0.05689260319013709
4577,sub29,ling_word_target,177,0.009001152350220894
4578,sub29,ling_word_target,178,0.15003746447968694
4579,sub29,ling_word_target,179,-0.0971716699110436
4580,sub29,ling_word_target,180,0.043016537073619916
4581,sub29,ling_word_target,181,-0.009743030228133899
4582,sub29,ling_word_target,182,0.016941346173531293
4583,sub29,ling_word_target,183,0.007363463846801383
4584,sub29,ling_word_target,184,0.02799017424904466
4585,sub29,ling_word_target,185,-0.004418110944613808
4586,sub29,ling_word_target,186,0.07619612824921043
4587,sub29,ling_word_target,187,-0.07789575615764296
4588,sub29,ling_word_target,188,0.07753894847879299
4589,sub29,ling_word_target,189,-0.022750957006437797
4590,sub29,ling_word_target,190,-0.029535427181843522
4591,sub29,ling_word_target,191,0.08971364546931242
4592,sub29,ling_word_target,192,0.014561949217429497
4593,sub29,ling_word_target,193,-0.0028248375905712293
4594,sub29,ling_word_target,194,0.01035929562700387
4595,sub29,ling_word_target,195,-0.06056484361531965
4596,sub29,ling_word_target,196,0.0015489165485298119
4597,sub29,ling_word_target,197,-0.04446216769866216
4598,sub29,ling_word_target,198,0.04885045706455107
4599,sub29,ling_word_target,199,-0.09942157367212313
4600,sub30,ling_word_target,0,0.015022938983897127
4601,sub30,ling_word_target,1,0.026005815741045057
4602,sub30,ling_word_target,2,0.06955491532643308
4603,sub30,ling_word_target,3,-0.06723647154317865
4604,sub30,ling_word_target,4,0.06705647651313203
4605,sub30,ling_word_target,5,0.06059852633207916
4606,sub30,ling_word_target,6,0.06762701532776523
4607,sub30,ling_word_target,7,-0.1397032172028174
4608,sub30,ling_word_target,8,0.00797636254364523
4609,sub30,ling_word_target,9,-0.007837017655446091
4610,sub30,ling_word_target,10,0.15112856412700967
4611,sub30,ling_word_target,11,0.029688703257619114
4612,sub30,ling_word_target,12,-0.05191120895306768
4613,sub30,ling_word_target,13,0.008478679484886262
4614,sub30,ling_word_target,14,-0.14052733522388236
4615,sub30,ling_word_target,15,0.02765856105666594
4616,sub30,ling_word_target,16,-0.07850244508361931
4617,sub30,ling_word_target,17,0.025805071255032407
4618,sub30,ling_word_target,18,0.027780960793896557
4619,sub30,ling_word_target,19,0.05857314747437094
4620,sub30,ling_word_target,20,0.07756985420368238
4621,sub30,ling_word_target,21,-0.07585036342570857
4622,sub30,ling_word_target,22,-0.004721949088109712
4623,sub30,ling_word_target,23,0.05421582776118378
4624,sub30,ling_word_target,24,0.02640992236427284
4625,sub30,ling_word_target,25,0.0910743274493723
4626,sub30,ling_word_target,26,0.0870461416113407
4627,sub30,ling_word_target,27,0.09961237795422548
4628,sub30,ling_word_target,28,0.017973845842859493
4629,sub30,ling_word_target,29,0.05983076660061628
4630,sub30,ling_word_target,30,-0.007378738603981794
4631,sub30,ling_word_target,31,0.04772442429632533
4632,sub30,ling_word_target,32,0.07139370414275101
4633,sub30,ling_word_target,33,0.049392144019371705
4634,sub30,ling_word_target,34,0.12300671868890624
4635,sub30,ling_word_target,35,0.09234151211945878
4636,sub30,ling_word_target,36,0.02020161901126809
4637,sub30,ling_word_target,37,0.03681805403275862
4638,sub30,ling_word_target,38,0.07550378071149597
4639,sub30,ling_word_target,39,0.06549562423036653
4640,sub30,ling_word_target,40,0.06423659664562859
4641,sub30,ling_word_target,41,-0.04289837511363541
4642,sub30,ling_word_target,42,-0.0519976603242011
4643,sub30,ling_word_target,43,0.046572276088646
4644,sub30,ling_word_target,44,-0.008428843576015916
4645,sub30,ling_word_target,45,0.024778886671017245
4646,sub30,ling_word_target,46,-0.03321077184415783
4647,sub30,ling_word_target,47,0.09081941101485365
4648,sub30,ling_word_target,48,-0.0034368348978260953
4649,sub30,ling_word_target,49,0.0806480276127296
4650,sub30,ling_word_target,50,0.002904789051907047
4651,sub30,ling_word_target,51,0.05598415881152092
4652,sub30,ling_word_target,52,0.12828686556662705
4653,sub30,ling_word_target,53,-0.012629011201986909
4654,sub30,ling_word_target,54,0.003972368434882159
4655,sub30,ling_word_target,55,-0.031129168352286504
4656,sub30,ling_word_target,56,0.00285463780310692
4657,sub30,ling_word_target,57,0.023866833202681
4658,sub30,ling_word_target,58,-0.04454932056956797
4659,sub30,ling_word_target,59,0.06649426460947841
4660,sub30,ling_word_target,60,-0.026838125506363938
4661,sub30,ling_word_target,61,0.0911040800495794
4662,sub30,ling_word_target,62,-0.07594880695982563
4663,sub30,ling_word_target,63,0.04620441894544697
4664,sub30,ling_word_target,64,0.06947775930738803
4665,sub30,ling_word_target,65,0.02073052079120627
4666,sub30,ling_word_target,66,0.04532160019048705
4667,sub30,ling_word_target,67,0.0620030949734732
4668,sub30,ling_word_target,68,0.06811772154425633
4669,sub30,ling_word_target,69,-0.027117160997299716
4670,sub30,ling_word_target,70,-0.043113052985220196
4671,sub30,ling_word_target,71,0.09809702054389678
4672,sub30,ling_word_target,72,-0.04731431055311147
4673,sub30,ling_word_target,73,0.10892816564741735
4674,sub30,ling_word_target,74,0.057138183512249904
4675,sub30,ling_word_target,75,-0.004225628006768702
4676,sub30,ling_word_target,76,-0.045538594384824826
4677,sub30,ling_word_target,77,-0.07538066225781902
4678,sub30,ling_word_target,78,0.08908401120389699
4679,sub30,ling_word_target,79,-0.02314601574816622
4680,sub30,ling_word_target,80,0.11031242178200608
4681,sub30,ling_word_target,81,0.020326681194343586
4682,sub30,ling_word_target,82,-0.049756100075902324
4683,sub30,ling_word_target,83,-0.013782522903247002
4684,sub30,ling_word_target,84,0.19096598163419082
4685,sub30,ling_word_target,85,0.020934740963176567
4686,sub30,ling_word_target,86,0.007594035961613113
4687,sub30,ling_word_target,87,0.046411261355687364
4688,sub30,ling_word_target,88,-0.010468352764941001
4689,sub30,ling_word_target,89,0.009675268972832694
4690,sub30,ling_word_target,90,0.08346657828040831
4691,sub30,ling_word_target,91,0.04687646905240497
4692,sub30,ling_word_target,92,-0.001810101588187505
4693,sub30,ling_word_target,93,0.07249270404047796
4694,sub30,ling_word_target,94,0.06882391463228908
4695,sub30,ling_word_target,95,-0.04103492855738427
4696,sub30,ling_word_target,96,0.07053595812617713
4697,sub30,ling_word_target,97,-0.019405224335717307
4698,sub30,ling_word_target,98,0.04642019804572105
4699,sub30,ling_word_target,99,0.07990133595133693
4700,sub30,ling_word_target,100,-0.07220566591842527
4701,sub30,ling_word_target,101,0.007952351912905234
4702,sub30,ling_word_target,102,-0.11631501551862812
4703,sub30,ling_word_target,103,0.04687972312647331
4704,sub30,ling_word_target,104,-0.008984461250981762
4705,sub30,ling_word_target,105,-0.05666107859344917
4706,sub30,ling_word_target,106,0.016503302375192725
4707,sub30,ling_word_target,107,0.03194724085235984
4708,sub30,ling_word_target,108,0.12832072815434858
4709,sub30,ling_word_target,109,-0.039670696470966826
4710,sub30,ling_word_target,110,-0.05832673340030535
4711,sub30,ling_word_target,111,0.09905250061242588
4712,sub30,ling_word_target,112,0.0890638337244261
4713,sub30,ling_word_target,113,-0.04038348216753488
4714,sub30,ling_word_target,114,-0.01867249026172244
4715,sub30,ling_word_target,115,-0.0020350839027666085
4716,sub30,ling_word_target,116,0.003939306660767409
4717,sub30,ling_word_target,117,0.08749593532335086
4718,sub30,ling_word_target,118,0.06294765637703105
4719,sub30,ling_word_target,119,0.049343938889313044
4720,sub30,ling_word_target,120,0.09784439995319856
4721,sub30,ling_word_target,121,0.016572806477585834
4722,sub30,ling_word_target,122,-0.04746560170755682
4723,sub30,ling_word_target,123,0.002192206090436007
4724,sub30,ling_word_target,124,0.006512793751980648
4725,sub30,ling_word_target,125,-0.06346615549245038
4726,sub30,ling_word_target,126,0.00387868927853723
4727,sub30,ling_word_target,127,0.07539676404913494
4728,sub30,ling_word_target,128,0.09869964197938666
4729,sub30,ling_word_target,129,0.018442249038685535
4730,sub30,ling_word_target,130,-0.03752856474148914
4731,sub30,ling_word_target,131,0.07379688513571533
4732,sub30,ling_word_target,132,0.0676345425749565
4733,sub30,ling_word_target,133,0.00754904502766768
4734,sub30,ling_word_target,134,0.056754419715838736
4735,sub30,ling_word_target,135,0.07309370279532816
4736,sub30,ling_word_target,136,0.03073201685363369
4737,sub30,ling_word_target,137,-0.02156354559459825
4738,sub30,ling_word_target,138,-0.014234941058936421
4739,sub30,ling_word_target,139,-0.08680800427019805
4740,sub30,ling_word_target,140,-0.012803607656718
4741,sub30,ling_word_target,141,0.03725341804817374
4742,sub30,ling_word_target,142,0.030088265587503236
4743,sub30,ling_word_target,143,0.05735460575324813
4744,sub30,ling_word_target,144,-0.06040714562414585
4745,sub30,ling_word_target,145,0.06834645187021712
4746,sub30,ling_word_target,146,0.04983117142735068
4747,sub30,ling_word_target,147,0.014318415471243958
4748,sub30,ling_word_target,148,0.045018576694974034
4749,sub30,ling_word_target,149,0.03729293993581881
4750,sub30,ling_word_target,150,0.04641714988818692
4751,sub30,ling_word_target,151,0.023386606293414408
4752,sub30,ling_word_target,152,0.041311523571877465
4753,sub30,ling_word_target,153,0.08973741016860133
4754,sub30,ling_word_target,154,-0.027668446526811094
4755,sub30,ling_word_target,155,-0.049807284232198976
4756,sub30,ling_word_target,156,0.11503094366371353
4757,sub30,ling_word_target,157,-0.020410320990508407
4758,sub30,ling_word_target,158,0.02698634547803874
4759,sub30,ling_word_target,159,-0.0033592329586837498
4760,sub30,ling_word_target,160,-0.02358708104389094
4761,sub30,ling_word_target,161,-0.03245436656202352
4762,sub30,ling_word_target,162,-0.037458325966515604
4763,sub30,ling_word_target,163,-0.05427107353049044
4764,sub30,ling_word_target,164,0.017036561375643224
4765,sub30,ling_word_target,165,-0.0461280859794203
4766,sub30,ling_word_target,166,0.03938401264796472
4767,sub30,ling_word_target,167,0.05980295055003118
4768,sub30,ling_word_target,168,0.020312843847867586
4769,sub30,ling_word_target,169,-0.027825951998674242
4770,sub30,ling_word_target,170,-0.051585573486011733
4771,sub30,ling_word_target,171,-0.020926780975192308
4772,sub30,ling_word_target,172,-0.010146894838518305
4773,sub30,ling_word_target,173,0.044205131201407205
4774,sub30,ling_word_target,174,0.0262053775052333
4775,sub30,ling_word_target,175,-0.017694904873384057
4776,sub30,ling_word_target,176,-0.005232947365064947
4777,sub30,ling_word_target,177,0.13607056928032576
4778,sub30,ling_word_target,178,-0.009285483819930319
4779,sub30,ling_word_target,179,-0.10151836552355763
4780,sub30,ling_word_target,180,-0.008721169704856025
4781,sub30,ling_word_target,181,0.12721027903895624
4782,sub30,ling_word_target,182,0.001366581773838059
4783,sub30,ling_word_target,183,-0.0562670468564898
4784,sub30,ling_word_target,184,-0.008999184619922294
4785,sub30,ling_word_target,185,0.01709585681022805
4786,sub30,ling_word_target,186,-0.005728599850772658
4787,sub30,ling_word_target,187,-0.015972690431273244
4788,sub30,ling_word_target,188,0.06813097725728218
4789,sub30,ling_word_target,189,-0.013042111165473618
4790,sub30,ling_word_target,190,0.011552971373058067
4791,sub30,ling_word_target,191,0.05828576331035175
4792,sub30,ling_word_target,192,-0.013931509117141647
4793,sub30,ling_word_target,193,-0.158817726735489
4794,sub30,ling_word_target,194,0.0809280644587222
4795,sub30,ling_word_target,195,0.03701005725695601
4796,sub30,ling_word_target,196,0.014949399915003943
4797,sub30,ling_word_target,197,0.014916443694570349
4798,sub30,ling_word_target,198,-0.08545430789328759
4799,sub30,ling_word_target,199,0.010270224993130314
4800,sub31,ling_word_target,0,-0.09500047458604541
4801,sub31,ling_word_target,1,0.08858920510332319
4802,sub31,ling_word_target,2,-0.001821669603754305
4803,sub31,ling_word_target,3,0.009338754357211576
4804,sub31,ling_word_target,4,-0.060554240346156946
4805,sub31,ling_word_target,5,0.036051488153129335
4806,sub31,ling_word_target,6,0.018630164689521115
4807,sub31,ling_word_target,7,0.05082071068135263
4808,sub31,ling_word_target,8,0.10459478328765692
4809,sub31,ling_word_target,9,-0.0024820610793340257
4810,sub31,ling_word_target,10,0.035796540742666735
4811,sub31,ling_word_target,11,0.03117476448669112
4812,sub31,ling_word_target,12,-0.008489416281813576
4813,sub31,ling_word_target,13,0.10361541752759007
4814,sub31,ling_word_target,14,0.07272403755465487
4815,sub31,ling_word_target,15,0.01437397183518385
4816,sub31,ling_word_target,16,0.014543080716629363
4817,sub31,ling_word_target,17,0.02597729541289887
4818,sub31,ling_word_target,18,0.027522641033430825
4819,sub31,ling_word_target,19,0.016749713925948508
4820,sub31,ling_word_target,20,-0.02129566474979648
4821,sub31,ling_word_target,21,-0.019756709555533963
4822,sub31,ling_word_target,22,0.007091656291547944
4823,sub31,ling_word_target,23,0.033311786211639355
4824,sub31,ling_word_target,24,-0.13613393038724342
4825,sub31,ling_word_target,25,-0.06627522927068023
4826,sub31,ling_word_target,26,-0.08254811353559934
4827,sub31,ling_word_target,27,0.017106389508139745
4828,sub31,ling_word_target,28,0.06258246425294649
4829,sub31,ling_word_target,29,0.043991743177426094
4830,sub31,ling_word_target,30,-0.03692201787785141
4831,sub31,ling_word_target,31,0.05310482717600364
4832,sub31,ling_word_target,32,-0.016205152456327185
4833,sub31,ling_word_target,33,-0.05526583487139325
4834,sub31,ling_word_target,34,-0.05577225129759555
4835,sub31,ling_word_target,35,0.05566121806048981
4836,sub31,ling_word_target,36,0.11076074592031168
4837,sub31,ling_word_target,37,0.004783246891467802
4838,sub31,ling_word_target,38,-0.00021913586308740888
4839,sub31,ling_word_target,39,-0.011769323040038387
4840,sub31,ling_word_target,40,0.0036717527082134487
4841,sub31,ling_word_target,41,0.021167793527893358
4842,sub31,ling_word_target,42,-0.02807500187576298
4843,sub31,ling_word_target,43,-0.03816342037600096
4844,sub31,ling_word_target,44,-0.014398444895647983
4845,sub31,ling_word_target,45,0.025933484840153165
4846,sub31,ling_word_target,46,0.033517889123011575
4847,sub31,ling_word_target,47,-0.05988372210698443
4848,sub31,ling_word_target,48,-0.005613713245694645
4849,sub31,ling_word_target,49,0.05798248249078549
4850,sub31,ling_word_target,50,-0.012272579723981316
4851,sub31,ling_word_target,51,0.05607828175134545
4852,sub31,ling_word_target,52,0.04149837392630055
4853,sub31,ling_word_target,53,-0.13759742299493444
4854,sub31,ling_word_target,54,0.05711456558469853
4855,sub31,ling_word_target,55,0.006749249891661006
4856,sub31,ling_word_target,56,0.029318319033417778
4857,sub31,ling_word_target,57,-0.005193256441966458
4858,sub31,ling_word_target,58,-0.037657474965274135
4859,sub31,ling_word_target,59,0.06691403630564188
4860,sub31,ling_word_target,60,0.06279586124726583
4861,sub31,ling_word_target,61,-0.02945296046201504
4862,sub31,ling_word_target,62,0.051978462801675465
4863,sub31,ling_word_target,63,0.07108559310309412
4864,sub31,ling_word_target,64,0.023143293561265037
4865,sub31,ling_word_target,65,-0.024004424516639266
4866,sub31,ling_word_target,66,0.02018835982398281
4867,sub31,ling_word_target,67,-0.005972321442436712
4868,sub31,ling_word_target,68,-0.06448411838007698
4869,sub31,ling_word_target,69,-0.018654690657186876
4870,sub31,ling_word_target,70,0.011066495882705465
4871,sub31,ling_word_target,71,0.06601559310048934
4872,sub31,ling_word_target,72,0.08744437268175811
4873,sub31,ling_word_target,73,0.026063183211571875
4874,sub31,ling_word_target,74,0.033927112313889986
4875,sub31,ling_word_target,75,0.003913127280366809
4876,sub31,ling_word_target,76,-0.13974180309883116
4877,sub31,ling_word_target,77,0.004832144968158119
4878,sub31,ling_word_target,78,-0.0019146392674314306
4879,sub31,ling_word_target,79,-0.08114014051189214
4880,sub31,ling_word_target,80,0.014376840679157347
4881,sub31,ling_word_target,81,-0.01603730407967844
4882,sub31,ling_word_target,82,-0.000385012226020637
4883,sub31,ling_word_target,83,-0.05543687929951938
4884,sub31,ling_word_target,84,-0.04350418070766162
4885,sub31,ling_word_target,85,0.01456854685302069
4886,sub31,ling_word_target,86,0.02558944321425536
4887,sub31,ling_word_target,87,-0.03777573282203195
4888,sub31,ling_word_target,88,-0.05137249753532302
4889,sub31,ling_word_target,89,-0.006734759527174724
4890,sub31,ling_word_target,90,-0.028791590277579653
4891,sub31,ling_word_target,91,-0.06207917703966121
4892,sub31,ling_word_target,92,-0.022675429649427765
4893,sub31,ling_word_target,93,0.02742833586028842
4894,sub31,ling_word_target,94,-0.05485237904842045
4895,sub31,ling_word_target,95,-0.06075481221349041
4896,sub31,ling_word_target,96,-0.04709550222307371
4897,sub31,ling_word_target,97,-0.04803451417840164
4898,sub31,ling_word_target,98,-0.09156282169917754
4899,sub31,ling_word_target,99,0.0016662941407810032
4900,sub31,ling_word_target,100,0.025090624032132518
4901,sub31,ling_word_target,101,-0.052768254940028375
4902,sub31,ling_word_target,102,0.03052034914999135
4903,sub31,ling_word_target,103,0.03401192147832291
4904,sub31,ling_word_target,104,-0.0018530132137784437
4905,sub31,ling_word_target,105,-0.05660394586952643
4906,sub31,ling_word_target,106,-0.004430206073498501
4907,sub31,ling_word_target,107,-0.04834227001592873
4908,sub31,ling_word_target,108,-0.015258301729029646
4909,sub31,ling_word_target,109,0.021739787359026402
4910,sub31,ling_word_target,110,0.02023640939003172
4911,sub31,ling_word_target,111,-0.041249237595339175
4912,sub31,ling_word_target,112,0.017959598933942708
4913,sub31,ling_word_target,113,-0.027959210936795174
4914,sub31,ling_word_target,114,-0.0034678254022072227
4915,sub31,ling_word_target,115,0.024067741166792254
4916,sub31,ling_word_target,116,-0.0716499517874671
4917,sub31,ling_word_target,117,-0.00234659039272872
4918,sub31,ling_word_target,118,-0.016321198832048203
4919,sub31,ling_word_target,119,0.027759445158303656
4920,sub31,ling_word_target,120,-0.001217476717226253
4921,sub31,ling_word_target,121,-0.052320074232947295
4922,sub31,ling_word_target,122,0.026241939617233166
4923,sub31,ling_word_target,123,-0.0172730988433404
4924,sub31,ling_word_target,124,0.0005850090105567417
4925,sub31,ling_word_target,125,0.027407492073793876
4926,sub31,ling_word_target,126,-0.0001041908911456086
4927,sub31,ling_word_target,127,-0.05481405846276807
4928,sub31,ling_word_target,128,-0.010799399694430053
4929,sub31,ling_word_target,129,0.0047236345558002105
4930,sub31,ling_word_target,130,0.047334844312753276
4931,sub31,ling_word_target,131,-0.027873913611394782
4932,sub31,ling_word_target,132,0.07855911528173706
4933,sub31,ling_word_target,133,-0.006911009974603552
4934,sub31,ling_word_target,134,0.04772601737398765
4935,sub31,ling_word_target,135,-0.1152546013174054
4936,sub31,ling_word_target,136,-0.06952129581527544
4937,sub31,ling_word_target,137,-0.012411092330788714
4938,sub31,ling_word_target,138,0.05501960970202537
4939,sub31,ling_word_target,139,-0.06559783515643952
4940,sub31,ling_word_target,140,0.0433749462002815
4941,sub31,ling_word_target,141,0.06410520195598686
4942,sub31,ling_word_target,142,0.12488697402237664
4943,sub31,ling_word_target,143,0.11096328355067284
4944,sub31,ling_word_target,144,-0.05299129304508694
4945,sub31,ling_word_target,145,-0.0587653142347762
4946,sub31,ling_word_target,146,-0.025128807823474132
4947,sub31,ling_word_target,147,-0.08169619456443455
4948,sub31,ling_word_target,148,0.0027981240325962776
4949,sub31,ling_word_target,149,0.06869009609776577
4950,sub31,ling_word_target,150,-0.027533618823087275
4951,sub31,ling_word_target,151,0.07370769203128098
4952,sub31,ling_word_target,152,0.0051406704798599104
4953,sub31,ling_word_target,153,-0.01647717807932608
4954,sub31,ling_word_target,154,-0.017091049848993685
4955,sub31,ling_word_target,155,0.0934446137679998
4956,sub31,ling_word_target,156,0.00893580359905623
4957,sub31,ling_word_target,157,0.001223756916097034
4958,sub31,ling_word_target,158,-0.01683735827862546
4959,sub31,ling_word_target,159,0.010863458821158259
4960,sub31,ling_word_target,160,-0.06614016165863747
4961,sub31,ling_word_target,161,-0.013831986450315
4962,sub31,ling_word_target,162,-0.05433698486170521
4963,sub31,ling_word_target,163,0.03845387559178051
4964,sub31,ling_word_target,164,-0.012209348716328727
4965,sub31,ling_word_target,165,-0.03292929500679378
4966,sub31,ling_word_target,166,-0.010627093004115278
4967,sub31,ling_word_target,167,-0.024913416052635088
4968,sub31,ling_word_target,168,0.06974912987474803
4969,sub31,ling_word_target,169,0.016460644478348833
4970,sub31,ling_word_target,170,-0.0733119613928419
4971,sub31,ling_word_target,171,0.007703912327695835
4972,sub31,ling_word_target,172,0.023123652386492135
4973,sub31,ling_word_target,173,0.0020577709232070763
4974,sub31,ling_word_target,174,-0.028509697604315862
4975,sub31,ling_word_target,175,-0.03876388929032875
4976,sub31,ling_word_target,176,0.024247571605343344
4977,sub31,ling_word_target,177,0.036138548952006896
4978,sub31,ling_word_target,178,-0.005671210568666814
4979,sub31,ling_word_target,179,0.022995153800455685
4980,sub31,ling_word_target,180,0.025387833816840736
4981,sub31,ling_word_target,181,-0.006653363841268963
4982,sub31,ling_word_target,182,-0.013858342098958488
4983,sub31,ling_word_target,183,0.058688623266619604
4984,sub31,ling_word_target,184,-0.02735359146954644
4985,sub31,ling_word_target,185,-0.0303612824838169
4986,sub31,ling_word_target,186,-0.08281100012008417
4987,sub31,ling_word_target,187,-0.02921679606859071
4988,sub31,ling_word_target,188,-0.027800461995905697
4989,sub31,ling_word_target,189,-0.048391398570429615
4990,sub31,ling_word_target,190,-0.010135869708533056
4991,sub31,ling_word_target,191,0.010447213816374213
4992,sub31,ling_word_target,192,0.051874644722895234
4993,sub31,ling_word_target,193,-0.0027689775825676505
4994,sub31,ling_word_target,194,0.0208510979774034
4995,sub31,ling_word_target,195,-0.007910592582806412
4996,sub31,ling_word_target,196,-0.0034166329938857317
4997,sub31,ling_word_target,197,-0.023103798427709894
4998,sub31,ling_word_target,198,-0.02033900896687039
4999,sub31,ling_word_target,199,0.029740917832378585
5000,sub32,ling_word_target,0,-0.08329680956395887
5001,sub32,ling_word_target,1,-0.05100882746275219
5002,sub32,ling_word_target,2,-0.04524677002727089
5003,sub32,ling_word_target,3,-0.018345923034847687
5004,sub32,ling_word_target,4,0.0071926370817915145
5005,sub32,ling_word_target,5,-0.024078264028445994
5006,sub32,ling_word_target,6,0.004461028794925473
5007,sub32,ling_word_target,7,0.021148667375140432
5008,sub32,ling_word_target,8,-0.05000209936435252
5009,sub32,ling_word_target,9,0.03513576675408818
5010,sub32,ling_word_target,10,-0.062234329065880736
5011,sub32,ling_word_target,11,-0.1181878849600757
5012,sub32,ling_word_target,12,0.07475069706553227
5013,sub32,ling_word_target,13,0.08744366687720127
5014,sub32,ling_word_target,14,-0.002022276288834216
5015,sub32,ling_word_target,15,-0.020662315964102916
5016,sub32,ling_word_target,16,-0.006470719122964147
5017,sub32,ling_word_target,17,-0.02379167842185591
5018,sub32,ling_word_target,18,0.08628529362791194
5019,sub32,ling_word_target,19,0.002465882114571359
5020,sub32,ling_word_target,20,0.023080468358932
5021,sub32,ling_word_target,21,0.0006212035034808427
5022,sub32,ling_word_target,22,0.005957051558165503
5023,sub32,ling_word_target,23,0.05237608814885453
5024,sub32,ling_word_target,24,0.08266951487762826
5025,sub32,ling_word_target,25,0.050738211564796104
5026,sub32,ling_word_target,26,0.011564949689448184
5027,sub32,ling_word_target,27,0.03119363421684846
5028,sub32,ling_word_target,28,0.03979754954763364
5029,sub32,ling_word_target,29,-0.03065877383894859
5030,sub32,ling_word_target,30,0.046430930171301704
5031,sub32,ling_word_target,31,-0.026999031991012508
5032,sub32,ling_word_target,32,0.0055411433055724294
5033,sub32,ling_word_target,33,0.048368047019604773
5034,sub32,ling_word_target,34,-0.03925146128230013
5035,sub32,ling_word_target,35,-0.022261430596888874
5036,sub32,ling_word_target,36,-0.08973250182783857
5037,sub32,ling_word_target,37,-0.07818642785455868
5038,sub32,ling_word_target,38,-0.009091922393610685
5039,sub32,ling_word_target,39,-0.07282450794892376
5040,sub32,ling_word_target,40,0.030909923499479564
5041,sub32,ling_word_target,41,-0.022548841985571846
5042,sub32,ling_word_target,42,0.024271537085282235
5043,sub32,ling_word_target,43,0.036885602443610215
5044,sub32,ling_word_target,44,0.03169040497866223
5045,sub32,ling_word_target,45,0.0051414338525190015
5046,sub32,ling_word_target,46,-0.03589074554994248
5047,sub32,ling_word_target,47,-0.03399922006703251
5048,sub32,ling_word_target,48,-0.03205276156799757
5049,sub32,ling_word_target,49,0.020819616257328838
5050,sub32,ling_word_target,50,0.0350735758031941
5051,sub32,ling_word_target,51,0.006685575844544218
5052,sub32,ling_word_target,52,0.08956279862245697
5053,sub32,ling_word_target,53,0.03940069643264192
5054,sub32,ling_word_target,54,-0.04172803310214654
5055,sub32,ling_word_target,55,0.0876385464077776
5056,sub32,ling_word_target,56,-0.011728179390773117
5057,sub32,ling_word_target,57,0.006165916625751516
5058,sub32,ling_word_target,58,-0.09482086792267626
5059,sub32,ling_word_target,59,0.06336331374375673
5060,sub32,ling_word_target,60,-0.03766043757604217
5061,sub32,ling_word_target,61,0.05252249675922096
5062,sub32,ling_word_target,62,-0.02148061927541095
5063,sub32,ling_word_target,63,-0.04052018315557139
5064,sub32,ling_word_target,64,0.052262860375153083
5065,sub32,ling_word_target,65,0.021640861045620383
5066,sub32,ling_word_target,66,0.06350253029439545
5067,sub32,ling_word_target,67,-0.010492128636077278
5068,sub32,ling_word_target,68,-0.01901949884365203
5069,sub32,ling_word_target,69,-0.024819992872987338
5070,sub32,ling_word_target,70,0.04225583968918227
5071,sub32,ling_word_target,71,0.02102412047324084
5072,sub32,ling_word_target,72,-0.042418177911186926
5073,sub32,ling_word_target,73,-0.009001002370265977
5074,sub32,ling_word_target,74,0.022224579632120475
5075,sub32,ling_word_target,75,0.05999034292038986
5076,sub32,ling_word_target,76,0.04198834532010238
5077,sub32,ling_word_target,77,-0.060866157566249274
5078,sub32,ling_word_target,78,-0.14726079688312887
5079,sub32,ling_word_target,79,0.0074883639670046956
5080,sub32,ling_word_target,80,-0.0431786183261129
5081,sub32,ling_word_target,81,0.1253881143752469
5082,sub32,ling_word_target,82,-0.018829999751537915
5083,sub32,ling_word_target,83,0.09575789523144822
5084,sub32,ling_word_target,84,-0.02451078512219495
5085,sub32,ling_word_target,85,0.04500205311345905
5086,sub32,ling_word_target,86,-0.02848313476866472
5087,sub32,ling_word_target,87,0.009854639237566017
5088,sub32,ling_word_target,88,-0.02159522472714041
5089,sub32,ling_word_target,89,-0.07578422810382963
5090,sub32,ling_word_target,90,0.03756610663700153
5091,sub32,ling_word_target,91,-0.010401729840853042
5092,sub32,ling_word_target,92,0.04120905494018045
5093,sub32,ling_word_target,93,0.025140431394507657
5094,sub32,ling_word_target,94,-0.08100838987838144
5095,sub32,ling_word_target,95,0.025206050303818752
5096,sub32,ling_word_target,96,0.13764119535147804
5097,sub32,ling_word_target,97,0.059539006195605135
5098,sub32,ling_word_target,98,-0.3176389481045405
5099,sub32,ling_word_target,99,0.02666962272855939
5100,sub32,ling_word_target,100,-0.034998853908901735
5101,sub32,ling_word_target,101,0.021103699759334228
5102,sub32,ling_word_target,102,0.06137884985551485
5103,sub32,ling_word_target,103,-0.11319777238840757
5104,sub32,ling_word_target,104,-0.02625688335602252
5105,sub32,ling_word_target,105,0.006534335594120385
5106,sub32,ling_word_target,106,0.05351562499863501
5107,sub32,ling_word_target,107,0.08749996364224835
5108,sub32,ling_word_target,108,0.01274977580196812
5109,sub32,ling_word_target,109,-0.0069552600830564675
5110,sub32,ling_word_target,110,-0.03174323598840409
5111,sub32,ling_word_target,111,-0.06973627428258738
5112,sub32,ling_word_target,112,-0.038880134340904475
5113,sub32,ling_word_target,113,-0.01338719225978411
5114,sub32,ling_word_target,114,-0.03903036592028451
5115,sub32,ling_word_target,115,-0.0402584406883193
5116,sub32,ling_word_target,116,0.020958989882152553
5117,sub32,ling_word_target,117,-0.1810450626911759
5118,sub32,ling_word_target,118,0.09069910875685858
5119,sub32,ling_word_target,119,0.10303549333105536
5120,sub32,ling_word_target,120,0.030935109084818366
5121,sub32,ling_word_target,121,0.020898152818357676
5122,sub32,ling_word_target,122,0.0907288026247131
5123,sub32,ling_word_target,123,0.006731430283994449
5124,sub32,ling_word_target,124,-0.001397168117700406
5125,sub32,ling_word_target,125,-0.19710782036967175
5126,sub32,ling_word_target,126,0.0661598999247747
5127,sub32,ling_word_target,127,0.09733428970211207
5128,sub32,ling_word_target,128,0.04105195281395464
5129,sub32,ling_word_target,129,0.08010353767741504
5130,sub32,ling_word_target,130,0.026949490733424036
5131,sub32,ling_word_target,131,0.008341596271854056
5132,sub32,ling_word_target,132,0.007374284185763731
5133,sub32,ling_word_target,133,-0.08717979121426421
5134,sub32,ling_word_target,134,0.07708479795929228
5135,sub32,ling_word_target,135,-0.08638739246287003
5136,sub32,ling_word_target,136,-0.02062758768870331
5137,sub32,ling_word_target,137,-0.1424270696725247
5138,sub32,ling_word_target,138,-0.01865809649376313
5139,sub32,ling_word_target,139,-0.054832457717267705
5140,sub32,ling_word_target,140,0.017371199172331403
5141,sub32,ling_word_target,141,0.08146758318947472
5142,sub32,ling_word_target,142,0.07771909334704936
5143,sub32,ling_word_target,143,-0.004051498601296661
5144,sub32,ling_word_target,144,-0.09795170469331838
5145,sub32,ling_word_target,145,0.08906687140510018
5146,sub32,ling_word_target,146,0.034307610742398104
5147,sub32,ling_word_target,147,0.1945077475329896
5148,sub32,ling_word_target,148,0.016696003735972607
5149,sub32,ling_word_target,149,0.03009618738298448
5150,sub32,ling_word_target,150,-0.010630553737874148
5151,sub32,ling_word_target,151,0.06866999641707583
5152,sub32,ling_word_target,152,0.0030892381132512016
5153,sub32,ling_word_target,153,0.012763282454173554
5154,sub32,ling_word_target,154,-0.0031498185792089585
5155,sub32,ling_word_target,155,0.04614926316579004
5156,sub32,ling_word_target,156,0.07810495995377631
5157,sub32,ling_word_target,157,0.017500528371512645
5158,sub32,ling_word_target,158,-0.015557235642334185
5159,sub32,ling_word_target,159,0.017162108153677916
5160,sub32,ling_word_target,160,0.005373310347543913
5161,sub32,ling_word_target,161,-0.06522751336440395
5162,sub32,ling_word_target,162,-0.01909100614006059
5163,sub32,ling_word_target,163,-0.025308777239470493
5164,sub32,ling_word_target,164,-0.06263409921979357
5165,sub32,ling_word_target,165,0.007184242721705595
5166,sub32,ling_word_target,166,0.010758474368447868
5167,sub32,ling_word_target,167,0.014423798770155418
5168,sub32,ling_word_target,168,-0.008500446463019121
5169,sub32,ling_word_target,169,0.022594704220409954
5170,sub32,ling_word_target,170,-0.010122218634298644
5171,sub32,ling_word_target,171,9.388933539031935e-05
5172,sub32,ling_word_target,172,-0.12663717978352435
5173,sub32,ling_word_target,173,0.0035482451727201266
5174,sub32,ling_word_target,174,0.04099980508210769
5175,sub32,ling_word_target,175,-0.23741457664770443
5176,sub32,ling_word_target,176,-0.0455829282196532
5177,sub32,ling_word_target,177,0.046797078306454805
5178,sub32,ling_word_target,178,0.023774223625132804
5179,sub32,ling_word_target,179,0.00497048222631647
5180,sub32,ling_word_target,180,-0.0624256331483259
5181,sub32,ling_word_target,181,0.030402715205441518
5182,sub32,ling_word_target,182,-0.02295064501192057
5183,sub32,ling_word_target,183,-0.02176577606439141
5184,sub32,ling_word_target,184,0.02411286990976233
5185,sub32,ling_word_target,185,-0.07765996577647652
5186,sub32,ling_word_target,186,-0.016181567761291083
5187,sub32,ling_word_target,187,-0.014793333786534026
5188,sub32,ling_word_target,188,-0.04629151603734276
5189,sub32,ling_word_target,189,-0.09798764675666516
5190,sub32,ling_word_target,190,-0.06252172546633579
5191,sub32,ling_word_target,191,-0.021130614581383756
5192,sub32,ling_word_target,192,-0.041736900097547144
5193,sub32,ling_word_target,193,-0.024185876234664627
5194,sub32,ling_word_target,194,0.07988693222943007
5195,sub32,ling_word_target,195,0.06208763125968466
5196,sub32,ling_word_target,196,-0.15289701783817458
5197,sub32,ling_word_target,197,0.009362966242906267
5198,sub32,ling_word_target,198,0.0299310271233763
5199,sub32,ling_word_target,199,0.03375577675665752
5200,sub33,ling_word_target,0,0.036028295501459376
5201,sub33,ling_word_target,1,0.020851123130016413
5202,sub33,ling_word_target,2,-0.025536201695811712
5203,sub33,ling_word_target,3,0.021678682008707473
5204,sub33,ling_word_target,4,-0.021098200496590225
5205,sub33,ling_word_target,5,0.013672234483887902
5206,sub33,ling_word_target,6,-0.011373347075987842
5207,sub33,ling_word_target,7,0.008203361226427678
5208,sub33,ling_word_target,8,0.01783897025930605
5209,sub33,ling_word_target,9,0.03802220554300942
5210,sub33,ling_word_target,10,-0.05383606416103724
5211,sub33,ling_word_target,11,0.006995819058949336
5212,sub33,ling_word_target,12,0.02961699926939672
5213,sub33,ling_word_target,13,-0.045600198116333986
5214,sub33,ling_word_target,14,0.041947718490266656
5215,sub33,ling_word_target,15,-0.12106984093390004
5216,sub33,ling_word_target,16,-0.0447098608505558
5217,sub33,ling_word_target,17,-0.04152617447668803
5218,sub33,ling_word_target,18,-0.0039685651728920265
5219,sub33,ling_word_target,19,0.0014820629847364885
5220,sub33,ling_word_target,20,0.008974358461290721
5221,sub33,ling_word_target,21,0.021319325659929826
5222,sub33,ling_word_target,22,0.01520470777169476
5223,sub33,ling_word_target,23,-0.0670176964478557
5224,sub33,ling_word_target,24,-0.0018723104114281865
5225,sub33,ling_word_target,25,0.0150305251085786
5226,sub33,ling_word_target,26,0.1498290605718189
5227,sub33,ling_word_target,27,0.03607400315925508
5228,sub33,ling_word_target,28,0.020176320374712897
5229,sub33,ling_word_target,29,-0.07588651048803488
5230,sub33,ling_word_target,30,-0.003305165053032231
5231,sub33,ling_word_target,31,0.04676394855683706
5232,sub33,ling_word_target,32,-0.04483454127101558
5233,sub33,ling_word_target,33,0.010304649395376184
5234,sub33,ling_word_target,34,0.029284128171461133
5235,sub33,ling_word_target,35,0.027310886863574656
5236,sub33,ling_word_target,36,0.010560419764523044
5237,sub33,ling_word_target,37,0.023898221225606198
5238,sub33,ling_word_target,38,-0.018663063489451338
5239,sub33,ling_word_target,39,0.031574414442372314
5240,sub33,ling_word_target,40,-0.08616188393857614
5241,sub33,ling_word_target,41,0.005367241551802637
5242,sub33,ling_word_target,42,-0.019139085229020775
5243,sub33,ling_word_target,43,-0.04662359745410463
5244,sub33,ling_word_target,44,-0.010662995350587815
5245,sub33,ling_word_target,45,-0.030422646310793434
5246,sub33,ling_word_target,46,0.08315426105731394
5247,sub33,ling_word_target,47,0.01614929333797506
5248,sub33,ling_word_target,48,0.04556771257032009
5249,sub33,ling_word_target,49,-0.03824075771654514
5250,sub33,ling_word_target,50,-0.02562845799345523
5251,sub33,ling_word_target,51,-0.03484569942305772
5252,sub33,ling_word_target,52,0.07375712516767492
5253,sub33,ling_word_target,53,-0.026849329360931855
5254,sub33,ling_word_target,54,-0.055423294244272066
5255,sub33,ling_word_target,55,-0.04638476345433044
5256,sub33,ling_word_target,56,0.2583857006924483
5257,sub33,ling_word_target,57,0.032268421689897
5258,sub33,ling_word_target,58,0.019186332577984976
5259,sub33,ling_word_target,59,0.055916027477821234
5260,sub33,ling_word_target,60,-0.028168759740809787
5261,sub33,ling_word_target,61,0.024977427742895866
5262,sub33,ling_word_target,62,0.013985602915925424
5263,sub33,ling_word_target,63,0.03372213629070319
5264,sub33,ling_word_target,64,0.07435810927661737
5265,sub33,ling_word_target,65,0.029976544979282514
5266,sub33,ling_word_target,66,0.013861663065908402
5267,sub33,ling_word_target,67,0.098990699339527
5268,sub33,ling_word_target,68,-0.06549262211532829
5269,sub33,ling_word_target,69,0.03485812184113875
5270,sub33,ling_word_target,70,0.008861729601758642
5271,sub33,ling_word_target,71,-0.023001274354586064
5272,sub33,ling_word_target,72,0.022215966410078003
5273,sub33,ling_word_target,73,0.08648457148272476
5274,sub33,ling_word_target,74,-0.011271543913467894
5275,sub33,ling_word_target,75,-0.038166625041768674
5276,sub33,ling_word_target,76,0.13002447417438162
5277,sub33,ling_word_target,77,0.06104252488668788
5278,sub33,ling_word_target,78,0.01726210254839655
5279,sub33,ling_word_target,79,0.05557265627846111
5280,sub33,ling_word_target,80,0.011112582680895263
5281,sub33,ling_word_target,81,-0.010920049738059556
5282,sub33,ling_word_target,82,0.023417705330491884
5283,sub33,ling_word_target,83,-0.025261649111969046
5284,sub33,ling_word_target,84,-0.021874176953031652
5285,sub33,ling_word_target,85,0.055249945706411674
5286,sub33,ling_word_target,86,-0.05916668919825586
5287,sub33,ling_word_target,87,-0.01728141056258705
5288,sub33,ling_word_target,88,-0.047163444385782495
5289,sub33,ling_word_target,89,-0.009548857381534588
5290,sub33,ling_word_target,90,0.07934895661749206
5291,sub33,ling_word_target,91,-0.045968891175082405
5292,sub33,ling_word_target,92,0.012244486268229791
5293,sub33,ling_word_target,93,0.026336628959285607
5294,sub33,ling_word_target,94,-0.07174729227009033
5295,sub33,ling_word_target,95,-0.034859720144584654
5296,sub33,ling_word_target,96,0.03785340497865991
5297,sub33,ling_word_target,97,-0.035398661097766335
5298,sub33,ling_word_target,98,0.07290175054848848
5299,sub33,ling_word_target,99,-0.07816604012392649
5300,sub33,ling_word_target,100,-0.009216048184609874
5301,sub33,ling_word_target,101,0.03350365073315741
5302,sub33,ling_word_target,102,-0.011093037454431963
5303,sub33,ling_word_target,103,-0.01398635722733061
5304,sub33,ling_word_target,104,0.04435231454557599
5305,sub33,ling_word_target,105,-0.13391528868255617
5306,sub33,ling_word_target,106,0.17442202093926332
5307,sub33,ling_word_target,107,-0.03453666866424643
5308,sub33,ling_word_target,108,0.02304429537405438
5309,sub33,ling_word_target,109,-0.01276785326265422
5310,sub33,ling_word_target,110,-0.022476586888935692
5311,sub33,ling_word_target,111,0.07978934186692795
5312,sub33,ling_word_target,112,0.03279763579663871
5313,sub33,ling_word_target,113,-0.012356634964662815
5314,sub33,ling_word_target,114,0.04298047882291191
5315,sub33,ling_word_target,115,-0.03628284884974488
5316,sub33,ling_word_target,116,0.1326756278416662
5317,sub33,ling_word_target,117,0.04151466198193987
5318,sub33,ling_word_target,118,0.15634146801336687
5319,sub33,ling_word_target,119,-0.038175811040124664
5320,sub33,ling_word_target,120,-0.13330543189304267
5321,sub33,ling_word_target,121,-0.0003905085451189468
5322,sub33,ling_word_target,122,-0.027329899770543325
5323,sub33,ling_word_target,123,0.04421483042848401
5324,sub33,ling_word_target,124,-0.07373573268340466
5325,sub33,ling_word_target,125,0.052414391088070555
5326,sub33,ling_word_target,126,0.02522587857685766
5327,sub33,ling_word_target,127,0.0657187707620253
5328,sub33,ling_word_target,128,0.022609280133223702
5329,sub33,ling_word_target,129,-0.011785067963811078
5330,sub33,ling_word_target,130,-0.03433170312740842
5331,sub33,ling_word_target,131,-0.019753558384050938
5332,sub33,ling_word_target,132,-0.0632552258109185
5333,sub33,ling_word_target,133,0.04858437421038036
5334,sub33,ling_word_target,134,-0.005696089784218012
5335,sub33,ling_word_target,135,-0.020773459932073714
5336,sub33,ling_word_target,136,-0.00854449710638845
5337,sub33,ling_word_target,137,-0.02756387501021799
5338,sub33,ling_word_target,138,-0.009653939940527746
5339,sub33,ling_word_target,139,0.00189915252731712
5340,sub33,ling_word_target,140,0.03527730680511668
5341,sub33,ling_word_target,141,-0.008243502706828732
5342,sub33,ling_word_target,142,-0.10829214451350336
5343,sub33,ling_word_target,143,-0.01807772048110705
5344,sub33,ling_word_target,144,0.05825377089896154
5345,sub33,ling_word_target,145,0.03218438972192837
5346,sub33,ling_word_target,146,0.0018785933165912682
5347,sub33,ling_word_target,147,-0.06638798554598084
5348,sub33,ling_word_target,148,0.00821117254346956
5349,sub33,ling_word_target,149,-0.018573281169728742
5350,sub33,ling_word_target,150,0.0871909764471387
5351,sub33,ling_word_target,151,-0.03349035605880533
5352,sub33,ling_word_target,152,-0.07783584006454877
5353,sub33,ling_word_target,153,-0.07300371093244987
5354,sub33,ling_word_target,154,-0.05735411340352081
5355,sub33,ling_word_target,155,-0.05217158458543822
5356,sub33,ling_word_target,156,-0.008894092832495528
5357,sub33,ling_word_target,157,-0.008182451947912681
5358,sub33,ling_word_target,158,0.0018835925184333832
5359,sub33,ling_word_target,159,-0.051576882116854655
5360,sub33,ling_word_target,160,-0.016772560198445054
5361,sub33,ling_word_target,161,-0.0987926039671717
5362,sub33,ling_word_target,162,-0.006926227936729701
5363,sub33,ling_word_target,163,0.026268828311068644
5364,sub33,ling_word_target,164,-0.03591975793920168
5365,sub33,ling_word_target,165,-0.02294210911063433
5366,sub33,ling_word_target,166,-0.0481676048580083
5367,sub33,ling_word_target,167,-0.029284686318936073
5368,sub33,ling_word_target,168,-0.09803320960856497
5369,sub33,ling_word_target,169,0.04187433803086782
5370,sub33,ling_word_target,170,0.04761208634823672
5371,sub33,ling_word_target,171,-0.010572737598968165
5372,sub33,ling_word_target,172,-0.006753193465621947
5373,sub33,ling_word_target,173,-0.05298789831697161
5374,sub33,ling_word_target,174,0.04435687507810469
5375,sub33,ling_word_target,175,0.04513554700091622
5376,sub33,ling_word_target,176,-0.019108995218602817
5377,sub33,ling_word_target,177,0.022017796088794585
5378,sub33,ling_word_target,178,0.027495402766771232
5379,sub33,ling_word_target,179,-0.10233107891456802
5380,sub33,ling_word_target,180,-0.0803051477734988
5381,sub33,ling_word_target,181,-0.05708201422687586
5382,sub33,ling_word_target,182,0.05659857706746635
5383,sub33,ling_word_target,183,0.04875336052590272
5384,sub33,ling_word_target,184,0.0022676821613515897
5385,sub33,ling_word_target,185,0.07640007662561703
5386,sub33,ling_word_target,186,-0.0029748675264702393
5387,sub33,ling_word_target,187,0.03488209368411898
5388,sub33,ling_word_target,188,0.09040117932874459
5389,sub33,ling_word_target,189,0.01399992797155454
5390,sub33,ling_word_target,190,0.14334712629826066
5391,sub33,ling_word_target,191,-0.035952173448812096
5392,sub33,ling_word_target,192,0.002325081443407088
5393,sub33,ling_word_target,193,0.10433088202103827
5394,sub33,ling_word_target,194,0.035384234259072125
5395,sub33,ling_word_target,195,-0.006603011012795639
5396,sub33,ling_word_target,196,0.06823052685688831
5397,sub33,ling_word_target,197,0.020064440419160865
5398,sub33,ling_word_target,198,-0.012381645577685807
5399,sub33,ling_word_target,199,0.029302115333125944
5400,sub34,ling_word_target,0,-0.02482983708114105
5401,sub34,ling_word_target,1,0.01583426461929202
5402,sub34,ling_word_target,2,0.016895462942229576
5403,sub34,ling_word_target,3,-0.051491517299493715
5404,sub34,ling_word_target,4,-0.023386901221569223
5405,sub34,ling_word_target,5,0.04837864199279563
5406,sub34,ling_word_target,6,-0.03860898250240253
5407,sub34,ling_word_target,7,-0.02747693213702275
5408,sub34,ling_word_target,8,0.0613290842230887
5409,sub34,ling_word_target,9,0.05025034192513292
5410,sub34,ling_word_target,10,-0.06099920260108663
5411,sub34,ling_word_target,11,-0.009259011865629121
5412,sub34,ling_word_target,12,0.030512036219636347
5413,sub34,ling_word_target,13,-0.07303800124467312
5414,sub34,ling_word_target,14,-0.04709443827705804
5415,sub34,ling_word_target,15,0.020432826472119955
5416,sub34,ling_word_target,16,-0.019468618019863326
5417,sub34,ling_word_target,17,-0.027865949015749243
5418,sub34,ling_word_target,18,-0.06700108245447252
5419,sub34,ling_word_target,19,-0.06342123031546022
5420,sub34,ling_word_target,20,0.04586433151729476
5421,sub34,ling_word_target,21,-0.06312403978564272
5422,sub34,ling_word_target,22,0.00743497558154784
5423,sub34,ling_word_target,23,0.042512639564805714
5424,sub34,ling_word_target,24,-0.03776035161927302
5425,sub34,ling_word_target,25,-0.017994277004862978
5426,sub34,ling_word_target,26,0.025505399898603814
5427,sub34,ling_word_target,27,-0.0047503869472787464
5428,sub34,ling_word_target,28,0.008621663611835556
5429,sub34,ling_word_target,29,0.026569683091678373
5430,sub34,ling_word_target,30,-0.03524260529070722
5431,sub34,ling_word_target,31,-0.046187035707693086
5432,sub34,ling_word_target,32,0.013404411107866623
5433,sub34,ling_word_target,33,-0.08224067884376811
5434,sub34,ling_word_target,34,-0.05691983892849759
5435,sub34,ling_word_target,35,0.040170389935787594
5436,sub34,ling_word_target,36,0.060255310451512875
5437,sub34,ling_word_target,37,-0.022687462352679544
5438,sub34,ling_word_target,38,-0.014224817058325541
5439,sub34,ling_word_target,39,-0.030135551549902877
5440,sub34,ling_word_target,40,-0.03418313248765974
5441,sub34,ling_word_target,41,-0.02497693539552477
5442,sub34,ling_word_target,42,0.027380835735187403
5443,sub34,ling_word_target,43,-0.02841087387428497
5444,sub34,ling_word_target,44,-0.0217080678147937
5445,sub34,ling_word_target,45,0.013040891469696487
5446,sub34,ling_word_target,46,0.03700189016926711
5447,sub34,ling_word_target,47,-0.06204995134361126
5448,sub34,ling_word_target,48,0.0019917382597247862
5449,sub34,ling_word_target,49,-0.020214507423632164
5450,sub34,ling_word_target,50,-0.0963752360924175
5451,sub34,ling_word_target,51,-0.052009497548549284
5452,sub34,ling_word_target,52,-0.012525501362277786
5453,sub34,ling_word_target,53,-0.09751359331937724
5454,sub34,ling_word_target,54,-0.043287584373211174
5455,sub34,ling_word_target,55,0.020733589695295863
5456,sub34,ling_word_target,56,-0.005834991872058008
5457,sub34,ling_word_target,57,0.002274304415789013
5458,sub34,ling_word_target,58,-0.0028988545147911157
5459,sub34,ling_word_target,59,-0.02621336344858323
5460,sub34,ling_word_target,60,0.009552761055117381
5461,sub34,ling_word_target,61,-0.032322189715542154
5462,sub34,ling_word_target,62,-0.02349241059600777
5463,sub34,ling_word_target,63,0.024710788687474904
5464,sub34,ling_word_target,64,-0.006052664096219771
5465,sub34,ling_word_target,65,-0.008797514355371064
5466,sub34,ling_word_target,66,-0.03517310573105661
5467,sub34,ling_word_target,67,-0.03165016321454918
5468,sub34,ling_word_target,68,-0.004338554918103461
5469,sub34,ling_word_target,69,-0.05700467190945305
5470,sub34,ling_word_target,70,-0.024123962615943854
5471,sub34,ling_word_target,71,0.001198544164700121
5472,sub34,ling_word_target,72,-0.035677077750676855
5473,sub34,ling_word_target,73,-0.02913054969729198
5474,sub34,ling_word_target,74,0.008393556744802206
5475,sub34,ling_word_target,75,-0.04047284413720414
5476,sub34,ling_word_target,76,0.0037572569963622484
5477,sub34,ling_word_target,77,0.01392709031662693
5478,sub34,ling_word_target,78,-0.030943616949998722
5479,sub34,ling_word_target,79,-0.017853454595141642
5480,sub34,ling_word_target,80,0.04331358217484827
5481,sub34,ling_word_target,81,0.013351176490790175
5482,sub34,ling_word_target,82,-0.045094912621043606
5483,sub34,ling_word_target,83,0.002346874625298228
5484,sub34,ling_word_target,84,-0.08472162800972584
5485,sub34,ling_word_target,85,-0.016352229633657428
5486,sub34,ling_word_target,86,0.02048108396223136
5487,sub34,ling_word_target,87,-0.07266149840583727
5488,sub34,ling_word_target,88,0.015433634716414029
5489,sub34,ling_word_target,89,-0.023591040008842237
5490,sub34,ling_word_target,90,0.020425577460631113
5491,sub34,ling_word_target,91,0.019751863819791594
5492,sub34,ling_word_target,92,-0.005358494328932946
5493,sub34,ling_word_target,93,-0.0027624240951926687
5494,sub34,ling_word_target,94,0.022000292249899557
5495,sub34,ling_word_target,95,-0.0001127455143079907
5496,sub34,ling_word_target,96,-0.009606153504487666
5497,sub34,ling_word_target,97,-0.0279585313516272
5498,sub34,ling_word_target,98,-0.015447917605405046
5499,sub34,ling_word_target,99,0.027031496013500134
5500,sub34,ling_word_target,100,0.027647450712514607
5501,sub34,ling_word_target,101,-0.04937824767693889
5502,sub34,ling_word_target,102,0.011571038243256292
5503,sub34,ling_word_target,103,0.06880402899614539
5504,sub34,ling_word_target,104,-0.011280189955743125
5505,sub34,ling_word_target,105,0.025806701209362768
5506,sub34,ling_word_target,106,-0.07215961366831218
5507,sub34,ling_word_target,107,-0.021062329532959015
5508,sub34,ling_word_target,108,-0.0274748808633267
5509,sub34,ling_word_target,109,0.035072900445099926
5510,sub34,ling_word_target,110,-0.0616088482383657
5511,sub34,ling_word_target,111,0.047762127502348296
5512,sub34,ling_word_target,112,-0.015359510874520064
5513,sub34,ling_word_target,113,-0.0025673894482406024
5514,sub34,ling_word_target,114,0.011750669485539747
5515,sub34,ling_word_target,115,-0.005947383320577697
5516,sub34,ling_word_target,116,-0.024034343937298495
5517,sub34,ling_word_target,117,0.04901869622694142
5518,sub34,ling_word_target,118,0.022309428143732084
5519,sub34,ling_word_target,119,-0.11373548363523628
5520,sub34,ling_word_target,120,0.025860746082872577
5521,sub34,ling_word_target,121,-0.05198043385177256
5522,sub34,ling_word_target,122,-0.009879340823023554
5523,sub34,ling_word_target,123,-0.01190729125160354
5524,sub34,ling_word_target,124,0.006458840235464923
5525,sub34,ling_word_target,125,0.011299109945470474
5526,sub34,ling_word_target,126,-0.07337021675943844
5527,sub34,ling_word_target,127,-0.04427690100906856
5528,sub34,ling_word_target,128,-0.03631468905710598
5529,sub34,ling_word_target,129,-0.02796026805496033
5530,sub34,ling_word_target,130,0.029674197311601036
5531,sub34,ling_word_target,131,0.03943607038755597
5532,sub34,ling_word_target,132,-0.0009202039238520034
5533,sub34,ling_word_target,133,0.012285765290750553
5534,sub34,ling_word_target,134,-0.0071631963708063025
5535,sub34,ling_word_target,135,0.0017758992998960408
5536,sub34,ling_word_target,136,-0.02261241509726817
5537,sub34,ling_word_target,137,0.003975121467394993
5538,sub34,ling_word_target,138,0.043937035747882276
5539,sub34,ling_word_target,139,-0.010737713910486607
5540,sub34,ling_word_target,140,-0.005393131648633216
5541,sub34,ling_word_target,141,0.028097729884954584
5542,sub34,ling_word_target,142,-0.007588420920465051
5543,sub34,ling_word_target,143,-0.057384252074865326
5544,sub34,ling_word_target,144,-0.013724463648829304
5545,sub34,ling_word_target,145,0.04758068038709042
5546,sub34,ling_word_target,146,0.006175603510569258
5547,sub34,ling_word_target,147,-0.022619012385036802
5548,sub34,ling_word_target,148,0.007277367593346474
5549,sub34,ling_word_target,149,-0.03545080184880266
5550,sub34,ling_word_target,150,0.026953818391207102
5551,sub34,ling_word_target,151,0.03317234982255621
5552,sub34,ling_word_target,152,-0.017195087591923855
5553,sub34,ling_word_target,153,-0.024214341850150166
5554,sub34,ling_word_target,154,0.04457719502617883
5555,sub34,ling_word_target,155,-0.015046680653871488
5556,sub34,ling_word_target,156,0.03239859151070675
5557,sub34,ling_word_target,157,0.014787291519102307
5558,sub34,ling_word_target,158,-0.022270558790783743
5559,sub34,ling_word_target,159,-0.006534401446081694
5560,sub34,ling_word_target,160,-0.027334487167305757
5561,sub34,ling_word_target,161,0.0177121022211682
5562,sub34,ling_word_target,162,0.04952365217929277
5563,sub34,ling_word_target,163,-0.012918006478559674
5564,sub34,ling_word_target,164,-0.025795096115532025
5565,sub34,ling_word_target,165,-0.05338050713014746
5566,sub34,ling_word_target,166,0.036970530004583335
5567,sub34,ling_word_target,167,0.07741463767260466
5568,sub34,ling_word_target,168,-0.022424631284914207
5569,sub34,ling_word_target,169,-0.04910259982407708
5570,sub34,ling_word_target,170,-0.013661914188161161
5571,sub34,ling_word_target,171,0.0075174472218205125
5572,sub34,ling_word_target,172,-0.035862086498087635
5573,sub34,ling_word_target,173,-0.07558463190577966
5574,sub34,ling_word_target,174,0.03631268851864318
5575,sub34,ling_word_target,175,0.03411676279951861
5576,sub34,ling_word_target,176,0.013444473379794738
5577,sub34,ling_word_target,177,0.022655701102803304
5578,sub34,ling_word_target,178,-0.0078667207614944
5579,sub34,ling_word_target,179,0.04265463164284787
5580,sub34,ling_word_target,180,-0.03489418971761222
5581,sub34,ling_word_target,181,-0.014950518272963025
5582,sub34,ling_word_target,182,-0.01900734028799721
5583,sub34,ling_word_target,183,-0.03208267419541051
5584,sub34,ling_word_target,184,-0.04808521696032088
5585,sub34,ling_word_target,185,0.03150389074370377
5586,sub34,ling_word_target,186,0.0301981772223637
5587,sub34,ling_word_target,187,0.0246046360021847
5588,sub34,ling_word_target,188,-0.05032036716612066
5589,sub34,ling_word_target,189,0.020693988977857795
5590,sub34,ling_word_target,190,-0.07338424325016801
5591,sub34,ling_word_target,191,0.024060555486995653
5592,sub34,ling_word_target,192,0.004802548203360471
5593,sub34,ling_word_target,193,-0.01415782143137074
5594,sub34,ling_word_target,194,-0.0344358609480017
5595,sub34,ling_word_target,195,-0.024362118199833978
5596,sub34,ling_word_target,196,0.009474157657647128
5597,sub34,ling_word_target,197,0.03180782110588335
5598,sub34,ling_word_target,198,-0.06685454184219072
5599,sub34,ling_word_target,199,0.0563282290559064
5600,sub35,ling_word_target,0,-0.05582108020772351
5601,sub35,ling_word_target,1,0.062221397151279965
5602,sub35,ling_word_target,2,0.00653217153991802
5603,sub35,ling_word_target,3,0.07719512810562089
5604,sub35,ling_word_target,4,0.030898685786970467
5605,sub35,ling_word_target,5,0.03325304375809962
5606,sub35,ling_word_target,6,-0.09102063815762268
5607,sub35,ling_word_target,7,0.025620433973590196
5608,sub35,ling_word_target,8,-0.011303325948980238
5609,sub35,ling_word_target,9,-0.0297913412614597
5610,sub35,ling_word_target,10,0.02772712214010815
5611,sub35,ling_word_target,11,0.08285992599351064
5612,sub35,ling_word_target,12,-0.007161139685893058
5613,sub35,ling_word_target,13,-0.016887738118579614
5614,sub35,ling_word_target,14,0.05297576318618446
5615,sub35,ling_word_target,15,0.03692050823131277
5616,sub35,ling_word_target,16,-0.06410504736658347
5617,sub35,ling_word_target,17,-0.057946601549173915
5618,sub35,ling_word_target,18,0.15887228515936005
5619,sub35,ling_word_target,19,0.002112178387426137
5620,sub35,ling_word_target,20,0.02382826907044781
5621,sub35,ling_word_target,21,-0.03081579482084426
5622,sub35,ling_word_target,22,-0.05399767249145308
5623,sub35,ling_word_target,23,-0.05648673419484898
5624,sub35,ling_word_target,24,-0.13258587594513935
5625,sub35,ling_word_target,25,0.047694188999435935
5626,sub35,ling_word_target,26,-0.0322435801880284
5627,sub35,ling_word_target,27,-0.0073578314276915874
5628,sub35,ling_word_target,28,-0.010650832274816975
5629,sub35,ling_word_target,29,0.08209991190440331
5630,sub35,ling_word_target,30,0.0187779228920502
5631,sub35,ling_word_target,31,0.040551534136050546
5632,sub35,ling_word_target,32,0.07080442085360453
5633,sub35,ling_word_target,33,0.035106317333581244
5634,sub35,ling_word_target,34,-0.016793209089687195
5635,sub35,ling_word_target,35,0.014914856607124037
5636,sub35,ling_word_target,36,-0.01148224745973328
5637,sub35,ling_word_target,37,-0.013561148218544176
5638,sub35,ling_word_target,38,-0.01323385918883023
5639,sub35,ling_word_target,39,0.011572884873060886
5640,sub35,ling_word_target,40,-0.0165856668477359
5641,sub35,ling_word_target,41,-0.0008657196535481451
5642,sub35,ling_word_target,42,-0.05003141521318484
5643,sub35,ling_word_target,43,0.03896420516093097
5644,sub35,ling_word_target,44,0.09515131016346795
5645,sub35,ling_word_target,45,-0.022375782590131933
5646,sub35,ling_word_target,46,-0.009364805226197254
5647,sub35,ling_word_target,47,0.013917970071828928
5648,sub35,ling_word_target,48,-0.00740916683871494
5649,sub35,ling_word_target,49,-0.05451868844632249
5650,sub35,ling_word_target,50,-0.012180088528971298
5651,sub35,ling_word_target,51,0.05650353144893024
5652,sub35,ling_word_target,52,-0.08299107654061201
5653,sub35,ling_word_target,53,0.02383621988602671
5654,sub35,ling_word_target,54,0.0050370698391786735
5655,sub35,ling_word_target,55,-0.0574991421835998
5656,sub35,ling_word_target,56,0.08222747171712691
5657,sub35,ling_word_target,57,0.012033849779022394
5658,sub35,ling_word_target,58,-0.0025281743180468517
5659,sub35,ling_word_target,59,-0.010351351481076972
5660,sub35,ling_word_target,60,-0.021928678165383096
5661,sub35,ling_word_target,61,-0.10437138241708017
5662,sub35,ling_word_target,62,-0.048288821414337345
5663,sub35,ling_word_target,63,-0.027804366257742793
5664,sub35,ling_word_target,64,-0.007075353091474739
5665,sub35,ling_word_target,65,-0.00739029340442672
5666,sub35,ling_word_target,66,0.01592136629605145
5667,sub35,ling_word_target,67,0.028487276547549432
5668,sub35,ling_word_target,68,-0.06807772531902842
5669,sub35,ling_word_target,69,0.022400181214970546
5670,sub35,ling_word_target,70,0.06027093840683932
5671,sub35,ling_word_target,71,0.00430491522393599
5672,sub35,ling_word_target,72,0.05001261457006924
5673,sub35,ling_word_target,73,0.011793101515414763
5674,sub35,ling_word_target,74,0.0011128150836598727
5675,sub35,ling_word_target,75,0.02914256787742939
5676,sub35,ling_word_target,76,-0.04837359577914444
5677,sub35,ling_word_target,77,0.017061334250384374
5678,sub35,ling_word_target,78,-0.02486202942086388
5679,sub35,ling_word_target,79,-0.040453632202024484
5680,sub35,ling_word_target,80,-0.016158684614375106
5681,sub35,ling_word_target,81,-0.05530375688588306
5682,sub35,ling_word_target,82,0.06747002284121621
5683,sub35,ling_word_target,83,-0.011596423449265121
5684,sub35,ling_word_target,84,0.019056749573040422
5685,sub35,ling_word_target,85,-0.012574842265458424
5686,sub35,ling_word_target,86,0.003212609198477447
5687,sub35,ling_word_target,87,-0.024687793448304678
5688,sub35,ling_word_target,88,0.003949145649612989
5689,sub35,ling_word_target,89,0.005336970923019355
5690,sub35,ling_word_target,90,0.007352580970745988
5691,sub35,ling_word_target,91,0.021418226096827277
5692,sub35,ling_word_target,92,0.027710040800469724
5693,sub35,ling_word_target,93,0.027680618993920655
5694,sub35,ling_word_target,94,0.011096887178667742
5695,sub35,ling_word_target,95,0.07480518296514081
5696,sub35,ling_word_target,96,-0.005926037193050998
5697,sub35,ling_word_target,97,-0.05564649966804827
5698,sub35,ling_word_target,98,-0.015276161577234632
5699,sub35,ling_word_target,99,-0.02348167941171526
5700,sub35,ling_word_target,100,0.11061500651202515
5701,sub35,ling_word_target,101,-0.007953165649201512
5702,sub35,ling_word_target,102,-0.05988520449344362
5703,sub35,ling_word_target,103,0.035458585736799615
5704,sub35,ling_word_target,104,0.07842781678011695
5705,sub35,ling_word_target,105,-0.008011884858632941
5706,sub35,ling_word_target,106,0.03272173548302385
5707,sub35,ling_word_target,107,0.004807024009358527
5708,sub35,ling_word_target,108,-0.032439341963418224
5709,sub35,ling_word_target,109,-0.02246930476018329
5710,sub35,ling_word_target,110,-0.021952112184824263
5711,sub35,ling_word_target,111,-0.039533515750004605
5712,sub35,ling_word_target,112,0.006625851729275973
5713,sub35,ling_word_target,113,-0.0329115195250499
5714,sub35,ling_word_target,114,0.039132772731408104
5715,sub35,ling_word_target,115,-0.00652506972252503
5716,sub35,ling_word_target,116,0.0020158441335305184
5717,sub35,ling_word_target,117,0.05869450731389384
5718,sub35,ling_word_target,118,0.028643969479389627
5719,sub35,ling_word_target,119,-0.018959960461351975
5720,sub35,ling_word_target,120,0.023316553325754264
5721,sub35,ling_word_target,121,-0.04460223819357868
5722,sub35,ling_word_target,122,0.03596715235564831
5723,sub35,ling_word_target,123,-0.026771532344264333
5724,sub35,ling_word_target,124,-0.036674759569287375
5725,sub35,ling_word_target,125,0.047633002417766225
5726,sub35,ling_word_target,126,-0.02522548825788083
5727,sub35,ling_word_target,127,-0.009822393284581983
5728,sub35,ling_word_target,128,0.02790972103487152
5729,sub35,ling_word_target,129,0.021700502614729247
5730,sub35,ling_word_target,130,-0.03745598405159428
5731,sub35,ling_word_target,131,0.04058377840503133
5732,sub35,ling_word_target,132,-0.003740525056968969
5733,sub35,ling_word_target,133,0.034696696387879145
5734,sub35,ling_word_target,134,-0.019769116711958683
5735,sub35,ling_word_target,135,-0.018886144091570606
5736,sub35,ling_word_target,136,-0.0035737975171545567
5737,sub35,ling_word_target,137,0.023948324814028858
5738,sub35,ling_word_target,138,0.05452194033646225
5739,sub35,ling_word_target,139,-0.05358797077792382
5740,sub35,ling_word_target,140,-0.023948831593516642
5741,sub35,ling_word_target,141,-0.03587549661436257
5742,sub35,ling_word_target,142,0.07719527103784658
5743,sub35,ling_word_target,143,-0.000785056198404054
5744,sub35,ling_word_target,144,-0.009317952857803246
5745,sub35,ling_word_target,145,-0.04375931510707752
5746,sub35,ling_word_target,146,-0.032224836272500196
5747,sub35,ling_word_target,147,0.023458712817484878
5748,sub35,ling_word_target,148,0.043863851989924624
5749,sub35,ling_word_target,149,0.0022791068395672763
5750,sub35,ling_word_target,150,-0.00422396056585129
5751,sub35,ling_word_target,151,0.002921014418913583
5752,sub35,ling_word_target,152,0.12374127829670618
5753,sub35,ling_word_target,153,0.012430449070228344
5754,sub35,ling_word_target,154,0.021416705521296524
5755,sub35,ling_word_target,155,-0.06409869926618458
5756,sub35,ling_word_target,156,-0.037828631255131404
5757,sub35,ling_word_target,157,-0.07866162815369618
5758,sub35,ling_word_target,158,-0.007211024077105605
5759,sub35,ling_word_target,159,0.03479956113733035
5760,sub35,ling_word_target,160,0.02361536615819175
5761,sub35,ling_word_target,161,0.040630840914736184
5762,sub35,ling_word_target,162,-0.012743581684670496
5763,sub35,ling_word_target,163,0.0949993148836591
5764,sub35,ling_word_target,164,0.012288528479934155
5765,sub35,ling_word_target,165,-0.01130710020255414
5766,sub35,ling_word_target,166,0.0011395819794929628
5767,sub35,ling_word_target,167,-0.007487665030407755
5768,sub35,ling_word_target,168,-0.01500990602217557
5769,sub35,ling_word_target,169,-0.03222240214336375
5770,sub35,ling_word_target,170,0.029716322057486304
5771,sub35,ling_word_target,171,-0.00960886694654289
5772,sub35,ling_word_target,172,0.04787987784176992
5773,sub35,ling_word_target,173,-0.01605962599958804
5774,sub35,ling_word_target,174,-0.04136231937814146
5775,sub35,ling_word_target,175,-0.009812545874162358
5776,sub35,ling_word_target,176,0.04680085273463793
5777,sub35,ling_word_target,177,0.0023601228534494826
5778,sub35,ling_word_target,178,0.03390081946562109
5779,sub35,ling_word_target,179,0.07602308026725191
5780,sub35,ling_word_target,180,0.051770387344656714
5781,sub35,ling_word_target,181,-0.018070014773308222
5782,sub35,ling_word_target,182,-0.009642051958076459
5783,sub35,ling_word_target,183,-0.02546018609464147
5784,sub35,ling_word_target,184,-0.04720233860229413
5785,sub35,ling_word_target,185,-0.015349883172350592
5786,sub35,ling_word_target,186,0.016253586839084025
5787,sub35,ling_word_target,187,0.03036513440172288
5788,sub35,ling_word_target,188,-0.0406096061916235
5789,sub35,ling_word_target,189,0.012326073871616187
5790,sub35,ling_word_target,190,0.06041238103602311
5791,sub35,ling_word_target,191,0.03470713934845524
5792,sub35,ling_word_target,192,-0.0008528241894425842
5793,sub35,ling_word_target,193,0.02140440808277459
5794,sub35,ling_word_target,194,0.04780405834422045
5795,sub35,ling_word_target,195,0.018347301736784956
5796,sub35,ling_word_target,196,-0.04405209148933539
5797,sub35,ling_word_target,197,-0.02445305886323119
5798,sub35,ling_word_target,198,0.02317612966343069
5799,sub35,ling_word_target,199,-0.043372799656227146
5800,sub36,ling_word_target,0,0.04606425541734287
5801,sub36,ling_word_target,1,0.08839019740408804
5802,sub36,ling_word_target,2,0.04427305141649704
5803,sub36,ling_word_target,3,-0.04924961304019405
5804,sub36,ling_word_target,4,0.1307359306933785
5805,sub36,ling_word_target,5,0.013007036888886879
5806,sub36,ling_word_target,6,0.07218856685922434
5807,sub36,ling_word_target,7,0.029228078197698446
5808,sub36,ling_word_target,8,0.0462744507350255
5809,sub36,ling_word_target,9,0.053940079139049524
5810,sub36,ling_word_target,10,-0.004764312066254885
5811,sub36,ling_word_target,11,0.0034012670251812147
5812,sub36,ling_word_target,12,0.04028923465251354
5813,sub36,ling_word_target,13,0.11215353424533063
5814,sub36,ling_word_target,14,0.1158707895127658
5815,sub36,ling_word_target,15,-0.0474543820891903
5816,sub36,ling_word_target,16,-0.03357233668052612
5817,sub36,ling_word_target,17,0.08177085356820933
5818,sub36,ling_word_target,18,0.02481401540647555
5819,sub36,ling_word_target,19,-0.0227797042965043
5820,sub36,ling_word_target,20,0.17757420716618658
5821,sub36,ling_word_target,21,0.0441557050447539
5822,sub36,ling_word_target,22,-0.04923575158328643
5823,sub36,ling_word_target,23,0.03473043862238829
5824,sub36,ling_word_target,24,0.007181384205578969
5825,sub36,ling_word_target,25,0.13002510386955268
5826,sub36,ling_word_target,26,0.014667825333448375
5827,sub36,ling_word_target,27,-0.016613746699418855
5828,sub36,ling_word_target,28,-0.006737981952249232
5829,sub36,ling_word_target,29,0.012635530588948986
5830,sub36,ling_word_target,30,0.005699054296095234
5831,sub36,ling_word_target,31,-0.0854218702112203
5832,sub36,ling_word_target,32,0.02228645532762237
5833,sub36,ling_word_target,33,-0.030098227034938172
5834,sub36,ling_word_target,34,0.017870835939984592
5835,sub36,ling_word_target,35,0.0625959927181772
5836,sub36,ling_word_target,36,0.07493948202592353
5837,sub36,ling_word_target,37,0.2345334937386378
5838,sub36,ling_word_target,38,-0.08942455181941227
5839,sub36,ling_word_target,39,-0.11810703368487287
5840,sub36,ling_word_target,40,-0.005188064132528931
5841,sub36,ling_word_target,41,0.025129792321073513
5842,sub36,ling_word_target,42,0.037598454627165996
5843,sub36,ling_word_target,43,0.0017263606527190868
5844,sub36,ling_word_target,44,0.07577474046332927
5845,sub36,ling_word_target,45,-0.019199085943028323
5846,sub36,ling_word_target,46,-0.01810502014622264
5847,sub36,ling_word_target,47,-0.024002531196887292
5848,sub36,ling_word_target,48,0.06860588630142883
5849,sub36,ling_word_target,49,-0.035882526359667
5850,sub36,ling_word_target,50,-0.06074612453475841
5851,sub36,ling_word_target,51,-0.017147033360374812
5852,sub36,ling_word_target,52,-0.040632710372114994
5853,sub36,ling_word_target,53,0.014059803747766214
5854,sub36,ling_word_target,54,-0.10045182141609289
5855,sub36,ling_word_target,55,0.04379263958729445
5856,sub36,ling_word_target,56,0.026013394497059802
5857,sub36,ling_word_target,57,-0.018197166094148204
5858,sub36,ling_word_target,58,0.00735120033398864
5859,sub36,ling_word_target,59,-0.032253954469140485
5860,sub36,ling_word_target,60,-0.025154143241093465
5861,sub36,ling_word_target,61,0.006437453658601732
5862,sub36,ling_word_target,62,-0.03698042706258345
5863,sub36,ling_word_target,63,-0.038525268502222806
5864,sub36,ling_word_target,64,0.02110406504718949
5865,sub36,ling_word_target,65,0.15546605843634814
5866,sub36,ling_word_target,66,-0.0421100594063761
5867,sub36,ling_word_target,67,-0.011147600280450372
5868,sub36,ling_word_target,68,-0.00958052118253294
5869,sub36,ling_word_target,69,0.11465707168381373
5870,sub36,ling_word_target,70,0.022317258161859876
5871,sub36,ling_word_target,71,0.11760359545191565
5872,sub36,ling_word_target,72,0.02112864304095972
5873,sub36,ling_word_target,73,0.004783659658624384
5874,sub36,ling_word_target,74,0.030273545322936902
5875,sub36,ling_word_target,75,0.04761250554535848
5876,sub36,ling_word_target,76,0.11781357425659329
5877,sub36,ling_word_target,77,0.02707826924534915
5878,sub36,ling_word_target,78,0.07039725372853096
5879,sub36,ling_word_target,79,0.01676205185449858
5880,sub36,ling_word_target,80,0.009334891915869534
5881,sub36,ling_word_target,81,-0.06030447475453029
5882,sub36,ling_word_target,82,-0.02399462404615223
5883,sub36,ling_word_target,83,-0.08918550854633628
5884,sub36,ling_word_target,84,0.015490842444877374
5885,sub36,ling_word_target,85,0.03067767848320621
5886,sub36,ling_word_target,86,-0.07322832662335811
5887,sub36,ling_word_target,87,0.13277600642551238
5888,sub36,ling_word_target,88,-0.037510683418070255
5889,sub36,ling_word_target,89,-0.03893713400952421
5890,sub36,ling_word_target,90,-0.0073744984624457615
5891,sub36,ling_word_target,91,0.01587705324238291
5892,sub36,ling_word_target,92,0.08203146848716869
5893,sub36,ling_word_target,93,0.06921610013429652
5894,sub36,ling_word_target,94,0.04721158568173875
5895,sub36,ling_word_target,95,-0.0050694510226408
5896,sub36,ling_word_target,96,-0.14517734844376318
5897,sub36,ling_word_target,97,0.06300058219203435
5898,sub36,ling_word_target,98,-0.000995945717058751
5899,sub36,ling_word_target,99,0.04655439277087474
5900,sub36,ling_word_target,100,-0.024799503306649012
5901,sub36,ling_word_target,101,0.010135782981926552
5902,sub36,ling_word_target,102,0.04405781722077477
5903,sub36,ling_word_target,103,-0.0678377880372262
5904,sub36,ling_word_target,104,-0.03155152014840522
5905,sub36,ling_word_target,105,-0.04487880585024642
5906,sub36,ling_word_target,106,0.002646994378787995
5907,sub36,ling_word_target,107,0.013257544049661996
5908,sub36,ling_word_target,108,0.010150857005838534
5909,sub36,ling_word_target,109,0.05555350508525157
5910,sub36,ling_word_target,110,-0.015194975149860403
5911,sub36,ling_word_target,111,0.020288414549075835
5912,sub36,ling_word_target,112,0.04212880819027329
5913,sub36,ling_word_target,113,0.0660374190153522
5914,sub36,ling_word_target,114,-0.04599439238716043
5915,sub36,ling_word_target,115,0.021937861162956665
5916,sub36,ling_word_target,116,0.11132128040700838
5917,sub36,ling_word_target,117,-0.03707077563628263
5918,sub36,ling_word_target,118,-0.16730240205216285
5919,sub36,ling_word_target,119,0.0016580868586701341
5920,sub36,ling_word_target,120,-0.056965777924364795
5921,sub36,ling_word_target,121,0.04568848145840763
5922,sub36,ling_word_target,122,0.0731873653990983
5923,sub36,ling_word_target,123,0.04784249133955138
5924,sub36,ling_word_target,124,-0.01825824406594643
5925,sub36,ling_word_target,125,0.129894581581826
5926,sub36,ling_word_target,126,0.01618931736555083
5927,sub36,ling_word_target,127,-0.02825474731185867
5928,sub36,ling_word_target,128,0.10691099710728945
5929,sub36,ling_word_target,129,0.01817934551481954
5930,sub36,ling_word_target,130,-0.004530361062060702
5931,sub36,ling_word_target,131,-0.0017256998464135393
5932,sub36,ling_word_target,132,-0.10540211682885627
5933,sub36,ling_word_target,133,0.055720858322444604
5934,sub36,ling_word_target,134,-0.07682080768467
5935,sub36,ling_word_target,135,0.10199643040380448
5936,sub36,ling_word_target,136,-0.054544507360101184
5937,sub36,ling_word_target,137,0.021844948191099226
5938,sub36,ling_word_target,138,-0.04027662532786076
5939,sub36,ling_word_target,139,-0.010983277241047503
5940,sub36,ling_word_target,140,-0.009115131101834087
5941,sub36,ling_word_target,141,0.09815790435495297
5942,sub36,ling_word_target,142,-0.05437015587334238
5943,sub36,ling_word_target,143,-0.11215430369080544
5944,sub36,ling_word_target,144,0.023702680078000693
5945,sub36,ling_word_target,145,-0.14505937710790384
5946,sub36,ling_word_target,146,0.026825878092528295
5947,sub36,ling_word_target,147,-0.006027496011455453
5948,sub36,ling_word_target,148,0.03213996710488437
5949,sub36,ling_word_target,149,0.0001388289289475135
5950,sub36,ling_word_target,150,0.053379121973701364
5951,sub36,ling_word_target,151,0.019424767514747178
5952,sub36,ling_word_target,152,-0.030239783397276804
5953,sub36,ling_word_target,153,-0.03817399432483533
5954,sub36,ling_word_target,154,0.09088914078686017
5955,sub36,ling_word_target,155,0.014288551969661308
5956,sub36,ling_word_target,156,0.01767824227168665
5957,sub36,ling_word_target,157,0.11577392458903667
5958,sub36,ling_word_target,158,0.16442091610928697
5959,sub36,ling_word_target,159,0.021541919786242477
5960,sub36,ling_word_target,160,0.08486968594885735
5961,sub36,ling_word_target,161,0.0734645279595896
5962,sub36,ling_word_target,162,0.08182930066490246
5963,sub36,ling_word_target,163,0.02605255105826848
5964,sub36,ling_word_target,164,-0.0457139725073657
5965,sub36,ling_word_target,165,0.0012713732313147307
5966,sub36,ling_word_target,166,-0.04503570721165448
5967,sub36,ling_word_target,167,-0.0341870842509949
5968,sub36,ling_word_target,168,-0.017482809825344444
5969,sub36,ling_word_target,169,-0.12417654420602259
5970,sub36,ling_word_target,170,0.07696448369357624
5971,sub36,ling_word_target,171,-0.05138509897818795
5972,sub36,ling_word_target,172,-0.05398854854546888
5973,sub36,ling_word_target,173,0.013235300121980388
5974,sub36,ling_word_target,174,-0.023499123444170752
5975,sub36,ling_word_target,175,-0.12262101821313766
5976,sub36,ling_word_target,176,0.07182772382253103
5977,sub36,ling_word_target,177,0.058049533037567436
5978,sub36,ling_word_target,178,-0.021459838757454372
5979,sub36,ling_word_target,179,0.14103352235331065
5980,sub36,ling_word_target,180,0.006204422336267925
5981,sub36,ling_word_target,181,0.11458596353013126
5982,sub36,ling_word_target,182,0.12334170396659788
5983,sub36,ling_word_target,183,0.035273168818755356
5984,sub36,ling_word_target,184,0.017698008125740274
5985,sub36,ling_word_target,185,-0.02053627468999856
5986,sub36,ling_word_target,186,-0.02129348169661029
5987,sub36,ling_word_target,187,0.08209407639263099
5988,sub36,ling_word_target,188,-0.03192186657225484
5989,sub36,ling_word_target,189,0.07682489071619526
5990,sub36,ling_word_target,190,-0.06970426370750654
5991,sub36,ling_word_target,191,-0.0024833932283772286
5992,sub36,ling_word_target,192,0.1304566993535501
5993,sub36,ling_word_target,193,0.04801210691283579
5994,sub36,ling_word_target,194,0.13438017797247157
5995,sub36,ling_word_target,195,-0.006332594491068791
5996,sub36,ling_word_target,196,0.014671225694253722
5997,sub36,ling_word_target,197,0.08621797877285887
5998,sub36,ling_word_target,198,-0.005220268391031926
5999,sub36,ling_word_target,199,0.0065942414739447045
6000,sub37,ling_word_target,0,-0.03793217181317525
6001,sub37,ling_word_target,1,-0.057067920917958294
6002,sub37,ling_word_target,2,-0.008853543805444716
6003,sub37,ling_word_target,3,-0.09069657946674357
6004,sub37,ling_word_target,4,0.03831633247074356
6005,sub37,ling_word_target,5,0.029618049435118414
6006,sub37,ling_word_target,6,0.05520038317474698
6007,sub37,ling_word_target,7,0.05600990155627861
6008,sub37,ling_word_target,8,0.018816679539097866
6009,sub37,ling_word_target,9,0.09248408866203231
6010,sub37,ling_word_target,10,0.004578910236893131
6011,sub37,ling_word_target,11,-0.0005467498864989885
6012,sub37,ling_word_target,12,0.028195596512463523
6013,sub37,ling_word_target,13,0.1414185862361947
6014,sub37,ling_word_target,14,-0.05569405639651798
6015,sub37,ling_word_target,15,-0.010301530995588188
6016,sub37,ling_word_target,16,-0.048012266088000556
6017,sub37,ling_word_target,17,-0.05175113911401365
6018,sub37,ling_word_target,18,-0.023619110909007528
6019,sub37,ling_word_target,19,-0.041194312595851705
6020,sub37,ling_word_target,20,-0.04373043159849906
6021,sub37,ling_word_target,21,0.037690923169697035
6022,sub37,ling_word_target,22,-0.02084764010257059
6023,sub37,ling_word_target,23,-0.006742666422616985
6024,sub37,ling_word_target,24,0.020008921664553266
6025,sub37,ling_word_target,25,0.010688975764901106
6026,sub37,ling_word_target,26,0.053210301294943876
6027,sub37,ling_word_target,27,-0.053444843631870624
6028,sub37,ling_word_target,28,0.02578687945374432
6029,sub37,ling_word_target,29,-0.07761025827175423
6030,sub37,ling_word_target,30,-0.02055253479749823
6031,sub37,ling_word_target,31,0.057739746780283846
6032,sub37,ling_word_target,32,-0.07808511421350368
6033,sub37,ling_word_target,33,-0.03605581062358249
6034,sub37,ling_word_target,34,-0.0114425271047791
6035,sub37,ling_word_target,35,0.011462494090055682
6036,sub37,ling_word_target,36,0.16181997034397497
6037,sub37,ling_word_target,37,0.1141192066892066
6038,sub37,ling_word_target,38,0.10378256840002768
6039,sub37,ling_word_target,39,0.013516093409528983
6040,sub37,ling_word_target,40,-0.062378102478536174
6041,sub37,ling_word_target,41,-0.02289261989744236
6042,sub37,ling_word_target,42,-0.018712615040025693
6043,sub37,ling_word_target,43,0.026883620011231648
6044,sub37,ling_word_target,44,0.04571317453228237
6045,sub37,ling_word_target,45,-0.07563213753940896
6046,sub37,ling_word_target,46,0.00465288496385306
6047,sub37,ling_word_target,47,0.006421209185758792
6048,sub37,ling_word_target,48,-0.05715035644056806
6049,sub37,ling_word_target,49,-0.06203443383716363
6050,sub37,ling_word_target,50,-0.059849923288876866
6051,sub37,ling_word_target,51,0.018463924576082286
6052,sub37,ling_word_target,52,-0.013175180358394403
6053,sub37,ling_word_target,53,0.027866938872891024
6054,sub37,ling_word_target,54,0.01635043283259797
6055,sub37,ling_word_target,55,0.03789787304786123
6056,sub37,ling_word_target,56,-0.045813217807166524
6057,sub37,ling_word_target,57,0.01895568135167778
6058,sub37,ling_word_target,58,-0.03312634952750529
6059,sub37,ling_word_target,59,-0.037583541325283965
6060,sub37,ling_word_target,60,-0.012284919571943418
6061,sub37,ling_word_target,61,-0.05678713489121814
6062,sub37,ling_word_target,62,0.030082674398836187
6063,sub37,ling_word_target,63,0.04485253238312051
6064,sub37,ling_word_target,64,0.023038178992440306
6065,sub37,ling_word_target,65,0.05900731359329766
6066,sub37,ling_word_target,66,0.0424408429823005
6067,sub37,ling_word_target,67,0.012851230681214175
6068,sub37,ling_word_target,68,0.04219735660886538
6069,sub37,ling_word_target,69,-0.0050340520420036295
6070,sub37,ling_word_target,70,-0.04728956370943175
6071,sub37,ling_word_target,71,0.011470964419647654
6072,sub37,ling_word_target,72,-0.02463592014058355
6073,sub37,ling_word_target,73,0.09990578201416336
6074,sub37,ling_word_target,74,0.015029767585836079
6075,sub37,ling_word_target,75,0.029112613939454184
6076,sub37,ling_word_target,76,0.010480140476857806
6077,sub37,ling_word_target,77,0.05857016179039091
6078,sub37,ling_word_target,78,0.05082758456833619
6079,sub37,ling_word_target,79,0.0790720673671897
6080,sub37,ling_word_target,80,-0.03235121954370387
6081,sub37,ling_word_target,81,-0.07903049481786387
6082,sub37,ling_word_target,82,-0.03189999284733896
6083,sub37,ling_word_target,83,0.05002967505938741
6084,sub37,ling_word_target,84,-0.056655647430893186
6085,sub37,ling_word_target,85,0.057497829244483885
6086,sub37,ling_word_target,86,0.06283147959960113
6087,sub37,ling_word_target,87,0.0606638531757388
6088,sub37,ling_word_target,88,-0.059224565057759644
6089,sub37,ling_word_target,89,0.015987760141435863
6090,sub37,ling_word_target,90,0.015141968052183687
6091,sub37,ling_word_target,91,-0.015898734427034534
6092,sub37,ling_word_target,92,0.0004906934678677332
6093,sub37,ling_word_target,93,0.08200659071113311
6094,sub37,ling_word_target,94,0.024588610715102908
6095,sub37,ling_word_target,95,0.04792478186405892
6096,sub37,ling_word_target,96,0.010099991703745228
6097,sub37,ling_word_target,97,-0.030226484284406822
6098,sub37,ling_word_target,98,0.01946610949420903
6099,sub37,ling_word_target,99,0.013930297190364198
6100,sub37,ling_word_target,100,0.004547221911050707
6101,sub37,ling_word_target,101,-0.03934965169785715
6102,sub37,ling_word_target,102,0.0642056730330873
6103,sub37,ling_word_target,103,-0.01156923964342055
6104,sub37,ling_word_target,104,0.04267565014729663
6105,sub37,ling_word_target,105,-0.06683954181614271
6106,sub37,ling_word_target,106,0.041194792248163456
6107,sub37,ling_word_target,107,-0.001974852876894066
6108,sub37,ling_word_target,108,0.02745695152952081
6109,sub37,ling_word_target,109,0.043039959430387076
6110,sub37,ling_word_target,110,-0.08738466664344463
6111,sub37,ling_word_target,111,0.0378364020604222
6112,sub37,ling_word_target,112,0.031592649009266324
6113,sub37,ling_word_target,113,-0.015646987358957934
6114,sub37,ling_word_target,114,-0.02933018669538539
6115,sub37,ling_word_target,115,0.01772476251933788
6116,sub37,ling_word_target,116,0.022883619337370202
6117,sub37,ling_word_target,117,-0.0260789626494163
6118,sub37,ling_word_target,118,-0.04364294832764394
6119,sub37,ling_word_target,119,-0.03726882547604961
6120,sub37,ling_word_target,120,-0.05339891677498145
6121,sub37,ling_word_target,121,-0.05979237935478918
6122,sub37,ling_word_target,122,0.07347399789165283
6123,sub37,ling_word_target,123,-0.014446087968595044
6124,sub37,ling_word_target,124,-0.06924603546488373
6125,sub37,ling_word_target,125,-0.024597459511631958
6126,sub37,ling_word_target,126,0.05595897854785743
6127,sub37,ling_word_target,127,-0.035276293346604815
6128,sub37,ling_word_target,128,0.056937320704906966
6129,sub37,ling_word_target,129,-0.027701870847176957
6130,sub37,ling_word_target,130,-0.021057891863518485
6131,sub37,ling_word_target,131,0.03577238536313973
6132,sub37,ling_word_target,132,0.007053118696104797
6133,sub37,ling_word_target,133,0.08420601022373822
6134,sub37,ling_word_target,134,0.09618560456097239
6135,sub37,ling_word_target,135,0.023681566042054843
6136,sub37,ling_word_target,136,0.028979985725004542
6137,sub37,ling_word_target,137,-0.010148658095167417
6138,sub37,ling_word_target,138,-0.0045141283555128146
6139,sub37,ling_word_target,139,0.0256497581761561
6140,sub37,ling_word_target,140,-0.0006494994611590232
6141,sub37,ling_word_target,141,-0.002174749444515929
6142,sub37,ling_word_target,142,-0.054297479290579015
6143,sub37,ling_word_target,143,-0.004119004323099403
6144,sub37,ling_word_target,144,-0.030674537972960745
6145,sub37,ling_word_target,145,0.0037071178316091013
6146,sub37,ling_word_target,146,-0.09552544774680846
6147,sub37,ling_word_target,147,-0.0023587385175560895
6148,sub37,ling_word_target,148,0.010448875865224076
6149,sub37,ling_word_target,149,0.02124306566010133
6150,sub37,ling_word_target,150,-0.016511157129838496
6151,sub37,ling_word_target,151,-0.06949200754999536
6152,sub37,ling_word_target,152,0.023122888269008147
6153,sub37,ling_word_target,153,-0.004643179056793687
6154,sub37,ling_word_target,154,-0.010019722788245117
6155,sub37,ling_word_target,155,0.01239069896462081
6156,sub37,ling_word_target,156,0.04120475727165501
6157,sub37,ling_word_target,157,0.020940852050250366
6158,sub37,ling_word_target,158,-0.04932463252439448
6159,sub37,ling_word_target,159,-0.08946928823072361
6160,sub37,ling_word_target,160,0.056261559200418296
6161,sub37,ling_word_target,161,0.0424908178824481
6162,sub37,ling_word_target,162,-0.05003887646087037
6163,sub37,ling_word_target,163,-0.0249279237092601
6164,sub37,ling_word_target,164,0.03813154344630643
6165,sub37,ling_word_target,165,0.011780114119896774
6166,sub37,ling_word_target,166,-0.045632692383412325
6167,sub37,ling_word_target,167,-0.05426492467075602
6168,sub37,ling_word_target,168,0.034786086483218466
6169,sub37,ling_word_target,169,0.046026107215460965
6170,sub37,ling_word_target,170,0.055066042657772415
6171,sub37,ling_word_target,171,0.021447149573067172
6172,sub37,ling_word_target,172,-0.04709843721879449
6173,sub37,ling_word_target,173,0.00891213867342835
6174,sub37,ling_word_target,174,-0.06854349129353983
6175,sub37,ling_word_target,175,0.006592615366934077
6176,sub37,ling_word_target,176,0.07030100707851257
6177,sub37,ling_word_target,177,0.0045683481446277055
6178,sub37,ling_word_target,178,0.007400437150526041
6179,sub37,ling_word_target,179,0.07617087251069425
6180,sub37,ling_word_target,180,-0.009982684766303
6181,sub37,ling_word_target,181,-0.0008363961242963475
6182,sub37,ling_word_target,182,0.07240468705312048
6183,sub37,ling_word_target,183,-0.058512545027726855
6184,sub37,ling_word_target,184,0.050641221787800485
6185,sub37,ling_word_target,185,0.0013593466416556156
6186,sub37,ling_word_target,186,-0.0028116465013672365
6187,sub37,ling_word_target,187,0.04021603240173823
6188,sub37,ling_word_target,188,-0.005449799291261989
6189,sub37,ling_word_target,189,0.021207924234257727
6190,sub37,ling_word_target,190,-0.04768023936844291
6191,sub37,ling_word_target,191,0.09694082456915291
6192,sub37,ling_word_target,192,0.02272289962420965
6193,sub37,ling_word_target,193,0.020321019270668574
6194,sub37,ling_word_target,194,0.02359798306843195
6195,sub37,ling_word_target,195,-0.03145874648621758
6196,sub37,ling_word_target,196,-0.07597641611319558
6197,sub37,ling_word_target,197,-0.07089525810912622
6198,sub37,ling_word_target,198,-0.095091404208882
6199,sub37,ling_word_target,199,0.06487111433793802
6200,sub38,ling_word_target,0,-0.023782668506742172
6201,sub38,ling_word_target,1,0.02625000414371366
6202,sub38,ling_word_target,2,0.07716267076817053
6203,sub38,ling_word_target,3,-0.08934412237805431
6204,sub38,ling_word_target,4,0.07671019489342808
6205,sub38,ling_word_target,5,-0.08613253817466464
6206,sub38,ling_word_target,6,0.042703835560998965
6207,sub38,ling_word_target,7,0.05604841640949631
6208,sub38,ling_word_target,8,-0.036908769673271544
6209,sub38,ling_word_target,9,-0.09287325966323369
6210,sub38,ling_word_target,10,0.07239847007046968
6211,sub38,ling_word_target,11,-0.06502155886208529
6212,sub38,ling_word_target,12,-0.010517247895743336
6213,sub38,ling_word_target,13,0.05559202610507684
6214,sub38,ling_word_target,14,0.06173876064547441
6215,sub38,ling_word_target,15,0.044128462361501974
6216,sub38,ling_word_target,16,-0.05139717069265181
6217,sub38,ling_word_target,17,0.06257942623687443
6218,sub38,ling_word_target,18,0.027646745280396685
6219,sub38,ling_word_target,19,0.021811097974062603
6220,sub38,ling_word_target,20,0.12768497934524267
6221,sub38,ling_word_target,21,0.08741989273074711
6222,sub38,ling_word_target,22,0.023159652505449844
6223,sub38,ling_word_target,23,-0.012907447562016039
6224,sub38,ling_word_target,24,-0.007010113457205522
6225,sub38,ling_word_target,25,0.017964261545071483
6226,sub38,ling_word_target,26,-0.06801391904405837
6227,sub38,ling_word_target,27,-0.03611510640840831
6228,sub38,ling_word_target,28,0.07706129236071851
6229,sub38,ling_word_target,29,0.014547862513926478
6230,sub38,ling_word_target,30,0.026153211050980965
6231,sub38,ling_word_target,31,0.0018837507230611361
6232,sub38,ling_word_target,32,-0.02311707197318641
6233,sub38,ling_word_target,33,-0.021638644046817104
6234,sub38,ling_word_target,34,0.028097470193770447
6235,sub38,ling_word_target,35,-0.0001662772056907397
6236,sub38,ling_word_target,36,-0.03185056069969349
6237,sub38,ling_word_target,37,-0.0035826511737952855
6238,sub38,ling_word_target,38,0.014878621087685586
6239,sub38,ling_word_target,39,-0.06353310857804517
6240,sub38,ling_word_target,40,-0.0744230530219078
6241,sub38,ling_word_target,41,0.0381502806019157
6242,sub38,ling_word_target,42,0.009616905806623567
6243,sub38,ling_word_target,43,-0.04187020610866037
6244,sub38,ling_word_target,44,0.011444539240135049
6245,sub38,ling_word_target,45,0.08157342059954914
6246,sub38,ling_word_target,46,0.10275718678607704
6247,sub38,ling_word_target,47,-0.05743485757463406
6248,sub38,ling_word_target,48,-0.06754835092361142
6249,sub38,ling_word_target,49,-0.048006576526733076
6250,sub38,ling_word_target,50,-0.028860437960809757
6251,sub38,ling_word_target,51,0.04697936816972367
6252,sub38,ling_word_target,52,-0.03675304384600278
6253,sub38,ling_word_target,53,0.035941496717226094
6254,sub38,ling_word_target,54,-0.07099925561362766
6255,sub38,ling_word_target,55,0.05040643127493649
6256,sub38,ling_word_target,56,0.003869251980762265
6257,sub38,ling_word_target,57,-0.02859793751580877
6258,sub38,ling_word_target,58,-0.020343817978071364
6259,sub38,ling_word_target,59,0.06349680255997643
6260,sub38,ling_word_target,60,-0.031992078613955074
6261,sub38,ling_word_target,61,-0.03778360179352773
6262,sub38,ling_word_target,62,-0.05272557551862421
6263,sub38,ling_word_target,63,0.006698981993433533
6264,sub38,ling_word_target,64,-0.0038796369073237085
6265,sub38,ling_word_target,65,-0.04586023749409556
6266,sub38,ling_word_target,66,-0.03340404602206075
6267,sub38,ling_word_target,67,0.01635336472805313
6268,sub38,ling_word_target,68,0.06314197997905478
6269,sub38,ling_word_target,69,0.04098614849544981
6270,sub38,ling_word_target,70,-0.10990506848328618
6271,sub38,ling_word_target,71,0.059400838454090485
6272,sub38,ling_word_target,72,0.00018834631572269242
6273,sub38,ling_word_target,73,-0.020480044885606032
6274,sub38,ling_word_target,74,-0.05029548221441751
6275,sub38,ling_word_target,75,0.0064229950289757245
6276,sub38,ling_word_target,76,0.003213551452409681
6277,sub38,ling_word_target,77,0.01728934303760946
6278,sub38,ling_word_target,78,-0.031823256606726864
6279,sub38,ling_word_target,79,0.04659073598964117
6280,sub38,ling_word_target,80,-0.13212398421644075
6281,sub38,ling_word_target,81,0.011934850123351404
6282,sub38,ling_word_target,82,-0.01793607132288587
6283,sub38,ling_word_target,83,-0.05428277769124483
6284,sub38,ling_word_target,84,-0.013784948240504108
6285,sub38,ling_word_target,85,0.0029284807168973295
6286,sub38,ling_word_target,86,0.07863318042668858
6287,sub38,ling_word_target,87,0.03486153548557567
6288,sub38,ling_word_target,88,0.03891425693423303
6289,sub38,ling_word_target,89,0.020198520983731868
6290,sub38,ling_word_target,90,-0.08076041087967298
6291,sub38,ling_word_target,91,-0.019592226615784053
6292,sub38,ling_word_target,92,0.039736634487635626
6293,sub38,ling_word_target,93,-0.0037574932385137
6294,sub38,ling_word_target,94,0.010514698092780956
6295,sub38,ling_word_target,95,0.035358412323626034
6296,sub38,ling_word_target,96,-0.03017056736804702
6297,sub38,ling_word_target,97,0.05826295357300688
6298,sub38,ling_word_target,98,0.06707695482056879
6299,sub38,ling_word_target,99,-0.018326895557148348
6300,sub38,ling_word_target,100,-0.028732891980900326
6301,sub38,ling_word_target,101,-0.05839524221807133
6302,sub38,ling_word_target,102,0.05023975682857123
6303,sub38,ling_word_target,103,-0.01710561091411488
6304,sub38,ling_word_target,104,0.024559661224876187
6305,sub38,ling_word_target,105,0.14369054355165714
6306,sub38,ling_word_target,106,-0.04634876872052951
6307,sub38,ling_word_target,107,0.023498581535847676
6308,sub38,ling_word_target,108,0.016735424606269596
6309,sub38,ling_word_target,109,-0.00783480634989336
6310,sub38,ling_word_target,110,0.06830201140127906
6311,sub38,ling_word_target,111,0.00419840239833738
6312,sub38,ling_word_target,112,0.06371749591618431
6313,sub38,ling_word_target,113,-0.0072064815600703415
6314,sub38,ling_word_target,114,0.10200430183554024
6315,sub38,ling_word_target,115,-0.01829163053166585
6316,sub38,ling_word_target,116,0.03606268416395306
6317,sub38,ling_word_target,117,0.0023441540742097995
6318,sub38,ling_word_target,118,-0.011131124133942268
6319,sub38,ling_word_target,119,0.07863149287847494
6320,sub38,ling_word_target,120,-0.062064079334851044
6321,sub38,ling_word_target,121,0.0250150891257108
6322,sub38,ling_word_target,122,0.04689434001797578
6323,sub38,ling_word_target,123,0.0873483203392655
6324,sub38,ling_word_target,124,0.03909474289255191
6325,sub38,ling_word_target,125,0.022202364910859574
6326,sub38,ling_word_target,126,0.00804820253380561
6327,sub38,ling_word_target,127,-0.04288114104305161
6328,sub38,ling_word_target,128,0.04021949364551893
6329,sub38,ling_word_target,129,0.0156278430311247
6330,sub38,ling_word_target,130,-0.0638995861528004
6331,sub38,ling_word_target,131,0.07620339907638639
6332,sub38,ling_word_target,132,-0.054275554213865394
6333,sub38,ling_word_target,133,-0.03304856434371149
6334,sub38,ling_word_target,134,-0.005429003303828225
6335,sub38,ling_word_target,135,0.003737284553405135
6336,sub38,ling_word_target,136,-0.03034100035332683
6337,sub38,ling_word_target,137,-0.01072713374094257
6338,sub38,ling_word_target,138,-0.0638185857506967
6339,sub38,ling_word_target,139,-0.003137877918234184
6340,sub38,ling_word_target,140,-0.014420504520416759
6341,sub38,ling_word_target,141,-0.016441907233512694
6342,sub38,ling_word_target,142,-0.06720526253514564
6343,sub38,ling_word_target,143,0.007482712056717591
6344,sub38,ling_word_target,144,-0.007109799921877764
6345,sub38,ling_word_target,145,0.030593167955415224
6346,sub38,ling_word_target,146,0.004966439889338883
6347,sub38,ling_word_target,147,-0.041018491752253194
6348,sub38,ling_word_target,148,0.03261041222320357
6349,sub38,ling_word_target,149,-0.0016089435737433923
6350,sub38,ling_word_target,150,0.01796462003291108
6351,sub38,ling_word_target,151,-0.0980098326908919
6352,sub38,ling_word_target,152,-0.02169994142314993
6353,sub38,ling_word_target,153,-0.01923093473987358
6354,sub38,ling_word_target,154,0.056428948356123415
6355,sub38,ling_word_target,155,-0.03337082074419863
6356,sub38,ling_word_target,156,0.015957498093036322
6357,sub38,ling_word_target,157,0.007497714366532171
6358,sub38,ling_word_target,158,-0.02582186444030667
6359,sub38,ling_word_target,159,0.02146656617199199
6360,sub38,ling_word_target,160,-0.023871289884072708
6361,sub38,ling_word_target,161,-0.024572884022270227
6362,sub38,ling_word_target,162,-0.04912268861521489
6363,sub38,ling_word_target,163,0.020223421687733417
6364,sub38,ling_word_target,164,-0.040180325345981344
6365,sub38,ling_word_target,165,0.01805436021193926
6366,sub38,ling_word_target,166,0.05731884721803345
6367,sub38,ling_word_target,167,-0.03969574344814366
6368,sub38,ling_word_target,168,-0.025631009928586006
6369,sub38,ling_word_target,169,-0.0649515854535669
6370,sub38,ling_word_target,170,-0.05377182060360221
6371,sub38,ling_word_target,171,-0.0883868083948372
6372,sub38,ling_word_target,172,-0.021248232798614496
6373,sub38,ling_word_target,173,0.025263356276519492
6374,sub38,ling_word_target,174,0.010331829968501896
6375,sub38,ling_word_target,175,0.0673812573071087
6376,sub38,ling_word_target,176,-0.058181887683702166
6377,sub38,ling_word_target,177,-0.013118607419036853
6378,sub38,ling_word_target,178,-0.03241437657758081
6379,sub38,ling_word_target,179,0.02120916492549167
6380,sub38,ling_word_target,180,-0.003396651404184662
6381,sub38,ling_word_target,181,0.05180855359527131
6382,sub38,ling_word_target,182,0.046983997846257806
6383,sub38,ling_word_target,183,0.003465050045735938
6384,sub38,ling_word_target,184,0.08878282534395603
6385,sub38,ling_word_target,185,0.0531984274490305
6386,sub38,ling_word_target,186,0.015349678513404446
6387,sub38,ling_word_target,187,0.08801726278980929
6388,sub38,ling_word_target,188,-0.03360116168959984
6389,sub38,ling_word_target,189,-0.021180721986591523
6390,sub38,ling_word_target,190,-0.038574081061906185
6391,sub38,ling_word_target,191,0.04468584354888095
6392,sub38,ling_word_target,192,-0.025155586627033925
6393,sub38,ling_word_target,193,0.0005721633937635842
6394,sub38,ling_word_target,194,-0.026690679315188457
6395,sub38,ling_word_target,195,0.1304513789313275
6396,sub38,ling_word_target,196,-0.005987490978468014
6397,sub38,ling_word_target,197,-0.016262589835414384
6398,sub38,ling_word_target,198,0.02880362393532616
6399,sub38,ling_word_target,199,0.035773032609697004
6400,sub39,ling_word_target,0,0.04533953004098116
6401,sub39,ling_word_target,1,0.06539019476464011
6402,sub39,ling_word_target,2,-0.0043261839230528485
6403,sub39,ling_word_target,3,-0.032210760270967594
6404,sub39,ling_word_target,4,-0.06583832137600552
6405,sub39,ling_word_target,5,0.014199134431780846
6406,sub39,ling_word_target,6,-0.06719494106434452
6407,sub39,ling_word_target,7,-0.009315250496354864
6408,sub39,ling_word_target,8,-0.022308984470740707
6409,sub39,ling_word_target,9,0.013425637702325225
6410,sub39,ling_word_target,10,0.07005589092502443
6411,sub39,ling_word_target,11,0.07372820396375991
6412,sub39,ling_word_target,12,-0.02340965602121981
6413,sub39,ling_word_target,13,-0.023678544065445624
6414,sub39,ling_word_target,14,-0.023872117497419514
6415,sub39,ling_word_target,15,0.0052885657178768095
6416,sub39,ling_word_target,16,-0.0013305343598002972
6417,sub39,ling_word_target,17,0.029378410636263383
6418,sub39,ling_word_target,18,0.0046686361382579054
6419,sub39,ling_word_target,19,-0.060991341093362204
6420,sub39,ling_word_target,20,0.030619937826076464
6421,sub39,ling_word_target,21,0.020801211093648755
6422,sub39,ling_word_target,22,0.08451020605714098
6423,sub39,ling_word_target,23,-0.03505565088639396
6424,sub39,ling_word_target,24,-0.022923375648512496
6425,sub39,ling_word_target,25,-0.05905929848730637
6426,sub39,ling_word_target,26,-0.0009928144073210832
6427,sub39,ling_word_target,27,0.10437784218706746
6428,sub39,ling_word_target,28,-0.012574218317408892
6429,sub39,ling_word_target,29,-0.0037799309595452674
6430,sub39,ling_word_target,30,0.0399454531505773
6431,sub39,ling_word_target,31,-0.012820800968390672
6432,sub39,ling_word_target,32,0.0011506989372647056
6433,sub39,ling_word_target,33,0.04436868663774233
6434,sub39,ling_word_target,34,0.0017197870758719638
6435,sub39,ling_word_target,35,0.01652974596517454
6436,sub39,ling_word_target,36,-0.006773374399811773
6437,sub39,ling_word_target,37,-0.07027774212322654
6438,sub39,ling_word_target,38,0.050073180192836554
6439,sub39,ling_word_target,39,-0.011097109786411891
6440,sub39,ling_word_target,40,-0.013180062501254657
6441,sub39,ling_word_target,41,-0.0034809508166552816
6442,sub39,ling_word_target,42,-0.04171397178218361
6443,sub39,ling_word_target,43,0.09422305824861268
6444,sub39,ling_word_target,44,-0.04290995909600145
6445,sub39,ling_word_target,45,0.0026764946170632947
6446,sub39,ling_word_target,46,0.03146780957983359
6447,sub39,ling_word_target,47,-0.018285577413150598
6448,sub39,ling_word_target,48,-0.048558543247531935
6449,sub39,ling_word_target,49,-0.02622541843234271
6450,sub39,ling_word_target,50,-0.03216734065177918
6451,sub39,ling_word_target,51,0.0014260368371029346
6452,sub39,ling_word_target,52,-0.038510757863426254
6453,sub39,ling_word_target,53,-0.049552668163525826
6454,sub39,ling_word_target,54,0.022439751750707417
6455,sub39,ling_word_target,55,0.08211067054204103
6456,sub39,ling_word_target,56,0.022756840983264207
6457,sub39,ling_word_target,57,0.029810705993123188
6458,sub39,ling_word_target,58,-0.06795854060398937
6459,sub39,ling_word_target,59,-0.02542536705988094
6460,sub39,ling_word_target,60,-0.006889204050922256
6461,sub39,ling_word_target,61,0.01613590203247567
6462,sub39,ling_word_target,62,-0.009218939735800047
6463,sub39,ling_word_target,63,-0.06340150862135695
6464,sub39,ling_word_target,64,-0.013530301586125835
6465,sub39,ling_word_target,65,0.00047678207285276915
6466,sub39,ling_word_target,66,-0.031513955692350215
6467,sub39,ling_word_target,67,-0.039808910606874866
6468,sub39,ling_word_target,68,-0.10380532006854563
6469,sub39,ling_word_target,69,0.025586480458759085
6470,sub39,ling_word_target,70,0.008002155307756364
6471,sub39,ling_word_target,71,0.03881616941994422
6472,sub39,ling_word_target,72,0.12069499191592874
6473,sub39,ling_word_target,73,0.02402939264804055
6474,sub39,ling_word_target,74,0.01808613348462504
6475,sub39,ling_word_target,75,-0.0921236645108347
6476,sub39,ling_word_target,76,-0.019516717341355114
6477,sub39,ling_word_target,77,-0.01918929586107617
6478,sub39,ling_word_target,78,-0.015076176342921403
6479,sub39,ling_word_target,79,0.0019233019279742245
6480,sub39,ling_word_target,80,0.05450549600613771
6481,sub39,ling_word_target,81,-0.048251686174112275
6482,sub39,ling_word_target,82,-0.047758290312754345
6483,sub39,ling_word_target,83,-0.026732939724551135
6484,sub39,ling_word_target,84,0.04842469372536744
6485,sub39,ling_word_target,85,0.031256504502500386
6486,sub39,ling_word_target,86,-0.012693627310919756
6487,sub39,ling_word_target,87,-0.01712324400214376
6488,sub39,ling_word_target,88,0.03791115317102719
6489,sub39,ling_word_target,89,-0.024557348992050074
6490,sub39,ling_word_target,90,0.022970442921291686
6491,sub39,ling_word_target,91,-0.055619715338087176
6492,sub39,ling_word_target,92,-0.0012045452017555953
6493,sub39,ling_word_target,93,-0.020414551447618837
6494,sub39,ling_word_target,94,0.0059681478880315
6495,sub39,ling_word_target,95,-0.046579606430840484
6496,sub39,ling_word_target,96,0.022052558570926462
6497,sub39,ling_word_target,97,-0.09307737272698978
6498,sub39,ling_word_target,98,-0.03562278331060142
6499,sub39,ling_word_target,99,-0.004894084954820388
6500,sub39,ling_word_target,100,0.016086815758666825
6501,sub39,ling_word_target,101,0.04412564138875213
6502,sub39,ling_word_target,102,0.027497908122592205
6503,sub39,ling_word_target,103,0.06074435579738404
6504,sub39,ling_word_target,104,-0.05259957788855259
6505,sub39,ling_word_target,105,0.04074620478080262
6506,sub39,ling_word_target,106,0.02754420724101319
6507,sub39,ling_word_target,107,0.0010769659461559134
6508,sub39,ling_word_target,108,-0.0653318661331559
6509,sub39,ling_word_target,109,-0.03527057606992394
6510,sub39,ling_word_target,110,0.02860197262381198
6511,sub39,ling_word_target,111,0.017499969092779934
6512,sub39,ling_word_target,112,0.035679939305104096
6513,sub39,ling_word_target,113,0.055142677095316485
6514,sub39,ling_word_target,114,0.06514208701578857
6515,sub39,ling_word_target,115,0.024068876155453427
6516,sub39,ling_word_target,116,0.013012131658830426
6517,sub39,ling_word_target,117,-0.0903221010370484
6518,sub39,ling_word_target,118,0.020427536958882473
6519,sub39,ling_word_target,119,-0.06734605510715148
6520,sub39,ling_word_target,120,-0.009964077647221275
6521,sub39,ling_word_target,121,0.01042643409922206
6522,sub39,ling_word_target,122,-0.04605420816138529
6523,sub39,ling_word_target,123,-0.03692295689421558
6524,sub39,ling_word_target,124,0.008988409809302808
6525,sub39,ling_word_target,125,-0.04929272329116969
6526,sub39,ling_word_target,126,-0.19826418320451158
6527,sub39,ling_word_target,127,0.032028493790144344
6528,sub39,ling_word_target,128,-0.05949234403885964
6529,sub39,ling_word_target,129,-0.030864386254650943
6530,sub39,ling_word_target,130,0.02846613907831758
6531,sub39,ling_word_target,131,0.05974342943687539
6532,sub39,ling_word_target,132,0.0076560292430246256
6533,sub39,ling_word_target,133,0.025728782072528728
6534,sub39,ling_word_target,134,0.08392735792154951
6535,sub39,ling_word_target,135,0.03008928371358236
6536,sub39,ling_word_target,136,0.07760918041821654
6537,sub39,ling_word_target,137,0.037325687293934165
6538,sub39,ling_word_target,138,0.043824512691860974
6539,sub39,ling_word_target,139,0.005949252053409531
6540,sub39,ling_word_target,140,0.031246739824884052
6541,sub39,ling_word_target,141,0.040876436825005955
6542,sub39,ling_word_target,142,0.047125748582074446
6543,sub39,ling_word_target,143,-0.0434059986211956
6544,sub39,ling_word_target,144,-0.0032011204454906986
6545,sub39,ling_word_target,145,-0.012444030457276196
6546,sub39,ling_word_target,146,-0.06912786271980277
6547,sub39,ling_word_target,147,0.013551016123202354
6548,sub39,ling_word_target,148,-0.0069062072413673785
6549,sub39,ling_word_target,149,-0.043453538964609344
6550,sub39,ling_word_target,150,0.011939407146884056
6551,sub39,ling_word_target,151,-0.010856201030554928
6552,sub39,ling_word_target,152,-0.060347402537325505
6553,sub39,ling_word_target,153,-0.0448534513283084
6554,sub39,ling_word_target,154,-0.014993709766524877
6555,sub39,ling_word_target,155,0.04058032705850333
6556,sub39,ling_word_target,156,-0.008758311571837778
6557,sub39,ling_word_target,157,0.002690357721236286
6558,sub39,ling_word_target,158,-0.013740254424965383
6559,sub39,ling_word_target,159,-0.026518498610547402
6560,sub39,ling_word_target,160,0.031474244159138666
6561,sub39,ling_word_target,161,0.05237756534437364
6562,sub39,ling_word_target,162,-0.0040436684071130675
6563,sub39,ling_word_target,163,0.026252170960549978
6564,sub39,ling_word_target,164,0.03415980681337476
6565,sub39,ling_word_target,165,-0.004325400989019028
6566,sub39,ling_word_target,166,0.02764948652039838
6567,sub39,ling_word_target,167,-0.014227569332535904
6568,sub39,ling_word_target,168,0.039630779619184583
6569,sub39,ling_word_target,169,0.00822585070504885
6570,sub39,ling_word_target,170,0.07664511224544956
6571,sub39,ling_word_target,171,0.028454728538705353
6572,sub39,ling_word_target,172,-3.8090093360714155e-05
6573,sub39,ling_word_target,173,-0.013020908178066332
6574,sub39,ling_word_target,174,-0.0132988936461533
6575,sub39,ling_word_target,175,-0.010045817216315948
6576,sub39,ling_word_target,176,-0.018360524411367145
6577,sub39,ling_word_target,177,-0.017120843429381985
6578,sub39,ling_word_target,178,-0.03257594476710729
6579,sub39,ling_word_target,179,-0.08068352451504635
6580,sub39,ling_word_target,180,-0.0314614196026921
6581,sub39,ling_word_target,181,-0.048808965236661776
6582,sub39,ling_word_target,182,0.043903914279201636
6583,sub39,ling_word_target,183,0.008403308149190237
6584,sub39,ling_word_target,184,0.012319330978237944
6585,sub39,ling_word_target,185,0.02964373521741096
6586,sub39,ling_word_target,186,0.002389369664841871
6587,sub39,ling_word_target,187,-0.03068814689193824
6588,sub39,ling_word_target,188,0.005810155079982682
6589,sub39,ling_word_target,189,-0.03162864691110709
6590,sub39,ling_word_target,190,0.02611825088839144
6591,sub39,ling_word_target,191,0.026188748713227166
6592,sub39,ling_word_target,192,-0.007839041399234224
6593,sub39,ling_word_target,193,-0.10642211768605517
6594,sub39,ling_word_target,194,0.05641303035037512
6595,sub39,ling_word_target,195,0.13079374238256536
6596,sub39,ling_word_target,196,0.02818907741697434
6597,sub39,ling_word_target,197,0.08581396843088825
6598,sub39,ling_word_target,198,0.013612691373270097
6599,sub39,ling_word_target,199,0.03987142173190215
6600,sub40,ling_word_target,0,0.03392782725373924
6601,sub40,ling_word_target,1,0.06468320534664562
6602,sub40,ling_word_target,2,0.028472458267752073
6603,sub40,ling_word_target,3,0.05732902712813116
6604,sub40,ling_word_target,4,-0.09375075594577974
6605,sub40,ling_word_target,5,-0.022580131694579987
6606,sub40,ling_word_target,6,0.014874812187593879
6607,sub40,ling_word_target,7,-0.04462234021568361
6608,sub40,ling_word_target,8,-0.035717766407565514
6609,sub40,ling_word_target,9,0.012466690030815608
6610,sub40,ling_word_target,10,-0.008605175288601214
6611,sub40,ling_word_target,11,0.045538126459255555
6612,sub40,ling_word_target,12,0.030761281783602195
6613,sub40,ling_word_target,13,-0.002815450623931776
6614,sub40,ling_word_target,14,-0.04961442633557206
6615,sub40,ling_word_target,15,0.04799182694894868
6616,sub40,ling_word_target,16,0.01089906049248412
6617,sub40,ling_word_target,17,-0.04722647063640802
6618,sub40,ling_word_target,18,0.013179622417748038
6619,sub40,ling_word_target,19,0.02087788280842024
6620,sub40,ling_word_target,20,-0.02315244063852729
6621,sub40,ling_word_target,21,-0.03415786080483893
6622,sub40,ling_word_target,22,-0.015652687777694744
6623,sub40,ling_word_target,23,-0.06925006266502771
6624,sub40,ling_word_target,24,0.009495275208601526
6625,sub40,ling_word_target,25,0.0105755833394848
6626,sub40,ling_word_target,26,0.02603700474108465
6627,sub40,ling_word_target,27,-0.008294731975397568
6628,sub40,ling_word_target,28,0.019823642655478892
6629,sub40,ling_word_target,29,-0.0046121172150243
6630,sub40,ling_word_target,30,-0.06865016023183167
6631,sub40,ling_word_target,31,0.0065553195468779175
6632,sub40,ling_word_target,32,0.04060920523543561
6633,sub40,ling_word_target,33,0.0095276206338022
6634,sub40,ling_word_target,34,-0.017045055147179942
6635,sub40,ling_word_target,35,0.032317936086274444
6636,sub40,ling_word_target,36,-0.09904576522786938
6637,sub40,ling_word_target,37,-0.04778554878319551
6638,sub40,ling_word_target,38,0.010566345128954054
6639,sub40,ling_word_target,39,-0.0007553992597273215
6640,sub40,ling_word_target,40,7.200651588935176e-05
6641,sub40,ling_word_target,41,0.04756594859001951
6642,sub40,ling_word_target,42,0.0006867274045480088
6643,sub40,ling_word_target,43,-0.052492545385634
6644,sub40,ling_word_target,44,-0.04304618612674946
6645,sub40,ling_word_target,45,0.0043051162767470804
6646,sub40,ling_word_target,46,-0.013388981817527647
6647,sub40,ling_word_target,47,-0.014235194656455003
6648,sub40,ling_word_target,48,0.11119265164584033
6649,sub40,ling_word_target,49,-0.02532137910957791
6650,sub40,ling_word_target,50,-0.023123056128431956
6651,sub40,ling_word_target,51,-0.04126315463159791
6652,sub40,ling_word_target,52,0.0047809327413793415
6653,sub40,ling_word_target,53,0.024200743016698542
6654,sub40,ling_word_target,54,0.020534781798150395
6655,sub40,ling_word_target,55,0.06228399269765042
6656,sub40,ling_word_target,56,-0.028761280031204046
6657,sub40,ling_word_target,57,0.0694638373285207
6658,sub40,ling_word_target,58,-0.018975510032775485
6659,sub40,ling_word_target,59,0.061213221675184296
6660,sub40,ling_word_target,60,0.022708842612512593
6661,sub40,ling_word_target,61,-0.030285819701619227
6662,sub40,ling_word_target,62,0.011226268445129705
6663,sub40,ling_word_target,63,-0.02554967945606176
6664,sub40,ling_word_target,64,-0.018814681598163605
6665,sub40,ling_word_target,65,0.03988951425392224
6666,sub40,ling_word_target,66,-0.0108062536171204
6667,sub40,ling_word_target,67,-0.07788448291410727
6668,sub40,ling_word_target,68,0.027560977018148414
6669,sub40,ling_word_target,69,-0.007868421057452007
6670,sub40,ling_word_target,70,-0.0316086202148494
6671,sub40,ling_word_target,71,-0.018884291918669294
6672,sub40,ling_word_target,72,-0.015196626973253632
6673,sub40,ling_word_target,73,-0.07715423482961949
6674,sub40,ling_word_target,74,-0.0094174134511118
6675,sub40,ling_word_target,75,0.0034809486003536095
6676,sub40,ling_word_target,76,-0.04005419449937396
6677,sub40,ling_word_target,77,-0.06962182119600308
6678,sub40,ling_word_target,78,-0.03301933637606599
6679,sub40,ling_word_target,79,0.004254434127524135
6680,sub40,ling_word_target,80,0.01281051636807281
6681,sub40,ling_word_target,81,0.033239281904216086
6682,sub40,ling_word_target,82,0.011871439288088563
6683,sub40,ling_word_target,83,-0.0025077663999264503
6684,sub40,ling_word_target,84,0.026502580254118592
6685,sub40,ling_word_target,85,-0.022131728509293316
6686,sub40,ling_word_target,86,0.0008784072539129551
6687,sub40,ling_word_target,87,0.043790898720432986
6688,sub40,ling_word_target,88,-0.0021742740097781895
6689,sub40,ling_word_target,89,-0.08262572598620616
6690,sub40,ling_word_target,90,-0.019106011407952633
6691,sub40,ling_word_target,91,0.041742843516557236
6692,sub40,ling_word_target,92,-0.039753609355486545
6693,sub40,ling_word_target,93,-0.05553845195014237
6694,sub40,ling_word_target,94,-0.04382191075120829
6695,sub40,ling_word_target,95,-0.019375584298737272
6696,sub40,ling_word_target,96,0.020455132994163686
6697,sub40,ling_word_target,97,-0.04962815705629495
6698,sub40,ling_word_target,98,-0.026100653725462077
6699,sub40,ling_word_target,99,-0.06981961294834488
6700,sub40,ling_word_target,100,0.01731595849629511
6701,sub40,ling_word_target,101,0.06101194549015435
6702,sub40,ling_word_target,102,0.06957852364430621
6703,sub40,ling_word_target,103,-0.10975392342887433
6704,sub40,ling_word_target,104,-0.027919718080075585
6705,sub40,ling_word_target,105,-0.003273713946655685
6706,sub40,ling_word_target,106,-0.04025506021886011
6707,sub40,ling_word_target,107,0.0037859366171941987
6708,sub40,ling_word_target,108,0.010474818398771341
6709,sub40,ling_word_target,109,-0.0246887759255432
6710,sub40,ling_word_target,110,-0.0256983165403089
6711,sub40,ling_word_target,111,0.0007116499086089511
6712,sub40,ling_word_target,112,0.003588714720487771
6713,sub40,ling_word_target,113,-0.0368413255317293
6714,sub40,ling_word_target,114,-0.014221329627160523
6715,sub40,ling_word_target,115,-0.055499166916347056
6716,sub40,ling_word_target,116,0.04505092106909028
6717,sub40,ling_word_target,117,-0.022573873018704824
6718,sub40,ling_word_target,118,0.030900671375755258
6719,sub40,ling_word_target,119,-0.006011096105292797
6720,sub40,ling_word_target,120,0.0747870798325501
6721,sub40,ling_word_target,121,0.042437117393546914
6722,sub40,ling_word_target,122,0.03054957364276099
6723,sub40,ling_word_target,123,-0.003952017050560912
6724,sub40,ling_word_target,124,-0.03360820523032142
6725,sub40,ling_word_target,125,-0.0034604503296593626
6726,sub40,ling_word_target,126,0.015748920579548454
6727,sub40,ling_word_target,127,-0.007995521896266266
6728,sub40,ling_word_target,128,0.11228697520861096
6729,sub40,ling_word_target,129,-0.0004402204461203356
6730,sub40,ling_word_target,130,-0.034074964005369586
6731,sub40,ling_word_target,131,0.005766349436296206
6732,sub40,ling_word_target,132,-0.02044481413912563
6733,sub40,ling_word_target,133,0.06480320189341357
6734,sub40,ling_word_target,134,-0.028189492159041943
6735,sub40,ling_word_target,135,-0.03201669566322768
6736,sub40,ling_word_target,136,-0.01795197142572994
6737,sub40,ling_word_target,137,-0.026880408088139643
6738,sub40,ling_word_target,138,0.04680630051470741
6739,sub40,ling_word_target,139,0.04714310794376446
6740,sub40,ling_word_target,140,-0.08116408098448101
6741,sub40,ling_word_target,141,-0.016664590229196797
6742,sub40,ling_word_target,142,0.013672072511322438
6743,sub40,ling_word_target,143,-0.02782094779905645
6744,sub40,ling_word_target,144,-0.013798497952377245
6745,sub40,ling_word_target,145,0.0629691464328763
6746,sub40,ling_word_target,146,-0.05989073046493473
6747,sub40,ling_word_target,147,0.009059839794448498
6748,sub40,ling_word_target,148,-0.0035524283207197254
6749,sub40,ling_word_target,149,0.05844558004581828
6750,sub40,ling_word_target,150,-0.032588811651811864
6751,sub40,ling_word_target,151,0.04537573214850629
6752,sub40,ling_word_target,152,-0.04828093678724035
6753,sub40,ling_word_target,153,0.06775730521193757
6754,sub40,ling_word_target,154,-0.10991902192437304
6755,sub40,ling_word_target,155,0.0313889726740267
6756,sub40,ling_word_target,156,0.07107819159675097
6757,sub40,ling_word_target,157,-0.06948933816067983
6758,sub40,ling_word_target,158,0.00573247692667695
6759,sub40,ling_word_target,159,-0.000832936867909244
6760,sub40,ling_word_target,160,-0.02804865024880404
6761,sub40,ling_word_target,161,-0.0014287187674122189
6762,sub40,ling_word_target,162,-0.015731916590283328
6763,sub40,ling_word_target,163,0.057619548131422886
6764,sub40,ling_word_target,164,0.0014364160005336207
6765,sub40,ling_word_target,165,0.003833199887902461
6766,sub40,ling_word_target,166,-0.013809445879480879
6767,sub40,ling_word_target,167,-0.02520133683446723
6768,sub40,ling_word_target,168,-0.01760799199140044
6769,sub40,ling_word_target,169,0.06667486745918667
6770,sub40,ling_word_target,170,0.003949836070679429
6771,sub40,ling_word_target,171,-0.00877148271637697
6772,sub40,ling_word_target,172,0.06590806716594569
6773,sub40,ling_word_target,173,-0.0176166503738368
6774,sub40,ling_word_target,174,0.019257512331419993
6775,sub40,ling_word_target,175,-0.025087851870274777
6776,sub40,ling_word_target,176,-0.003466882084212605
6777,sub40,ling_word_target,177,-0.0649617771941528
6778,sub40,ling_word_target,178,0.09868358801599876
6779,sub40,ling_word_target,179,0.03658883212370159
6780,sub40,ling_word_target,180,0.03045225513840497
6781,sub40,ling_word_target,181,-0.013769750877596626
6782,sub40,ling_word_target,182,0.025891747315130144
6783,sub40,ling_word_target,183,-0.029668529741199202
6784,sub40,ling_word_target,184,0.03357788521898339
6785,sub40,ling_word_target,185,-0.048863164390838085
6786,sub40,ling_word_target,186,0.02408750541952963
6787,sub40,ling_word_target,187,0.005896526168732585
6788,sub40,ling_word_target,188,0.0062730212161603545
6789,sub40,ling_word_target,189,0.022595738148362618
6790,sub40,ling_word_target,190,-0.02216165318111596
6791,sub40,ling_word_target,191,0.033720414531126654
6792,sub40,ling_word_target,192,-0.04147149135686803
6793,sub40,ling_word_target,193,0.008878315622902887
6794,sub40,ling_word_target,194,-0.003807403700702036
6795,sub40,ling_word_target,195,-0.012505479735810966
6796,sub40,ling_word_target,196,0.036009834381720666
6797,sub40,ling_word_target,197,-0.013025918599069224
6798,sub40,ling_word_target,198,0.04492039413668439
6799,sub40,ling_word_target,199,-0.021976375133413186
6800,sub41,ling_word_target,0,0.01606214217464266
6801,sub41,ling_word_target,1,0.06366260358167695
6802,sub41,ling_word_target,2,0.04155083635249089
6803,sub41,ling_word_target,3,-0.012465688749740791
6804,sub41,ling_word_target,4,-0.0077690924064425125
6805,sub41,ling_word_target,5,0.01622722471161108
6806,sub41,ling_word_target,6,0.04715866180497355
6807,sub41,ling_word_target,7,-0.044372645859181485
6808,sub41,ling_word_target,8,-0.07268789652610569
6809,sub41,ling_word_target,9,0.009146000916805756
6810,sub41,ling_word_target,10,-0.008526286212210852
6811,sub41,ling_word_target,11,0.07708285149757538
6812,sub41,ling_word_target,12,0.049090962456812895
6813,sub41,ling_word_target,13,-0.06334564894390163
6814,sub41,ling_word_target,14,-0.012140323460451309
6815,sub41,ling_word_target,15,0.0042892061737722096
6816,sub41,ling_word_target,16,-0.04578270623341107
6817,sub41,ling_word_target,17,0.04261571421716616
6818,sub41,ling_word_target,18,0.005655252947170556
6819,sub41,ling_word_target,19,0.00791279192497781
6820,sub41,ling_word_target,20,0.030495785776702786
6821,sub41,ling_word_target,21,-0.06620302856374283
6822,sub41,ling_word_target,22,0.06121223358743839
6823,sub41,ling_word_target,23,-0.009284707266466874
6824,sub41,ling_word_target,24,0.022844890578229242
6825,sub41,ling_word_target,25,-0.012243206104733272
6826,sub41,ling_word_target,26,0.006842967537353682
6827,sub41,ling_word_target,27,-0.031037507568853085
6828,sub41,ling_word_target,28,0.036797423656818394
6829,sub41,ling_word_target,29,-0.016718121970015966
6830,sub41,ling_word_target,30,0.03152168926045643
6831,sub41,ling_word_target,31,-0.00510995212459037
6832,sub41,ling_word_target,32,0.034354105781564
6833,sub41,ling_word_target,33,-0.004872107256871932
6834,sub41,ling_word_target,34,-0.046689002303700156
6835,sub41,ling_word_target,35,0.0013222232774859851
6836,sub41,ling_word_target,36,0.03647743251300606
6837,sub41,ling_word_target,37,-0.010562263695350836
6838,sub41,ling_word_target,38,0.02044941084237222
6839,sub41,ling_word_target,39,-0.011819629201057733
6840,sub41,ling_word_target,40,-0.049781219359202884
6841,sub41,ling_word_target,41,-0.0003117301360955247
6842,sub41,ling_word_target,42,0.03419031444080592
6843,sub41,ling_word_target,43,-0.0392686434739013
6844,sub41,ling_word_target,44,-0.009529914627129888
6845,sub41,ling_word_target,45,-0.037839071123671485
6846,sub41,ling_word_target,46,0.004906190036069304
6847,sub41,ling_word_target,47,-0.00101131560422698
6848,sub41,ling_word_target,48,-0.0587392302974254
6849,sub41,ling_word_target,49,-0.02785644593907132
6850,sub41,ling_word_target,50,0.07905001623433452
6851,sub41,ling_word_target,51,-0.01739647574970931
6852,sub41,ling_word_target,52,0.01651707699882061
6853,sub41,ling_word_target,53,0.051996395705417454
6854,sub41,ling_word_target,54,-0.0003976696472970364
6855,sub41,ling_word_target,55,-0.03583363404925981
6856,sub41,ling_word_target,56,0.02380414411757612
6857,sub41,ling_word_target,57,0.021643469982634472
6858,sub41,ling_word_target,58,0.059228916455073014
6859,sub41,ling_word_target,59,-0.06705021078866552
6860,sub41,ling_word_target,60,0.0294533138997989
6861,sub41,ling_word_target,61,-0.04794643427562951
6862,sub41,ling_word_target,62,0.023670741386086314
6863,sub41,ling_word_target,63,-0.016877911416976064
6864,sub41,ling_word_target,64,0.015144772417244433
6865,sub41,ling_word_target,65,-0.014086541276967903
6866,sub41,ling_word_target,66,0.019900690098237108
6867,sub41,ling_word_target,67,0.0069684462260787014
6868,sub41,ling_word_target,68,0.04084311534766904
6869,sub41,ling_word_target,69,-0.1137064904356608
6870,sub41,ling_word_target,70,0.008871468040194832
6871,sub41,ling_word_target,71,-0.005464808322878923
6872,sub41,ling_word_target,72,0.010930700851562522
6873,sub41,ling_word_target,73,-0.07977733171806213
6874,sub41,ling_word_target,74,0.002711378186472664
6875,sub41,ling_word_target,75,0.058495247117844866
6876,sub41,ling_word_target,76,-0.04602296972143933
6877,sub41,ling_word_target,77,0.005550079687732846
6878,sub41,ling_word_target,78,0.06243021751147789
6879,sub41,ling_word_target,79,-0.04967258313446097
6880,sub41,ling_word_target,80,0.01991577868753715
6881,sub41,ling_word_target,81,0.03502099498607175
6882,sub41,ling_word_target,82,0.03028568498578
6883,sub41,ling_word_target,83,-0.03276943392240359
6884,sub41,ling_word_target,84,0.021175173192388718
6885,sub41,ling_word_target,85,0.030223399654369612
6886,sub41,ling_word_target,86,-0.025840405884790193
6887,sub41,ling_word_target,87,-0.009468688442252597
6888,sub41,ling_word_target,88,0.021384573674669605
6889,sub41,ling_word_target,89,-0.004672653753540196
6890,sub41,ling_word_target,90,-0.014814814620346718
6891,sub41,ling_word_target,91,-0.01709865385583237
6892,sub41,ling_word_target,92,0.08020878312336331
6893,sub41,ling_word_target,93,-0.025822134051837687
6894,sub41,ling_word_target,94,-0.03203414984642211
6895,sub41,ling_word_target,95,-0.08690149886676633
6896,sub41,ling_word_target,96,0.02685493374180298
6897,sub41,ling_word_target,97,-0.03494797807510435
6898,sub41,ling_word_target,98,0.016122092078103566
6899,sub41,ling_word_target,99,-0.015383814786337957
6900,sub41,ling_word_target,100,0.01801905112958024
6901,sub41,ling_word_target,101,-0.06065596171153646
6902,sub41,ling_word_target,102,-0.07248614009920136
6903,sub41,ling_word_target,103,-0.07058343493298634
6904,sub41,ling_word_target,104,0.047576440035893
6905,sub41,ling_word_target,105,-0.0347921618724594
6906,sub41,ling_word_target,106,-0.03354319898027051
6907,sub41,ling_word_target,107,-0.05531572616060592
6908,sub41,ling_word_target,108,0.026421746983243403
6909,sub41,ling_word_target,109,-0.05580417485758141
6910,sub41,ling_word_target,110,0.05531535752321842
6911,sub41,ling_word_target,111,0.041445170881230536
6912,sub41,ling_word_target,112,-0.1168590227151831
6913,sub41,ling_word_target,113,-0.06635663152647639
6914,sub41,ling_word_target,114,0.07503316973234617
6915,sub41,ling_word_target,115,-0.0221615610241633
6916,sub41,ling_word_target,116,-0.01201483373421074
6917,sub41,ling_word_target,117,-0.04530864784253025
6918,sub41,ling_word_target,118,0.004435350621151784
6919,sub41,ling_word_target,119,-0.09715778254206102
6920,sub41,ling_word_target,120,-0.05382630133203499
6921,sub41,ling_word_target,121,-0.02668609691760111
6922,sub41,ling_word_target,122,0.0468979548180284
6923,sub41,ling_word_target,123,0.020734429333339542
6924,sub41,ling_word_target,124,0.06452239201979064
6925,sub41,ling_word_target,125,0.007141862236053619
6926,sub41,ling_word_target,126,-0.05275623814819014
6927,sub41,ling_word_target,127,0.014561088071564579
6928,sub41,ling_word_target,128,0.01725659590431352
6929,sub41,ling_word_target,129,-0.08596073011304407
6930,sub41,ling_word_target,130,-0.000552241597952354
6931,sub41,ling_word_target,131,0.012676575731905435
6932,sub41,ling_word_target,132,-0.0010444303116346205
6933,sub41,ling_word_target,133,-0.1587913979177737
6934,sub41,ling_word_target,134,-0.0480335172991834
6935,sub41,ling_word_target,135,-0.007593566464925014
6936,sub41,ling_word_target,136,-0.007085702580819335
6937,sub41,ling_word_target,137,0.0362754613521652
6938,sub41,ling_word_target,138,0.018556399727061006
6939,sub41,ling_word_target,139,-0.023284862038585926
6940,sub41,ling_word_target,140,0.027606764140534493
6941,sub41,ling_word_target,141,-0.03175131308514781
6942,sub41,ling_word_target,142,-0.008198413146294374
6943,sub41,ling_word_target,143,-0.02063329438521944
6944,sub41,ling_word_target,144,0.030184818758509365
6945,sub41,ling_word_target,145,-0.010155034103160664
6946,sub41,ling_word_target,146,0.08278345847971744
6947,sub41,ling_word_target,147,-0.011820651733394026
6948,sub41,ling_word_target,148,0.06470987210184932
6949,sub41,ling_word_target,149,0.01615980088693444
6950,sub41,ling_word_target,150,0.0449265244167596
6951,sub41,ling_word_target,151,-0.02513908262264346
6952,sub41,ling_word_target,152,-0.007485945658260105
6953,sub41,ling_word_target,153,0.011967529807901745
6954,sub41,ling_word_target,154,0.017036174872756257
6955,sub41,ling_word_target,155,-0.06148850563735516
6956,sub41,ling_word_target,156,0.015390518752152605
6957,sub41,ling_word_target,157,0.0019314766442284155
6958,sub41,ling_word_target,158,-0.02267511551619482
6959,sub41,ling_word_target,159,0.056029618837828685
6960,sub41,ling_word_target,160,0.011929243351959436
6961,sub41,ling_word_target,161,0.004176275891425826
6962,sub41,ling_word_target,162,0.06539937292885128
6963,sub41,ling_word_target,163,0.019878660812413174
6964,sub41,ling_word_target,164,0.004916688104453903
6965,sub41,ling_word_target,165,0.06337877398517464
6966,sub41,ling_word_target,166,0.025086609369488262
6967,sub41,ling_word_target,167,-0.04084396759483637
6968,sub41,ling_word_target,168,0.02495701054235707
6969,sub41,ling_word_target,169,0.0003682784888977384
6970,sub41,ling_word_target,170,-0.1321387531012163
6971,sub41,ling_word_target,171,-0.006193211229493967
6972,sub41,ling_word_target,172,-0.09645799440784975
6973,sub41,ling_word_target,173,0.021849654963025593
6974,sub41,ling_word_target,174,-0.014234411389916369
6975,sub41,ling_word_target,175,0.042716645614215454
6976,sub41,ling_word_target,176,0.07523823461590927
6977,sub41,ling_word_target,177,-0.05591118860844863
6978,sub41,ling_word_target,178,0.13026464078128655
6979,sub41,ling_word_target,179,0.06473841496610146
6980,sub41,ling_word_target,180,-0.008975060995409553
6981,sub41,ling_word_target,181,0.036649099972154334
6982,sub41,ling_word_target,182,-0.003936157336474755
6983,sub41,ling_word_target,183,0.0007798552596467895
6984,sub41,ling_word_target,184,-0.10889258404010291
6985,sub41,ling_word_target,185,0.0389310173022826
6986,sub41,ling_word_target,186,-0.032529521549772816
6987,sub41,ling_word_target,187,-0.02325338177191876
6988,sub41,ling_word_target,188,-0.03581571678010739
6989,sub41,ling_word_target,189,-0.043278270765848184
6990,sub41,ling_word_target,190,0.002767370274263091
6991,sub41,ling_word_target,191,0.002975121840139494
6992,sub41,ling_word_target,192,-0.02612621685628667
6993,sub41,ling_word_target,193,-0.010034798940822282
6994,sub41,ling_word_target,194,-0.018441588652145104
6995,sub41,ling_word_target,195,0.03118640016952025
6996,sub41,ling_word_target,196,0.10100355344155018
6997,sub41,ling_word_target,197,-0.1113128281921732
6998,sub41,ling_word_target,198,0.020475339223587137
6999,sub41,ling_word_target,199,0.06738661044446966
7000,sub42,ling_word_target,0,0.010170140265647217
7001,sub42,ling_word_target,1,0.14243612931308436
7002,sub42,ling_word_target,2,-0.04614893260202417
7003,sub42,ling_word_target,3,-0.11914267423952082
7004,sub42,ling_word_target,4,-0.07283547899577027
7005,sub42,ling_word_target,5,-0.05656929185367018
7006,sub42,ling_word_target,6,-0.1351037236582093
7007,sub42,ling_word_target,7,0.03102436022576602
7008,sub42,ling_word_target,8,-0.036619371140439096
7009,sub42,ling_word_target,9,-0.10605124262630711
7010,sub42,ling_word_target,10,0.04324700278563673
7011,sub42,ling_word_target,11,-0.049541388354853035
7012,sub42,ling_word_target,12,0.08696193980281185
7013,sub42,ling_word_target,13,0.06483239620600026
7014,sub42,ling_word_target,14,0.05321156941880988
7015,sub42,ling_word_target,15,-0.028390082157553315
7016,sub42,ling_word_target,16,0.052171329323289196
7017,sub42,ling_word_target,17,0.004665069695622414
7018,sub42,ling_word_target,18,0.08899165432529596
7019,sub42,ling_word_target,19,0.09887357575195116
7020,sub42,ling_word_target,20,-0.03349991194885318
7021,sub42,ling_word_target,21,0.11180186868894026
7022,sub42,ling_word_target,22,0.11807231346338969
7023,sub42,ling_word_target,23,-0.029174424627853163
7024,sub42,ling_word_target,24,0.014423459855569245
7025,sub42,ling_word_target,25,0.016177604448541584
7026,sub42,ling_word_target,26,-0.06541037830566293
7027,sub42,ling_word_target,27,0.02117730543102957
7028,sub42,ling_word_target,28,0.055078866382482154
7029,sub42,ling_word_target,29,-0.002659248505773051
7030,sub42,ling_word_target,30,0.04743533721881192
7031,sub42,ling_word_target,31,-0.13002767800615517
7032,sub42,ling_word_target,32,0.1182511551019173
7033,sub42,ling_word_target,33,-0.07265900612341308
7034,sub42,ling_word_target,34,0.11404416570815781
7035,sub42,ling_word_target,35,-0.004554857270303936
7036,sub42,ling_word_target,36,0.009223526947283558
7037,sub42,ling_word_target,37,-0.00198164866476846
7038,sub42,ling_word_target,38,-0.16821822726681152
7039,sub42,ling_word_target,39,0.028281590885754583
7040,sub42,ling_word_target,40,-0.025829147137586578
7041,sub42,ling_word_target,41,-0.011736533993404505
7042,sub42,ling_word_target,42,-0.03191588077554628
7043,sub42,ling_word_target,43,0.12696956898754885
7044,sub42,ling_word_target,44,0.06062560644265289
7045,sub42,ling_word_target,45,-0.015592176575320407
7046,sub42,ling_word_target,46,0.013840401095640453
7047,sub42,ling_word_target,47,0.14290743083829394
7048,sub42,ling_word_target,48,-0.05582393799577319
7049,sub42,ling_word_target,49,0.06544777999744683
7050,sub42,ling_word_target,50,0.11146860965718336
7051,sub42,ling_word_target,51,-0.10849722561756293
7052,sub42,ling_word_target,52,0.02772123450519692
7053,sub42,ling_word_target,53,-0.04061146643064011
7054,sub42,ling_word_target,54,-0.051581652325346936
7055,sub42,ling_word_target,55,0.06122823253582099
7056,sub42,ling_word_target,56,-0.031020108156011375
7057,sub42,ling_word_target,57,0.05959547675137234
7058,sub42,ling_word_target,58,0.1916611420967546
7059,sub42,ling_word_target,59,0.07205333802904329
7060,sub42,ling_word_target,60,0.03473343802384212
7061,sub42,ling_word_target,61,-0.045006217761925364
7062,sub42,ling_word_target,62,-0.018251254494209113
7063,sub42,ling_word_target,63,0.06123995224357515
7064,sub42,ling_word_target,64,0.008136678447125519
7065,sub42,ling_word_target,65,-0.020465799881153376
7066,sub42,ling_word_target,66,-0.12026584542310756
7067,sub42,ling_word_target,67,-0.06654838810328383
7068,sub42,ling_word_target,68,0.04193997247294001
7069,sub42,ling_word_target,69,-0.06454512167799539
7070,sub42,ling_word_target,70,0.14162060218472203
7071,sub42,ling_word_target,71,0.15877526191527996
7072,sub42,ling_word_target,72,-0.08540177505748435
7073,sub42,ling_word_target,73,-0.0038292810471896982
7074,sub42,ling_word_target,74,-0.060834698385713586
7075,sub42,ling_word_target,75,0.029277382437605602
7076,sub42,ling_word_target,76,0.11409172452452283
7077,sub42,ling_word_target,77,-0.1237812294883967
7078,sub42,ling_word_target,78,-0.025744055404652383
7079,sub42,ling_word_target,79,0.01724412308768661
7080,sub42,ling_word_target,80,0.038964009544300876
7081,sub42,ling_word_target,81,0.015325138666298272
7082,sub42,ling_word_target,82,0.014988943954624386
7083,sub42,ling_word_target,83,0.09159221622217138
7084,sub42,ling_word_target,84,-0.053289769322251934
7085,sub42,ling_word_target,85,0.04320246444733378
7086,sub42,ling_word_target,86,0.004895223612392261
7087,sub42,ling_word_target,87,-0.005640709495808831
7088,sub42,ling_word_target,88,-0.057572751728403884
7089,sub42,ling_word_target,89,0.07193518451652968
7090,sub42,ling_word_target,90,0.032001363028043316
7091,sub42,ling_word_target,91,0.047836969801763767
7092,sub42,ling_word_target,92,-0.026009632437212053
7093,sub42,ling_word_target,93,-0.045398592220211316
7094,sub42,ling_word_target,94,0.046050678013928294
7095,sub42,ling_word_target,95,-0.10379140533746896
7096,sub42,ling_word_target,96,-0.10117295428180281
7097,sub42,ling_word_target,97,-0.0028507630109956576
7098,sub42,ling_word_target,98,-0.024856089156011077
7099,sub42,ling_word_target,99,-0.04991802101424166
7100,sub42,ling_word_target,100,0.09693890946348085
7101,sub42,ling_word_target,101,0.09686879062851131
7102,sub42,ling_word_target,102,-0.022484133991917947
7103,sub42,ling_word_target,103,-0.005635520301233227
7104,sub42,ling_word_target,104,0.02277102280082723
7105,sub42,ling_word_target,105,0.007290825816203696
7106,sub42,ling_word_target,106,-0.061990104652852075
7107,sub42,ling_word_target,107,0.04997403518815988
7108,sub42,ling_word_target,108,-0.042907373211739104
7109,sub42,ling_word_target,109,-0.062459048706099626
7110,sub42,ling_word_target,110,0.025936198555715988
7111,sub42,ling_word_target,111,0.09161061315744366
7112,sub42,ling_word_target,112,0.024030713273123193
7113,sub42,ling_word_target,113,0.047532498306016545
7114,sub42,ling_word_target,114,0.01471209094072297
7115,sub42,ling_word_target,115,-0.007049960736519614
7116,sub42,ling_word_target,116,0.014167244675867106
7117,sub42,ling_word_target,117,0.10080937156310558
7118,sub42,ling_word_target,118,0.10920804482436543
7119,sub42,ling_word_target,119,0.04767462229147126
7120,sub42,ling_word_target,120,-0.01970438336139351
7121,sub42,ling_word_target,121,-0.08527498013420307
7122,sub42,ling_word_target,122,0.07409922915223909
7123,sub42,ling_word_target,123,0.06501323007444462
7124,sub42,ling_word_target,124,-0.05787306265325992
7125,sub42,ling_word_target,125,0.0839165045787388
7126,sub42,ling_word_target,126,0.008366299314962944
7127,sub42,ling_word_target,127,-0.0339630424712742
7128,sub42,ling_word_target,128,0.1318283564590751
7129,sub42,ling_word_target,129,0.08474270969028679
7130,sub42,ling_word_target,130,-0.05478296512698
7131,sub42,ling_word_target,131,0.010214872070090104
7132,sub42,ling_word_target,132,0.03838759860439864
7133,sub42,ling_word_target,133,-0.014092911283337426
7134,sub42,ling_word_target,134,-0.0644770028153584
7135,sub42,ling_word_target,135,-0.06309625486108517
7136,sub42,ling_word_target,136,0.025945384251516036
7137,sub42,ling_word_target,137,0.03856810130517288
7138,sub42,ling_word_target,138,0.09530116136152586
7139,sub42,ling_word_target,139,0.12498768736198929
7140,sub42,ling_word_target,140,0.10148409917590266
7141,sub42,ling_word_target,141,-0.017224437723339137
7142,sub42,ling_word_target,142,0.09251614715663235
7143,sub42,ling_word_target,143,-0.008586999222516916
7144,sub42,ling_word_target,144,0.036175885456624084
7145,sub42,ling_word_target,145,-0.0068376058051413235
7146,sub42,ling_word_target,146,0.05516584736976945
7147,sub42,ling_word_target,147,-0.05664624178990387
7148,sub42,ling_word_target,148,-0.06133345024356743
7149,sub42,ling_word_target,149,-0.008933729595244574
7150,sub42,ling_word_target,150,0.1451061094053264
7151,sub42,ling_word_target,151,-0.01303438130170861
7152,sub42,ling_word_target,152,0.08802089277566637
7153,sub42,ling_word_target,153,-0.0025976109708198787
7154,sub42,ling_word_target,154,-0.06519919287825561
7155,sub42,ling_word_target,155,0.11849499800672317
7156,sub42,ling_word_target,156,0.11903742687975438
7157,sub42,ling_word_target,157,0.0697446502373012
7158,sub42,ling_word_target,158,-0.006031615517509491
7159,sub42,ling_word_target,159,0.019214374165036956
7160,sub42,ling_word_target,160,-0.005529174435671435
7161,sub42,ling_word_target,161,0.06115320758845175
7162,sub42,ling_word_target,162,-0.12720071566813507
7163,sub42,ling_word_target,163,0.01230909511303797
7164,sub42,ling_word_target,164,0.02894666013293462
7165,sub42,ling_word_target,165,0.06898234628577783
7166,sub42,ling_word_target,166,0.009719412610949892
7167,sub42,ling_word_target,167,0.11263694327471509
7168,sub42,ling_word_target,168,0.05748804717650552
7169,sub42,ling_word_target,169,-0.09116068569872303
7170,sub42,ling_word_target,170,0.024167240217208907
7171,sub42,ling_word_target,171,0.05835875065436964
7172,sub42,ling_word_target,172,0.059624152699073306
7173,sub42,ling_word_target,173,0.06390183661669421
7174,sub42,ling_word_target,174,0.014352255295500048
7175,sub42,ling_word_target,175,0.09605843944819918
7176,sub42,ling_word_target,176,0.005908520754426287
7177,sub42,ling_word_target,177,-0.003431600450663082
7178,sub42,ling_word_target,178,0.09727655249938849
7179,sub42,ling_word_target,179,0.002611779916245746
7180,sub42,ling_word_target,180,-0.03608070652675621
7181,sub42,ling_word_target,181,-0.03573721936378183
7182,sub42,ling_word_target,182,-0.021412586900369575
7183,sub42,ling_word_target,183,-0.1781009105812005
7184,sub42,ling_word_target,184,0.005339163502284436
7185,sub42,ling_word_target,185,0.012857943762930583
7186,sub42,ling_word_target,186,-0.02639396547305677
7187,sub42,ling_word_target,187,0.05913794173586184
7188,sub42,ling_word_target,188,0.05046470812467886
7189,sub42,ling_word_target,189,-0.03417610551953036
7190,sub42,ling_word_target,190,-0.12997140800809917
7191,sub42,ling_word_target,191,0.042922610779881194
7192,sub42,ling_word_target,192,-0.0494335424202158
7193,sub42,ling_word_target,193,-0.16900915129364572
7194,sub42,ling_word_target,194,0.0052513209767165335
7195,sub42,ling_word_target,195,0.050481644719718485
7196,sub42,ling_word_target,196,-0.10374800368804998
7197,sub42,ling_word_target,197,0.05747012515657886
7198,sub42,ling_word_target,198,0.08709628938566982
7199,sub42,ling_word_target,199,-0.006204108989042787
7200,sub43,ling_word_target,0,0.004946707358506626
7201,sub43,ling_word_target,1,0.13992505083701814
7202,sub43,ling_word_target,2,-0.06122855695996538
7203,sub43,ling_word_target,3,-0.03987699753915454
7204,sub43,ling_word_target,4,0.019527193632969876
7205,sub43,ling_word_target,5,0.08231379207548166
7206,sub43,ling_word_target,6,-0.00429055839713176
7207,sub43,ling_word_target,7,0.018633058896987926
7208,sub43,ling_word_target,8,0.019965686034820018
7209,sub43,ling_word_target,9,0.03147987564802108
7210,sub43,ling_word_target,10,-0.056501394474384375
7211,sub43,ling_word_target,11,-0.07610972463414213
7212,sub43,ling_word_target,12,-0.013139541324936728
7213,sub43,ling_word_target,13,0.027719058982763115
7214,sub43,ling_word_target,14,-0.03571482251735692
7215,sub43,ling_word_target,15,0.07925024549240385
7216,sub43,ling_word_target,16,0.02968328854793816
7217,sub43,ling_word_target,17,0.04201631608156772
7218,sub43,ling_word_target,18,0.09592464506017798
7219,sub43,ling_word_target,19,-0.0013120567558966244
7220,sub43,ling_word_target,20,-0.03370901037392481
7221,sub43,ling_word_target,21,-0.08696421345387992
7222,sub43,ling_word_target,22,-0.03373218569991386
7223,sub43,ling_word_target,23,0.06247595534289987
7224,sub43,ling_word_target,24,-0.027137393311975403
7225,sub43,ling_word_target,25,-0.03791767532922248
7226,sub43,ling_word_target,26,-0.07216006180480493
7227,sub43,ling_word_target,27,0.014447124920287312
7228,sub43,ling_word_target,28,-0.04455357974678521
7229,sub43,ling_word_target,29,0.06042952402217842
7230,sub43,ling_word_target,30,0.062447054755353906
7231,sub43,ling_word_target,31,0.05126771958656099
7232,sub43,ling_word_target,32,0.06343646253740991
7233,sub43,ling_word_target,33,-0.007628664196871478
7234,sub43,ling_word_target,34,0.06200776192378283
7235,sub43,ling_word_target,35,-0.04276476132705851
7236,sub43,ling_word_target,36,0.02138265372358967
7237,sub43,ling_word_target,37,0.06797487895491049
7238,sub43,ling_word_target,38,0.0331521392211875
7239,sub43,ling_word_target,39,0.014237443576055978
7240,sub43,ling_word_target,40,-0.09812668587421776
7241,sub43,ling_word_target,41,0.08712974412468896
7242,sub43,ling_word_target,42,0.03389025755558552
7243,sub43,ling_word_target,43,0.10641101153670907
7244,sub43,ling_word_target,44,-0.021355626730795465
7245,sub43,ling_word_target,45,-0.07345158475263866
7246,sub43,ling_word_target,46,-0.01992850596153227
7247,sub43,ling_word_target,47,-0.044660767204651605
7248,sub43,ling_word_target,48,-0.025335259282324933
7249,sub43,ling_word_target,49,-0.08852342848498572
7250,sub43,ling_word_target,50,0.019680114496727644
7251,sub43,ling_word_target,51,0.02222591275160399
7252,sub43,ling_word_target,52,-0.005839886484172823
7253,sub43,ling_word_target,53,0.04704789227266413
7254,sub43,ling_word_target,54,0.0020861519607607436
7255,sub43,ling_word_target,55,0.01840818019228036
7256,sub43,ling_word_target,56,0.03773647336502426
7257,sub43,ling_word_target,57,0.03463869900330617
7258,sub43,ling_word_target,58,-0.03435064267262202
7259,sub43,ling_word_target,59,0.002536736475856422
7260,sub43,ling_word_target,60,0.0024695370481773015
7261,sub43,ling_word_target,61,-0.012977411442339059
7262,sub43,ling_word_target,62,0.05240237335743186
7263,sub43,ling_word_target,63,0.007147923174706303
7264,sub43,ling_word_target,64,0.009171030023798769
7265,sub43,ling_word_target,65,-0.031850721502076414
7266,sub43,ling_word_target,66,0.003198439353768061
7267,sub43,ling_word_target,67,0.006177678768850002
7268,sub43,ling_word_target,68,0.10719221596890913
7269,sub43,ling_word_target,69,0.02108224370381323
7270,sub43,ling_word_target,70,-0.0422807811995827
7271,sub43,ling_word_target,71,-0.03051510779943283
7272,sub43,ling_word_target,72,0.07104269344620355
7273,sub43,ling_word_target,73,-0.019665707902281702
7274,sub43,ling_word_target,74,-0.04716460600442923
7275,sub43,ling_word_target,75,-0.07444203038353465
7276,sub43,ling_word_target,76,-0.02937458784602163
7277,sub43,ling_word_target,77,0.012487804686695232
7278,sub43,ling_word_target,78,-0.008424176857479294
7279,sub43,ling_word_target,79,0.10899204627335111
7280,sub43,ling_word_target,80,-0.02835072467097088
7281,sub43,ling_word_target,81,-0.02336938107738673
7282,sub43,ling_word_target,82,0.1015805850698582
7283,sub43,ling_word_target,83,0.008744242725630754
7284,sub43,ling_word_target,84,-0.03722594117211879
7285,sub43,ling_word_target,85,-0.006890350098952267
7286,sub43,ling_word_target,86,-0.054613366743394384
7287,sub43,ling_word_target,87,-0.05595852839009536
7288,sub43,ling_word_target,88,-0.12673848351729247
7289,sub43,ling_word_target,89,-0.03163315587241154
7290,sub43,ling_word_target,90,-0.025110964140754394
7291,sub43,ling_word_target,91,-0.02325790650748173
7292,sub43,ling_word_target,92,-0.011928579103914072
7293,sub43,ling_word_target,93,-0.015355576793089486
7294,sub43,ling_word_target,94,-0.07884870098641161
7295,sub43,ling_word_target,95,-0.0067090970684955745
7296,sub43,ling_word_target,96,-0.10682222983880624
7297,sub43,ling_word_target,97,-0.034311088520115586
7298,sub43,ling_word_target,98,-0.05734491395269244
7299,sub43,ling_word_target,99,-0.020880915632148906
7300,sub43,ling_word_target,100,0.0008369376186121651
7301,sub43,ling_word_target,101,0.03269230299723611
7302,sub43,ling_word_target,102,-0.027081346724635216
7303,sub43,ling_word_target,103,0.00464965494632754
7304,sub43,ling_word_target,104,0.06610497660835507
7305,sub43,ling_word_target,105,-0.032955257814327246
7306,sub43,ling_word_target,106,-0.05999318545634767
7307,sub43,ling_word_target,107,-0.006260225150401103
7308,sub43,ling_word_target,108,0.09268204384599943
7309,sub43,ling_word_target,109,0.021276937410052797
7310,sub43,ling_word_target,110,-0.024302201274276677
7311,sub43,ling_word_target,111,0.024910346721625527
7312,sub43,ling_word_target,112,0.033482584310848586
7313,sub43,ling_word_target,113,0.08568536014806725
7314,sub43,ling_word_target,114,-0.003264286806138742
7315,sub43,ling_word_target,115,-0.017940231545477792
7316,sub43,ling_word_target,116,0.07397091390669776
7317,sub43,ling_word_target,117,0.05533252489829454
7318,sub43,ling_word_target,118,-0.07131479593421075
7319,sub43,ling_word_target,119,-0.008550334269443575
7320,sub43,ling_word_target,120,0.010488383142548187
7321,sub43,ling_word_target,121,0.0412004370101138
7322,sub43,ling_word_target,122,-0.07727844745628461
7323,sub43,ling_word_target,123,-0.040905438191307125
7324,sub43,ling_word_target,124,0.059643106053073734
7325,sub43,ling_word_target,125,-0.032511237559182324
7326,sub43,ling_word_target,126,-0.05147154330201959
7327,sub43,ling_word_target,127,0.058735012896293674
7328,sub43,ling_word_target,128,0.044149876602178825
7329,sub43,ling_word_target,129,-0.03181589520505564
7330,sub43,ling_word_target,130,0.09975515458175409
7331,sub43,ling_word_target,131,0.023886430851982433
7332,sub43,ling_word_target,132,-0.015210764231223703
7333,sub43,ling_word_target,133,0.06841155488261116
7334,sub43,ling_word_target,134,0.03574829933392115
7335,sub43,ling_word_target,135,-0.06732414361563006
7336,sub43,ling_word_target,136,-0.004500293488604438
7337,sub43,ling_word_target,137,0.022873977573948663
7338,sub43,ling_word_target,138,0.020162198456896215
7339,sub43,ling_word_target,139,0.0010208531325602128
7340,sub43,ling_word_target,140,0.01013322572588917
7341,sub43,ling_word_target,141,0.02651819534586922
7342,sub43,ling_word_target,142,0.015652411454314966
7343,sub43,ling_word_target,143,0.022068187910600997
7344,sub43,ling_word_target,144,-0.04410781292992703
7345,sub43,ling_word_target,145,0.042001529469037104
7346,sub43,ling_word_target,146,-0.01141059763834576
7347,sub43,ling_word_target,147,0.025440458584018968
7348,sub43,ling_word_target,148,0.0792493400659488
7349,sub43,ling_word_target,149,0.04365224570825704
7350,sub43,ling_word_target,150,-0.012549868072371701
7351,sub43,ling_word_target,151,0.005711019324765079
7352,sub43,ling_word_target,152,-0.07684300114867938
7353,sub43,ling_word_target,153,0.014362975140731012
7354,sub43,ling_word_target,154,-0.10257980918860445
7355,sub43,ling_word_target,155,-0.07082345078400555
7356,sub43,ling_word_target,156,0.0016677156856535896
7357,sub43,ling_word_target,157,-0.0005915032461375045
7358,sub43,ling_word_target,158,0.008252549892896862
7359,sub43,ling_word_target,159,0.0400691843971194
7360,sub43,ling_word_target,160,0.07496168465370551
7361,sub43,ling_word_target,161,0.05755164356096825
7362,sub43,ling_word_target,162,0.0016190753058272136
7363,sub43,ling_word_target,163,0.04597800377020046
7364,sub43,ling_word_target,164,-0.07118906425534126
7365,sub43,ling_word_target,165,0.0042309023849962085
7366,sub43,ling_word_target,166,0.03983150119004779
7367,sub43,ling_word_target,167,0.014292496786522557
7368,sub43,ling_word_target,168,0.006867417220308551
7369,sub43,ling_word_target,169,0.015025588549354357
7370,sub43,ling_word_target,170,0.028881874384448884
7371,sub43,ling_word_target,171,0.09321221901127102
7372,sub43,ling_word_target,172,-0.09399510381727393
7373,sub43,ling_word_target,173,-0.03457103574561932
7374,sub43,ling_word_target,174,-0.021457148926138356
7375,sub43,ling_word_target,175,0.00366302020807196
7376,sub43,ling_word_target,176,-0.0255200797916788
7377,sub43,ling_word_target,177,0.05383755084633917
7378,sub43,ling_word_target,178,0.051950739543484746
7379,sub43,ling_word_target,179,0.11331451518954223
7380,sub43,ling_word_target,180,-0.010571493697290869
7381,sub43,ling_word_target,181,0.017847818035694102
7382,sub43,ling_word_target,182,0.028039549639211726
7383,sub43,ling_word_target,183,0.029623524464449293
7384,sub43,ling_word_target,184,0.12381457266766689
7385,sub43,ling_word_target,185,0.08722173570336651
7386,sub43,ling_word_target,186,-0.012282275560481783
7387,sub43,ling_word_target,187,0.07260301109936716
7388,sub43,ling_word_target,188,0.06752274913718195
7389,sub43,ling_word_target,189,-0.01663813429455816
7390,sub43,ling_word_target,190,-0.0058068337900846895
7391,sub43,ling_word_target,191,-0.016413244503313974
7392,sub43,ling_word_target,192,-0.0709486888441911
7393,sub43,ling_word_target,193,0.01148860517125567
7394,sub43,ling_word_target,194,0.06096320371243491
7395,sub43,ling_word_target,195,0.08206572357266226
7396,sub43,ling_word_target,196,-0.0014386725748256292
7397,sub43,ling_word_target,197,0.027784055675208415
7398,sub43,ling_word_target,198,-0.010475262197479766
7399,sub43,ling_word_target,199,0.07477925726124003
7400,sub44,ling_word_target,0,0.010523129672515688
7401,sub44,ling_word_target,1,0.022373381575891988
7402,sub44,ling_word_target,2,-0.13237706590852316
7403,sub44,ling_word_target,3,-0.039253969052963585
7404,sub44,ling_word_target,4,0.23195888382686608
7405,sub44,ling_word_target,5,-0.01670265532643384
7406,sub44,ling_word_target,6,0.03439322493663133
7407,sub44,ling_word_target,7,-0.007360591424867748
7408,sub44,ling_word_target,8,-0.005914292670214271
7409,sub44,ling_word_target,9,-0.03459604095839842
7410,sub44,ling_word_target,10,0.03266185609717221
7411,sub44,ling_word_target,11,0.011228125878448333
7412,sub44,ling_word_target,12,-0.021852739235430584
7413,sub44,ling_word_target,13,-0.02109812623649889
7414,sub44,ling_word_target,14,-0.06985629595424862
7415,sub44,ling_word_target,15,0.18628137537927555
7416,sub44,ling_word_target,16,0.22773320609847783
7417,sub44,ling_word_target,17,0.26960233471395917
7418,sub44,ling_word_target,18,-0.026200454526919142
7419,sub44,ling_word_target,19,0.05524287821074594
7420,sub44,ling_word_target,20,-0.055031549431582526
7421,sub44,ling_word_target,21,0.1485811861731497
7422,sub44,ling_word_target,22,0.1347660917434581
7423,sub44,ling_word_target,23,0.03569927524353427
7424,sub44,ling_word_target,24,0.04556753775771685
7425,sub44,ling_word_target,25,-0.026777180810182093
7426,sub44,ling_word_target,26,-0.04900791239659739
7427,sub44,ling_word_target,27,-0.06959484951232607
7428,sub44,ling_word_target,28,-0.02685235559256199
7429,sub44,ling_word_target,29,0.002843718832852866
7430,sub44,ling_word_target,30,-0.06165291667493424
7431,sub44,ling_word_target,31,-0.07650129689409836
7432,sub44,ling_word_target,32,0.09304067805890907
7433,sub44,ling_word_target,33,0.005732774481210632
7434,sub44,ling_word_target,34,0.13007671977399465
7435,sub44,ling_word_target,35,0.037080312667283295
7436,sub44,ling_word_target,36,0.006124826879185996
7437,sub44,ling_word_target,37,0.07310892272618379
7438,sub44,ling_word_target,38,-0.07129151087841117
7439,sub44,ling_word_target,39,0.004737771651942221
7440,sub44,ling_word_target,40,0.009188178574802136
7441,sub44,ling_word_target,41,-0.00041616607073658433
7442,sub44,ling_word_target,42,-0.07712992306213905
7443,sub44,ling_word_target,43,0.01794414410081775
7444,sub44,ling_word_target,44,0.009236631161713539
7445,sub44,ling_word_target,45,-0.022050339859949378
7446,sub44,ling_word_target,46,0.041450892984762296
7447,sub44,ling_word_target,47,-0.06397573138760011
7448,sub44,ling_word_target,48,0.1982201059989391
7449,sub44,ling_word_target,49,0.030106377148419797
7450,sub44,ling_word_target,50,-0.033552306698026606
7451,sub44,ling_word_target,51,0.011264340873502957
7452,sub44,ling_word_target,52,-0.022228523209391834
7453,sub44,ling_word_target,53,0.10030353709493461
7454,sub44,ling_word_target,54,-0.02261696394569943
7455,sub44,ling_word_target,55,-0.016413895536943498
7456,sub44,ling_word_target,56,0.044395966179647105
7457,sub44,ling_word_target,57,-0.06505350974454145
7458,sub44,ling_word_target,58,-0.058877589764790864
7459,sub44,ling_word_target,59,0.03289300759453397
7460,sub44,ling_word_target,60,-0.020654458391170392
7461,sub44,ling_word_target,61,-0.07761321622445128
7462,sub44,ling_word_target,62,-0.06568768049494816
7463,sub44,ling_word_target,63,0.047112440116641154
7464,sub44,ling_word_target,64,-0.07893706786074008
7465,sub44,ling_word_target,65,0.009774450411501299
7466,sub44,ling_word_target,66,-0.09706158819764578
7467,sub44,ling_word_target,67,-0.09925255029577752
7468,sub44,ling_word_target,68,0.060027690388967075
7469,sub44,ling_word_target,69,-0.08086109594692734
7470,sub44,ling_word_target,70,-0.015185497168574877
7471,sub44,ling_word_target,71,0.05777038399908594
7472,sub44,ling_word_target,72,-0.0421893019899623
7473,sub44,ling_word_target,73,-0.03109802770785632
7474,sub44,ling_word_target,74,0.002499147389547964
7475,sub44,ling_word_target,75,0.008926744906122542
7476,sub44,ling_word_target,76,-0.056175167616175276
7477,sub44,ling_word_target,77,0.05469307358686786
7478,sub44,ling_word_target,78,-0.04536240074818256
7479,sub44,ling_word_target,79,0.06315966640612031
7480,sub44,ling_word_target,80,0.08242162921225928
7481,sub44,ling_word_target,81,0.0391827674543918
7482,sub44,ling_word_target,82,-0.05040564482190909
7483,sub44,ling_word_target,83,0.00896250229311075
7484,sub44,ling_word_target,84,0.0028368797439242126
7485,sub44,ling_word_target,85,0.009101868285555885
7486,sub44,ling_word_target,86,0.07462954608514885
7487,sub44,ling_word_target,87,-0.05158677622078333
7488,sub44,ling_word_target,88,-0.029472778001855538
7489,sub44,ling_word_target,89,-0.032210195145021984
7490,sub44,ling_word_target,90,-0.01330066056981348
7491,sub44,ling_word_target,91,-0.02208923055082652
7492,sub44,ling_word_target,92,-0.09520946446298936
7493,sub44,ling_word_target,93,-0.041773496448446884
7494,sub44,ling_word_target,94,0.0243363769378461
7495,sub44,ling_word_target,95,-0.13860017593121254
7496,sub44,ling_word_target,96,0.07560785486581004
7497,sub44,ling_word_target,97,0.0009999157043301759
7498,sub44,ling_word_target,98,-0.08714390843555536
7499,sub44,ling_word_target,99,0.06588186568060059
7500,sub44,ling_word_target,100,0.03558121447462664
7501,sub44,ling_word_target,101,-0.07815937552405211
7502,sub44,ling_word_target,102,0.02008942541319097
7503,sub44,ling_word_target,103,-0.025855324165130825
7504,sub44,ling_word_target,104,-0.007823348014034295
7505,sub44,ling_word_target,105,0.1262800936196723
7506,sub44,ling_word_target,106,-0.06925876391539346
7507,sub44,ling_word_target,107,-0.07385929683451964
7508,sub44,ling_word_target,108,0.005897718463526491
7509,sub44,ling_word_target,109,0.027870681137666678
7510,sub44,ling_word_target,110,-0.06064529248699934
7511,sub44,ling_word_target,111,0.0020796022085040884
7512,sub44,ling_word_target,112,-0.11386832786131924
7513,sub44,ling_word_target,113,0.01896739148798
7514,sub44,ling_word_target,114,-0.013032808072321682
7515,sub44,ling_word_target,115,-0.02462978459398891
7516,sub44,ling_word_target,116,0.0534959279633103
7517,sub44,ling_word_target,117,0.02488034598069721
7518,sub44,ling_word_target,118,-0.0022104979124562074
7519,sub44,ling_word_target,119,0.023568583466800016
7520,sub44,ling_word_target,120,0.11125768352163662
7521,sub44,ling_word_target,121,-0.13076165790749092
7522,sub44,ling_word_target,122,0.021508961867247586
7523,sub44,ling_word_target,123,-0.06389527362236992
7524,sub44,ling_word_target,124,-0.01923114866860159
7525,sub44,ling_word_target,125,-0.048545571166585
7526,sub44,ling_word_target,126,-0.027232786947313768
7527,sub44,ling_word_target,127,-0.02596529861183806
7528,sub44,ling_word_target,128,-0.06210955052927153
7529,sub44,ling_word_target,129,0.0823350957430894
7530,sub44,ling_word_target,130,0.023469751255264047
7531,sub44,ling_word_target,131,0.06810953150654483
7532,sub44,ling_word_target,132,0.07402279305421998
7533,sub44,ling_word_target,133,0.04851503830061676
7534,sub44,ling_word_target,134,-0.02442997252158622
7535,sub44,ling_word_target,135,-0.01106887424309249
7536,sub44,ling_word_target,136,-0.10874556714174498
7537,sub44,ling_word_target,137,-0.003984628413446264
7538,sub44,ling_word_target,138,0.08257814581087422
7539,sub44,ling_word_target,139,0.0360678171000421
7540,sub44,ling_word_target,140,-0.024487378845047106
7541,sub44,ling_word_target,141,-0.0556549236503245
7542,sub44,ling_word_target,142,0.045924701159568246
7543,sub44,ling_word_target,143,-0.048962965825024185
7544,sub44,ling_word_target,144,0.07463270123949865
7545,sub44,ling_word_target,145,-0.07916354895080963
7546,sub44,ling_word_target,146,0.017709404161389265
7547,sub44,ling_word_target,147,-0.07670035031128185
7548,sub44,ling_word_target,148,0.022914335074586286
7549,sub44,ling_word_target,149,0.12002434560409045
7550,sub44,ling_word_target,150,-0.011946374704959321
7551,sub44,ling_word_target,151,0.03257214307907396
7552,sub44,ling_word_target,152,0.0719581784979499
7553,sub44,ling_word_target,153,0.13476131332575994
7554,sub44,ling_word_target,154,0.006609299600683737
7555,sub44,ling_word_target,155,-0.026285653206753315
7556,sub44,ling_word_target,156,-0.05896469826431457
7557,sub44,ling_word_target,157,-0.013470671486001206
7558,sub44,ling_word_target,158,-0.04960420545879779
7559,sub44,ling_word_target,159,-0.1204465462263908
7560,sub44,ling_word_target,160,0.0247281353855146
7561,sub44,ling_word_target,161,-0.05319702965028993
7562,sub44,ling_word_target,162,-0.02469330969149572
7563,sub44,ling_word_target,163,0.05389393621658133
7564,sub44,ling_word_target,164,-0.04532448530339964
7565,sub44,ling_word_target,165,-0.04763914529304327
7566,sub44,ling_word_target,166,0.009780982122990294
7567,sub44,ling_word_target,167,-0.044135477153549506
7568,sub44,ling_word_target,168,-0.01208473220565216
7569,sub44,ling_word_target,169,-0.01003726013001285
7570,sub44,ling_word_target,170,-0.07362147633813065
7571,sub44,ling_word_target,171,-0.01906473527783715
7572,sub44,ling_word_target,172,-0.028011555434494156
7573,sub44,ling_word_target,173,0.06789644862684942
7574,sub44,ling_word_target,174,0.10003893003774705
7575,sub44,ling_word_target,175,-0.07973229016462303
7576,sub44,ling_word_target,176,-0.027813026494517102
7577,sub44,ling_word_target,177,0.023036378317598794
7578,sub44,ling_word_target,178,-0.003622369385114642
7579,sub44,ling_word_target,179,0.05191744936136969
7580,sub44,ling_word_target,180,0.09446426648117816
7581,sub44,ling_word_target,181,0.17713385244542632
7582,sub44,ling_word_target,182,-0.05033439379416954
7583,sub44,ling_word_target,183,0.04668784530745894
7584,sub44,ling_word_target,184,-0.04566308583414427
7585,sub44,ling_word_target,185,0.1450122931364403
7586,sub44,ling_word_target,186,-0.007065952847874684
7587,sub44,ling_word_target,187,0.0367522866393529
7588,sub44,ling_word_target,188,-0.1204951851004743
7589,sub44,ling_word_target,189,-0.12307290174644471
7590,sub44,ling_word_target,190,0.07833099188552425
7591,sub44,ling_word_target,191,0.07196745988671177
7592,sub44,ling_word_target,192,-0.03870546412778741
7593,sub44,ling_word_target,193,-0.004094492422512491
7594,sub44,ling_word_target,194,-0.015573905844633173
7595,sub44,ling_word_target,195,0.03330167440193468
7596,sub44,ling_word_target,196,-0.01860761236315623
7597,sub44,ling_word_target,197,0.04555974824087655
7598,sub44,ling_word_target,198,0.011325344584813846
7599,sub44,ling_word_target,199,0.09570302356652284
7600,sub45,ling_word_target,0,0.012498347302133422
7601,sub45,ling_word_target,1,0.029546142745344447
7602,sub45,ling_word_target,2,0.0008956495039703199
7603,sub45,ling_word_target,3,0.026583975061981516
7604,sub45,ling_word_target,4,-0.002210760273862168
7605,sub45,ling_word_target,5,0.007485405224682976
7606,sub45,ling_word_target,6,0.007548631716977524
7607,sub45,ling_word_target,7,0.05232683557646296
7608,sub45,ling_word_target,8,-0.040863052971869956
7609,sub45,ling_word_target,9,-0.022472748574841092
7610,sub45,ling_word_target,10,0.010006363666835666
7611,sub45,ling_word_target,11,0.01998854393218607
7612,sub45,ling_word_target,12,0.04766249688095507
7613,sub45,ling_word_target,13,-0.0073741752895350125
7614,sub45,ling_word_target,14,0.002470386854721221
7615,sub45,ling_word_target,15,-0.016292250242242897
7616,sub45,ling_word_target,16,0.009708665606775555
7617,sub45,ling_word_target,17,-0.02816873301378833
7618,sub45,ling_word_target,18,0.022876492186277936
7619,sub45,ling_word_target,19,-0.033874369094086185
7620,sub45,ling_word_target,20,0.02765356596208649
7621,sub45,ling_word_target,21,-0.004589973138207229
7622,sub45,ling_word_target,22,0.06131779005933102
7623,sub45,ling_word_target,23,-0.04869573137388848
7624,sub45,ling_word_target,24,-0.006409372654601767
7625,sub45,ling_word_target,25,-0.013663692107364532
7626,sub45,ling_word_target,26,0.056575610283952776
7627,sub45,ling_word_target,27,0.06004342174684473
7628,sub45,ling_word_target,28,-0.01897562628024906
7629,sub45,ling_word_target,29,0.004843894889833531
7630,sub45,ling_word_target,30,0.043666691894049585
7631,sub45,ling_word_target,31,-0.0051548532658819025
7632,sub45,ling_word_target,32,-0.006091517115110597
7633,sub45,ling_word_target,33,0.03930208499130182
7634,sub45,ling_word_target,34,-0.004354681217466331
7635,sub45,ling_word_target,35,-0.01025247656821936
7636,sub45,ling_word_target,36,-0.00012131206524789203
7637,sub45,ling_word_target,37,-0.0063117166007146735
7638,sub45,ling_word_target,38,-0.025417880824663903
7639,sub45,ling_word_target,39,-0.030947282638828857
7640,sub45,ling_word_target,40,0.0046240147309219454
7641,sub45,ling_word_target,41,-0.014101302565833605
7642,sub45,ling_word_target,42,0.008212201193552131
7643,sub45,ling_word_target,43,0.09206736454890893
7644,sub45,ling_word_target,44,-0.024106461808467348
7645,sub45,ling_word_target,45,0.05349885450188166
7646,sub45,ling_word_target,46,0.0029519447516150156
7647,sub45,ling_word_target,47,0.013278210528799312
7648,sub45,ling_word_target,48,0.025366547870348245
7649,sub45,ling_word_target,49,-0.05330450192063722
7650,sub45,ling_word_target,50,-0.020548967925549003
7651,sub45,ling_word_target,51,0.02881078785021803
7652,sub45,ling_word_target,52,0.04240889944468248
7653,sub45,ling_word_target,53,-0.024302645461274204
7654,sub45,ling_word_target,54,-0.004209888377297406
7655,sub45,ling_word_target,55,0.03913898045340092
7656,sub45,ling_word_target,56,0.0379039065196629
7657,sub45,ling_word_target,57,0.083541866553759
7658,sub45,ling_word_target,58,-0.03716984800183974
7659,sub45,ling_word_target,59,0.028831426319890583
7660,sub45,ling_word_target,60,-0.006431479907554056
7661,sub45,ling_word_target,61,-0.02164880130006431
7662,sub45,ling_word_target,62,0.0008451308427073651
7663,sub45,ling_word_target,63,-0.05058404663470396
7664,sub45,ling_word_target,64,0.008991200442327596
7665,sub45,ling_word_target,65,0.014404808818679017
7666,sub45,ling_word_target,66,0.04290688679310004
7667,sub45,ling_word_target,67,-0.061099135065979755
7668,sub45,ling_word_target,68,0.04140380039343179
7669,sub45,ling_word_target,69,-0.006395545447076937
7670,sub45,ling_word_target,70,-0.026806263190509612
7671,sub45,ling_word_target,71,-0.004645506016069722
7672,sub45,ling_word_target,72,0.005810284147871655
7673,sub45,ling_word_target,73,0.002315085729159435
7674,sub45,ling_word_target,74,0.05709640116472206
7675,sub45,ling_word_target,75,0.008663276174189076
7676,sub45,ling_word_target,76,0.021392771627570556
7677,sub45,ling_word_target,77,0.030859893833139453
7678,sub45,ling_word_target,78,0.013310933175387708
7679,sub45,ling_word_target,79,-0.05265214258449413
7680,sub45,ling_word_target,80,0.015102776497065791
7681,sub45,ling_word_target,81,0.06328111040697547
7682,sub45,ling_word_target,82,-0.014285180817602723
7683,sub45,ling_word_target,83,-0.03167093500999508
7684,sub45,ling_word_target,84,0.043286653385430265
7685,sub45,ling_word_target,85,-0.013089991166024674
7686,sub45,ling_word_target,86,-0.048209689054542475
7687,sub45,ling_word_target,87,-0.02871348471292864
7688,sub45,ling_word_target,88,-0.042514859972771574
7689,sub45,ling_word_target,89,0.013500212126242415
7690,sub45,ling_word_target,90,-0.012619186351360105
7691,sub45,ling_word_target,91,-0.014167293868843427
7692,sub45,ling_word_target,92,-0.018950901920028653
7693,sub45,ling_word_target,93,0.022559965413223602
7694,sub45,ling_word_target,94,0.013571694216385818
7695,sub45,ling_word_target,95,-0.07654889863070413
7696,sub45,ling_word_target,96,0.0003317650782566273
7697,sub45,ling_word_target,97,-0.014241917214397055
7698,sub45,ling_word_target,98,0.021913311995330732
7699,sub45,ling_word_target,99,0.07212028622298178
7700,sub45,ling_word_target,100,-0.04567033938687652
7701,sub45,ling_word_target,101,0.016133598433470852
7702,sub45,ling_word_target,102,-0.011136961027249266
7703,sub45,ling_word_target,103,0.040146529020090964
7704,sub45,ling_word_target,104,-0.0009922155409691088
7705,sub45,ling_word_target,105,-0.005344251667082977
7706,sub45,ling_word_target,106,0.05573065128711749
7707,sub45,ling_word_target,107,-0.015759049638286345
7708,sub45,ling_word_target,108,0.01767944070640642
7709,sub45,ling_word_target,109,0.04063377468730922
7710,sub45,ling_word_target,110,-0.0015358094502722574
7711,sub45,ling_word_target,111,0.013056730005123725
7712,sub45,ling_word_target,112,-0.009516405065785587
7713,sub45,ling_word_target,113,0.031761234983504465
7714,sub45,ling_word_target,114,0.026679741755778048
7715,sub45,ling_word_target,115,0.0855167972439371
7716,sub45,ling_word_target,116,0.03446897855977477
7717,sub45,ling_word_target,117,-0.0005240854297537726
7718,sub45,ling_word_target,118,0.015176103901634454
7719,sub45,ling_word_target,119,0.0008103362715556869
7720,sub45,ling_word_target,120,0.0029473973202718724
7721,sub45,ling_word_target,121,-0.03701620021907367
7722,sub45,ling_word_target,122,0.025658160174898876
7723,sub45,ling_word_target,123,0.05276724345593203
7724,sub45,ling_word_target,124,0.04446061589493171
7725,sub45,ling_word_target,125,0.002286695081842816
7726,sub45,ling_word_target,126,-0.0289348960817948
7727,sub45,ling_word_target,127,0.021891251602053453
7728,sub45,ling_word_target,128,-0.019284486737200866
7729,sub45,ling_word_target,129,-0.017056962978491966
7730,sub45,ling_word_target,130,-0.03954868130738638
7731,sub45,ling_word_target,131,0.03732205045940251
7732,sub45,ling_word_target,132,-0.022803821679549068
7733,sub45,ling_word_target,133,-0.011256427136947935
7734,sub45,ling_word_target,134,-0.05906270399184496
7735,sub45,ling_word_target,135,0.04266816514146921
7736,sub45,ling_word_target,136,-0.008096180697438202
7737,sub45,ling_word_target,137,0.030629683248645248
7738,sub45,ling_word_target,138,-0.016899932608006835
7739,sub45,ling_word_target,139,-0.039719937584962395
7740,sub45,ling_word_target,140,-0.03735985865137745
7741,sub45,ling_word_target,141,-0.07485795908320808
7742,sub45,ling_word_target,142,-0.0006379646981705595
7743,sub45,ling_word_target,143,0.024082291504980105
7744,sub45,ling_word_target,144,-0.0007331294827566067
7745,sub45,ling_word_target,145,-0.05161228769619902
7746,sub45,ling_word_target,146,0.026512713355694825
7747,sub45,ling_word_target,147,0.031324884495798205
7748,sub45,ling_word_target,148,0.0014934669178680179
7749,sub45,ling_word_target,149,-0.04508791198899481
7750,sub45,ling_word_target,150,-0.013143647240281836
7751,sub45,ling_word_target,151,0.01959075023693756
7752,sub45,ling_word_target,152,0.05122817929482974
7753,sub45,ling_word_target,153,-0.0039094477289146135
7754,sub45,ling_word_target,154,-0.003409647241812468
7755,sub45,ling_word_target,155,0.02730590362661166
7756,sub45,ling_word_target,156,0.018921033306960107
7757,sub45,ling_word_target,157,0.0028781358336570067
7758,sub45,ling_word_target,158,-0.02866106297822887
7759,sub45,ling_word_target,159,-0.03933268963445884
7760,sub45,ling_word_target,160,-0.030951156595100036
7761,sub45,ling_word_target,161,-0.0010504548757285432
7762,sub45,ling_word_target,162,-0.0049472393141775884
7763,sub45,ling_word_target,163,-0.012679393676545718
7764,sub45,ling_word_target,164,-0.01018374533599526
7765,sub45,ling_word_target,165,-0.014836230701480003
7766,sub45,ling_word_target,166,0.03217154136489306
7767,sub45,ling_word_target,167,-0.013508829855859302
7768,sub45,ling_word_target,168,-0.009467522461484341
7769,sub45,ling_word_target,169,0.027220706307610885
7770,sub45,ling_word_target,170,-0.012298275467345379
7771,sub45,ling_word_target,171,0.048422859974596826
7772,sub45,ling_word_target,172,0.02447836821391835
7773,sub45,ling_word_target,173,-0.006052096379729119
7774,sub45,ling_word_target,174,0.016098365105548514
7775,sub45,ling_word_target,175,-0.019254173127572834
7776,sub45,ling_word_target,176,0.03227488582472495
7777,sub45,ling_word_target,177,-0.0335362232905657
7778,sub45,ling_word_target,178,0.04735032948901192
7779,sub45,ling_word_target,179,-0.018356513109773962
7780,sub45,ling_word_target,180,-0.0453806185558877
7781,sub45,ling_word_target,181,-0.013424380340479594
7782,sub45,ling_word_target,182,0.011621851284484883
7783,sub45,ling_word_target,183,0.014671920403347388
7784,sub45,ling_word_target,184,0.012935344280039026
7785,sub45,ling_word_target,185,-0.028933231933415234
7786,sub45,ling_word_target,186,-0.011897523471582983
7787,sub45,ling_word_target,187,0.00764583150927814
7788,sub45,ling_word_target,188,-0.01901505164273683
7789,sub45,ling_word_target,189,-0.009269670711599285
7790,sub45,ling_word_target,190,-0.016315991188094032
7791,sub45,ling_word_target,191,0.004394507012254826
7792,sub45,ling_word_target,192,-0.006874490755469778
7793,sub45,ling_word_target,193,-0.0016114456830710441
7794,sub45,ling_word_target,194,0.009659239415379602
7795,sub45,ling_word_target,195,0.014261980045389498
7796,sub45,ling_word_target,196,-0.016117749868432535
7797,sub45,ling_word_target,197,-0.03271619692884443
7798,sub45,ling_word_target,198,0.014046737918511078
7799,sub45,ling_word_target,199,-0.036538297562599346
7800,sub46,ling_word_target,0,0.0252441725821282
7801,sub46,ling_word_target,1,-0.02649339503554846
7802,sub46,ling_word_target,2,0.005485562871647488
7803,sub46,ling_word_target,3,0.02231008491128299
7804,sub46,ling_word_target,4,0.03572854232560539
7805,sub46,ling_word_target,5,-0.033821477697569914
7806,sub46,ling_word_target,6,-0.002453266922546538
7807,sub46,ling_word_target,7,0.02809220541765983
7808,sub46,ling_word_target,8,0.002063428212401749
7809,sub46,ling_word_target,9,0.02195597631218783
7810,sub46,ling_word_target,10,-0.07783213275097417
7811,sub46,ling_word_target,11,0.035831242237170394
7812,sub46,ling_word_target,12,0.022980280779867333
7813,sub46,ling_word_target,13,-0.022217347267254443
7814,sub46,ling_word_target,14,0.007688252480339624
7815,sub46,ling_word_target,15,0.009745634154728304
7816,sub46,ling_word_target,16,0.03770468937414315
7817,sub46,ling_word_target,17,-0.005252664211792069
7818,sub46,ling_word_target,18,0.06833211923680783
7819,sub46,ling_word_target,19,0.023087587255994232
7820,sub46,ling_word_target,20,-0.06371025574930435
7821,sub46,ling_word_target,21,0.008170804728421268
7822,sub46,ling_word_target,22,0.022813587978911518
7823,sub46,ling_word_target,23,0.053519402760119454
7824,sub46,ling_word_target,24,-0.00020700586038397556
7825,sub46,ling_word_target,25,-0.007876062307122563
7826,sub46,ling_word_target,26,-0.015560067445486573
7827,sub46,ling_word_target,27,-0.044200686332830696
7828,sub46,ling_word_target,28,0.0027757075271878998
7829,sub46,ling_word_target,29,-0.03055965679545281
7830,sub46,ling_word_target,30,0.06611397336530342
7831,sub46,ling_word_target,31,0.0018829595184397675
7832,sub46,ling_word_target,32,0.019533578557138536
7833,sub46,ling_word_target,33,-0.050433958451950055
7834,sub46,ling_word_target,34,-0.030680206564590487
7835,sub46,ling_word_target,35,-0.012884764980183672
7836,sub46,ling_word_target,36,0.04275254777578919
7837,sub46,ling_word_target,37,-0.015454268506233219
7838,sub46,ling_word_target,38,0.0041011624178242286
7839,sub46,ling_word_target,39,-0.03551288657781909
7840,sub46,ling_word_target,40,0.03232924321790667
7841,sub46,ling_word_target,41,0.01819177971875952
7842,sub46,ling_word_target,42,-0.004736299290941847
7843,sub46,ling_word_target,43,0.018363738329535414
7844,sub46,ling_word_target,44,-0.03154708882215383
7845,sub46,ling_word_target,45,0.011121212873701661
7846,sub46,ling_word_target,46,0.023610042459282596
7847,sub46,ling_word_target,47,-0.016572197162667546
7848,sub46,ling_word_target,48,-0.025974035889509
7849,sub46,ling_word_target,49,-0.054021306277531454
7850,sub46,ling_word_target,50,0.0011037265946919406
7851,sub46,ling_word_target,51,-0.06491272167819388
7852,sub46,ling_word_target,52,0.00532677195040378
7853,sub46,ling_word_target,53,0.01426705715548705
7854,sub46,ling_word_target,54,0.03092420353842774
7855,sub46,ling_word_target,55,0.052940596080719986
7856,sub46,ling_word_target,56,0.03189710671485896
7857,sub46,ling_word_target,57,-0.00945449626822446
7858,sub46,ling_word_target,58,-0.03222226713422598
7859,sub46,ling_word_target,59,-0.022249920610342425
7860,sub46,ling_word_target,60,-0.059981571369714534
7861,sub46,ling_word_target,61,0.016621545581256496
7862,sub46,ling_word_target,62,-0.04980624747718303
7863,sub46,ling_word_target,63,-0.026196693952779546
7864,sub46,ling_word_target,64,0.02776819885713553
7865,sub46,ling_word_target,65,0.014695802119092362
7866,sub46,ling_word_target,66,0.003618450360278923
7867,sub46,ling_word_target,67,0.03294302923299038
7868,sub46,ling_word_target,68,0.017494356044560084
7869,sub46,ling_word_target,69,0.01511152743637683
7870,sub46,ling_word_target,70,0.0039639406915445334
7871,sub46,ling_word_target,71,0.014316541480109194
7872,sub46,ling_word_target,72,0.033850985010905485
7873,sub46,ling_word_target,73,-0.00932117409971932
7874,sub46,ling_word_target,74,-0.033627586135948226
7875,sub46,ling_word_target,75,0.023295956893390066
7876,sub46,ling_word_target,76,0.037159828848367646
7877,sub46,ling_word_target,77,-0.020047747343960316
7878,sub46,ling_word_target,78,0.0007627662333484239
7879,sub46,ling_word_target,79,0.011687309585820588
7880,sub46,ling_word_target,80,0.01965535723192053
7881,sub46,ling_word_target,81,-0.023770732785561566
7882,sub46,ling_word_target,82,-0.022510141460795396
7883,sub46,ling_word_target,83,-0.013761569226426193
7884,sub46,ling_word_target,84,0.019526577813120193
7885,sub46,ling_word_target,85,-0.025217515991992897
7886,sub46,ling_word_target,86,0.020209383513174455
7887,sub46,ling_word_target,87,0.01691708756231377
7888,sub46,ling_word_target,88,-0.01826163049518342
7889,sub46,ling_word_target,89,0.013122516991344379
7890,sub46,ling_word_target,90,-0.0301305362618825
7891,sub46,ling_word_target,91,0.030527704773465683
7892,sub46,ling_word_target,92,0.008048824460171721
7893,sub46,ling_word_target,93,0.030862781884658776
7894,sub46,ling_word_target,94,0.015171655572499658
7895,sub46,ling_word_target,95,-0.012999701250876067
7896,sub46,ling_word_target,96,0.006975670355962937
7897,sub46,ling_word_target,97,-0.02000459787905884
7898,sub46,ling_word_target,98,-0.048849394070587304
7899,sub46,ling_word_target,99,0.05582487902489093
7900,sub46,ling_word_target,100,-0.0077271618095875955
7901,sub46,ling_word_target,101,0.01218834037247036
7902,sub46,ling_word_target,102,-0.0005881402546571741
7903,sub46,ling_word_target,103,0.022993988184688893
7904,sub46,ling_word_target,104,0.018215505370357068
7905,sub46,ling_word_target,105,0.0643965927186383
7906,sub46,ling_word_target,106,-0.06810753141175874
7907,sub46,ling_word_target,107,0.006102234069134057
7908,sub46,ling_word_target,108,-0.019008995832176627
7909,sub46,ling_word_target,109,0.008289693923364655
7910,sub46,ling_word_target,110,0.019741280068731278
7911,sub46,ling_word_target,111,-0.009367862305476662
7912,sub46,ling_word_target,112,-0.05582561411030632
7913,sub46,ling_word_target,113,-0.06729928068434489
7914,sub46,ling_word_target,114,-0.014008031338920859
7915,sub46,ling_word_target,115,0.009290001315181809
7916,sub46,ling_word_target,116,0.005761841783275353
7917,sub46,ling_word_target,117,-0.007947998603762791
7918,sub46,ling_word_target,118,-0.020534075253257383
7919,sub46,ling_word_target,119,0.011765625404016742
7920,sub46,ling_word_target,120,0.005126668682011763
7921,sub46,ling_word_target,121,0.04551702679300449
7922,sub46,ling_word_target,122,0.003046831303257293
7923,sub46,ling_word_target,123,0.025203538540790618
7924,sub46,ling_word_target,124,-0.004239559803690308
7925,sub46,ling_word_target,125,0.02453234435373412
7926,sub46,ling_word_target,126,-0.030900196682921804
7927,sub46,ling_word_target,127,-0.011470861484315881
7928,sub46,ling_word_target,128,0.02267110899504224
7929,sub46,ling_word_target,129,0.023172169867395412
7930,sub46,ling_word_target,130,0.06219015219157804
7931,sub46,ling_word_target,131,-0.026432631816486033
7932,sub46,ling_word_target,132,0.019973425827799474
7933,sub46,ling_word_target,133,-0.018162777303090204
7934,sub46,ling_word_target,134,0.014814102687745695
7935,sub46,ling_word_target,135,-0.04548664749085858
7936,sub46,ling_word_target,136,0.009554702747074477
7937,sub46,ling_word_target,137,0.010074064740998727
7938,sub46,ling_word_target,138,0.04659341678118855
7939,sub46,ling_word_target,139,-0.0024884987160037684
7940,sub46,ling_word_target,140,0.024869271723046368
7941,sub46,ling_word_target,141,0.052159422871304637
7942,sub46,ling_word_target,142,0.0013547703095945513
7943,sub46,ling_word_target,143,0.08187121137721017
7944,sub46,ling_word_target,144,0.011969027898265375
7945,sub46,ling_word_target,145,-0.03673722394559833
7946,sub46,ling_word_target,146,-0.010961158873933912
7947,sub46,ling_word_target,147,0.024744306603912424
7948,sub46,ling_word_target,148,0.00020595159986854997
7949,sub46,ling_word_target,149,0.03498528759889888
7950,sub46,ling_word_target,150,-0.018927572369950664
7951,sub46,ling_word_target,151,0.0024985831956394647
7952,sub46,ling_word_target,152,0.02619010998494631
7953,sub46,ling_word_target,153,-0.001120025718765754
7954,sub46,ling_word_target,154,-0.03339157548630014
7955,sub46,ling_word_target,155,0.03778341164982902
7956,sub46,ling_word_target,156,0.018547048749452223
7957,sub46,ling_word_target,157,0.02709189771546213
7958,sub46,ling_word_target,158,-0.01573016374791025
7959,sub46,ling_word_target,159,0.0024112757540100424
7960,sub46,ling_word_target,160,-0.04822143706104528
7961,sub46,ling_word_target,161,-0.03533119973827275
7962,sub46,ling_word_target,162,0.03091633844462503
7963,sub46,ling_word_target,163,-0.07359241512281402
7964,sub46,ling_word_target,164,-0.0502896883018259
7965,sub46,ling_word_target,165,0.07919650597956189
7966,sub46,ling_word_target,166,-0.042794137742583685
7967,sub46,ling_word_target,167,-0.015363470661411721
7968,sub46,ling_word_target,168,-0.044431449126152205
7969,sub46,ling_word_target,169,-0.00858490156282686
7970,sub46,ling_word_target,170,-0.008354990491907245
7971,sub46,ling_word_target,171,-0.014787764546613501
7972,sub46,ling_word_target,172,0.07076686637053253
7973,sub46,ling_word_target,173,0.06200725296768463
7974,sub46,ling_word_target,174,0.018485911752067763
7975,sub46,ling_word_target,175,-0.04469844101397841
7976,sub46,ling_word_target,176,-0.0009719621176118048
7977,sub46,ling_word_target,177,0.0034401137601040494
7978,sub46,ling_word_target,178,0.10318315201498643
7979,sub46,ling_word_target,179,-0.04360178008708092
7980,sub46,ling_word_target,180,0.0076432963640583355
7981,sub46,ling_word_target,181,-0.0004366119681574387
7982,sub46,ling_word_target,182,0.04249985419052546
7983,sub46,ling_word_target,183,-0.03420879134620236
7984,sub46,ling_word_target,184,0.006848735496154616
7985,sub46,ling_word_target,185,-0.01730248154177298
7986,sub46,ling_word_target,186,0.010210015955582718
7987,sub46,ling_word_target,187,-0.03209531673350471
7988,sub46,ling_word_target,188,-0.05583082390916791
7989,sub46,ling_word_target,189,-0.0507900825058404
7990,sub46,ling_word_target,190,-0.01906951081209668
7991,sub46,ling_word_target,191,-0.014419847449487653
7992,sub46,ling_word_target,192,0.02187025143490567
7993,sub46,ling_word_target,193,0.05999885163329957
7994,sub46,ling_word_target,194,-0.011561124922245836
7995,sub46,ling_word_target,195,0.05630619229645526
7996,sub46,ling_word_target,196,-0.02627807332545955
7997,sub46,ling_word_target,197,0.0579417850316998
7998,sub46,ling_word_target,198,0.030120014147040762
7999,sub46,ling_word_target,199,-0.00032687443582375073
8000,sub47,ling_word_target,0,0.07127695754262658
8001,sub47,ling_word_target,1,0.08728781252035452
8002,sub47,ling_word_target,2,0.01851942306422867
8003,sub47,ling_word_target,3,0.0703572396780215
8004,sub47,ling_word_target,4,-0.0542342532231063
8005,sub47,ling_word_target,5,-0.012561557744570014
8006,sub47,ling_word_target,6,0.08292596339968793
8007,sub47,ling_word_target,7,0.11645575111916935
8008,sub47,ling_word_target,8,-0.013057270085319757
8009,sub47,ling_word_target,9,0.010163548090118605
8010,sub47,ling_word_target,10,0.025409463321027056
8011,sub47,ling_word_target,11,-0.027073708383807012
8012,sub47,ling_word_target,12,0.007898738830272282
8013,sub47,ling_word_target,13,-0.050115189885201236
8014,sub47,ling_word_target,14,-0.18639211696933236
8015,sub47,ling_word_target,15,-0.017788633025896325
8016,sub47,ling_word_target,16,-0.050073891067273384
8017,sub47,ling_word_target,17,0.07537964568496792
8018,sub47,ling_word_target,18,0.10130459701858996
8019,sub47,ling_word_target,19,0.0034597012996508457
8020,sub47,ling_word_target,20,-0.03494368200769968
8021,sub47,ling_word_target,21,0.0147427982767702
8022,sub47,ling_word_target,22,0.06094068916888693
8023,sub47,ling_word_target,23,0.05465614349399607
8024,sub47,ling_word_target,24,0.021373028057204865
8025,sub47,ling_word_target,25,-0.001124587388731263
8026,sub47,ling_word_target,26,0.028384163386527057
8027,sub47,ling_word_target,27,0.011692398217002487
8028,sub47,ling_word_target,28,-0.03405133248834469
8029,sub47,ling_word_target,29,0.08273555825046722
8030,sub47,ling_word_target,30,0.008889069150668326
8031,sub47,ling_word_target,31,0.04289942564480039
8032,sub47,ling_word_target,32,-0.07215072542627465
8033,sub47,ling_word_target,33,-0.10043547606567906
8034,sub47,ling_word_target,34,0.02072505364843247
8035,sub47,ling_word_target,35,-0.01863089954614412
8036,sub47,ling_word_target,36,0.04518485506294815
8037,sub47,ling_word_target,37,0.01144978032186978
8038,sub47,ling_word_target,38,0.05611020701666392
8039,sub47,ling_word_target,39,-0.02266523418245069
8040,sub47,ling_word_target,40,0.0007266355952521941
8041,sub47,ling_word_target,41,0.07444219142986347
8042,sub47,ling_word_target,42,-0.028281505350744692
8043,sub47,ling_word_target,43,-0.048869432913924093
8044,sub47,ling_word_target,44,0.016589793365236135
8045,sub47,ling_word_target,45,-0.09017316233016406
8046,sub47,ling_word_target,46,0.07452141123404378
8047,sub47,ling_word_target,47,0.034708323382452486
8048,sub47,ling_word_target,48,-0.013797334269286919
8049,sub47,ling_word_target,49,0.036168243139573404
8050,sub47,ling_word_target,50,-0.031918157903918304
8051,sub47,ling_word_target,51,0.03525134654996651
8052,sub47,ling_word_target,52,-0.023876925136842832
8053,sub47,ling_word_target,53,-0.16564155695142035
8054,sub47,ling_word_target,54,-0.03593772284776487
8055,sub47,ling_word_target,55,-0.019468324056926466
8056,sub47,ling_word_target,56,0.0015766995017463818
8057,sub47,ling_word_target,57,0.0031043029358903853
8058,sub47,ling_word_target,58,-0.0724760064431127
8059,sub47,ling_word_target,59,-0.011143066281047304
8060,sub47,ling_word_target,60,-0.007828063750958097
8061,sub47,ling_word_target,61,0.002592765645289653
8062,sub47,ling_word_target,62,0.03627023641593864
8063,sub47,ling_word_target,63,0.011701676793348348
8064,sub47,ling_word_target,64,0.10534437013301602
8065,sub47,ling_word_target,65,-0.0502182851671499
8066,sub47,ling_word_target,66,-0.036157362837055694
8067,sub47,ling_word_target,67,-0.012187218207823883
8068,sub47,ling_word_target,68,0.031317049060089905
8069,sub47,ling_word_target,69,-0.09077730679548027
8070,sub47,ling_word_target,70,-0.06579052278482873
8071,sub47,ling_word_target,71,-0.024245187707493284
8072,sub47,ling_word_target,72,0.01163866924799297
8073,sub47,ling_word_target,73,0.0035214224760310715
8074,sub47,ling_word_target,74,0.06581547475935484
8075,sub47,ling_word_target,75,-0.004809850840663214
8076,sub47,ling_word_target,76,-0.05455784962828859
8077,sub47,ling_word_target,77,0.00030412046962658584
8078,sub47,ling_word_target,78,0.008193499543967649
8079,sub47,ling_word_target,79,0.031200692567750685
8080,sub47,ling_word_target,80,-0.009472027614027755
8081,sub47,ling_word_target,81,-0.03366959637234871
8082,sub47,ling_word_target,82,-0.010355961762685205
8083,sub47,ling_word_target,83,-0.1381800009686213
8084,sub47,ling_word_target,84,-0.024757476196423017
8085,sub47,ling_word_target,85,-0.023206084746568177
8086,sub47,ling_word_target,86,0.05383551624258368
8087,sub47,ling_word_target,87,0.03440465228037064
8088,sub47,ling_word_target,88,0.03191952185410466
8089,sub47,ling_word_target,89,-0.04781659935473758
8090,sub47,ling_word_target,90,-0.0647663570025291
8091,sub47,ling_word_target,91,0.018861528099963686
8092,sub47,ling_word_target,92,0.025252460920615442
8093,sub47,ling_word_target,93,0.1156109867362662
8094,sub47,ling_word_target,94,0.03987357673369911
8095,sub47,ling_word_target,95,0.02462897608752612
8096,sub47,ling_word_target,96,0.05991804991677986
8097,sub47,ling_word_target,97,0.06888628263687042
8098,sub47,ling_word_target,98,0.0003694328133277279
8099,sub47,ling_word_target,99,-0.046540203143540695
8100,sub47,ling_word_target,100,-0.009285570997343633
8101,sub47,ling_word_target,101,-0.09077061706343961
8102,sub47,ling_word_target,102,0.03659171117418423
8103,sub47,ling_word_target,103,-0.01378958393589009
8104,sub47,ling_word_target,104,0.03171737845463482
8105,sub47,ling_word_target,105,-0.027266998684875136
8106,sub47,ling_word_target,106,-0.08611596593694695
8107,sub47,ling_word_target,107,-0.06440583798488662
8108,sub47,ling_word_target,108,-0.020949845660036062
8109,sub47,ling_word_target,109,-0.02650168204103293
8110,sub47,ling_word_target,110,0.037106919478726665
8111,sub47,ling_word_target,111,-0.05757587892147361
8112,sub47,ling_word_target,112,-0.053967386417441914
8113,sub47,ling_word_target,113,-0.12179877493882847
8114,sub47,ling_word_target,114,0.0006165510356702669
8115,sub47,ling_word_target,115,-0.01336728274861247
8116,sub47,ling_word_target,116,0.09607380887304853
8117,sub47,ling_word_target,117,0.012679555480937445
8118,sub47,ling_word_target,118,0.06265958175700048
8119,sub47,ling_word_target,119,0.04805749669799399
8120,sub47,ling_word_target,120,0.013651293778128504
8121,sub47,ling_word_target,121,0.09899470775662392
8122,sub47,ling_word_target,122,0.08696612449672389
8123,sub47,ling_word_target,123,-0.013644071798682355
8124,sub47,ling_word_target,124,0.02363639664272132
8125,sub47,ling_word_target,125,-0.019837050533078868
8126,sub47,ling_word_target,126,-0.08633485164958493
8127,sub47,ling_word_target,127,-0.0027641740201002807
8128,sub47,ling_word_target,128,0.048613635732423416
8129,sub47,ling_word_target,129,0.040358695579662124
8130,sub47,ling_word_target,130,-0.05021450768650009
8131,sub47,ling_word_target,131,0.007900243498118884
8132,sub47,ling_word_target,132,0.10500229442555668
8133,sub47,ling_word_target,133,-0.03725774124390934
8134,sub47,ling_word_target,134,-0.016506937198328995
8135,sub47,ling_word_target,135,0.04205540156130859
8136,sub47,ling_word_target,136,-0.02346611394032588
8137,sub47,ling_word_target,137,-0.04877455832839062
8138,sub47,ling_word_target,138,0.0580986114010895
8139,sub47,ling_word_target,139,-0.028275133403627296
8140,sub47,ling_word_target,140,-0.11073335583719292
8141,sub47,ling_word_target,141,0.029031419877485025
8142,sub47,ling_word_target,142,0.0036549058167195544
8143,sub47,ling_word_target,143,-0.008617231399485451
8144,sub47,ling_word_target,144,0.021131458985815216
8145,sub47,ling_word_target,145,-0.07749765073347908
8146,sub47,ling_word_target,146,-0.05124498637041828
8147,sub47,ling_word_target,147,-0.018616981900995023
8148,sub47,ling_word_target,148,0.0825671688616566
8149,sub47,ling_word_target,149,0.08184932632355803
8150,sub47,ling_word_target,150,0.05905859478290084
8151,sub47,ling_word_target,151,0.02876335457586878
8152,sub47,ling_word_target,152,0.12557540311453605
8153,sub47,ling_word_target,153,-0.07369170443658656
8154,sub47,ling_word_target,154,-0.005955322749578234
8155,sub47,ling_word_target,155,-0.013343650535356275
8156,sub47,ling_word_target,156,-0.057293224884703814
8157,sub47,ling_word_target,157,0.07791059688792329
8158,sub47,ling_word_target,158,0.054199977159441005
8159,sub47,ling_word_target,159,-0.04951163692141868
8160,sub47,ling_word_target,160,0.022534277543897346
8161,sub47,ling_word_target,161,0.08971630925020667
8162,sub47,ling_word_target,162,0.16208943775627824
8163,sub47,ling_word_target,163,-0.017967168663994407
8164,sub47,ling_word_target,164,0.04136460521225491
8165,sub47,ling_word_target,165,0.013104874670914505
8166,sub47,ling_word_target,166,0.0334655606344291
8167,sub47,ling_word_target,167,0.01814339082277278
8168,sub47,ling_word_target,168,0.005395529481600856
8169,sub47,ling_word_target,169,0.13206619803103437
8170,sub47,ling_word_target,170,-0.11543753591431077
8171,sub47,ling_word_target,171,0.08479885058247269
8172,sub47,ling_word_target,172,0.12092824491003015
8173,sub47,ling_word_target,173,0.03075037529852983
8174,sub47,ling_word_target,174,-0.0028360050108849817
8175,sub47,ling_word_target,175,0.00430360092675397
8176,sub47,ling_word_target,176,0.023620102704711616
8177,sub47,ling_word_target,177,-0.07168067003333393
8178,sub47,ling_word_target,178,0.08615359425575018
8179,sub47,ling_word_target,179,-0.0002032557906471767
8180,sub47,ling_word_target,180,-0.06338622401225368
8181,sub47,ling_word_target,181,0.07484941582005386
8182,sub47,ling_word_target,182,-0.02018806194511161
8183,sub47,ling_word_target,183,-0.07722543666672622
8184,sub47,ling_word_target,184,-0.06861006060686341
8185,sub47,ling_word_target,185,-0.06333291445715361
8186,sub47,ling_word_target,186,0.00996190040350462
8187,sub47,ling_word_target,187,0.013428001276920482
8188,sub47,ling_word_target,188,-0.014320144586783764
8189,sub47,ling_word_target,189,0.0614751184026321
8190,sub47,ling_word_target,190,-0.0634839070253497
8191,sub47,ling_word_target,191,0.055246200885055885
8192,sub47,ling_word_target,192,-0.030424479427183418
8193,sub47,ling_word_target,193,-0.011505460949056292
8194,sub47,ling_word_target,194,-0.027118190739967442
8195,sub47,ling_word_target,195,-0.008533815976964136
8196,sub47,ling_word_target,196,0.11351455817598084
8197,sub47,ling_word_target,197,0.011970529992057955
8198,sub47,ling_word_target,198,0.004347293295381885
8199,sub47,ling_word_target,199,0.08504200919458335
8200,sub48,ling_word_target,0,-0.05831323161534628
8201,sub48,ling_word_target,1,0.012967855726970231
8202,sub48,ling_word_target,2,-0.045286961586524274
8203,sub48,ling_word_target,3,-0.047786480737944344
8204,sub48,ling_word_target,4,-0.03263623638437745
8205,sub48,ling_word_target,5,-0.026574407218519013
8206,sub48,ling_word_target,6,-0.03512176386413075
8207,sub48,ling_word_target,7,0.02824837647690552
8208,sub48,ling_word_target,8,-0.07542950033050658
8209,sub48,ling_word_target,9,0.020616249363139744
8210,sub48,ling_word_target,10,-0.005237566651574414
8211,sub48,ling_word_target,11,0.027757655346184712
8212,sub48,ling_word_target,12,-0.001039754833449595
8213,sub48,ling_word_target,13,0.019181213048037556
8214,sub48,ling_word_target,14,0.019304810488504742
8215,sub48,ling_word_target,15,0.03691261514429671
8216,sub48,ling_word_target,16,-0.003319466362309468
8217,sub48,ling_word_target,17,0.029491388593939287
8218,sub48,ling_word_target,18,-0.052343015554321345
8219,sub48,ling_word_target,19,-0.037225784566645576
8220,sub48,ling_word_target,20,-0.008217212357448473
8221,sub48,ling_word_target,21,0.008463114435144817
8222,sub48,ling_word_target,22,0.033700482673871976
8223,sub48,ling_word_target,23,-0.00978931807960431
8224,sub48,ling_word_target,24,-0.02328892544685059
8225,sub48,ling_word_target,25,0.024405915486808146
8226,sub48,ling_word_target,26,-0.042103535396433196
8227,sub48,ling_word_target,27,-0.040592297776166256
8228,sub48,ling_word_target,28,0.04133711883159779
8229,sub48,ling_word_target,29,0.028853066814963472
8230,sub48,ling_word_target,30,0.0504064239474849
8231,sub48,ling_word_target,31,0.02018567758759474
8232,sub48,ling_word_target,32,-0.015865386501523557
8233,sub48,ling_word_target,33,-0.004396162178228419
8234,sub48,ling_word_target,34,0.11507233198406328
8235,sub48,ling_word_target,35,0.04580909694173472
8236,sub48,ling_word_target,36,-0.057585336097120556
8237,sub48,ling_word_target,37,0.046115523798023014
8238,sub48,ling_word_target,38,-0.04523578654898659
8239,sub48,ling_word_target,39,0.020492593702000926
8240,sub48,ling_word_target,40,0.10820333367857794
8241,sub48,ling_word_target,41,0.049373743630629
8242,sub48,ling_word_target,42,0.04868650858774531
8243,sub48,ling_word_target,43,0.00329861676611822
8244,sub48,ling_word_target,44,-0.01956366213553264
8245,sub48,ling_word_target,45,0.04031527084083922
8246,sub48,ling_word_target,46,-0.02425695955983274
8247,sub48,ling_word_target,47,0.07262789921386857
8248,sub48,ling_word_target,48,-0.06937925483409767
8249,sub48,ling_word_target,49,0.07834866704047078
8250,sub48,ling_word_target,50,-0.05993684539796694
8251,sub48,ling_word_target,51,-0.033865326418981885
8252,sub48,ling_word_target,52,-0.03321025531514665
8253,sub48,ling_word_target,53,-0.09701698745365832
8254,sub48,ling_word_target,54,-0.0032502317088008463
8255,sub48,ling_word_target,55,-0.03172881177493403
8256,sub48,ling_word_target,56,-0.027618130853835993
8257,sub48,ling_word_target,57,0.014476980540587927
8258,sub48,ling_word_target,58,0.05682736320307402
8259,sub48,ling_word_target,59,-0.014007289531033407
8260,sub48,ling_word_target,60,-0.05984499340144715
8261,sub48,ling_word_target,61,-0.024335467377996873
8262,sub48,ling_word_target,62,-0.004125566009499045
8263,sub48,ling_word_target,63,-0.04870705038432339
8264,sub48,ling_word_target,64,-0.017094641085387004
8265,sub48,ling_word_target,65,-0.03037018534763239
8266,sub48,ling_word_target,66,0.1125705551341477
8267,sub48,ling_word_target,67,-0.02567578961299949
8268,sub48,ling_word_target,68,0.04918468030680821
8269,sub48,ling_word_target,69,-0.031576227585810294
8270,sub48,ling_word_target,70,-0.0177753079072683
8271,sub48,ling_word_target,71,0.0076692182347735454
8272,sub48,ling_word_target,72,0.06275025380177486
8273,sub48,ling_word_target,73,-0.03743407759171779
8274,sub48,ling_word_target,74,0.03022007508330402
8275,sub48,ling_word_target,75,0.016028741232644347
8276,sub48,ling_word_target,76,-0.029350116262550713
8277,sub48,ling_word_target,77,-0.03216061333591383
8278,sub48,ling_word_target,78,0.07212950698618881
8279,sub48,ling_word_target,79,-0.03032819022987171
8280,sub48,ling_word_target,80,-0.00828903543561394
8281,sub48,ling_word_target,81,-0.008721933813290995
8282,sub48,ling_word_target,82,-0.004861223898886436
8283,sub48,ling_word_target,83,-0.051709915816533565
8284,sub48,ling_word_target,84,0.016251473039854518
8285,sub48,ling_word_target,85,-0.0026273966895735824
8286,sub48,ling_word_target,86,-0.02347232492652989
8287,sub48,ling_word_target,87,-0.011998717062173238
8288,sub48,ling_word_target,88,-0.016772427711735385
8289,sub48,ling_word_target,89,0.01821705067283793
8290,sub48,ling_word_target,90,-0.087511905433886
8291,sub48,ling_word_target,91,0.015213742376208383
8292,sub48,ling_word_target,92,0.0191700092787045
8293,sub48,ling_word_target,93,0.027474586030764483
8294,sub48,ling_word_target,94,-0.0315724683466684
8295,sub48,ling_word_target,95,0.016317484864542087
8296,sub48,ling_word_target,96,0.0054234065202906105
8297,sub48,ling_word_target,97,0.00707303492847601
8298,sub48,ling_word_target,98,0.040281088744855996
8299,sub48,ling_word_target,99,0.01565792375257792
8300,sub48,ling_word_target,100,-0.04650860481846166
8301,sub48,ling_word_target,101,0.007103828325315066
8302,sub48,ling_word_target,102,0.025930316637211563
8303,sub48,ling_word_target,103,0.008413138601790784
8304,sub48,ling_word_target,104,-0.0256973084763418
8305,sub48,ling_word_target,105,0.017938019743293183
8306,sub48,ling_word_target,106,0.1255211525234165
8307,sub48,ling_word_target,107,-0.0581826947460996
8308,sub48,ling_word_target,108,0.014729840717584914
8309,sub48,ling_word_target,109,0.0256486884977058
8310,sub48,ling_word_target,110,-0.03327756082746924
8311,sub48,ling_word_target,111,-0.11640363143671802
8312,sub48,ling_word_target,112,-0.09688119841080549
8313,sub48,ling_word_target,113,-0.008219438344015416
8314,sub48,ling_word_target,114,0.012285450170722929
8315,sub48,ling_word_target,115,0.03535077337654529
8316,sub48,ling_word_target,116,-0.1069760174624348
8317,sub48,ling_word_target,117,-0.08583118812724196
8318,sub48,ling_word_target,118,-0.026903062851050687
8319,sub48,ling_word_target,119,-0.0035541621045102538
8320,sub48,ling_word_target,120,0.0315880894766354
8321,sub48,ling_word_target,121,0.005439105027232749
8322,sub48,ling_word_target,122,-0.047779127850720485
8323,sub48,ling_word_target,123,0.002884970825319869
8324,sub48,ling_word_target,124,0.05167387386959945
8325,sub48,ling_word_target,125,-0.005084731796861235
8326,sub48,ling_word_target,126,-0.00685493926916222
8327,sub48,ling_word_target,127,0.012847548333820829
8328,sub48,ling_word_target,128,0.02025654018267315
8329,sub48,ling_word_target,129,-0.03259814197246702
8330,sub48,ling_word_target,130,0.034975540434968
8331,sub48,ling_word_target,131,5.440788525011746e-05
8332,sub48,ling_word_target,132,0.0661041784981287
8333,sub48,ling_word_target,133,0.1542307932435038
8334,sub48,ling_word_target,134,-0.12479125079925432
8335,sub48,ling_word_target,135,0.04522505778747782
8336,sub48,ling_word_target,136,-0.022706470888381982
8337,sub48,ling_word_target,137,-0.045786458827681314
8338,sub48,ling_word_target,138,0.004842097781460621
8339,sub48,ling_word_target,139,0.014069215949711597
8340,sub48,ling_word_target,140,0.023390097857479
8341,sub48,ling_word_target,141,-0.02848284611228641
8342,sub48,ling_word_target,142,0.012854361448781482
8343,sub48,ling_word_target,143,-0.022346882211360438
8344,sub48,ling_word_target,144,0.039393055525562916
8345,sub48,ling_word_target,145,-0.03315416079991927
8346,sub48,ling_word_target,146,-0.03372547930290202
8347,sub48,ling_word_target,147,-0.018728673743026322
8348,sub48,ling_word_target,148,-0.004499349271061487
8349,sub48,ling_word_target,149,0.00040212735836939217
8350,sub48,ling_word_target,150,-0.012593047442806213
8351,sub48,ling_word_target,151,-0.04881160604454495
8352,sub48,ling_word_target,152,-0.033465545874514516
8353,sub48,ling_word_target,153,0.03471662113301834
8354,sub48,ling_word_target,154,0.03462917320627001
8355,sub48,ling_word_target,155,0.05348936689064452
8356,sub48,ling_word_target,156,0.003275877773334867
8357,sub48,ling_word_target,157,0.0568738455493284
8358,sub48,ling_word_target,158,0.029897542946797823
8359,sub48,ling_word_target,159,0.026156805816650606
8360,sub48,ling_word_target,160,-0.039071358914550595
8361,sub48,ling_word_target,161,0.07012763553792763
8362,sub48,ling_word_target,162,0.0015439249519605307
8363,sub48,ling_word_target,163,-0.034187794825730394
8364,sub48,ling_word_target,164,0.0072143167185136714
8365,sub48,ling_word_target,165,-0.04215741189894062
8366,sub48,ling_word_target,166,0.0004323432840110243
8367,sub48,ling_word_target,167,0.06122239214931573
8368,sub48,ling_word_target,168,-0.012668653360045906
8369,sub48,ling_word_target,169,-0.0059276655013703545
8370,sub48,ling_word_target,170,-0.06443995707984393
8371,sub48,ling_word_target,171,0.0016590065327596781
8372,sub48,ling_word_target,172,-0.010630631979132645
8373,sub48,ling_word_target,173,-0.03680143137861541
8374,sub48,ling_word_target,174,-0.11124909869142456
8375,sub48,ling_word_target,175,-0.03178207919303158
8376,sub48,ling_word_target,176,0.03213165870352202
8377,sub48,ling_word_target,177,-0.01876136732001379
8378,sub48,ling_word_target,178,0.012430697239606452
8379,sub48,ling_word_target,179,0.045853231771220464
8380,sub48,ling_word_target,180,0.06100815553957339
8381,sub48,ling_word_target,181,0.009226816510372477
8382,sub48,ling_word_target,182,0.03693550425583973
8383,sub48,ling_word_target,183,0.02220145656662365
8384,sub48,ling_word_target,184,0.0033015617334804137
8385,sub48,ling_word_target,185,0.011012263575658357
8386,sub48,ling_word_target,186,-0.00032065863398115363
8387,sub48,ling_word_target,187,0.027411619102824608
8388,sub48,ling_word_target,188,-0.022837014000052065
8389,sub48,ling_word_target,189,0.0272873242163734
8390,sub48,ling_word_target,190,-0.09710357322458367
8391,sub48,ling_word_target,191,0.041478148144487435
8392,sub48,ling_word_target,192,0.004755769517230699
8393,sub48,ling_word_target,193,-0.0502006137004679
8394,sub48,ling_word_target,194,0.1343194993936985
8395,sub48,ling_word_target,195,0.043952391037269285
8396,sub48,ling_word_target,196,-0.0070874604224518915
8397,sub48,ling_word_target,197,-0.11510083624486918
8398,sub48,ling_word_target,198,0.0074777772757575025
8399,sub48,ling_word_target,199,0.02572307170085907
8400,sub49,ling_word_target,0,-0.006582354164720017
8401,sub49,ling_word_target,1,-0.0577811102921089
8402,sub49,ling_word_target,2,0.04081280195212035
8403,sub49,ling_word_target,3,0.07304694075981218
8404,sub49,ling_word_target,4,0.00803690637222001
8405,sub49,ling_word_target,5,-0.044595158899824267
8406,sub49,ling_word_target,6,0.04482470867291219
8407,sub49,ling_word_target,7,0.0018414283564508252
8408,sub49,ling_word_target,8,0.05371294820167926
8409,sub49,ling_word_target,9,0.0022300384141554284
8410,sub49,ling_word_target,10,0.0019147189824187845
8411,sub49,ling_word_target,11,0.02176151920962962
8412,sub49,ling_word_target,12,0.0009101081622624881
8413,sub49,ling_word_target,13,0.038185195519087035
8414,sub49,ling_word_target,14,-0.04213699374507504
8415,sub49,ling_word_target,15,-0.012442257716469942
8416,sub49,ling_word_target,16,-0.042597192325202184
8417,sub49,ling_word_target,17,-0.05865497644690035
8418,sub49,ling_word_target,18,0.08712353504564029
8419,sub49,ling_word_target,19,-0.06949121333178535
8420,sub49,ling_word_target,20,-0.028277273289246167
8421,sub49,ling_word_target,21,-0.041987676447348084
8422,sub49,ling_word_target,22,-0.02455620047273411
8423,sub49,ling_word_target,23,-0.06840452743543801
8424,sub49,ling_word_target,24,0.01645441622881544
8425,sub49,ling_word_target,25,-0.017415038346799513
8426,sub49,ling_word_target,26,-0.015151670640957033
8427,sub49,ling_word_target,27,-0.04894140127233673
8428,sub49,ling_word_target,28,0.018437441115583694
8429,sub49,ling_word_target,29,-0.021584169079396587
8430,sub49,ling_word_target,30,-0.04706772207495599
8431,sub49,ling_word_target,31,-0.009135122974799913
8432,sub49,ling_word_target,32,-0.05469295736824794
8433,sub49,ling_word_target,33,-0.049978991142888396
8434,sub49,ling_word_target,34,0.002804662117247212
8435,sub49,ling_word_target,35,0.03787070972489879
8436,sub49,ling_word_target,36,0.03741001012872141
8437,sub49,ling_word_target,37,0.0005180901859964859
8438,sub49,ling_word_target,38,0.03223981672094515
8439,sub49,ling_word_target,39,0.03783480855157385
8440,sub49,ling_word_target,40,-0.14207104643588658
8441,sub49,ling_word_target,41,0.018628567608013007
8442,sub49,ling_word_target,42,0.02322453887309365
8443,sub49,ling_word_target,43,-0.013642288621876065
8444,sub49,ling_word_target,44,-0.02069126699973018
8445,sub49,ling_word_target,45,0.058755811650672174
8446,sub49,ling_word_target,46,0.0014731909256850717
8447,sub49,ling_word_target,47,0.008158894057134452
8448,sub49,ling_word_target,48,0.03955338044804988
8449,sub49,ling_word_target,49,0.003960848453871344
8450,sub49,ling_word_target,50,-0.0019681910070013598
8451,sub49,ling_word_target,51,-0.031290758604763005
8452,sub49,ling_word_target,52,0.05837035778751595
8453,sub49,ling_word_target,53,0.00010265054945391467
8454,sub49,ling_word_target,54,0.038031433146586476
8455,sub49,ling_word_target,55,0.023165948701382694
8456,sub49,ling_word_target,56,0.038771239165813626
8457,sub49,ling_word_target,57,-0.03190468732777537
8458,sub49,ling_word_target,58,0.03959755693824325
8459,sub49,ling_word_target,59,0.05434338520993645
8460,sub49,ling_word_target,60,-0.00422582468341236
8461,sub49,ling_word_target,61,0.0927646487025276
8462,sub49,ling_word_target,62,-0.045365787713899215
8463,sub49,ling_word_target,63,0.06018321926471574
8464,sub49,ling_word_target,64,0.05483010791244809
8465,sub49,ling_word_target,65,-0.00035285602904265817
8466,sub49,ling_word_target,66,0.007492220365620239
8467,sub49,ling_word_target,67,-0.0003415301950053615
8468,sub49,ling_word_target,68,0.00372881508691675
8469,sub49,ling_word_target,69,0.024003786743862235
8470,sub49,ling_word_target,70,0.00827906229342117
8471,sub49,ling_word_target,71,0.016550355529517537
8472,sub49,ling_word_target,72,0.05742441652795182
8473,sub49,ling_word_target,73,-0.007920951360782856
8474,sub49,ling_word_target,74,0.06209232822915037
8475,sub49,ling_word_target,75,0.11691139217643463
8476,sub49,ling_word_target,76,0.1531916963233624
8477,sub49,ling_word_target,77,-0.013358126886863823
8478,sub49,ling_word_target,78,-0.06244621064445882
8479,sub49,ling_word_target,79,-0.013854401406209794
8480,sub49,ling_word_target,80,-0.00852232326859758
8481,sub49,ling_word_target,81,-0.0533045509986048
8482,sub49,ling_word_target,82,-0.015884936699907957
8483,sub49,ling_word_target,83,-0.06768255835513322
8484,sub49,ling_word_target,84,-0.07510908116396973
8485,sub49,ling_word_target,85,0.0024149806123126313
8486,sub49,ling_word_target,86,-0.005246843146634592
8487,sub49,ling_word_target,87,-0.004566596117927839
8488,sub49,ling_word_target,88,-0.03712822231559265
8489,sub49,ling_word_target,89,0.059605168549563214
8490,sub49,ling_word_target,90,-0.010419527353807185
8491,sub49,ling_word_target,91,0.04113372902302966
8492,sub49,ling_word_target,92,0.016551609948598257
8493,sub49,ling_word_target,93,0.01676049262846021
8494,sub49,ling_word_target,94,0.07665506731149137
8495,sub49,ling_word_target,95,0.03216780131064839
8496,sub49,ling_word_target,96,0.009372085959742536
8497,sub49,ling_word_target,97,0.012012372443953137
8498,sub49,ling_word_target,98,0.06596991831586287
8499,sub49,ling_word_target,99,0.02708190451785196
8500,sub49,ling_word_target,100,-0.035192729134470566
8501,sub49,ling_word_target,101,0.027415791945386035
8502,sub49,ling_word_target,102,-0.05503027315876144
8503,sub49,ling_word_target,103,-0.07355300712852669
8504,sub49,ling_word_target,104,-0.037193848549947665
8505,sub49,ling_word_target,105,0.032135864918409404
8506,sub49,ling_word_target,106,0.033797844353638
8507,sub49,ling_word_target,107,-0.005107163658521296
8508,sub49,ling_word_target,108,-0.009545165677080702
8509,sub49,ling_word_target,109,-0.01943211175959592
8510,sub49,ling_word_target,110,0.04003230771578911
8511,sub49,ling_word_target,111,0.0074062274118041945
8512,sub49,ling_word_target,112,-0.02913193724967023
8513,sub49,ling_word_target,113,-0.04455139544940627
8514,sub49,ling_word_target,114,0.05590954255557916
8515,sub49,ling_word_target,115,0.09263636462445902
8516,sub49,ling_word_target,116,-0.02544277229012472
8517,sub49,ling_word_target,117,0.03116545572447291
8518,sub49,ling_word_target,118,0.11011345941268076
8519,sub49,ling_word_target,119,-0.05160955201259897
8520,sub49,ling_word_target,120,-0.012893866661153297
8521,sub49,ling_word_target,121,0.018298608686414163
8522,sub49,ling_word_target,122,-0.007602387296073259
8523,sub49,ling_word_target,123,-0.03534797881177407
8524,sub49,ling_word_target,124,0.009527928112396673
8525,sub49,ling_word_target,125,-0.042641755349008964
8526,sub49,ling_word_target,126,0.01489384162953242
8527,sub49,ling_word_target,127,0.026701447964049507
8528,sub49,ling_word_target,128,0.014236418888291072
8529,sub49,ling_word_target,129,0.02126151693804562
8530,sub49,ling_word_target,130,0.054756577154432745
8531,sub49,ling_word_target,131,-0.013778027735480735
8532,sub49,ling_word_target,132,-0.03837994833338687
8533,sub49,ling_word_target,133,-0.022407151620952234
8534,sub49,ling_word_target,134,-0.016176313474342164
8535,sub49,ling_word_target,135,-0.05213134173535318
8536,sub49,ling_word_target,136,0.050860537655697355
8537,sub49,ling_word_target,137,0.029212028373828088
8538,sub49,ling_word_target,138,-0.08686258641084572
8539,sub49,ling_word_target,139,-0.06852580183728575
8540,sub49,ling_word_target,140,0.042110248520073466
8541,sub49,ling_word_target,141,0.0694736190082827
8542,sub49,ling_word_target,142,0.019859893708302042
8543,sub49,ling_word_target,143,0.021505042657554155
8544,sub49,ling_word_target,144,-0.04758064538504494
8545,sub49,ling_word_target,145,0.01440230901992406
8546,sub49,ling_word_target,146,0.01653770320095711
8547,sub49,ling_word_target,147,-0.003570319861002169
8548,sub49,ling_word_target,148,0.009162013112088297
8549,sub49,ling_word_target,149,-0.015240557497796856
8550,sub49,ling_word_target,150,-0.004779765117123239
8551,sub49,ling_word_target,151,-0.018254872695587683
8552,sub49,ling_word_target,152,-0.02750963009757889
8553,sub49,ling_word_target,153,0.0036281032585780333
8554,sub49,ling_word_target,154,0.05139256504850873
8555,sub49,ling_word_target,155,0.07009502629760023
8556,sub49,ling_word_target,156,0.024639831425919755
8557,sub49,ling_word_target,157,0.03052369556094806
8558,sub49,ling_word_target,158,-0.04914223014249324
8559,sub49,ling_word_target,159,-0.00548180870239615
8560,sub49,ling_word_target,160,-0.006144937129513873
8561,sub49,ling_word_target,161,-0.02791631661385267
8562,sub49,ling_word_target,162,-0.0019746618754702956
8563,sub49,ling_word_target,163,0.08456916368879938
8564,sub49,ling_word_target,164,-0.01874189704383603
8565,sub49,ling_word_target,165,0.03519419960039372
8566,sub49,ling_word_target,166,-0.043010309216144085
8567,sub49,ling_word_target,167,0.056884795086867126
8568,sub49,ling_word_target,168,0.038391723469710266
8569,sub49,ling_word_target,169,-0.0339826088546444
8570,sub49,ling_word_target,170,0.024917621340843635
8571,sub49,ling_word_target,171,0.0261579759015991
8572,sub49,ling_word_target,172,-0.028642183546190126
8573,sub49,ling_word_target,173,0.01580433318780275
8574,sub49,ling_word_target,174,0.0004893626258320883
8575,sub49,ling_word_target,175,0.04588100400857334
8576,sub49,ling_word_target,176,-0.001726450296983032
8577,sub49,ling_word_target,177,-0.14249729245254142
8578,sub49,ling_word_target,178,-0.00014316313690553479
8579,sub49,ling_word_target,179,0.06566755518692897
8580,sub49,ling_word_target,180,0.005382395631242308
8581,sub49,ling_word_target,181,-0.020656351063379434
8582,sub49,ling_word_target,182,0.09201617793437404
8583,sub49,ling_word_target,183,-0.031204297190795108
8584,sub49,ling_word_target,184,-0.026524588133097465
8585,sub49,ling_word_target,185,0.0336240871882562
8586,sub49,ling_word_target,186,-0.01477033475774931
8587,sub49,ling_word_target,187,0.05931817332394775
8588,sub49,ling_word_target,188,0.043495495938339096
8589,sub49,ling_word_target,189,0.053015281904766856
8590,sub49,ling_word_target,190,0.07090630540346331
8591,sub49,ling_word_target,191,-0.03812359907849406
8592,sub49,ling_word_target,192,0.08902328250428697
8593,sub49,ling_word_target,193,0.004937322005367754
8594,sub49,ling_word_target,194,0.03723709932541886
8595,sub49,ling_word_target,195,0.048238432376774845
8596,sub49,ling_word_target,196,0.03784230667290608
8597,sub49,ling_word_target,197,0.055268436425759807
8598,sub49,ling_word_target,198,0.027986446126533962
8599,sub49,ling_word_target,199,0.026818241031963633
8600,sub50,ling_word_target,0,-0.0017640105821301595
8601,sub50,ling_word_target,1,-0.0011207926136081168
8602,sub50,ling_word_target,2,0.010473240698208245
8603,sub50,ling_word_target,3,0.10839576599548839
8604,sub50,ling_word_target,4,-0.02604814802282079
8605,sub50,ling_word_target,5,-0.025478699778714396
8606,sub50,ling_word_target,6,0.05714877556940058
8607,sub50,ling_word_target,7,0.02154578746806834
8608,sub50,ling_word_target,8,0.034888718466110615
8609,sub50,ling_word_target,9,0.0275596736910839
8610,sub50,ling_word_target,10,0.044663378130115575
8611,sub50,ling_word_target,11,-0.01771751281144761
8612,sub50,ling_word_target,12,0.024741467566181185
8613,sub50,ling_word_target,13,-0.012394216368323087
8614,sub50,ling_word_target,14,-0.0492911870220968
8615,sub50,ling_word_target,15,0.04626130610680463
8616,sub50,ling_word_target,16,-0.01799141233883352
8617,sub50,ling_word_target,17,-0.0027141987950228684
8618,sub50,ling_word_target,18,-0.0530921170603247
8619,sub50,ling_word_target,19,-0.041524054803826635
8620,sub50,ling_word_target,20,-0.036591975579857855
8621,sub50,ling_word_target,21,0.05856134807190393
8622,sub50,ling_word_target,22,-0.027291790987233677
8623,sub50,ling_word_target,23,0.010110809759687417
8624,sub50,ling_word_target,24,-0.02098087931902688
8625,sub50,ling_word_target,25,0.09866444736209917
8626,sub50,ling_word_target,26,-0.0011011110975529196
8627,sub50,ling_word_target,27,0.02535835551254281
8628,sub50,ling_word_target,28,0.01028283261652959
8629,sub50,ling_word_target,29,-0.06724589008396378
8630,sub50,ling_word_target,30,0.04306882550835445
8631,sub50,ling_word_target,31,-0.08637901047265871
8632,sub50,ling_word_target,32,0.07355247381036878
8633,sub50,ling_word_target,33,0.07285666374080406
8634,sub50,ling_word_target,34,-0.029598701134287544
8635,sub50,ling_word_target,35,0.017779947539234415
8636,sub50,ling_word_target,36,0.027257657591359622
8637,sub50,ling_word_target,37,-0.05008847721895955
8638,sub50,ling_word_target,38,0.05270573375335467
8639,sub50,ling_word_target,39,0.02130545821917384
8640,sub50,ling_word_target,40,0.049296121384916625
8641,sub50,ling_word_target,41,-0.04604451036915381
8642,sub50,ling_word_target,42,0.0688390191394148
8643,sub50,ling_word_target,43,0.07787153302497857
8644,sub50,ling_word_target,44,0.07598534080304342
8645,sub50,ling_word_target,45,-0.008921346733730899
8646,sub50,ling_word_target,46,0.07302018408006491
8647,sub50,ling_word_target,47,0.04132694325647441
8648,sub50,ling_word_target,48,-0.008140807555516058
8649,sub50,ling_word_target,49,-0.018236749449549453
8650,sub50,ling_word_target,50,-0.010701748778772535
8651,sub50,ling_word_target,51,-0.03850654192289916
8652,sub50,ling_word_target,52,0.018767942937033082
8653,sub50,ling_word_target,53,-0.027169963934810807
8654,sub50,ling_word_target,54,-0.043037242746203144
8655,sub50,ling_word_target,55,-0.041804958483469844
8656,sub50,ling_word_target,56,0.0876754301426748
8657,sub50,ling_word_target,57,0.03329404876218634
8658,sub50,ling_word_target,58,0.05259611118715629
8659,sub50,ling_word_target,59,-0.11441047924036714
8660,sub50,ling_word_target,60,0.02331440212803904
8661,sub50,ling_word_target,61,-0.051846115193997774
8662,sub50,ling_word_target,62,-0.11685264276075756
8663,sub50,ling_word_target,63,0.011165270364143012
8664,sub50,ling_word_target,64,-0.041275535218085024
8665,sub50,ling_word_target,65,-0.037462374426537964
8666,sub50,ling_word_target,66,-0.01539154644275278
8667,sub50,ling_word_target,67,-0.07013335036097543
8668,sub50,ling_word_target,68,0.005147167731306586
8669,sub50,ling_word_target,69,0.013899395805027217
8670,sub50,ling_word_target,70,0.07301648368928927
8671,sub50,ling_word_target,71,0.01904969042048444
8672,sub50,ling_word_target,72,0.044973609492782875
8673,sub50,ling_word_target,73,-0.005354877654987675
8674,sub50,ling_word_target,74,0.021090407727453908
8675,sub50,ling_word_target,75,0.032196570503128685
8676,sub50,ling_word_target,76,-0.042472202858818836
8677,sub50,ling_word_target,77,-0.04588949824059847
8678,sub50,ling_word_target,78,0.013282708793213976
8679,sub50,ling_word_target,79,-0.04708276270864189
8680,sub50,ling_word_target,80,-0.05605334344675316
8681,sub50,ling_word_target,81,0.03617722948100107
8682,sub50,ling_word_target,82,-0.012376879712184237
8683,sub50,ling_word_target,83,0.029377069477543708
8684,sub50,ling_word_target,84,-0.013075391765348618
8685,sub50,ling_word_target,85,0.016220757215703405
8686,sub50,ling_word_target,86,0.026157364313925933
8687,sub50,ling_word_target,87,-0.028439133401223563
8688,sub50,ling_word_target,88,0.014121465888400814
8689,sub50,ling_word_target,89,0.025776187802280505
8690,sub50,ling_word_target,90,0.15182692990567576
8691,sub50,ling_word_target,91,0.08460241803716845
8692,sub50,ling_word_target,92,-0.024671012722995583
8693,sub50,ling_word_target,93,0.002311023262662584
8694,sub50,ling_word_target,94,-0.13646083954561145
8695,sub50,ling_word_target,95,0.01895848267724522
8696,sub50,ling_word_target,96,-0.018111513698432176
8697,sub50,ling_word_target,97,0.06319070360121964
8698,sub50,ling_word_target,98,0.0031066964582308785
8699,sub50,ling_word_target,99,0.020999810459494173
8700,sub50,ling_word_target,100,-0.015455886788826652
8701,sub50,ling_word_target,101,0.0005846332673111032
8702,sub50,ling_word_target,102,0.019628423977917232
8703,sub50,ling_word_target,103,-0.04497322450881185
8704,sub50,ling_word_target,104,0.020492247796655264
8705,sub50,ling_word_target,105,0.04419089182059606
8706,sub50,ling_word_target,106,-0.008008193743838933
8707,sub50,ling_word_target,107,0.1053652581118797
8708,sub50,ling_word_target,108,0.05280763265747001
8709,sub50,ling_word_target,109,-0.0207485243677948
8710,sub50,ling_word_target,110,0.054181551312112206
8711,sub50,ling_word_target,111,-0.0625169607553012
8712,sub50,ling_word_target,112,0.024562547487355858
8713,sub50,ling_word_target,113,0.019208352043062957
8714,sub50,ling_word_target,114,-0.034417674760650094
8715,sub50,ling_word_target,115,-0.04534756309281767
8716,sub50,ling_word_target,116,-0.09329539984430119
8717,sub50,ling_word_target,117,0.01941529015254824
8718,sub50,ling_word_target,118,-0.03411416444090304
8719,sub50,ling_word_target,119,0.04838090795884567
8720,sub50,ling_word_target,120,0.11296470643903213
8721,sub50,ling_word_target,121,-0.013448987589937608
8722,sub50,ling_word_target,122,0.03054705019813908
8723,sub50,ling_word_target,123,0.03498056612181412
8724,sub50,ling_word_target,124,0.04362183924399874
8725,sub50,ling_word_target,125,-0.031286054263372776
8726,sub50,ling_word_target,126,-0.009733091120938777
8727,sub50,ling_word_target,127,-0.04713367504265892
8728,sub50,ling_word_target,128,0.08433538086154334
8729,sub50,ling_word_target,129,-0.0005065180752480159
8730,sub50,ling_word_target,130,0.036901678157092464
8731,sub50,ling_word_target,131,0.016061716867066235
8732,sub50,ling_word_target,132,0.02674673342295309
8733,sub50,ling_word_target,133,0.007156785194455712
8734,sub50,ling_word_target,134,-0.05458393765542956
8735,sub50,ling_word_target,135,0.050329731678764554
8736,sub50,ling_word_target,136,0.08101280729377433
8737,sub50,ling_word_target,137,0.11331419928061325
8738,sub50,ling_word_target,138,0.008369179007509804
8739,sub50,ling_word_target,139,0.02745419092379807
8740,sub50,ling_word_target,140,0.018055630537708704
8741,sub50,ling_word_target,141,-0.10199602693616541
8742,sub50,ling_word_target,142,0.05415765490778605
8743,sub50,ling_word_target,143,-0.014917196904141488
8744,sub50,ling_word_target,144,0.04173024376784051
8745,sub50,ling_word_target,145,0.03616643184437881
8746,sub50,ling_word_target,146,-0.02393875328567638
8747,sub50,ling_word_target,147,0.01571968554203914
8748,sub50,ling_word_target,148,-0.028893761210296926
8749,sub50,ling_word_target,149,-0.011848155779300196
8750,sub50,ling_word_target,150,0.07882516521813233
8751,sub50,ling_word_target,151,-0.017424847972392292
8752,sub50,ling_word_target,152,0.07896722682179194
8753,sub50,ling_word_target,153,-0.0575207737825631
8754,sub50,ling_word_target,154,0.011586163182196673
8755,sub50,ling_word_target,155,-0.017171743942935497
8756,sub50,ling_word_target,156,0.0873852936749027
8757,sub50,ling_word_target,157,-0.006117226989056687
8758,sub50,ling_word_target,158,-0.007861090463053461
8759,sub50,ling_word_target,159,-0.01275613137692455
8760,sub50,ling_word_target,160,-0.028994305111826345
8761,sub50,ling_word_target,161,0.01677864709545782
8762,sub50,ling_word_target,162,-0.07271370652850644
8763,sub50,ling_word_target,163,0.013451517340655538
8764,sub50,ling_word_target,164,-0.026704994535176642
8765,sub50,ling_word_target,165,0.07977847176673422
8766,sub50,ling_word_target,166,-0.04141526536046351
8767,sub50,ling_word_target,167,0.038876247390614266
8768,sub50,ling_word_target,168,-0.03949887809267582
8769,sub50,ling_word_target,169,-0.03791463229232352
8770,sub50,ling_word_target,170,-0.0568587786107811
8771,sub50,ling_word_target,171,0.03479539905882148
8772,sub50,ling_word_target,172,-0.017069945394374644
8773,sub50,ling_word_target,173,0.006672457363375564
8774,sub50,ling_word_target,174,0.014223043632766236
8775,sub50,ling_word_target,175,0.0011885631473721248
8776,sub50,ling_word_target,176,0.04180916058339681
8777,sub50,ling_word_target,177,-0.02054454794315318
8778,sub50,ling_word_target,178,0.02599309827741322
8779,sub50,ling_word_target,179,0.08902881976006688
8780,sub50,ling_word_target,180,0.005777203218900955
8781,sub50,ling_word_target,181,-0.07913593782036239
8782,sub50,ling_word_target,182,0.017452526906128293
8783,sub50,ling_word_target,183,-0.04878693125646821
8784,sub50,ling_word_target,184,-0.01656842582291908
8785,sub50,ling_word_target,185,0.03396068495984241
8786,sub50,ling_word_target,186,-0.0001986202573330926
8787,sub50,ling_word_target,187,-0.023955246710483002
8788,sub50,ling_word_target,188,0.014693270963730796
8789,sub50,ling_word_target,189,0.018370534181713503
8790,sub50,ling_word_target,190,-0.0053010975551367
8791,sub50,ling_word_target,191,0.05689633487293593
8792,sub50,ling_word_target,192,-0.05263402964249936
8793,sub50,ling_word_target,193,0.07103426063260163
8794,sub50,ling_word_target,194,-0.03722778101170079
8795,sub50,ling_word_target,195,-0.018674955629894182
8796,sub50,ling_word_target,196,0.06084876427080866
8797,sub50,ling_word_target,197,0.038151447214422804
8798,sub50,ling_word_target,198,0.01767523123668907
8799,sub50,ling_word_target,199,0.040666602034030906
8800,sub51,ling_word_target,0,0.006345174958428927
8801,sub51,ling_word_target,1,-0.014998384773411186
8802,sub51,ling_word_target,2,-0.09038930977713588
8803,sub51,ling_word_target,3,0.011462080487992408
8804,sub51,ling_word_target,4,-0.02908418856357289
8805,sub51,ling_word_target,5,0.0036989001632374693
8806,sub51,ling_word_target,6,-0.012635639752823207
8807,sub51,ling_word_target,7,0.04074230103849683
8808,sub51,ling_word_target,8,0.018698247437611778
8809,sub51,ling_word_target,9,-0.02422426048150644
8810,sub51,ling_word_target,10,0.06265600282714603
8811,sub51,ling_word_target,11,0.021009054205383643
8812,sub51,ling_word_target,12,-0.05134758408122307
8813,sub51,ling_word_target,13,0.03905209710982654
8814,sub51,ling_word_target,14,0.04969912716957935
8815,sub51,ling_word_target,15,0.03720394455651734
8816,sub51,ling_word_target,16,-0.057550876188790186
8817,sub51,ling_word_target,17,0.02076198097193923
8818,sub51,ling_word_target,18,-0.03616384773444817
8819,sub51,ling_word_target,19,0.004723282481020377
8820,sub51,ling_word_target,20,-0.03188132698572186
8821,sub51,ling_word_target,21,-0.010479884585324511
8822,sub51,ling_word_target,22,-0.025045662033549097
8823,sub51,ling_word_target,23,-0.0069737631533133984
8824,sub51,ling_word_target,24,0.0063279267158223304
8825,sub51,ling_word_target,25,-0.0037100404974999353
8826,sub51,ling_word_target,26,0.04564042179840964
8827,sub51,ling_word_target,27,-0.027199227695129686
8828,sub51,ling_word_target,28,-0.012214501609823857
8829,sub51,ling_word_target,29,-0.028952310869329055
8830,sub51,ling_word_target,30,0.01258857682044802
8831,sub51,ling_word_target,31,0.023612532974356847
8832,sub51,ling_word_target,32,-0.03489647986723362
8833,sub51,ling_word_target,33,-0.040169585630114815
8834,sub51,ling_word_target,34,0.010598804503507786
8835,sub51,ling_word_target,35,-0.10236194098837222
8836,sub51,ling_word_target,36,-0.06969820533920157
8837,sub51,ling_word_target,37,0.01290598694877622
8838,sub51,ling_word_target,38,-0.0177303102089388
8839,sub51,ling_word_target,39,-0.01985375675982983
8840,sub51,ling_word_target,40,0.01989557091167073
8841,sub51,ling_word_target,41,-0.06003329958751425
8842,sub51,ling_word_target,42,-0.03978945422050277
8843,sub51,ling_word_target,43,-0.016422958736557594
8844,sub51,ling_word_target,44,-0.0587589299824249
8845,sub51,ling_word_target,45,0.026904015590902018
8846,sub51,ling_word_target,46,0.013703435477107685
8847,sub51,ling_word_target,47,-0.03230237171906816
8848,sub51,ling_word_target,48,-0.00990916077603595
8849,sub51,ling_word_target,49,-0.013373853290357313
8850,sub51,ling_word_target,50,-0.0216480919790524
8851,sub51,ling_word_target,51,-0.021209167181385425
8852,sub51,ling_word_target,52,-0.01219554753744093
8853,sub51,ling_word_target,53,-0.028337493012531204
8854,sub51,ling_word_target,54,0.017570156274710206
8855,sub51,ling_word_target,55,-0.09616110722265905
8856,sub51,ling_word_target,56,0.012679574410744122
8857,sub51,ling_word_target,57,-0.02961589179263028
8858,sub51,ling_word_target,58,-0.012176532546154126
8859,sub51,ling_word_target,59,0.038151153903491136
8860,sub51,ling_word_target,60,-0.04461647605730417
8861,sub51,ling_word_target,61,0.036304246611398215
8862,sub51,ling_word_target,62,-0.03680961547397107
8863,sub51,ling_word_target,63,-0.011737114866864908
8864,sub51,ling_word_target,64,0.024585543096599556
8865,sub51,ling_word_target,65,-0.039569935484894375
8866,sub51,ling_word_target,66,-0.02535980162927937
8867,sub51,ling_word_target,67,-0.05009480585578838
8868,sub51,ling_word_target,68,0.018343437312470845
8869,sub51,ling_word_target,69,0.01972121027259971
8870,sub51,ling_word_target,70,-0.023153576131481026
8871,sub51,ling_word_target,71,-0.009651887717576786
8872,sub51,ling_word_target,72,-0.039975497659448904
8873,sub51,ling_word_target,73,0.006190890770454995
8874,sub51,ling_word_target,74,-0.009769861918044844
8875,sub51,ling_word_target,75,-0.01697815808775809
8876,sub51,ling_word_target,76,0.044366909926322216
8877,sub51,ling_word_target,77,-0.03308395117893123
8878,sub51,ling_word_target,78,-0.017558768544205235
8879,sub51,ling_word_target,79,0.04507846327405274
8880,sub51,ling_word_target,80,-0.03497510948707718
8881,sub51,ling_word_target,81,-0.016212502270408897
8882,sub51,ling_word_target,82,-0.048391995702317475
8883,sub51,ling_word_target,83,0.029528269497836608
8884,sub51,ling_word_target,84,-0.041797237757219795
8885,sub51,ling_word_target,85,0.015338402999719017
8886,sub51,ling_word_target,86,-0.00623602832229156
8887,sub51,ling_word_target,87,0.022104231869913678
8888,sub51,ling_word_target,88,-0.005084393813050105
8889,sub51,ling_word_target,89,0.06516141596618318
8890,sub51,ling_word_target,90,-0.00014581343688120505
8891,sub51,ling_word_target,91,0.0421536876567617
8892,sub51,ling_word_target,92,0.029032562312205357
8893,sub51,ling_word_target,93,0.010297322355089846
8894,sub51,ling_word_target,94,0.08963095653801938
8895,sub51,ling_word_target,95,-0.0062265013207002395
8896,sub51,ling_word_target,96,0.006735006390815363
8897,sub51,ling_word_target,97,0.015288373570824777
8898,sub51,ling_word_target,98,-0.0036633730320414747
8899,sub51,ling_word_target,99,0.014813028584098427
8900,sub51,ling_word_target,100,-0.05172103927002435
8901,sub51,ling_word_target,101,0.002097161743258318
8902,sub51,ling_word_target,102,0.009759570853064755
8903,sub51,ling_word_target,103,-0.06839475778634557
8904,sub51,ling_word_target,104,-0.0012734872003745327
8905,sub51,ling_word_target,105,0.002418447905630986
8906,sub51,ling_word_target,106,-0.0022844443452310526
8907,sub51,ling_word_target,107,0.04112484512291788
8908,sub51,ling_word_target,108,-0.06377726213484049
8909,sub51,ling_word_target,109,0.03684048385596877
8910,sub51,ling_word_target,110,-0.0639228853602504
8911,sub51,ling_word_target,111,0.035520575393072976
8912,sub51,ling_word_target,112,0.038109271825470754
8913,sub51,ling_word_target,113,-0.012147716564044187
8914,sub51,ling_word_target,114,-0.058641659970054306
8915,sub51,ling_word_target,115,0.07597330456789955
8916,sub51,ling_word_target,116,0.0012332475723252692
8917,sub51,ling_word_target,117,-0.00012131671663298004
8918,sub51,ling_word_target,118,-0.046304992324730926
8919,sub51,ling_word_target,119,-0.01650848174195673
8920,sub51,ling_word_target,120,-0.06527680100232484
8921,sub51,ling_word_target,121,0.004543246603553235
8922,sub51,ling_word_target,122,0.019182797127832513
8923,sub51,ling_word_target,123,-0.030107550749551185
8924,sub51,ling_word_target,124,0.02224710942573233
8925,sub51,ling_word_target,125,-0.045093953930870755
8926,sub51,ling_word_target,126,-0.004360922020621309
8927,sub51,ling_word_target,127,-0.004185997617150309
8928,sub51,ling_word_target,128,-0.03606348493984343
8929,sub51,ling_word_target,129,-0.004010350371432782
8930,sub51,ling_word_target,130,0.03149000366487037
8931,sub51,ling_word_target,131,-0.05119829877752905
8932,sub51,ling_word_target,132,-0.022024102148990327
8933,sub51,ling_word_target,133,-0.01548923568093175
8934,sub51,ling_word_target,134,0.007963912237074836
8935,sub51,ling_word_target,135,0.008834757503025313
8936,sub51,ling_word_target,136,-0.016650406527983393
8937,sub51,ling_word_target,137,0.020839096537627298
8938,sub51,ling_word_target,138,-0.02139995113995171
8939,sub51,ling_word_target,139,-0.019460435472930943
8940,sub51,ling_word_target,140,0.010747249504130316
8941,sub51,ling_word_target,141,-0.015676517870009413
8942,sub51,ling_word_target,142,0.033457382594253494
8943,sub51,ling_word_target,143,-0.038811730795121034
8944,sub51,ling_word_target,144,0.02019674844373277
8945,sub51,ling_word_target,145,-0.05342552175136442
8946,sub51,ling_word_target,146,-0.025184215338515063
8947,sub51,ling_word_target,147,0.005874973665865187
8948,sub51,ling_word_target,148,-0.03352125722218889
8949,sub51,ling_word_target,149,0.02541721206812702
8950,sub51,ling_word_target,150,-0.02135034749059774
8951,sub51,ling_word_target,151,0.03815086543066601
8952,sub51,ling_word_target,152,-0.01983199801333252
8953,sub51,ling_word_target,153,-0.0218862627344956
8954,sub51,ling_word_target,154,-0.025605035745582184
8955,sub51,ling_word_target,155,0.017135931508527963
8956,sub51,ling_word_target,156,-0.04868569232158873
8957,sub51,ling_word_target,157,-0.02438104279718253
8958,sub51,ling_word_target,158,-0.01125988024281996
8959,sub51,ling_word_target,159,0.004198564516619126
8960,sub51,ling_word_target,160,-0.00867685242741283
8961,sub51,ling_word_target,161,0.006537749756406427
8962,sub51,ling_word_target,162,0.04411676843787123
8963,sub51,ling_word_target,163,-0.04443547577825733
8964,sub51,ling_word_target,164,0.004132655652889057
8965,sub51,ling_word_target,165,0.011540520874276103
8966,sub51,ling_word_target,166,-0.03288231272290947
8967,sub51,ling_word_target,167,0.010731934432480205
8968,sub51,ling_word_target,168,0.023580667416037936
8969,sub51,ling_word_target,169,0.04696702080568409
8970,sub51,ling_word_target,170,0.017730000792312663
8971,sub51,ling_word_target,171,0.006816516724761797
8972,sub51,ling_word_target,172,-0.013843662688385409
8973,sub51,ling_word_target,173,-0.028395017634146952
8974,sub51,ling_word_target,174,-0.013668847349620084
8975,sub51,ling_word_target,175,0.004142620269344652
8976,sub51,ling_word_target,176,-0.02885400632039071
8977,sub51,ling_word_target,177,0.05435484382894641
8978,sub51,ling_word_target,178,-0.01673868741752337
8979,sub51,ling_word_target,179,-0.024798195460703245
8980,sub51,ling_word_target,180,-0.016706941641438485
8981,sub51,ling_word_target,181,0.05415467090392127
8982,sub51,ling_word_target,182,0.057965812248176804
8983,sub51,ling_word_target,183,0.02537717589101773
8984,sub51,ling_word_target,184,0.0020990974265326285
8985,sub51,ling_word_target,185,-0.04492736480350362
8986,sub51,ling_word_target,186,0.0020800202833220656
8987,sub51,ling_word_target,187,-0.006711624856067694
8988,sub51,ling_word_target,188,-0.07037030066392902
8989,sub51,ling_word_target,189,-0.0031560347921084303
8990,sub51,ling_word_target,190,0.004926407811795622
8991,sub51,ling_word_target,191,0.018852758480821442
8992,sub51,ling_word_target,192,-0.013580799274153583
8993,sub51,ling_word_target,193,0.03065347276304805
8994,sub51,ling_word_target,194,0.01425300449905052
8995,sub51,ling_word_target,195,-0.018062143374445706
8996,sub51,ling_word_target,196,-0.018206254735759198
8997,sub51,ling_word_target,197,0.05729555709281641
8998,sub51,ling_word_target,198,0.00015037593540143067
8999,sub51,ling_word_target,199,0.008264357776906244
9000,sub52,ling_word_target,0,0.029425722436311263
9001,sub52,ling_word_target,1,-0.030615547857040088
9002,sub52,ling_word_target,2,-0.05629651817844959
9003,sub52,ling_word_target,3,0.03906371847628831
9004,sub52,ling_word_target,4,-0.05435027858084924
9005,sub52,ling_word_target,5,-0.024188367111427703
9006,sub52,ling_word_target,6,0.0074847914454918224
9007,sub52,ling_word_target,7,-0.019389593119881556
9008,sub52,ling_word_target,8,-0.013007077320233049
9009,sub52,ling_word_target,9,-0.007556164270580991
9010,sub52,ling_word_target,10,0.10067887933846967
9011,sub52,ling_word_target,11,-0.007646227347344269
9012,sub52,ling_word_target,12,0.06556478386834852
9013,sub52,ling_word_target,13,0.009269295585325037
9014,sub52,ling_word_target,14,0.03396421310598209
9015,sub52,ling_word_target,15,-0.04209444686738492
9016,sub52,ling_word_target,16,0.02205782401416361
9017,sub52,ling_word_target,17,-0.018245906749792068
9018,sub52,ling_word_target,18,-0.006570703197719962
9019,sub52,ling_word_target,19,-0.032024015400175
9020,sub52,ling_word_target,20,-0.003409888278880661
9021,sub52,ling_word_target,21,-0.036364313410608376
9022,sub52,ling_word_target,22,-0.0006541454827913685
9023,sub52,ling_word_target,23,0.042856877899806474
9024,sub52,ling_word_target,24,0.02195772158512294
9025,sub52,ling_word_target,25,0.005027847813541302
9026,sub52,ling_word_target,26,-0.0005056417365066416
9027,sub52,ling_word_target,27,0.04133177256489161
9028,sub52,ling_word_target,28,-0.012991509172270438
9029,sub52,ling_word_target,29,0.007769627281935495
9030,sub52,ling_word_target,30,0.06645884282034102
9031,sub52,ling_word_target,31,-0.0169492965602826
9032,sub52,ling_word_target,32,-0.0418022188983147
9033,sub52,ling_word_target,33,0.04920285017377694
9034,sub52,ling_word_target,34,0.009068100476002747
9035,sub52,ling_word_target,35,0.0009392023438383358
9036,sub52,ling_word_target,36,0.004033017042343858
9037,sub52,ling_word_target,37,0.053069943729710765
9038,sub52,ling_word_target,38,-0.007888479537467076
9039,sub52,ling_word_target,39,-0.019087445008132867
9040,sub52,ling_word_target,40,-0.05534721805114438
9041,sub52,ling_word_target,41,-0.032888062642494206
9042,sub52,ling_word_target,42,-0.013247202440903704
9043,sub52,ling_word_target,43,0.023509336967253422
9044,sub52,ling_word_target,44,0.025487541609843817
9045,sub52,ling_word_target,45,-0.024418015149549454
9046,sub52,ling_word_target,46,0.04159253665291018
9047,sub52,ling_word_target,47,0.041942185824227
9048,sub52,ling_word_target,48,-0.03165294053913756
9049,sub52,ling_word_target,49,-0.0008460023197985667
9050,sub52,ling_word_target,50,-0.03639205170366733
9051,sub52,ling_word_target,51,0.04895178680950116
9052,sub52,ling_word_target,52,0.009983130512069444
9053,sub52,ling_word_target,53,0.06090098137459918
9054,sub52,ling_word_target,54,0.03406693293487098
9055,sub52,ling_word_target,55,-0.03675270201750397
9056,sub52,ling_word_target,56,-0.03086291331511748
9057,sub52,ling_word_target,57,-0.05604466235388444
9058,sub52,ling_word_target,58,0.002620439403911983
9059,sub52,ling_word_target,59,-0.032337062614776736
9060,sub52,ling_word_target,60,0.0042410057005019776
9061,sub52,ling_word_target,61,0.00907699963822233
9062,sub52,ling_word_target,62,0.051348137352762585
9063,sub52,ling_word_target,63,-0.036563451704947805
9064,sub52,ling_word_target,64,0.029444915340059816
9065,sub52,ling_word_target,65,-0.09062943543773977
9066,sub52,ling_word_target,66,-0.03720686169941535
9067,sub52,ling_word_target,67,-0.04549022469380057
9068,sub52,ling_word_target,68,0.017732907377471904
9069,sub52,ling_word_target,69,0.16049485482559236
9070,sub52,ling_word_target,70,-0.08430057934092212
9071,sub52,ling_word_target,71,-0.008871962129586918
9072,sub52,ling_word_target,72,0.006535362452018538
9073,sub52,ling_word_target,73,-0.05235949118210126
9074,sub52,ling_word_target,74,0.058343263822103794
9075,sub52,ling_word_target,75,-0.057866936199004904
9076,sub52,ling_word_target,76,0.016108250717254028
9077,sub52,ling_word_target,77,0.02725817524067266
9078,sub52,ling_word_target,78,-0.032851233712584825
9079,sub52,ling_word_target,79,-0.01235690746596682
9080,sub52,ling_word_target,80,-0.009753798747315499
9081,sub52,ling_word_target,81,0.04586865510368601
9082,sub52,ling_word_target,82,-0.023179556774377955
9083,sub52,ling_word_target,83,0.11655458988069388
9084,sub52,ling_word_target,84,0.0723213122563321
9085,sub52,ling_word_target,85,0.04323370665646532
9086,sub52,ling_word_target,86,0.02081392841077528
9087,sub52,ling_word_target,87,0.028363585081895373
9088,sub52,ling_word_target,88,0.021221216472281396
9089,sub52,ling_word_target,89,-0.03418985333443013
9090,sub52,ling_word_target,90,0.02500303827585573
9091,sub52,ling_word_target,91,0.0069742883975545365
9092,sub52,ling_word_target,92,0.03652918098135055
9093,sub52,ling_word_target,93,-0.1272420214302957
9094,sub52,ling_word_target,94,0.00696127820658201
9095,sub52,ling_word_target,95,0.03968674765870072
9096,sub52,ling_word_target,96,-0.01442126604110204
9097,sub52,ling_word_target,97,0.049465986136961494
9098,sub52,ling_word_target,98,0.015863059397490772
9099,sub52,ling_word_target,99,0.04791148966063653
9100,sub52,ling_word_target,100,-0.03279627275104111
9101,sub52,ling_word_target,101,-0.04241763830785453
9102,sub52,ling_word_target,102,0.014783933539784647
9103,sub52,ling_word_target,103,-0.1384209637240849
9104,sub52,ling_word_target,104,-0.0350136376059969
9105,sub52,ling_word_target,105,0.00871841365866669
9106,sub52,ling_word_target,106,0.058890134252335156
9107,sub52,ling_word_target,107,-0.011538643548948091
9108,sub52,ling_word_target,108,0.07752995235023176
9109,sub52,ling_word_target,109,0.09704392464915298
9110,sub52,ling_word_target,110,-0.017010059524775453
9111,sub52,ling_word_target,111,0.11115313737319829
9112,sub52,ling_word_target,112,0.0200843337998346
9113,sub52,ling_word_target,113,0.018017960521371744
9114,sub52,ling_word_target,114,0.14701443388895002
9115,sub52,ling_word_target,115,-0.002326266660667259
9116,sub52,ling_word_target,116,0.016954207334677004
9117,sub52,ling_word_target,117,0.0408616230830518
9118,sub52,ling_word_target,118,0.006499079507118646
9119,sub52,ling_word_target,119,0.0485454611210194
9120,sub52,ling_word_target,120,-0.007630241703823421
9121,sub52,ling_word_target,121,-0.031200316241635134
9122,sub52,ling_word_target,122,0.0689614498623785
9123,sub52,ling_word_target,123,-0.015109882757136138
9124,sub52,ling_word_target,124,-0.10169900748166459
9125,sub52,ling_word_target,125,0.005092918592878864
9126,sub52,ling_word_target,126,-0.033180808691490114
9127,sub52,ling_word_target,127,-0.04582084851074354
9128,sub52,ling_word_target,128,-0.021407510185817068
9129,sub52,ling_word_target,129,0.021121807890083475
9130,sub52,ling_word_target,130,0.017014749913451213
9131,sub52,ling_word_target,131,0.0017695164181538382
9132,sub52,ling_word_target,132,0.06022418430763315
9133,sub52,ling_word_target,133,0.04729984600893236
9134,sub52,ling_word_target,134,-0.010970599748486482
9135,sub52,ling_word_target,135,0.07589368027599945
9136,sub52,ling_word_target,136,-0.010043107349533127
9137,sub52,ling_word_target,137,0.04836274549594933
9138,sub52,ling_word_target,138,-0.012269091692847784
9139,sub52,ling_word_target,139,0.012589826490764887
9140,sub52,ling_word_target,140,0.012045429616324573
9141,sub52,ling_word_target,141,-0.014868915873723174
9142,sub52,ling_word_target,142,-0.016819021813607414
9143,sub52,ling_word_target,143,0.09804283666171973
9144,sub52,ling_word_target,144,-0.008377643927638748
9145,sub52,ling_word_target,145,-0.041442962825298975
9146,sub52,ling_word_target,146,-0.01892758176223209
9147,sub52,ling_word_target,147,-0.02290308912644716
9148,sub52,ling_word_target,148,0.007031530100424785
9149,sub52,ling_word_target,149,-0.01455824550702162
9150,sub52,ling_word_target,150,-0.026127795313744238
9151,sub52,ling_word_target,151,-0.027084024520837923
9152,sub52,ling_word_target,152,-0.039914837097691766
9153,sub52,ling_word_target,153,-0.020089727050112367
9154,sub52,ling_word_target,154,0.00421596380029381
9155,sub52,ling_word_target,155,-0.007138916739855007
9156,sub52,ling_word_target,156,-0.01858073026006354
9157,sub52,ling_word_target,157,0.018077141527539087
9158,sub52,ling_word_target,158,-0.008632821983195302
9159,sub52,ling_word_target,159,-0.04383809631827272
9160,sub52,ling_word_target,160,-0.012748155898228449
9161,sub52,ling_word_target,161,-0.007773691086102071
9162,sub52,ling_word_target,162,0.0632544933545787
9163,sub52,ling_word_target,163,-0.002740839378637826
9164,sub52,ling_word_target,164,0.031697092106276435
9165,sub52,ling_word_target,165,-0.017589462986553377
9166,sub52,ling_word_target,166,0.017535954737292435
9167,sub52,ling_word_target,167,0.0013275499014334046
9168,sub52,ling_word_target,168,-0.07621661111936526
9169,sub52,ling_word_target,169,0.018972079061932608
9170,sub52,ling_word_target,170,-0.057535589578779425
9171,sub52,ling_word_target,171,0.03327117562220106
9172,sub52,ling_word_target,172,0.02471657361160944
9173,sub52,ling_word_target,173,-0.009120009742494942
9174,sub52,ling_word_target,174,-0.00446028851279737
9175,sub52,ling_word_target,175,0.06702715285202705
9176,sub52,ling_word_target,176,0.030626801134501284
9177,sub52,ling_word_target,177,0.03515608311991419
9178,sub52,ling_word_target,178,0.07230115589173407
9179,sub52,ling_word_target,179,0.028971326131806183
9180,sub52,ling_word_target,180,-0.040921551648438706
9181,sub52,ling_word_target,181,-0.023511487282661985
9182,sub52,ling_word_target,182,-0.06947564482740991
9183,sub52,ling_word_target,183,-0.0227228445309125
9184,sub52,ling_word_target,184,0.06048863580871029
9185,sub52,ling_word_target,185,-0.01046944651469921
9186,sub52,ling_word_target,186,-0.011107831082879079
9187,sub52,ling_word_target,187,0.006830253413330903
9188,sub52,ling_word_target,188,-0.06210845800983865
9189,sub52,ling_word_target,189,-0.02757455259120196
9190,sub52,ling_word_target,190,-0.010436898318982587
9191,sub52,ling_word_target,191,0.011439998450694409
9192,sub52,ling_word_target,192,-0.04972513179626288
9193,sub52,ling_word_target,193,0.028618940695042262
9194,sub52,ling_word_target,194,0.029132948230710498
9195,sub52,ling_word_target,195,0.0517666549030899
9196,sub52,ling_word_target,196,-0.023500936346753442
9197,sub52,ling_word_target,197,-0.003153550361052937
9198,sub52,ling_word_target,198,-0.030146648661018665
9199,sub52,ling_word_target,199,-0.014040662904071381
9200,sub53,ling_word_target,0,-0.10030409996322943
9201,sub53,ling_word_target,1,-0.05632362587239505
9202,sub53,ling_word_target,2,0.010461138228019706
9203,sub53,ling_word_target,3,0.003967552567895889
9204,sub53,ling_word_target,4,0.046043000934446375
9205,sub53,ling_word_target,5,-0.08608675630435743
9206,sub53,ling_word_target,6,-0.020247922509260788
9207,sub53,ling_word_target,7,0.050226787484253625
9208,sub53,ling_word_target,8,0.008559407092581265
9209,sub53,ling_word_target,9,0.01284540401159617
9210,sub53,ling_word_target,10,-0.05151382428684094
9211,sub53,ling_word_target,11,0.013636208442262241
9212,sub53,ling_word_target,12,-0.02104103005964848
9213,sub53,ling_word_target,13,-0.04644611680142022
9214,sub53,ling_word_target,14,-0.03863267985801069
9215,sub53,ling_word_target,15,0.032397469037492736
9216,sub53,ling_word_target,16,0.0177439485817831
9217,sub53,ling_word_target,17,-0.0012105019380813744
9218,sub53,ling_word_target,18,0.016308885325624
9219,sub53,ling_word_target,19,-0.029286671610588462
9220,sub53,ling_word_target,20,-0.041895186917242616
9221,sub53,ling_word_target,21,0.006701876208279679
9222,sub53,ling_word_target,22,-0.015053803081595978
9223,sub53,ling_word_target,23,0.0010572193026423995
9224,sub53,ling_word_target,24,-0.009740107612341486
9225,sub53,ling_word_target,25,0.021174986217100705
9226,sub53,ling_word_target,26,-0.005241052209273094
9227,sub53,ling_word_target,27,-0.023577616129705336
9228,sub53,ling_word_target,28,0.02401040304991351
9229,sub53,ling_word_target,29,-0.01998824934353899
9230,sub53,ling_word_target,30,0.025178969715923427
9231,sub53,ling_word_target,31,0.017696285219675957
9232,sub53,ling_word_target,32,0.04997404371539228
9233,sub53,ling_word_target,33,-0.005895731433029757
9234,sub53,ling_word_target,34,-0.03452935553695234
9235,sub53,ling_word_target,35,-0.04716282882339924
9236,sub53,ling_word_target,36,-0.050260441616236474
9237,sub53,ling_word_target,37,-0.030238084126695184
9238,sub53,ling_word_target,38,0.010384229557124583
9239,sub53,ling_word_target,39,0.003564421053415279
9240,sub53,ling_word_target,40,-0.01220431341406416
9241,sub53,ling_word_target,41,-0.03520510014363242
9242,sub53,ling_word_target,42,0.018225720271811557
9243,sub53,ling_word_target,43,-0.04811851038738505
9244,sub53,ling_word_target,44,-0.05575341725968559
9245,sub53,ling_word_target,45,0.036565374046745494
9246,sub53,ling_word_target,46,0.033835217927128944
9247,sub53,ling_word_target,47,-0.0474244710655954
9248,sub53,ling_word_target,48,0.015202265846606812
9249,sub53,ling_word_target,49,-0.02959004931884076
9250,sub53,ling_word_target,50,-0.029386736447696134
9251,sub53,ling_word_target,51,0.0038329780794675583
9252,sub53,ling_word_target,52,-0.07624973868894397
9253,sub53,ling_word_target,53,0.005772650714542398
9254,sub53,ling_word_target,54,-0.004096228006909612
9255,sub53,ling_word_target,55,-0.04024673309994245
9256,sub53,ling_word_target,56,-0.006012912118507136
9257,sub53,ling_word_target,57,-0.0994468298517821
9258,sub53,ling_word_target,58,0.0367225707254493
9259,sub53,ling_word_target,59,-0.037910482079269746
9260,sub53,ling_word_target,60,0.01686912034799071
9261,sub53,ling_word_target,61,0.03292642203317919
9262,sub53,ling_word_target,62,0.0042422929509208455
9263,sub53,ling_word_target,63,0.014153748595875905
9264,sub53,ling_word_target,64,0.02879917437971737
9265,sub53,ling_word_target,65,-0.01813591684689167
9266,sub53,ling_word_target,66,-0.000771771604544178
9267,sub53,ling_word_target,67,0.02633840511823266
9268,sub53,ling_word_target,68,-0.05508643296360864
9269,sub53,ling_word_target,69,-0.002498107916077851
9270,sub53,ling_word_target,70,0.018229881439354934
9271,sub53,ling_word_target,71,0.01938527650127232
9272,sub53,ling_word_target,72,-0.018222576184367168
9273,sub53,ling_word_target,73,0.01562573254948235
9274,sub53,ling_word_target,74,-0.007741257740592671
9275,sub53,ling_word_target,75,-0.0685717731038189
9276,sub53,ling_word_target,76,-0.02044335196043355
9277,sub53,ling_word_target,77,-0.022890689155705347
9278,sub53,ling_word_target,78,0.04960378005376963
9279,sub53,ling_word_target,79,0.03479159198438379
9280,sub53,ling_word_target,80,-0.04220475121445001
9281,sub53,ling_word_target,81,0.0031283469292947307
9282,sub53,ling_word_target,82,4.445364131331765e-05
9283,sub53,ling_word_target,83,-0.060431691190350675
9284,sub53,ling_word_target,84,-0.006647449258118821
9285,sub53,ling_word_target,85,0.036004574920457104
9286,sub53,ling_word_target,86,-0.04683069224281449
9287,sub53,ling_word_target,87,-0.01765027467562599
9288,sub53,ling_word_target,88,-0.05602242467290953
9289,sub53,ling_word_target,89,-0.009809882737591128
9290,sub53,ling_word_target,90,0.025219398094927122
9291,sub53,ling_word_target,91,-0.013458215713485126
9292,sub53,ling_word_target,92,-0.021678954792502526
9293,sub53,ling_word_target,93,-0.010447363290800269
9294,sub53,ling_word_target,94,-0.033965120026214074
9295,sub53,ling_word_target,95,0.0007192763577977614
9296,sub53,ling_word_target,96,0.009521717169519592
9297,sub53,ling_word_target,97,-0.0013751562353294712
9298,sub53,ling_word_target,98,-0.02133445391552956
9299,sub53,ling_word_target,99,-0.024539023812099547
9300,sub53,ling_word_target,100,0.07159851487724811
9301,sub53,ling_word_target,101,0.032072635855329726
9302,sub53,ling_word_target,102,0.06344080641409414
9303,sub53,ling_word_target,103,0.03322402046949176
9304,sub53,ling_word_target,104,-0.001321000830762954
9305,sub53,ling_word_target,105,0.03823872327753533
9306,sub53,ling_word_target,106,-0.039116510754326546
9307,sub53,ling_word_target,107,0.0041416620776083095
9308,sub53,ling_word_target,108,0.06698003702831823
9309,sub53,ling_word_target,109,-0.0534553061269807
9310,sub53,ling_word_target,110,0.037316083394632785
9311,sub53,ling_word_target,111,0.018682271672219815
9312,sub53,ling_word_target,112,-0.01955494828269923
9313,sub53,ling_word_target,113,0.023283174628887418
9314,sub53,ling_word_target,114,-0.026436417508483297
9315,sub53,ling_word_target,115,-0.021337878613113457
9316,sub53,ling_word_target,116,0.0021636079096702308
9317,sub53,ling_word_target,117,-0.02371985879201576
9318,sub53,ling_word_target,118,0.007575538155980506
9319,sub53,ling_word_target,119,0.04226331861950785
9320,sub53,ling_word_target,120,0.04977043541902286
9321,sub53,ling_word_target,121,-0.0016125276579309355
9322,sub53,ling_word_target,122,-0.028392273750172694
9323,sub53,ling_word_target,123,0.009927068306658623
9324,sub53,ling_word_target,124,0.019195432501758702
9325,sub53,ling_word_target,125,0.00722697834946071
9326,sub53,ling_word_target,126,-0.045114096257290646
9327,sub53,ling_word_target,127,0.04095111918486998
9328,sub53,ling_word_target,128,-0.022761471286070204
9329,sub53,ling_word_target,129,0.043658271640897986
9330,sub53,ling_word_target,130,0.014127966474168021
9331,sub53,ling_word_target,131,-0.02477276378452126
9332,sub53,ling_word_target,132,0.025147119500487394
9333,sub53,ling_word_target,133,0.012605455899108288
9334,sub53,ling_word_target,134,-0.05008766651446409
9335,sub53,ling_word_target,135,0.025059132002083907
9336,sub53,ling_word_target,136,0.018285584451778535
9337,sub53,ling_word_target,137,0.05143101332693096
9338,sub53,ling_word_target,138,-0.07508383245627263
9339,sub53,ling_word_target,139,-0.01939400823161893
9340,sub53,ling_word_target,140,0.01957881095371563
9341,sub53,ling_word_target,141,0.012130612060667973
9342,sub53,ling_word_target,142,-0.005613083799276883
9343,sub53,ling_word_target,143,-0.008095607490096602
9344,sub53,ling_word_target,144,-0.044890136218575086
9345,sub53,ling_word_target,145,0.07325992483049204
9346,sub53,ling_word_target,146,0.010438318722074876
9347,sub53,ling_word_target,147,0.042850714853391224
9348,sub53,ling_word_target,148,-0.0103458017778606
9349,sub53,ling_word_target,149,0.023264472345772915
9350,sub53,ling_word_target,150,-0.07509836561988877
9351,sub53,ling_word_target,151,-0.05159593011812949
9352,sub53,ling_word_target,152,0.017571796070054237
9353,sub53,ling_word_target,153,0.011026654535854349
9354,sub53,ling_word_target,154,0.0041258714309563875
9355,sub53,ling_word_target,155,0.030903733079328123
9356,sub53,ling_word_target,156,0.03901467911514076
9357,sub53,ling_word_target,157,-0.04898017170036553
9358,sub53,ling_word_target,158,-0.03893166373285885
9359,sub53,ling_word_target,159,0.030967774104406806
9360,sub53,ling_word_target,160,0.032185479159276754
9361,sub53,ling_word_target,161,0.015232754041661889
9362,sub53,ling_word_target,162,0.07201134535314274
9363,sub53,ling_word_target,163,-0.016952315418826327
9364,sub53,ling_word_target,164,0.0680532362806893
9365,sub53,ling_word_target,165,-0.014077133902677886
9366,sub53,ling_word_target,166,-0.03985468595816629
9367,sub53,ling_word_target,167,-0.0049171301739792846
9368,sub53,ling_word_target,168,-0.08382067924715074
9369,sub53,ling_word_target,169,0.020832327371038267
9370,sub53,ling_word_target,170,-0.0221099112591968
9371,sub53,ling_word_target,171,-0.014990064127594653
9372,sub53,ling_word_target,172,0.031087472496403316
9373,sub53,ling_word_target,173,0.007993641930625328
9374,sub53,ling_word_target,174,0.015828308481930717
9375,sub53,ling_word_target,175,-0.016398487569798028
9376,sub53,ling_word_target,176,-0.0017620472644696418
9377,sub53,ling_word_target,177,0.045973805496549926
9378,sub53,ling_word_target,178,0.05551926393227346
9379,sub53,ling_word_target,179,0.024502717460218582
9380,sub53,ling_word_target,180,0.07533092701408714
9381,sub53,ling_word_target,181,0.035731615521058926
9382,sub53,ling_word_target,182,-0.03636988099444048
9383,sub53,ling_word_target,183,-0.024349604971156624
9384,sub53,ling_word_target,184,0.025709515212433018
9385,sub53,ling_word_target,185,-0.00512182255309049
9386,sub53,ling_word_target,186,0.07045010197585437
9387,sub53,ling_word_target,187,0.0198542918650686
9388,sub53,ling_word_target,188,-0.010711407459201277
9389,sub53,ling_word_target,189,0.04412469740218387
9390,sub53,ling_word_target,190,0.031611751221971386
9391,sub53,ling_word_target,191,0.025943433126017244
9392,sub53,ling_word_target,192,0.00901354708782674
9393,sub53,ling_word_target,193,-0.017800875487234056
9394,sub53,ling_word_target,194,-0.034762275188883134
9395,sub53,ling_word_target,195,0.019812872970611527
9396,sub53,ling_word_target,196,0.0033795804387149984
9397,sub53,ling_word_target,197,0.06231463779582528
9398,sub53,ling_word_target,198,-0.03812252361896067
9399,sub53,ling_word_target,199,0.0033672271669354854
9400,sub55,ling_word_target,0,-0.16533281280546838
9401,sub55,ling_word_target,1,-0.06796844216061233
9402,sub55,ling_word_target,2,0.08107982404238703
9403,sub55,ling_word_target,3,-0.03751982010031924
9404,sub55,ling_word_target,4,0.13759449809336521
9405,sub55,ling_word_target,5,0.0015781093858149282
9406,sub55,ling_word_target,6,-0.012554641727408083
9407,sub55,ling_word_target,7,-0.028495344116034518
9408,sub55,ling_word_target,8,-0.0004340305408094904
9409,sub55,ling_word_target,9,0.02292106575255434
9410,sub55,ling_word_target,10,0.0017597554294022729
9411,sub55,ling_word_target,11,0.03480342726027361
9412,sub55,ling_word_target,12,-0.1009480275258182
9413,sub55,ling_word_target,13,-0.01744360541270389
9414,sub55,ling_word_target,14,0.06615120408814158
9415,sub55,ling_word_target,15,-0.03229820568669306
9416,sub55,ling_word_target,16,-0.14199172897453904
9417,sub55,ling_word_target,17,-0.025001431119113026
9418,sub55,ling_word_target,18,0.05775079805213794
9419,sub55,ling_word_target,19,-0.04122993445653579
9420,sub55,ling_word_target,20,0.03894705183832383
9421,sub55,ling_word_target,21,0.04464607690152756
9422,sub55,ling_word_target,22,0.008549099752563594
9423,sub55,ling_word_target,23,-0.07345190657179768
9424,sub55,ling_word_target,24,-0.08824188524631936
9425,sub55,ling_word_target,25,-0.0336579892376723
9426,sub55,ling_word_target,26,0.013551631582344485
9427,sub55,ling_word_target,27,-0.017649706302221256
9428,sub55,ling_word_target,28,-0.023279753426120337
9429,sub55,ling_word_target,29,-0.02047913230432288
9430,sub55,ling_word_target,30,-0.06470025744015084
9431,sub55,ling_word_target,31,-0.0062970316787247065
9432,sub55,ling_word_target,32,-0.03274663493062338
9433,sub55,ling_word_target,33,0.010871791660269699
9434,sub55,ling_word_target,34,0.13081796913111915
9435,sub55,ling_word_target,35,0.04009434315242839
9436,sub55,ling_word_target,36,-0.011742072756518389
9437,sub55,ling_word_target,37,0.035664907010291645
9438,sub55,ling_word_target,38,-0.002148554936848098
9439,sub55,ling_word_target,39,-0.04272974336855965
9440,sub55,ling_word_target,40,-0.0815604116731615
9441,sub55,ling_word_target,41,0.052662414768927863
9442,sub55,ling_word_target,42,0.037753507235811855
9443,sub55,ling_word_target,43,-0.09069646951300456
9444,sub55,ling_word_target,44,-0.07627020729396863
9445,sub55,ling_word_target,45,-0.011200883908453113
9446,sub55,ling_word_target,46,-0.051680423118822615
9447,sub55,ling_word_target,47,0.09411641298200114
9448,sub55,ling_word_target,48,-0.17444493942795328
9449,sub55,ling_word_target,49,-0.047484901329542716
9450,sub55,ling_word_target,50,-0.020545464952636944
9451,sub55,ling_word_target,51,0.0015945406620875124
9452,sub55,ling_word_target,52,-0.03373190944624821
9453,sub55,ling_word_target,53,0.08768717989854624
9454,sub55,ling_word_target,54,-0.006607731911459906
9455,sub55,ling_word_target,55,0.06495402156226938
9456,sub55,ling_word_target,56,-0.04944881798110815
9457,sub55,ling_word_target,57,-0.13553481661013167
9458,sub55,ling_word_target,58,-0.014781278948902066
9459,sub55,ling_word_target,59,0.03387146383589261
9460,sub55,ling_word_target,60,-0.07925536150067755
9461,sub55,ling_word_target,61,0.03727056190183765
9462,sub55,ling_word_target,62,-0.07789330145965
9463,sub55,ling_word_target,63,-0.07320888193457377
9464,sub55,ling_word_target,64,-0.08196753110204635
9465,sub55,ling_word_target,65,-0.09592762469415275
9466,sub55,ling_word_target,66,-0.018306936579305554
9467,sub55,ling_word_target,67,0.03160869567908471
9468,sub55,ling_word_target,68,0.02764300194008974
9469,sub55,ling_word_target,69,0.0023093116582402753
9470,sub55,ling_word_target,70,0.03994240478400777
9471,sub55,ling_word_target,71,0.034056875145159746
9472,sub55,ling_word_target,72,-0.03130823958655537
9473,sub55,ling_word_target,73,-0.08150650350781413
9474,sub55,ling_word_target,74,0.043205786182944045
9475,sub55,ling_word_target,75,0.05859063341018249
9476,sub55,ling_word_target,76,0.05633233765923056
9477,sub55,ling_word_target,77,-0.1379816636487596
9478,sub55,ling_word_target,78,0.1253400015069385
9479,sub55,ling_word_target,79,-0.0028709333035275026
9480,sub55,ling_word_target,80,0.008053559612757891
9481,sub55,ling_word_target,81,0.045984836037038984
9482,sub55,ling_word_target,82,-0.02714982936568172
9483,sub55,ling_word_target,83,-0.15856752899444806
9484,sub55,ling_word_target,84,-0.04950706406971777
9485,sub55,ling_word_target,85,0.049062104462549626
9486,sub55,ling_word_target,86,0.03148894746691785
9487,sub55,ling_word_target,87,0.016764272350080614
9488,sub55,ling_word_target,88,0.03334854104398356
9489,sub55,ling_word_target,89,-0.02071347533005133
9490,sub55,ling_word_target,90,-0.020720045600772365
9491,sub55,ling_word_target,91,0.004975148580974464
9492,sub55,ling_word_target,92,-0.016314279055704418
9493,sub55,ling_word_target,93,-0.043472921036727376
9494,sub55,ling_word_target,94,0.020000551022411023
9495,sub55,ling_word_target,95,-0.0919321931951392
9496,sub55,ling_word_target,96,-0.10358195648637973
9497,sub55,ling_word_target,97,-0.052364169855318915
9498,sub55,ling_word_target,98,-0.10308993356694454
9499,sub55,ling_word_target,99,0.02774960814307384
9500,sub55,ling_word_target,100,0.022959449199368938
9501,sub55,ling_word_target,101,0.0607200100929137
9502,sub55,ling_word_target,102,0.03985153112946682
9503,sub55,ling_word_target,103,-0.04651952874533662
9504,sub55,ling_word_target,104,0.027166099982249014
9505,sub55,ling_word_target,105,4.2712965570013255e-05
9506,sub55,ling_word_target,106,-0.05694852406197651
9507,sub55,ling_word_target,107,-0.032901648100409665
9508,sub55,ling_word_target,108,-0.037629860893948784
9509,sub55,ling_word_target,109,-0.006586237274648357
9510,sub55,ling_word_target,110,0.10495442627905688
9511,sub55,ling_word_target,111,0.03720199993264986
9512,sub55,ling_word_target,112,0.06136112108061019
9513,sub55,ling_word_target,113,0.004168007941026247
9514,sub55,ling_word_target,114,-0.0794375516444328
9515,sub55,ling_word_target,115,0.024342471196431067
9516,sub55,ling_word_target,116,0.03773887718873063
9517,sub55,ling_word_target,117,0.07636737368563139
9518,sub55,ling_word_target,118,-0.010494790432829384
9519,sub55,ling_word_target,119,0.16331234524128396
9520,sub55,ling_word_target,120,0.020687199681628944
9521,sub55,ling_word_target,121,0.025040360218399522
9522,sub55,ling_word_target,122,0.007230311158949168
9523,sub55,ling_word_target,123,-0.00731247228199222
9524,sub55,ling_word_target,124,0.03141041022361289
9525,sub55,ling_word_target,125,-0.017025128723501065
9526,sub55,ling_word_target,126,0.01320117433846065
9527,sub55,ling_word_target,127,0.006464207159324373
9528,sub55,ling_word_target,128,0.00262154716294233
9529,sub55,ling_word_target,129,-0.06166566617301606
9530,sub55,ling_word_target,130,0.05680176944183357
9531,sub55,ling_word_target,131,-0.12140619372839817
9532,sub55,ling_word_target,132,0.010720513041705966
9533,sub55,ling_word_target,133,0.08132184230648593
9534,sub55,ling_word_target,134,-0.10924744491756808
9535,sub55,ling_word_target,135,-0.02999752355285274
9536,sub55,ling_word_target,136,-0.05706785082695485
9537,sub55,ling_word_target,137,-0.01602956725331377
9538,sub55,ling_word_target,138,-0.05104680226847292
9539,sub55,ling_word_target,139,0.026240802769062273
9540,sub55,ling_word_target,140,0.016907709392575476
9541,sub55,ling_word_target,141,-0.00016180202690895145
9542,sub55,ling_word_target,142,0.03734415413051021
9543,sub55,ling_word_target,143,0.027396223873867483
9544,sub55,ling_word_target,144,0.0698480951773777
9545,sub55,ling_word_target,145,-0.017611652912912848
9546,sub55,ling_word_target,146,0.04032624900066231
9547,sub55,ling_word_target,147,-0.0008265524537436338
9548,sub55,ling_word_target,148,0.018899204008400255
9549,sub55,ling_word_target,149,-0.014354562168021943
9550,sub55,ling_word_target,150,-0.002803077200828639
9551,sub55,ling_word_target,151,0.013910416571836278
9552,sub55,ling_word_target,152,-0.008697660321377138
9553,sub55,ling_word_target,153,0.030812063251440786
9554,sub55,ling_word_target,154,-0.046182826372850094
9555,sub55,ling_word_target,155,0.01673008691731865
9556,sub55,ling_word_target,156,0.0011689684409119285
9557,sub55,ling_word_target,157,-0.037386136190548945
9558,sub55,ling_word_target,158,-0.022806686387568362
9559,sub55,ling_word_target,159,-0.028674302295177517
9560,sub55,ling_word_target,160,-0.09404023062115965
9561,sub55,ling_word_target,161,0.005980804584827316
9562,sub55,ling_word_target,162,0.017715840541913646
9563,sub55,ling_word_target,163,0.06022896825390207
9564,sub55,ling_word_target,164,-0.13128197571562294
9565,sub55,ling_word_target,165,0.03372554766403603
9566,sub55,ling_word_target,166,-0.03187844635886123
9567,sub55,ling_word_target,167,-0.02495082709080151
9568,sub55,ling_word_target,168,0.04400179640067708
9569,sub55,ling_word_target,169,0.07924183606143788
9570,sub55,ling_word_target,170,-0.004741486409499051
9571,sub55,ling_word_target,171,0.1045857560035289
9572,sub55,ling_word_target,172,-0.007345930287616666
9573,sub55,ling_word_target,173,-0.07066814033872364
9574,sub55,ling_word_target,174,-0.006514030194392265
9575,sub55,ling_word_target,175,0.067276385489528
9576,sub55,ling_word_target,176,0.03603111962668161
9577,sub55,ling_word_target,177,-0.04189851673445066
9578,sub55,ling_word_target,178,-0.07146085190070539
9579,sub55,ling_word_target,179,0.062052346788386774
9580,sub55,ling_word_target,180,0.004160568143608818
9581,sub55,ling_word_target,181,-0.1302646883949039
9582,sub55,ling_word_target,182,-0.04681897010439153
9583,sub55,ling_word_target,183,0.015508053855196756
9584,sub55,ling_word_target,184,-0.0017940913983607476
9585,sub55,ling_word_target,185,0.012942037403747015
9586,sub55,ling_word_target,186,0.01623041398146425
9587,sub55,ling_word_target,187,0.04448006698076978
9588,sub55,ling_word_target,188,0.014030514062383894
9589,sub55,ling_word_target,189,-0.0055381208993080374
9590,sub55,ling_word_target,190,-0.13040501806597116
9591,sub55,ling_word_target,191,-0.04172825067482816
9592,sub55,ling_word_target,192,0.013349072024438687
9593,sub55,ling_word_target,193,0.009630666996887704
9594,sub55,ling_word_target,194,0.026075000395129753
9595,sub55,ling_word_target,195,-0.020435818176576522
9596,sub55,ling_word_target,196,-0.030906196251776645
9597,sub55,ling_word_target,197,-0.05204234095710989
9598,sub55,ling_word_target,198,-0.10348990308398956
9599,sub55,ling_word_target,199,-0.057214314245126505
9600,sub56,ling_word_target,0,-0.03442282151081228
9601,sub56,ling_word_target,1,0.026018324278660198
9602,sub56,ling_word_target,2,0.06942354371890896
9603,sub56,ling_word_target,3,-0.014254706758976884
9604,sub56,ling_word_target,4,-0.14722644115491773
9605,sub56,ling_word_target,5,0.03578523005646683
9606,sub56,ling_word_target,6,0.09084162719049574
9607,sub56,ling_word_target,7,-0.07457530203004897
9608,sub56,ling_word_target,8,-0.061276963434796564
9609,sub56,ling_word_target,9,-0.0014600326422249735
9610,sub56,ling_word_target,10,-0.0821656166310865
9611,sub56,ling_word_target,11,0.03277320873898995
9612,sub56,ling_word_target,12,-0.08465584602326688
9613,sub56,ling_word_target,13,-0.0454543302067844
9614,sub56,ling_word_target,14,0.059411255577107656
9615,sub56,ling_word_target,15,-0.030302822730568616
9616,sub56,ling_word_target,16,0.029771820094175738
9617,sub56,ling_word_target,17,-0.030986592975840777
9618,sub56,ling_word_target,18,-0.0808497831273742
9619,sub56,ling_word_target,19,-0.018947424805446093
9620,sub56,ling_word_target,20,0.032034593286968546
9621,sub56,ling_word_target,21,-0.024913457230982667
9622,sub56,ling_word_target,22,-0.0936448370823722
9623,sub56,ling_word_target,23,-0.06497001462731258
9624,sub56,ling_word_target,24,-0.01716878899054793
9625,sub56,ling_word_target,25,0.023679093322319465
9626,sub56,ling_word_target,26,0.06297666811431095
9627,sub56,ling_word_target,27,0.04244185685276635
9628,sub56,ling_word_target,28,0.06476862719093703
9629,sub56,ling_word_target,29,0.041636406114941106
9630,sub56,ling_word_target,30,0.09971047895868809
9631,sub56,ling_word_target,31,-0.050750855163891356
9632,sub56,ling_word_target,32,-0.03659800770795545
9633,sub56,ling_word_target,33,-0.044660615744744024
9634,sub56,ling_word_target,34,-0.03578792881399732
9635,sub56,ling_word_target,35,-0.01986316400373654
9636,sub56,ling_word_target,36,-0.1372693956309432
9637,sub56,ling_word_target,37,0.06243655343297069
9638,sub56,ling_word_target,38,-0.16021684292139904
9639,sub56,ling_word_target,39,-0.006920971282890749
9640,sub56,ling_word_target,40,0.09965037956278709
9641,sub56,ling_word_target,41,0.009816955344799793
9642,sub56,ling_word_target,42,-0.08740717047687453
9643,sub56,ling_word_target,43,-0.1108993087805761
9644,sub56,ling_word_target,44,-0.0029298411450465055
9645,sub56,ling_word_target,45,-0.0918781633375423
9646,sub56,ling_word_target,46,-0.04045340208539312
9647,sub56,ling_word_target,47,-0.029243975632036297
9648,sub56,ling_word_target,48,0.0148143330986371
9649,sub56,ling_word_target,49,0.011131459155833353
9650,sub56,ling_word_target,50,0.05449366759365827
9651,sub56,ling_word_target,51,0.11770306618919252
9652,sub56,ling_word_target,52,0.038278708886609135
9653,sub56,ling_word_target,53,-0.028374385522351712
9654,sub56,ling_word_target,54,0.1039601902220959
9655,sub56,ling_word_target,55,-0.02101544339926109
9656,sub56,ling_word_target,56,-0.29372705189988796
9657,sub56,ling_word_target,57,-0.04969606827427861
9658,sub56,ling_word_target,58,0.005950230486785135
9659,sub56,ling_word_target,59,-0.05174353700427783
9660,sub56,ling_word_target,60,-0.027428942295665813
9661,sub56,ling_word_target,61,0.14052673937709265
9662,sub56,ling_word_target,62,-0.021967024665421473
9663,sub56,ling_word_target,63,-0.00958314598348124
9664,sub56,ling_word_target,64,-0.016833823414104245
9665,sub56,ling_word_target,65,0.01098409623453589
9666,sub56,ling_word_target,66,0.15367284493916786
9667,sub56,ling_word_target,67,-0.0612719330702444
9668,sub56,ling_word_target,68,-0.0404449758399654
9669,sub56,ling_word_target,69,0.08146750498190333
9670,sub56,ling_word_target,70,0.017331725109883706
9671,sub56,ling_word_target,71,0.027471266338996
9672,sub56,ling_word_target,72,0.05190199638742777
9673,sub56,ling_word_target,73,0.0651275902224081
9674,sub56,ling_word_target,74,-0.07552330372632804
9675,sub56,ling_word_target,75,-0.07360140073227228
9676,sub56,ling_word_target,76,0.03949616784806047
9677,sub56,ling_word_target,77,0.08319176420765405
9678,sub56,ling_word_target,78,-0.02144358967086847
9679,sub56,ling_word_target,79,0.005771133083624004
9680,sub56,ling_word_target,80,-0.01777421024092172
9681,sub56,ling_word_target,81,0.092039955510147
9682,sub56,ling_word_target,82,0.012945718661980292
9683,sub56,ling_word_target,83,0.0798163826750151
9684,sub56,ling_word_target,84,0.06541821287971718
9685,sub56,ling_word_target,85,-0.08942215744389942
9686,sub56,ling_word_target,86,0.006130559482048424
9687,sub56,ling_word_target,87,0.07944776909745968
9688,sub56,ling_word_target,88,-0.006214445041683237
9689,sub56,ling_word_target,89,-0.05432779446521664
9690,sub56,ling_word_target,90,-0.17411432789308015
9691,sub56,ling_word_target,91,0.06338242315992428
9692,sub56,ling_word_target,92,0.0140929317132682
9693,sub56,ling_word_target,93,0.016513964953502037
9694,sub56,ling_word_target,94,0.1464448689991173
9695,sub56,ling_word_target,95,-0.01859178863353816
9696,sub56,ling_word_target,96,-0.010427153323074114
9697,sub56,ling_word_target,97,-0.07491571567802549
9698,sub56,ling_word_target,98,0.0011654584079351282
9699,sub56,ling_word_target,99,-0.14687202334519994
9700,sub56,ling_word_target,100,-0.000902969634097929
9701,sub56,ling_word_target,101,0.12492530851022922
9702,sub56,ling_word_target,102,0.0278886056215535
9703,sub56,ling_word_target,103,0.0563943526762377
9704,sub56,ling_word_target,104,-0.19318673093528166
9705,sub56,ling_word_target,105,0.06427963028543585
9706,sub56,ling_word_target,106,0.09597533419512018
9707,sub56,ling_word_target,107,0.024861966994414102
9708,sub56,ling_word_target,108,-0.04176011298385551
9709,sub56,ling_word_target,109,0.04863865302534566
9710,sub56,ling_word_target,110,-0.05421887807827117
9711,sub56,ling_word_target,111,-0.009792059374274529
9712,sub56,ling_word_target,112,0.03367768954472228
9713,sub56,ling_word_target,113,0.03766053165449997
9714,sub56,ling_word_target,114,0.034362122077638654
9715,sub56,ling_word_target,115,-0.05378355476286846
9716,sub56,ling_word_target,116,0.008683133841286939
9717,sub56,ling_word_target,117,-0.017741863237167966
9718,sub56,ling_word_target,118,-0.027234657970785343
9719,sub56,ling_word_target,119,0.0015408380735397003
9720,sub56,ling_word_target,120,-0.10957850863878345
9721,sub56,ling_word_target,121,-0.08438622294983386
9722,sub56,ling_word_target,122,0.026807271954352327
9723,sub56,ling_word_target,123,0.07562242940360352
9724,sub56,ling_word_target,124,0.014873971817671963
9725,sub56,ling_word_target,125,0.01417736523015915
9726,sub56,ling_word_target,126,0.01611276724032084
9727,sub56,ling_word_target,127,0.08308980696278111
9728,sub56,ling_word_target,128,0.052771966112985125
9729,sub56,ling_word_target,129,-0.05031674477082233
9730,sub56,ling_word_target,130,-0.04645887107690983
9731,sub56,ling_word_target,131,-0.03516133739620351
9732,sub56,ling_word_target,132,-0.08322283996901642
9733,sub56,ling_word_target,133,0.0616016938563617
9734,sub56,ling_word_target,134,-0.06516772112467374
9735,sub56,ling_word_target,135,0.019784427530239686
9736,sub56,ling_word_target,136,-0.0577572004361975
9737,sub56,ling_word_target,137,0.013530369069033255
9738,sub56,ling_word_target,138,0.06493229070791802
9739,sub56,ling_word_target,139,0.053230191011595096
9740,sub56,ling_word_target,140,0.040918856351132765
9741,sub56,ling_word_target,141,0.007089808362217375
9742,sub56,ling_word_target,142,0.03642530983000791
9743,sub56,ling_word_target,143,-0.14338465137174464
9744,sub56,ling_word_target,144,-0.07906802963666397
9745,sub56,ling_word_target,145,0.10591409311854423
9746,sub56,ling_word_target,146,-0.01823532416448186
9747,sub56,ling_word_target,147,-0.10443136846098769
9748,sub56,ling_word_target,148,-0.021762673424212522
9749,sub56,ling_word_target,149,0.03194613569402443
9750,sub56,ling_word_target,150,0.04218553140300754
9751,sub56,ling_word_target,151,-0.04058894272209375
9752,sub56,ling_word_target,152,0.006956110323183596
9753,sub56,ling_word_target,153,-0.04974298646887699
9754,sub56,ling_word_target,154,-0.06658595530016853
9755,sub56,ling_word_target,155,0.056726573110960785
9756,sub56,ling_word_target,156,0.019849952533465106
9757,sub56,ling_word_target,157,-0.08509343269342576
9758,sub56,ling_word_target,158,-0.04550026793205215
9759,sub56,ling_word_target,159,-0.016581048542207915
9760,sub56,ling_word_target,160,0.08188854520959765
9761,sub56,ling_word_target,161,-6.79765698871956e-05
9762,sub56,ling_word_target,162,0.0601643088636192
9763,sub56,ling_word_target,163,0.14921784670616417
9764,sub56,ling_word_target,164,-0.013243300513815547
9765,sub56,ling_word_target,165,0.005710459093855362
9766,sub56,ling_word_target,166,0.10121248675453555
9767,sub56,ling_word_target,167,-0.004848883327871834
9768,sub56,ling_word_target,168,0.06218065338663771
9769,sub56,ling_word_target,169,-0.016553529194019954
9770,sub56,ling_word_target,170,0.09698874213306218
9771,sub56,ling_word_target,171,0.08062254772161355
9772,sub56,ling_word_target,172,-0.061353723413204234
9773,sub56,ling_word_target,173,-0.0797761304363771
9774,sub56,ling_word_target,174,-0.03858523735115255
9775,sub56,ling_word_target,175,-0.014002162862920229
9776,sub56,ling_word_target,176,-0.011567509226919797
9777,sub56,ling_word_target,177,0.03467455455841073
9778,sub56,ling_word_target,178,0.07890113880091289
9779,sub56,ling_word_target,179,-0.018008300995574347
9780,sub56,ling_word_target,180,-0.023240070012226704
9781,sub56,ling_word_target,181,0.023269727243807437
9782,sub56,ling_word_target,182,-0.032088356273167876
9783,sub56,ling_word_target,183,0.08012810133492007
9784,sub56,ling_word_target,184,0.05399653368362522
9785,sub56,ling_word_target,185,0.03591235843770406
9786,sub56,ling_word_target,186,-0.20940111923628127
9787,sub56,ling_word_target,187,-0.09552887513901816
9788,sub56,ling_word_target,188,-0.05690775658436228
9789,sub56,ling_word_target,189,0.008449516370189869
9790,sub56,ling_word_target,190,-0.08555350303756173
9791,sub56,ling_word_target,191,0.09826486363753284
9792,sub56,ling_word_target,192,0.006090274717879483
9793,sub56,ling_word_target,193,0.03969045244890292
9794,sub56,ling_word_target,194,0.011267151400362706
9795,sub56,ling_word_target,195,0.03728135713528128
9796,sub56,ling_word_target,196,0.10663889593510853
9797,sub56,ling_word_target,197,-0.056920127236036795
9798,sub56,ling_word_target,198,0.008133799549486143
9799,sub56,ling_word_target,199,-0.06483916342375948
9800,sub57,ling_word_target,0,5.3381414384714553e-05
9801,sub57,ling_word_target,1,-0.003787326193241895
9802,sub57,ling_word_target,2,0.04234608464655192
9803,sub57,ling_word_target,3,-0.019285201772958414
9804,sub57,ling_word_target,4,-0.004266383719764651
9805,sub57,ling_word_target,5,0.07505200836700558
9806,sub57,ling_word_target,6,0.04380794745130197
9807,sub57,ling_word_target,7,0.03614546593610725
9808,sub57,ling_word_target,8,-0.02340336774356092
9809,sub57,ling_word_target,9,-0.0001858642099831575
9810,sub57,ling_word_target,10,-0.010304041905115247
9811,sub57,ling_word_target,11,0.07325142133394873
9812,sub57,ling_word_target,12,0.026678928117954782
9813,sub57,ling_word_target,13,-0.0010531810682433372
9814,sub57,ling_word_target,14,-0.036035615724779535
9815,sub57,ling_word_target,15,-0.08116926154979369
9816,sub57,ling_word_target,16,0.09655850079507189
9817,sub57,ling_word_target,17,0.0539848427661599
9818,sub57,ling_word_target,18,-0.011107416201383015
9819,sub57,ling_word_target,19,-0.017433197553264404
9820,sub57,ling_word_target,20,-0.0068008844225604485
9821,sub57,ling_word_target,21,-0.05324988031523683
9822,sub57,ling_word_target,22,0.0025188307061650215
9823,sub57,ling_word_target,23,0.02440829359386855
9824,sub57,ling_word_target,24,-0.005622631363921292
9825,sub57,ling_word_target,25,0.03735344977707265
9826,sub57,ling_word_target,26,-0.03469177158075586
9827,sub57,ling_word_target,27,0.03122688518885657
9828,sub57,ling_word_target,28,0.05343714289127016
9829,sub57,ling_word_target,29,0.07214912357635103
9830,sub57,ling_word_target,30,0.034019150797861414
9831,sub57,ling_word_target,31,-0.017843203489486203
9832,sub57,ling_word_target,32,0.03440622284843378
9833,sub57,ling_word_target,33,0.003644270102043056
9834,sub57,ling_word_target,34,0.02232600551332881
9835,sub57,ling_word_target,35,-0.0011602299671956615
9836,sub57,ling_word_target,36,0.021548768794099026
9837,sub57,ling_word_target,37,0.007478003887858928
9838,sub57,ling_word_target,38,0.0470433720192252
9839,sub57,ling_word_target,39,-0.0013879759982856484
9840,sub57,ling_word_target,40,0.0026892571920263324
9841,sub57,ling_word_target,41,0.03720357480840451
9842,sub57,ling_word_target,42,0.023770655239522934
9843,sub57,ling_word_target,43,0.07753462819323537
9844,sub57,ling_word_target,44,-0.013836718390212683
9845,sub57,ling_word_target,45,-0.015933528866538507
9846,sub57,ling_word_target,46,1.4874443741723569e-05
9847,sub57,ling_word_target,47,0.004219329467028695
9848,sub57,ling_word_target,48,0.010076892661497805
9849,sub57,ling_word_target,49,-0.004603441107535945
9850,sub57,ling_word_target,50,-0.10609645630631241
9851,sub57,ling_word_target,51,-0.06391358168400277
9852,sub57,ling_word_target,52,0.05583267607411824
9853,sub57,ling_word_target,53,0.016270681983598625
9854,sub57,ling_word_target,54,0.018298452660046805
9855,sub57,ling_word_target,55,-0.010497673150135662
9856,sub57,ling_word_target,56,0.006919432436347247
9857,sub57,ling_word_target,57,-0.019267005436879057
9858,sub57,ling_word_target,58,-0.035064051789967875
9859,sub57,ling_word_target,59,0.037896857999406876
9860,sub57,ling_word_target,60,-0.04957737000019756
9861,sub57,ling_word_target,61,-0.030674881884895557
9862,sub57,ling_word_target,62,-0.04334310026878626
9863,sub57,ling_word_target,63,-0.029958687736950117
9864,sub57,ling_word_target,64,0.010671183839923017
9865,sub57,ling_word_target,65,-0.010583244875243904
9866,sub57,ling_word_target,66,0.10371827354277671
9867,sub57,ling_word_target,67,0.06673293262079512
9868,sub57,ling_word_target,68,-0.017293136129891556
9869,sub57,ling_word_target,69,-0.013734899195315248
9870,sub57,ling_word_target,70,-0.003417323074663193
9871,sub57,ling_word_target,71,0.04882840255804419
9872,sub57,ling_word_target,72,-0.03047001623129402
9873,sub57,ling_word_target,73,0.011568333776676981
9874,sub57,ling_word_target,74,0.037278624136596605
9875,sub57,ling_word_target,75,0.02826653440250714
9876,sub57,ling_word_target,76,-0.07436782915634688
9877,sub57,ling_word_target,77,-0.024159907364381162
9878,sub57,ling_word_target,78,0.027780787314131285
9879,sub57,ling_word_target,79,-0.005701488912498458
9880,sub57,ling_word_target,80,-0.15023615089250264
9881,sub57,ling_word_target,81,-0.034111648355535616
9882,sub57,ling_word_target,82,-0.015829433103229536
9883,sub57,ling_word_target,83,-0.04325627011011322
9884,sub57,ling_word_target,84,0.01686975337859513
9885,sub57,ling_word_target,85,0.007766140600135213
9886,sub57,ling_word_target,86,-0.0042550653618321
9887,sub57,ling_word_target,87,-0.027981247049054067
9888,sub57,ling_word_target,88,0.03839090356863285
9889,sub57,ling_word_target,89,0.02719001278478218
9890,sub57,ling_word_target,90,-0.015920690465994078
9891,sub57,ling_word_target,91,-0.010181394652574463
9892,sub57,ling_word_target,92,0.018248852898470534
9893,sub57,ling_word_target,93,-0.06136635237425985
9894,sub57,ling_word_target,94,-0.015671311240947394
9895,sub57,ling_word_target,95,-0.043301125655102427
9896,sub57,ling_word_target,96,-0.013618281919364547
9897,sub57,ling_word_target,97,-0.005026247424187496
9898,sub57,ling_word_target,98,-0.04028397861876645
9899,sub57,ling_word_target,99,-0.009642798272360387
9900,sub57,ling_word_target,100,0.007233630957732639
9901,sub57,ling_word_target,101,0.015202885947115349
9902,sub57,ling_word_target,102,-0.06800844902206446
9903,sub57,ling_word_target,103,-0.00042131628036953464
9904,sub57,ling_word_target,104,0.0006816678534740894
9905,sub57,ling_word_target,105,0.03292335769930778
9906,sub57,ling_word_target,106,0.032785076964368796
9907,sub57,ling_word_target,107,0.001116608135336346
9908,sub57,ling_word_target,108,0.010505618793381901
9909,sub57,ling_word_target,109,0.017695366984585188
9910,sub57,ling_word_target,110,0.021270163017148867
9911,sub57,ling_word_target,111,0.00826542959317404
9912,sub57,ling_word_target,112,-0.004531159563984996
9913,sub57,ling_word_target,113,0.015618561134018143
9914,sub57,ling_word_target,114,0.009902917473991033
9915,sub57,ling_word_target,115,0.07237876639182617
9916,sub57,ling_word_target,116,0.022521975908058055
9917,sub57,ling_word_target,117,-0.05078773331299336
9918,sub57,ling_word_target,118,0.03168909842562959
9919,sub57,ling_word_target,119,-0.0059955468049624665
9920,sub57,ling_word_target,120,0.003478633654806236
9921,sub57,ling_word_target,121,-0.006072582921941819
9922,sub57,ling_word_target,122,-0.012486930034854678
9923,sub57,ling_word_target,123,0.008465338554449715
9924,sub57,ling_word_target,124,0.005304561734238708
9925,sub57,ling_word_target,125,-0.03928982053710978
9926,sub57,ling_word_target,126,-0.013342151120629753
9927,sub57,ling_word_target,127,0.012546678398587509
9928,sub57,ling_word_target,128,-0.003978023049025389
9929,sub57,ling_word_target,129,0.047821466699377015
9930,sub57,ling_word_target,130,0.04424457224180609
9931,sub57,ling_word_target,131,-0.0054130062720787195
9932,sub57,ling_word_target,132,0.038631140108145647
9933,sub57,ling_word_target,133,0.0014488720298090531
9934,sub57,ling_word_target,134,0.001499053438747569
9935,sub57,ling_word_target,135,0.023004119924624
9936,sub57,ling_word_target,136,-0.04994869577590052
9937,sub57,ling_word_target,137,-0.08606841937669779
9938,sub57,ling_word_target,138,-0.05082158625496548
9939,sub57,ling_word_target,139,0.040677566540653166
9940,sub57,ling_word_target,140,0.06106747317224299
9941,sub57,ling_word_target,141,0.02832017990923118
9942,sub57,ling_word_target,142,0.06369583507087818
9943,sub57,ling_word_target,143,0.0010277306557586164
9944,sub57,ling_word_target,144,0.020999554463893382
9945,sub57,ling_word_target,145,0.020011367428368055
9946,sub57,ling_word_target,146,-0.06673742823147799
9947,sub57,ling_word_target,147,0.03322883238844032
9948,sub57,ling_word_target,148,-0.0029115604026509465
9949,sub57,ling_word_target,149,-0.03844927872548924
9950,sub57,ling_word_target,150,0.018736185222022302
9951,sub57,ling_word_target,151,0.05569999797809789
9952,sub57,ling_word_target,152,-0.042818170432195705
9953,sub57,ling_word_target,153,-0.020317260649258963
9954,sub57,ling_word_target,154,0.009709302092421906
9955,sub57,ling_word_target,155,0.04370978393149493
9956,sub57,ling_word_target,156,0.015740797684658758
9957,sub57,ling_word_target,157,0.02943723522196542
9958,sub57,ling_word_target,158,0.04673895260876033
9959,sub57,ling_word_target,159,-0.013440528953496227
9960,sub57,ling_word_target,160,0.020993755353771907
9961,sub57,ling_word_target,161,0.14354134905346638
9962,sub57,ling_word_target,162,0.01111248852058678
9963,sub57,ling_word_target,163,0.0003209383333297558
9964,sub57,ling_word_target,164,-0.043464475659470994
9965,sub57,ling_word_target,165,-0.009293677570555705
9966,sub57,ling_word_target,166,-0.06916623789435784
9967,sub57,ling_word_target,167,0.041442498291576986
9968,sub57,ling_word_target,168,-0.06357651910451861
9969,sub57,ling_word_target,169,0.05990053972460842
9970,sub57,ling_word_target,170,0.07211802224145672
9971,sub57,ling_word_target,171,0.00997910243094949
9972,sub57,ling_word_target,172,0.024799592874024157
9973,sub57,ling_word_target,173,-0.026118365116852487
9974,sub57,ling_word_target,174,-0.016731690316912927
9975,sub57,ling_word_target,175,0.03667936856985447
9976,sub57,ling_word_target,176,-0.0033860508227395326
9977,sub57,ling_word_target,177,-0.018767359923609808
9978,sub57,ling_word_target,178,-0.05211086223674767
9979,sub57,ling_word_target,179,0.05177420269875714
9980,sub57,ling_word_target,180,-0.014473523019085482
9981,sub57,ling_word_target,181,-0.021364513540727353
9982,sub57,ling_word_target,182,0.059949056061701575
9983,sub57,ling_word_target,183,0.01867800485981292
9984,sub57,ling_word_target,184,0.020236655407677846
9985,sub57,ling_word_target,185,-0.01699441386254899
9986,sub57,ling_word_target,186,-0.11729808212360587
9987,sub57,ling_word_target,187,0.044200462924354526
9988,sub57,ling_word_target,188,0.003307114281955299
9989,sub57,ling_word_target,189,-0.03198738075811674
9990,sub57,ling_word_target,190,-0.05567948298998163
9991,sub57,ling_word_target,191,0.024680547081619368
9992,sub57,ling_word_target,192,-0.07303344602074487
9993,sub57,ling_word_target,193,0.00146310985470305
9994,sub57,ling_word_target,194,-0.056414882820037385
9995,sub57,ling_word_target,195,0.08893852490333422
9996,sub57,ling_word_target,196,0.013093323692782537
9997,sub57,ling_word_target,197,0.025433767799505964
9998,sub57,ling_word_target,198,0.001151039160439287
9999,sub57,ling_word_target,199,0.018014880674458625
10000,sub58,ling_word_target,0,0.042770173851322604
10001,sub58,ling_word_target,1,0.07645086001291654
10002,sub58,ling_word_target,2,0.009705853972976164
10003,sub58,ling_word_target,3,0.005075690150949174
10004,sub58,ling_word_target,4,0.04485810591008816
10005,sub58,ling_word_target,5,0.018750533232637315
10006,sub58,ling_word_target,6,-0.05147425384482455
10007,sub58,ling_word_target,7,0.13684591950329286
10008,sub58,ling_word_target,8,0.009975119087326312
10009,sub58,ling_word_target,9,-0.012248243937858753
10010,sub58,ling_word_target,10,0.058562210933170385
10011,sub58,ling_word_target,11,0.028679858229001987
10012,sub58,ling_word_target,12,-0.00024255291688752507
10013,sub58,ling_word_target,13,0.020231301448844746
10014,sub58,ling_word_target,14,0.005741844227140279
10015,sub58,ling_word_target,15,0.0361271856042363
10016,sub58,ling_word_target,16,-0.034333911549722866
10017,sub58,ling_word_target,17,0.017598994700608467
10018,sub58,ling_word_target,18,-0.027808780938813935
10019,sub58,ling_word_target,19,0.07134565852286681
10020,sub58,ling_word_target,20,-0.03620253103984036
10021,sub58,ling_word_target,21,0.035436738206183684
10022,sub58,ling_word_target,22,0.024439139186446943
10023,sub58,ling_word_target,23,0.053199154892539936
10024,sub58,ling_word_target,24,0.0064120776127794404
10025,sub58,ling_word_target,25,0.007523790134996573
10026,sub58,ling_word_target,26,0.03138135258982883
10027,sub58,ling_word_target,27,0.09654869650146965
10028,sub58,ling_word_target,28,0.009730377555764376
10029,sub58,ling_word_target,29,-0.0367694500699659
10030,sub58,ling_word_target,30,0.050011306519773216
10031,sub58,ling_word_target,31,-0.016871886779447863
10032,sub58,ling_word_target,32,0.030943013307102835
10033,sub58,ling_word_target,33,0.05973251949665281
10034,sub58,ling_word_target,34,0.037665779510055994
10035,sub58,ling_word_target,35,-0.04381820243445223
10036,sub58,ling_word_target,36,-0.0970895576639908
10037,sub58,ling_word_target,37,0.03348306802777206
10038,sub58,ling_word_target,38,0.02422834573930925
10039,sub58,ling_word_target,39,-0.0026671773466494255
10040,sub58,ling_word_target,40,0.02705749113433915
10041,sub58,ling_word_target,41,-0.02192227067566794
10042,sub58,ling_word_target,42,-0.002199281506641766
10043,sub58,ling_word_target,43,-0.016446445670533976
10044,sub58,ling_word_target,44,-0.04377160811310743
10045,sub58,ling_word_target,45,0.04642240585199258
10046,sub58,ling_word_target,46,0.023871092776753967
10047,sub58,ling_word_target,47,-0.05246839216395059
10048,sub58,ling_word_target,48,-0.09197341791633276
10049,sub58,ling_word_target,49,-0.0967011045506065
10050,sub58,ling_word_target,50,-0.05150900022150979
10051,sub58,ling_word_target,51,-0.046569394420015564
10052,sub58,ling_word_target,52,-0.013315362695018963
10053,sub58,ling_word_target,53,0.08292349564405688
10054,sub58,ling_word_target,54,0.03183521541987635
10055,sub58,ling_word_target,55,-0.0011683853203836945
10056,sub58,ling_word_target,56,0.06292209709853647
10057,sub58,ling_word_target,57,-0.005942691148317815
10058,sub58,ling_word_target,58,0.06287885041984752
10059,sub58,ling_word_target,59,0.05215090934150575
10060,sub58,ling_word_target,60,-0.0658446024188783
10061,sub58,ling_word_target,61,0.06119763435039652
10062,sub58,ling_word_target,62,-0.04681862417101065
10063,sub58,ling_word_target,63,0.02168366224522542
10064,sub58,ling_word_target,64,-0.028242245638197425
10065,sub58,ling_word_target,65,0.009683966742280269
10066,sub58,ling_word_target,66,0.07215001649542735
10067,sub58,ling_word_target,67,0.009738213331420432
10068,sub58,ling_word_target,68,-0.009366603465386645
10069,sub58,ling_word_target,69,-0.04818566786981291
10070,sub58,ling_word_target,70,-0.10630073471612612
10071,sub58,ling_word_target,71,-2.3538183935293995e-05
10072,sub58,ling_word_target,72,-0.03973031995641768
10073,sub58,ling_word_target,73,-0.02302885562179065
10074,sub58,ling_word_target,74,0.04786962538220217
10075,sub58,ling_word_target,75,-0.030561895051463624
10076,sub58,ling_word_target,76,0.06484574123753721
10077,sub58,ling_word_target,77,0.053324014678527945
10078,sub58,ling_word_target,78,0.010771799756692449
10079,sub58,ling_word_target,79,0.05032101337048646
10080,sub58,ling_word_target,80,0.016227260068995927
10081,sub58,ling_word_target,81,-0.06431520823994652
10082,sub58,ling_word_target,82,0.03418340946983241
10083,sub58,ling_word_target,83,0.02405665055436037
10084,sub58,ling_word_target,84,-0.01923076442519963
10085,sub58,ling_word_target,85,0.0422363473412182
10086,sub58,ling_word_target,86,-0.04427342378985265
10087,sub58,ling_word_target,87,0.03710480569565953
10088,sub58,ling_word_target,88,-0.02555990436951302
10089,sub58,ling_word_target,89,0.018404692733450034
10090,sub58,ling_word_target,90,0.059381139949825835
10091,sub58,ling_word_target,91,-0.006461822368025344
10092,sub58,ling_word_target,92,0.02989248607771757
10093,sub58,ling_word_target,93,-0.017377538667113567
10094,sub58,ling_word_target,94,-0.03620039190243762
10095,sub58,ling_word_target,95,-0.007264281441142295
10096,sub58,ling_word_target,96,0.038494440492708795
10097,sub58,ling_word_target,97,-0.022295907679630477
10098,sub58,ling_word_target,98,-0.05932561613839438
10099,sub58,ling_word_target,99,-0.004440563679882766
10100,sub58,ling_word_target,100,0.054112947251010485
10101,sub58,ling_word_target,101,-0.026366676335249035
10102,sub58,ling_word_target,102,-0.0016146470869156159
10103,sub58,ling_word_target,103,-0.004995868755125515
10104,sub58,ling_word_target,104,0.005485851154706637
10105,sub58,ling_word_target,105,0.045407088363014075
10106,sub58,ling_word_target,106,-0.08843719141072731
10107,sub58,ling_word_target,107,-0.031048199233156524
10108,sub58,ling_word_target,108,-0.004982803721176544
10109,sub58,ling_word_target,109,-0.0037347853172705137
10110,sub58,ling_word_target,110,-0.1454412803008112
10111,sub58,ling_word_target,111,-0.033330435465113294
10112,sub58,ling_word_target,112,-0.058657254224606895
10113,sub58,ling_word_target,113,-0.04802289871701382
10114,sub58,ling_word_target,114,-0.010792221364761835
10115,sub58,ling_word_target,115,-0.08767826510317146
10116,sub58,ling_word_target,116,0.07068510738809976
10117,sub58,ling_word_target,117,-0.04042597735968201
10118,sub58,ling_word_target,118,-0.0764472646426537
10119,sub58,ling_word_target,119,0.017046262265378847
10120,sub58,ling_word_target,120,0.05377722428515439
10121,sub58,ling_word_target,121,0.01703498923061586
10122,sub58,ling_word_target,122,-0.01930283990367781
10123,sub58,ling_word_target,123,-0.041075323836611374
10124,sub58,ling_word_target,124,-0.07841971925514556
10125,sub58,ling_word_target,125,-0.005120581889412163
10126,sub58,ling_word_target,126,0.01053389275884909
10127,sub58,ling_word_target,127,-0.03854080286158895
10128,sub58,ling_word_target,128,-0.012001568879166653
10129,sub58,ling_word_target,129,0.02565995892390898
10130,sub58,ling_word_target,130,-0.016039688646044912
10131,sub58,ling_word_target,131,0.0029326464797070043
10132,sub58,ling_word_target,132,0.06311493761216802
10133,sub58,ling_word_target,133,-0.0019199116514549736
10134,sub58,ling_word_target,134,0.05258075679313163
10135,sub58,ling_word_target,135,0.00935575269538922
10136,sub58,ling_word_target,136,0.02243431245335946
10137,sub58,ling_word_target,137,-0.03245526348725209
10138,sub58,ling_word_target,138,0.018398816416055903
10139,sub58,ling_word_target,139,0.012718607561056274
10140,sub58,ling_word_target,140,0.006025280080881207
10141,sub58,ling_word_target,141,-0.037530276009995873
10142,sub58,ling_word_target,142,-0.04917779688801123
10143,sub58,ling_word_target,143,0.005036990430707793
10144,sub58,ling_word_target,144,0.017570433438102627
10145,sub58,ling_word_target,145,0.001795853705086071
10146,sub58,ling_word_target,146,-0.005542598850066908
10147,sub58,ling_word_target,147,-0.04167037916289769
10148,sub58,ling_word_target,148,-0.0074822669831080164
10149,sub58,ling_word_target,149,-0.01622167046958035
10150,sub58,ling_word_target,150,0.02040159497851561
10151,sub58,ling_word_target,151,-0.0005358858017643107
10152,sub58,ling_word_target,152,-0.0013996068682446711
10153,sub58,ling_word_target,153,0.07028153915884632
10154,sub58,ling_word_target,154,0.025255206788252868
10155,sub58,ling_word_target,155,0.033120920613703426
10156,sub58,ling_word_target,156,0.026574096359421782
10157,sub58,ling_word_target,157,-0.007816094432436022
10158,sub58,ling_word_target,158,0.05661781554864971
10159,sub58,ling_word_target,159,0.015698650168369573
10160,sub58,ling_word_target,160,0.0703637071520413
10161,sub58,ling_word_target,161,0.029934817300093536
10162,sub58,ling_word_target,162,-0.02578278281571994
10163,sub58,ling_word_target,163,-0.053845069637042275
10164,sub58,ling_word_target,164,-0.008637405990932533
10165,sub58,ling_word_target,165,0.03492613204167953
10166,sub58,ling_word_target,166,0.044486705025967264
10167,sub58,ling_word_target,167,0.007525094538986889
10168,sub58,ling_word_target,168,0.07308538775551546
10169,sub58,ling_word_target,169,0.00366664148181435
10170,sub58,ling_word_target,170,-0.022737501195991806
10171,sub58,ling_word_target,171,0.0351366912213771
10172,sub58,ling_word_target,172,0.004087255646448103
10173,sub58,ling_word_target,173,-0.03904325596025926
10174,sub58,ling_word_target,174,0.09299706570016344
10175,sub58,ling_word_target,175,0.03375420219833194
10176,sub58,ling_word_target,176,-0.02750392495857715
10177,sub58,ling_word_target,177,0.03511411406770046
10178,sub58,ling_word_target,178,0.03714142504425301
10179,sub58,ling_word_target,179,0.03556378733173556
10180,sub58,ling_word_target,180,0.024368380054611536
10181,sub58,ling_word_target,181,0.01130688288200766
10182,sub58,ling_word_target,182,0.008467306124197535
10183,sub58,ling_word_target,183,-0.03346142265201362
10184,sub58,ling_word_target,184,0.08194063834798322
10185,sub58,ling_word_target,185,0.020949483508536735
10186,sub58,ling_word_target,186,0.018430750878974642
10187,sub58,ling_word_target,187,-0.04171484476048651
10188,sub58,ling_word_target,188,-0.07560368992291215
10189,sub58,ling_word_target,189,-0.0037724266654747094
10190,sub58,ling_word_target,190,0.02243053379443224
10191,sub58,ling_word_target,191,0.0011190276091501048
10192,sub58,ling_word_target,192,0.07610007953752099
10193,sub58,ling_word_target,193,-0.011624650393727226
10194,sub58,ling_word_target,194,-0.04548428876266032
10195,sub58,ling_word_target,195,-0.04312919556761387
10196,sub58,ling_word_target,196,-0.0560970512606648
10197,sub58,ling_word_target,197,0.11517349092265208
10198,sub58,ling_word_target,198,-0.043622733847775035
10199,sub58,ling_word_target,199,-0.07893625037366489
10200,sub59,ling_word_target,0,0.07419949581462479
10201,sub59,ling_word_target,1,-0.012348385879317888
10202,sub59,ling_word_target,2,-0.006398465595046664
10203,sub59,ling_word_target,3,0.01805246100221613
10204,sub59,ling_word_target,4,0.06588572135995395
10205,sub59,ling_word_target,5,0.06823619460172506
10206,sub59,ling_word_target,6,0.01951121885327687
10207,sub59,ling_word_target,7,-0.2349220915653873
10208,sub59,ling_word_target,8,-0.07338419283465374
10209,sub59,ling_word_target,9,-0.032612433176371386
10210,sub59,ling_word_target,10,-0.004052473114664708
10211,sub59,ling_word_target,11,0.022404253481904456
10212,sub59,ling_word_target,12,-0.097230210633443
10213,sub59,ling_word_target,13,0.05692079755580771
10214,sub59,ling_word_target,14,0.014260635153558
10215,sub59,ling_word_target,15,-0.011937973256548247
10216,sub59,ling_word_target,16,0.07317574149180718
10217,sub59,ling_word_target,17,-0.0662646863619106
10218,sub59,ling_word_target,18,0.07719074326698804
10219,sub59,ling_word_target,19,0.2228788077479593
10220,sub59,ling_word_target,20,0.02522828810421628
10221,sub59,ling_word_target,21,-0.001496865371536861
10222,sub59,ling_word_target,22,0.08306826875576137
10223,sub59,ling_word_target,23,-0.052422623030282535
10224,sub59,ling_word_target,24,0.025977687310328217
10225,sub59,ling_word_target,25,-0.06664908943774604
10226,sub59,ling_word_target,26,0.014195748773604694
10227,sub59,ling_word_target,27,0.03687055090813925
10228,sub59,ling_word_target,28,-0.03576980368949072
10229,sub59,ling_word_target,29,-0.03560292931613326
10230,sub59,ling_word_target,30,-0.09783945250125067
10231,sub59,ling_word_target,31,0.16496130098483924
10232,sub59,ling_word_target,32,-0.01655594567146663
10233,sub59,ling_word_target,33,0.04088670128910336
10234,sub59,ling_word_target,34,-0.06789802422190395
10235,sub59,ling_word_target,35,-4.604896894750674e-05
10236,sub59,ling_word_target,36,-0.053918002104303205
10237,sub59,ling_word_target,37,-0.006555517420717856
10238,sub59,ling_word_target,38,-0.024696742505779336
10239,sub59,ling_word_target,39,0.06833077199915856
10240,sub59,ling_word_target,40,0.08435515446765177
10241,sub59,ling_word_target,41,-0.04776073310767876
10242,sub59,ling_word_target,42,-0.02871337169885623
10243,sub59,ling_word_target,43,-0.022815167351816365
10244,sub59,ling_word_target,44,-0.011195574832517676
10245,sub59,ling_word_target,45,-0.0724229256850951
10246,sub59,ling_word_target,46,0.02109614551905709
10247,sub59,ling_word_target,47,-0.009291374130158637
10248,sub59,ling_word_target,48,0.02025136254333369
10249,sub59,ling_word_target,49,-0.18891482926713912
10250,sub59,ling_word_target,50,-0.007191693714769614
10251,sub59,ling_word_target,51,0.014831072918981196
10252,sub59,ling_word_target,52,0.01750405383970487
10253,sub59,ling_word_target,53,-0.018200161164477983
10254,sub59,ling_word_target,54,0.060208512534483324
10255,sub59,ling_word_target,55,-0.01880987891888628
10256,sub59,ling_word_target,56,0.12720480850890134
10257,sub59,ling_word_target,57,-0.014967714300634165
10258,sub59,ling_word_target,58,0.008969539383792285
10259,sub59,ling_word_target,59,0.04316621308535356
10260,sub59,ling_word_target,60,-0.04256798715018388
10261,sub59,ling_word_target,61,0.015962155139739788
10262,sub59,ling_word_target,62,-0.044724053152131724
10263,sub59,ling_word_target,63,0.003518583837847471
10264,sub59,ling_word_target,64,-0.018144799880814244
10265,sub59,ling_word_target,65,0.08818441068601844
10266,sub59,ling_word_target,66,-0.01891508348666306
10267,sub59,ling_word_target,67,0.048794822943770154
10268,sub59,ling_word_target,68,0.0512995396608815
10269,sub59,ling_word_target,69,-0.07548708867907455
10270,sub59,ling_word_target,70,0.014161036133490021
10271,sub59,ling_word_target,71,-0.08137758047748428
10272,sub59,ling_word_target,72,0.0012570095005658716
10273,sub59,ling_word_target,73,-0.04442014771112971
10274,sub59,ling_word_target,74,-0.06483098027665489
10275,sub59,ling_word_target,75,0.027313847752209387
10276,sub59,ling_word_target,76,0.05021296482417819
10277,sub59,ling_word_target,77,-0.03198912527986115
10278,sub59,ling_word_target,78,-0.07034729269729437
10279,sub59,ling_word_target,79,0.05729777021326767
10280,sub59,ling_word_target,80,-0.023498223165217616
10281,sub59,ling_word_target,81,0.008336678663031161
10282,sub59,ling_word_target,82,-0.014328539561444639
10283,sub59,ling_word_target,83,-0.005878535614515657
10284,sub59,ling_word_target,84,-0.032487890321231394
10285,sub59,ling_word_target,85,0.0022077069102988066
10286,sub59,ling_word_target,86,-0.044305588490355305
10287,sub59,ling_word_target,87,0.019777182255620553
10288,sub59,ling_word_target,88,-0.0014481167531788049
10289,sub59,ling_word_target,89,0.12044536388125276
10290,sub59,ling_word_target,90,-0.05427375498465654
10291,sub59,ling_word_target,91,-0.041619296250991866
10292,sub59,ling_word_target,92,0.06578042846722287
10293,sub59,ling_word_target,93,-0.021992457056111955
10294,sub59,ling_word_target,94,0.08811732707231913
10295,sub59,ling_word_target,95,0.11862227177619852
10296,sub59,ling_word_target,96,0.07055079398897222
10297,sub59,ling_word_target,97,0.00028472440428886045
10298,sub59,ling_word_target,98,-0.02391483380127233
10299,sub59,ling_word_target,99,-0.055311259735965776
10300,sub59,ling_word_target,100,0.029157030953676916
10301,sub59,ling_word_target,101,0.043804757961433925
10302,sub59,ling_word_target,102,-0.018898448080652372
10303,sub59,ling_word_target,103,-0.04764825585104033
10304,sub59,ling_word_target,104,0.016333501032652548
10305,sub59,ling_word_target,105,0.010005748423650363
10306,sub59,ling_word_target,106,-0.057516501827658134
10307,sub59,ling_word_target,107,0.03928177486499047
10308,sub59,ling_word_target,108,0.02556105580704226
10309,sub59,ling_word_target,109,-0.0037928364562129376
10310,sub59,ling_word_target,110,0.12356009906749403
10311,sub59,ling_word_target,111,-0.008199552542650783
10312,sub59,ling_word_target,112,0.02777205248587695
10313,sub59,ling_word_target,113,0.08333120459818447
10314,sub59,ling_word_target,114,0.08071639898026992
10315,sub59,ling_word_target,115,0.08567717682565204
10316,sub59,ling_word_target,116,-0.014629557343733172
10317,sub59,ling_word_target,117,0.006946749351001677
10318,sub59,ling_word_target,118,0.0009654397311809209
10319,sub59,ling_word_target,119,-0.02670305650778537
10320,sub59,ling_word_target,120,0.0719760825007685
10321,sub59,ling_word_target,121,0.03884197564841477
10322,sub59,ling_word_target,122,-0.049481595039337516
10323,sub59,ling_word_target,123,0.03402715526654631
10324,sub59,ling_word_target,124,-0.024820571306472725
10325,sub59,ling_word_target,125,0.019090923963861847
10326,sub59,ling_word_target,126,0.07931547196011575
10327,sub59,ling_word_target,127,0.015296467390765178
10328,sub59,ling_word_target,128,0.051755628617167565
10329,sub59,ling_word_target,129,-0.006996906025436235
10330,sub59,ling_word_target,130,0.02099589849371498
10331,sub59,ling_word_target,131,0.05126177757235239
10332,sub59,ling_word_target,132,0.04193098112751387
10333,sub59,ling_word_target,133,-0.01841771133529713
10334,sub59,ling_word_target,134,0.08436267919408073
10335,sub59,ling_word_target,135,-0.05807864120253939
10336,sub59,ling_word_target,136,0.034459766218268385
10337,sub59,ling_word_target,137,-0.060402864552183265
10338,sub59,ling_word_target,138,-0.07931163064197215
10339,sub59,ling_word_target,139,-0.03903409809188198
10340,sub59,ling_word_target,140,-0.08648336491895549
10341,sub59,ling_word_target,141,-0.007637632746483288
10342,sub59,ling_word_target,142,0.06135944843347206
10343,sub59,ling_word_target,143,-0.046001178260256376
10344,sub59,ling_word_target,144,-0.08288576212188102
10345,sub59,ling_word_target,145,-0.0612766013980654
10346,sub59,ling_word_target,146,-0.02302093227582756
10347,sub59,ling_word_target,147,0.04664137823522916
10348,sub59,ling_word_target,148,0.14344853345579184
10349,sub59,ling_word_target,149,-0.06431581145298612
10350,sub59,ling_word_target,150,0.008531467100532025
10351,sub59,ling_word_target,151,0.027095577838906253
10352,sub59,ling_word_target,152,0.039197138001980145
10353,sub59,ling_word_target,153,0.03299354651624675
10354,sub59,ling_word_target,154,-0.010876838852479842
10355,sub59,ling_word_target,155,0.1309277577094564
10356,sub59,ling_word_target,156,-0.025629957293876206
10357,sub59,ling_word_target,157,-0.031959459189788555
10358,sub59,ling_word_target,158,0.11837382628998583
10359,sub59,ling_word_target,159,-0.09349799204916025
10360,sub59,ling_word_target,160,0.09266690576907083
10361,sub59,ling_word_target,161,0.02947081358134743
10362,sub59,ling_word_target,162,-0.02752712552045926
10363,sub59,ling_word_target,163,-0.004349363424365398
10364,sub59,ling_word_target,164,-0.001273522056911553
10365,sub59,ling_word_target,165,0.0008045272389619029
10366,sub59,ling_word_target,166,0.03883158212420307
10367,sub59,ling_word_target,167,-0.06571326377884276
10368,sub59,ling_word_target,168,-0.02699934003204275
10369,sub59,ling_word_target,169,-0.10987745859162648
10370,sub59,ling_word_target,170,-0.07747239626909516
10371,sub59,ling_word_target,171,-0.00428760042122471
10372,sub59,ling_word_target,172,0.022388028280271834
10373,sub59,ling_word_target,173,0.05137617089135595
10374,sub59,ling_word_target,174,0.03414401312958852
10375,sub59,ling_word_target,175,-0.02911368648676383
10376,sub59,ling_word_target,176,0.03553318705576325
10377,sub59,ling_word_target,177,-0.007083221494197894
10378,sub59,ling_word_target,178,0.0245833127938922
10379,sub59,ling_word_target,179,-0.009176722304983318
10380,sub59,ling_word_target,180,0.009202397161564912
10381,sub59,ling_word_target,181,0.02023479539168231
10382,sub59,ling_word_target,182,-0.04349815924975947
10383,sub59,ling_word_target,183,-0.007424851128704758
10384,sub59,ling_word_target,184,-0.039442623610320186
10385,sub59,ling_word_target,185,-0.019090186236147357
10386,sub59,ling_word_target,186,-0.036233096841543626
10387,sub59,ling_word_target,187,0.04317956071103157
10388,sub59,ling_word_target,188,-0.09789270378425176
10389,sub59,ling_word_target,189,0.04244485065602769
10390,sub59,ling_word_target,190,-0.07975661853989684
10391,sub59,ling_word_target,191,0.08857983146910543
10392,sub59,ling_word_target,192,-0.09470739983455141
10393,sub59,ling_word_target,193,0.030209962698231722
10394,sub59,ling_word_target,194,0.002923430385433214
10395,sub59,ling_word_target,195,-0.021152306026182226
10396,sub59,ling_word_target,196,0.013227097855676141
10397,sub59,ling_word_target,197,0.0554120118986476
10398,sub59,ling_word_target,198,-0.06306145925126551
10399,sub59,ling_word_target,199,0.15074778164940872
10400,sub60,ling_word_target,0,0.06865533921216835
10401,sub60,ling_word_target,1,-0.05394508040997899
10402,sub60,ling_word_target,2,-0.00043106981382051235
10403,sub60,ling_word_target,3,-0.015100872241489299
10404,sub60,ling_word_target,4,0.07994953270603875
10405,sub60,ling_word_target,5,0.0922396395540762
10406,sub60,ling_word_target,6,-0.026516448787625133
10407,sub60,ling_word_target,7,0.10200120691222442
10408,sub60,ling_word_target,8,0.042229363821843856
10409,sub60,ling_word_target,9,-0.021613888550120332
10410,sub60,ling_word_target,10,0.0005292009544360419
10411,sub60,ling_word_target,11,-0.07180667404524098
10412,sub60,ling_word_target,12,-0.01999112980065663
10413,sub60,ling_word_target,13,-0.03820763153546078
10414,sub60,ling_word_target,14,0.011614392443949155
10415,sub60,ling_word_target,15,-0.030490931976046264
10416,sub60,ling_word_target,16,0.015082648862999863
10417,sub60,ling_word_target,17,0.005285693609031365
10418,sub60,ling_word_target,18,0.054465422761575136
10419,sub60,ling_word_target,19,-0.028121078137372323
10420,sub60,ling_word_target,20,0.006116852650256538
10421,sub60,ling_word_target,21,-0.024106283575858582
10422,sub60,ling_word_target,22,0.02376534249382182
10423,sub60,ling_word_target,23,0.04982002952777134
10424,sub60,ling_word_target,24,0.035299651342720104
10425,sub60,ling_word_target,25,0.044447575571304056
10426,sub60,ling_word_target,26,-0.09007175899301169
10427,sub60,ling_word_target,27,0.03300682420270298
10428,sub60,ling_word_target,28,0.038066941542266856
10429,sub60,ling_word_target,29,-0.030283370674588885
10430,sub60,ling_word_target,30,0.0024547202065307253
10431,sub60,ling_word_target,31,0.08810522392215492
10432,sub60,ling_word_target,32,0.04704251219760681
10433,sub60,ling_word_target,33,0.01629040845424186
10434,sub60,ling_word_target,34,0.053365565936270634
10435,sub60,ling_word_target,35,0.010817074316213373
10436,sub60,ling_word_target,36,0.0745356522077091
10437,sub60,ling_word_target,37,0.018087471603664813
10438,sub60,ling_word_target,38,-0.017188770123183077
10439,sub60,ling_word_target,39,-0.05002026571799689
10440,sub60,ling_word_target,40,0.13475768523931994
10441,sub60,ling_word_target,41,-0.0028032190242779577
10442,sub60,ling_word_target,42,-0.010099851554912583
10443,sub60,ling_word_target,43,0.02293824556002354
10444,sub60,ling_word_target,44,-0.026889874890291654
10445,sub60,ling_word_target,45,-0.02237706515050362
10446,sub60,ling_word_target,46,0.013737923283072006
10447,sub60,ling_word_target,47,0.07787543764785967
10448,sub60,ling_word_target,48,0.009726213874094019
10449,sub60,ling_word_target,49,0.05937182601567744
10450,sub60,ling_word_target,50,-0.0041379233034564734
10451,sub60,ling_word_target,51,0.050405478461712096
10452,sub60,ling_word_target,52,0.008573429246942741
10453,sub60,ling_word_target,53,0.06631775969701457
10454,sub60,ling_word_target,54,-0.03850286309573685
10455,sub60,ling_word_target,55,0.03909534654492637
10456,sub60,ling_word_target,56,0.05504084440478336
10457,sub60,ling_word_target,57,-0.033559494130919625
10458,sub60,ling_word_target,58,0.009780311539215237
10459,sub60,ling_word_target,59,-0.055944866903001426
10460,sub60,ling_word_target,60,0.04116348771080286
10461,sub60,ling_word_target,61,0.01272028777974709
10462,sub60,ling_word_target,62,0.05708308868391211
10463,sub60,ling_word_target,63,0.0379264236561121
10464,sub60,ling_word_target,64,0.03757456045165668
10465,sub60,ling_word_target,65,-0.01878428588309126
10466,sub60,ling_word_target,66,-0.08261928895248376
10467,sub60,ling_word_target,67,-0.025459047914858465
10468,sub60,ling_word_target,68,-0.03529094758555827
10469,sub60,ling_word_target,69,-0.021019192360173636
10470,sub60,ling_word_target,70,0.00446161215596963
10471,sub60,ling_word_target,71,-0.01588702906806085
10472,sub60,ling_word_target,72,-0.018518916601758407
10473,sub60,ling_word_target,73,0.06915027293732613
10474,sub60,ling_word_target,74,-8.583159637159352e-05
10475,sub60,ling_word_target,75,-0.03505391929213479
10476,sub60,ling_word_target,76,-0.033455006353168774
10477,sub60,ling_word_target,77,0.05000339369800649
10478,sub60,ling_word_target,78,0.061547680610739286
10479,sub60,ling_word_target,79,-0.024167971054862285
10480,sub60,ling_word_target,80,-0.015047088435440687
10481,sub60,ling_word_target,81,0.0827988858423696
10482,sub60,ling_word_target,82,-0.044339118285021684
10483,sub60,ling_word_target,83,-0.058134329736088355
10484,sub60,ling_word_target,84,0.042659980189722266
10485,sub60,ling_word_target,85,-0.04275599208593934
10486,sub60,ling_word_target,86,0.011841381450058006
10487,sub60,ling_word_target,87,-0.040940916513872175
10488,sub60,ling_word_target,88,-0.05897326904981951
10489,sub60,ling_word_target,89,0.02155227693237238
10490,sub60,ling_word_target,90,-0.007384247745368976
10491,sub60,ling_word_target,91,-0.010534757509818684
10492,sub60,ling_word_target,92,0.04610936338251311
10493,sub60,ling_word_target,93,0.028081744257299354
10494,sub60,ling_word_target,94,0.062273546298696705
10495,sub60,ling_word_target,95,-0.08141026766115979
10496,sub60,ling_word_target,96,0.011487177127027307
10497,sub60,ling_word_target,97,0.021318840486325853
10498,sub60,ling_word_target,98,-0.03396582355155921
10499,sub60,ling_word_target,99,-0.05738270637683056
10500,sub60,ling_word_target,100,-0.08744780535225935
10501,sub60,ling_word_target,101,0.014882241171883498
10502,sub60,ling_word_target,102,-0.08119785187719265
10503,sub60,ling_word_target,103,0.031517702682202435
10504,sub60,ling_word_target,104,0.04271669442599554
10505,sub60,ling_word_target,105,-0.07495991670423725
10506,sub60,ling_word_target,106,-0.011438266899373255
10507,sub60,ling_word_target,107,0.0693437608712938
10508,sub60,ling_word_target,108,-0.04922578956449248
10509,sub60,ling_word_target,109,-0.032582472039979195
10510,sub60,ling_word_target,110,0.0002521290848546981
10511,sub60,ling_word_target,111,8.704137772436057e-05
10512,sub60,ling_word_target,112,0.11811851940935553
10513,sub60,ling_word_target,113,0.08915089444411091
10514,sub60,ling_word_target,114,0.018838056148350997
10515,sub60,ling_word_target,115,-0.0531583379224388
10516,sub60,ling_word_target,116,0.02987783349412479
10517,sub60,ling_word_target,117,-0.05176449895210164
10518,sub60,ling_word_target,118,-0.0449197488518197
10519,sub60,ling_word_target,119,0.03941120986824604
10520,sub60,ling_word_target,120,-0.028549504075361186
10521,sub60,ling_word_target,121,0.03862048614836143
10522,sub60,ling_word_target,122,0.006892774982473393
10523,sub60,ling_word_target,123,0.007254704247232599
10524,sub60,ling_word_target,124,0.008445562084754006
10525,sub60,ling_word_target,125,-0.0009800368569375633
10526,sub60,ling_word_target,126,0.04525046775484721
10527,sub60,ling_word_target,127,-0.008385160869975268
10528,sub60,ling_word_target,128,0.015175993410035383
10529,sub60,ling_word_target,129,0.0072791957854812205
10530,sub60,ling_word_target,130,-0.013340039905588784
10531,sub60,ling_word_target,131,-0.03009634429122625
10532,sub60,ling_word_target,132,-0.10399477727409771
10533,sub60,ling_word_target,133,0.07273817803934057
10534,sub60,ling_word_target,134,0.07722707494882643
10535,sub60,ling_word_target,135,0.03765060911450695
10536,sub60,ling_word_target,136,-0.04027846930649007
10537,sub60,ling_word_target,137,0.03434615542512413
10538,sub60,ling_word_target,138,-0.0015000939037164167
10539,sub60,ling_word_target,139,0.05921931332925202
10540,sub60,ling_word_target,140,0.021334871842520794
10541,sub60,ling_word_target,141,-0.033128595462261594
10542,sub60,ling_word_target,142,0.014097875739946681
10543,sub60,ling_word_target,143,-0.021987643989045777
10544,sub60,ling_word_target,144,0.04191549499704835
10545,sub60,ling_word_target,145,-0.004095252776011778
10546,sub60,ling_word_target,146,0.026384895853974032
10547,sub60,ling_word_target,147,0.04675934692705356
10548,sub60,ling_word_target,148,-0.004469908430445454
10549,sub60,ling_word_target,149,0.06928546711148591
10550,sub60,ling_word_target,150,-0.03453743418928029
10551,sub60,ling_word_target,151,-0.008843321189093227
10552,sub60,ling_word_target,152,0.020244341942007336
10553,sub60,ling_word_target,153,-0.06764213302841297
10554,sub60,ling_word_target,154,-0.019456238577350234
10555,sub60,ling_word_target,155,0.03630231145845277
10556,sub60,ling_word_target,156,-0.018037903365176185
10557,sub60,ling_word_target,157,0.008630689752929405
10558,sub60,ling_word_target,158,0.06189831031988557
10559,sub60,ling_word_target,159,0.017738005378196434
10560,sub60,ling_word_target,160,-0.002125082626703542
10561,sub60,ling_word_target,161,-0.0019711160253792696
10562,sub60,ling_word_target,162,0.026306934673222707
10563,sub60,ling_word_target,163,-0.009550431841432673
10564,sub60,ling_word_target,164,0.1120853497117054
10565,sub60,ling_word_target,165,0.01295385113877098
10566,sub60,ling_word_target,166,0.013155502622324317
10567,sub60,ling_word_target,167,0.008232923849840717
10568,sub60,ling_word_target,168,-0.022366360470875438
10569,sub60,ling_word_target,169,0.003558338038306487
10570,sub60,ling_word_target,170,-0.03086208106000575
10571,sub60,ling_word_target,171,-0.06014992106973817
10572,sub60,ling_word_target,172,-0.039836533226676664
10573,sub60,ling_word_target,173,-0.020281282549338336
10574,sub60,ling_word_target,174,0.03879944582333425
10575,sub60,ling_word_target,175,0.010272267116072053
10576,sub60,ling_word_target,176,0.06147232983628719
10577,sub60,ling_word_target,177,-0.0278498678027511
10578,sub60,ling_word_target,178,0.025703049201102918
10579,sub60,ling_word_target,179,0.023369232659726354
10580,sub60,ling_word_target,180,0.01100964003748083
10581,sub60,ling_word_target,181,-0.0002107982659203804
10582,sub60,ling_word_target,182,-0.04702491460041729
10583,sub60,ling_word_target,183,-0.0562858036133632
10584,sub60,ling_word_target,184,0.08948918423513445
10585,sub60,ling_word_target,185,-0.11577554629940073
10586,sub60,ling_word_target,186,0.05589871137645931
10587,sub60,ling_word_target,187,-0.06488889953272804
10588,sub60,ling_word_target,188,0.032469448581037626
10589,sub60,ling_word_target,189,0.018222214814853498
10590,sub60,ling_word_target,190,-0.049300176230311375
10591,sub60,ling_word_target,191,0.028401268128572354
10592,sub60,ling_word_target,192,-0.03185071392552246
10593,sub60,ling_word_target,193,-0.04394362053477487
10594,sub60,ling_word_target,194,0.016444404157878092
10595,sub60,ling_word_target,195,0.03078223347911349
10596,sub60,ling_word_target,196,0.07160847372555194
10597,sub60,ling_word_target,197,-0.00503214742382918
10598,sub60,ling_word_target,198,-0.026466345116793487
10599,sub60,ling_word_target,199,-0.007512856199549958
10600,sub61,ling_word_target,0,0.10202796933741166
10601,sub61,ling_word_target,1,0.08248263255162372
10602,sub61,ling_word_target,2,0.07377749337468777
10603,sub61,ling_word_target,3,-0.016034889904257967
10604,sub61,ling_word_target,4,0.06128667758008434
10605,sub61,ling_word_target,5,-0.06380566077780617
10606,sub61,ling_word_target,6,-0.010045512549494295
10607,sub61,ling_word_target,7,-0.026303069471062965
10608,sub61,ling_word_target,8,0.03963448288104807
10609,sub61,ling_word_target,9,-0.034308755100272044
10610,sub61,ling_word_target,10,0.02294455571808332
10611,sub61,ling_word_target,11,0.03377063263906648
10612,sub61,ling_word_target,12,-0.03638050763765366
10613,sub61,ling_word_target,13,0.010278707539559201
10614,sub61,ling_word_target,14,-0.05326187283925896
10615,sub61,ling_word_target,15,-0.10148195790266508
10616,sub61,ling_word_target,16,-0.14354780096261205
10617,sub61,ling_word_target,17,0.07193332052879854
10618,sub61,ling_word_target,18,0.05569580536139724
10619,sub61,ling_word_target,19,-0.013013555890455504
10620,sub61,ling_word_target,20,-0.04341945736633201
10621,sub61,ling_word_target,21,-0.0055163517804931025
10622,sub61,ling_word_target,22,-0.031022430915154216
10623,sub61,ling_word_target,23,0.032932094414915354
10624,sub61,ling_word_target,24,0.10448910032846423
10625,sub61,ling_word_target,25,0.03200880638899427
10626,sub61,ling_word_target,26,0.19191960304423022
10627,sub61,ling_word_target,27,0.0334957491574866
10628,sub61,ling_word_target,28,0.06514287257025524
10629,sub61,ling_word_target,29,0.028569820830723926
10630,sub61,ling_word_target,30,-0.003949930736867651
10631,sub61,ling_word_target,31,0.03591015909814847
10632,sub61,ling_word_target,32,-0.11052593261763434
10633,sub61,ling_word_target,33,0.11088724742829911
10634,sub61,ling_word_target,34,0.019627579659713453
10635,sub61,ling_word_target,35,0.009906674482763434
10636,sub61,ling_word_target,36,0.055151761109248715
10637,sub61,ling_word_target,37,0.03193537580422678
10638,sub61,ling_word_target,38,0.01820263382836806
10639,sub61,ling_word_target,39,-0.06415137613606309
10640,sub61,ling_word_target,40,0.011028737856665702
10641,sub61,ling_word_target,41,0.0013239452805978527
10642,sub61,ling_word_target,42,0.04243644368508168
10643,sub61,ling_word_target,43,-0.022416267790256475
10644,sub61,ling_word_target,44,0.043041316939813376
10645,sub61,ling_word_target,45,0.013906463159766154
10646,sub61,ling_word_target,46,0.04142847830196878
10647,sub61,ling_word_target,47,0.024711881565347746
10648,sub61,ling_word_target,48,0.008300819630281044
10649,sub61,ling_word_target,49,0.05233608951630677
10650,sub61,ling_word_target,50,-0.02388861950349498
10651,sub61,ling_word_target,51,-0.0340228194947969
10652,sub61,ling_word_target,52,-0.024447412132756474
10653,sub61,ling_word_target,53,-0.013983919781409398
10654,sub61,ling_word_target,54,-0.04007612690011807
10655,sub61,ling_word_target,55,0.019616456542532062
10656,sub61,ling_word_target,56,-0.056309450973408455
10657,sub61,ling_word_target,57,-0.022628411247724713
10658,sub61,ling_word_target,58,-0.014678300575662745
10659,sub61,ling_word_target,59,-0.009973017425617415
10660,sub61,ling_word_target,60,0.00506924945604898
10661,sub61,ling_word_target,61,0.05900625005680004
10662,sub61,ling_word_target,62,-0.012717160602794821
10663,sub61,ling_word_target,63,0.0724031245949865
10664,sub61,ling_word_target,64,-0.018064369971371362
10665,sub61,ling_word_target,65,0.018227868249356946
10666,sub61,ling_word_target,66,0.023645063359918478
10667,sub61,ling_word_target,67,0.025156403666016243
10668,sub61,ling_word_target,68,-0.040007587139993514
10669,sub61,ling_word_target,69,0.02614080891281347
10670,sub61,ling_word_target,70,0.04734994500142866
10671,sub61,ling_word_target,71,0.13425627628909861
10672,sub61,ling_word_target,72,0.003433755585734398
10673,sub61,ling_word_target,73,0.026667450052203206
10674,sub61,ling_word_target,74,0.0628556291080453
10675,sub61,ling_word_target,75,-0.04311829897533709
10676,sub61,ling_word_target,76,0.09186640774907165
10677,sub61,ling_word_target,77,-0.07855523201554139
10678,sub61,ling_word_target,78,0.05604423936197263
10679,sub61,ling_word_target,79,0.014953729879240261
10680,sub61,ling_word_target,80,-0.014999229909462775
10681,sub61,ling_word_target,81,0.035734399092396736
10682,sub61,ling_word_target,82,0.08607310386439718
10683,sub61,ling_word_target,83,-0.03420664135460273
10684,sub61,ling_word_target,84,0.09948550814170921
10685,sub61,ling_word_target,85,0.054527890945289384
10686,sub61,ling_word_target,86,-3.634077930064806e-05
10687,sub61,ling_word_target,87,0.01547367428416258
10688,sub61,ling_word_target,88,-0.03237161244184035
10689,sub61,ling_word_target,89,0.05752216436407362
10690,sub61,ling_word_target,90,0.05372505403560167
10691,sub61,ling_word_target,91,0.042193882172478006
10692,sub61,ling_word_target,92,-0.013526287530499809
10693,sub61,ling_word_target,93,-0.03447024313013219
10694,sub61,ling_word_target,94,-0.024908190758851957
10695,sub61,ling_word_target,95,0.004902741113245418
10696,sub61,ling_word_target,96,0.004248750658247311
10697,sub61,ling_word_target,97,0.07217889590655961
10698,sub61,ling_word_target,98,0.02449161604898898
10699,sub61,ling_word_target,99,-0.036976897532987954
10700,sub61,ling_word_target,100,0.04001307348652478
10701,sub61,ling_word_target,101,0.08170786976110342
10702,sub61,ling_word_target,102,0.0025106571177534805
10703,sub61,ling_word_target,103,0.0021981167059809048
10704,sub61,ling_word_target,104,0.013731052646698338
10705,sub61,ling_word_target,105,0.05739936696005293
10706,sub61,ling_word_target,106,0.030434957342994076
10707,sub61,ling_word_target,107,0.0764254046121404
10708,sub61,ling_word_target,108,0.04972090437315223
10709,sub61,ling_word_target,109,0.02561340427275611
10710,sub61,ling_word_target,110,-0.08472882710915183
10711,sub61,ling_word_target,111,-0.02213080622380129
10712,sub61,ling_word_target,112,0.0017861385975932436
10713,sub61,ling_word_target,113,0.002112721921491738
10714,sub61,ling_word_target,114,0.06384488313015935
10715,sub61,ling_word_target,115,-0.0008591351360154104
10716,sub61,ling_word_target,116,0.02395234353626016
10717,sub61,ling_word_target,117,0.022916812521508095
10718,sub61,ling_word_target,118,0.0034614294025418525
10719,sub61,ling_word_target,119,-0.024234865379057596
10720,sub61,ling_word_target,120,-0.019785272095076738
10721,sub61,ling_word_target,121,-0.024174052382486495
10722,sub61,ling_word_target,122,-0.086877311134089
10723,sub61,ling_word_target,123,0.0064271425000279716
10724,sub61,ling_word_target,124,-0.05938399717243464
10725,sub61,ling_word_target,125,0.027347368615241608
10726,sub61,ling_word_target,126,-0.00315571579221503
10727,sub61,ling_word_target,127,-0.056599255933344646
10728,sub61,ling_word_target,128,-0.1348451469418569
10729,sub61,ling_word_target,129,0.022396524467418286
10730,sub61,ling_word_target,130,0.01002919419008533
10731,sub61,ling_word_target,131,0.0013892214907066391
10732,sub61,ling_word_target,132,0.027535952418464606
10733,sub61,ling_word_target,133,0.01443265885245575
10734,sub61,ling_word_target,134,-0.04069671771357912
10735,sub61,ling_word_target,135,-0.01751995681798951
10736,sub61,ling_word_target,136,0.007284067740259065
10737,sub61,ling_word_target,137,-0.01197914637968324
10738,sub61,ling_word_target,138,-0.04575806570324266
10739,sub61,ling_word_target,139,-0.027108908531253077
10740,sub61,ling_word_target,140,0.007089045661146494
10741,sub61,ling_word_target,141,0.01891515748692806
10742,sub61,ling_word_target,142,-0.020428800861034133
10743,sub61,ling_word_target,143,-0.0680476465846703
10744,sub61,ling_word_target,144,0.014726720113444749
10745,sub61,ling_word_target,145,0.016972728032028078
10746,sub61,ling_word_target,146,0.029321475324930145
10747,sub61,ling_word_target,147,0.0032938214827667087
10748,sub61,ling_word_target,148,-0.028751094962602062
10749,sub61,ling_word_target,149,0.021907465517342677
10750,sub61,ling_word_target,150,0.04296016665157
10751,sub61,ling_word_target,151,0.012370393874189159
10752,sub61,ling_word_target,152,-0.048778424501924426
10753,sub61,ling_word_target,153,0.008260956632790577
10754,sub61,ling_word_target,154,0.04462502683155985
10755,sub61,ling_word_target,155,0.04162843324786208
10756,sub61,ling_word_target,156,-0.0057047071228115065
10757,sub61,ling_word_target,157,0.011517893937336541
10758,sub61,ling_word_target,158,-0.0635094939893483
10759,sub61,ling_word_target,159,-0.0082270889314415
10760,sub61,ling_word_target,160,-0.02980393191059675
10761,sub61,ling_word_target,161,-0.03470839466318972
10762,sub61,ling_word_target,162,0.007376361217609967
10763,sub61,ling_word_target,163,-0.003909738313680317
10764,sub61,ling_word_target,164,-0.03431292416769617
10765,sub61,ling_word_target,165,-0.030002306199178354
10766,sub61,ling_word_target,166,-0.029239410538294267
10767,sub61,ling_word_target,167,-0.019236738159889376
10768,sub61,ling_word_target,168,-0.0010173395165173178
10769,sub61,ling_word_target,169,0.0797830951667794
10770,sub61,ling_word_target,170,-0.011523792858866296
10771,sub61,ling_word_target,171,-0.03580959434397127
10772,sub61,ling_word_target,172,-0.0012055921742276517
10773,sub61,ling_word_target,173,0.02702287132640269
10774,sub61,ling_word_target,174,0.040933442341569905
10775,sub61,ling_word_target,175,-0.09614396067600813
10776,sub61,ling_word_target,176,0.04417458632116953
10777,sub61,ling_word_target,177,-0.01199090972616523
10778,sub61,ling_word_target,178,0.05546118983639918
10779,sub61,ling_word_target,179,0.09367299451568416
10780,sub61,ling_word_target,180,0.020377482325216613
10781,sub61,ling_word_target,181,-0.06198252835893488
10782,sub61,ling_word_target,182,0.08325245353734692
10783,sub61,ling_word_target,183,-0.04566627214898908
10784,sub61,ling_word_target,184,0.021004720186225543
10785,sub61,ling_word_target,185,-0.01597801329077074
10786,sub61,ling_word_target,186,-0.024977098310159842
10787,sub61,ling_word_target,187,-0.03503373436304441
10788,sub61,ling_word_target,188,-0.06974378525999346
10789,sub61,ling_word_target,189,-0.01863478094436181
10790,sub61,ling_word_target,190,0.033040084102853855
10791,sub61,ling_word_target,191,0.02095639264474167
10792,sub61,ling_word_target,192,0.005826152626696528
10793,sub61,ling_word_target,193,0.07101408809261808
10794,sub61,ling_word_target,194,-0.07377371225688031
10795,sub61,ling_word_target,195,-0.02092811829451902
10796,sub61,ling_word_target,196,-0.021918963276400475
10797,sub61,ling_word_target,197,0.004339655221022521
10798,sub61,ling_word_target,198,0.05469804230872905
10799,sub61,ling_word_target,199,0.01707173100233739
10800,sub62,ling_word_target,0,-0.053847830634604694
10801,sub62,ling_word_target,1,-0.03947162074247561
10802,sub62,ling_word_target,2,0.08028929091644857
10803,sub62,ling_word_target,3,0.1453658157110609
10804,sub62,ling_word_target,4,0.014110576425608583
10805,sub62,ling_word_target,5,-0.012653709129047477
10806,sub62,ling_word_target,6,0.0010836846567249515
10807,sub62,ling_word_target,7,-0.0778883623308033
10808,sub62,ling_word_target,8,-0.019779261812388215
10809,sub62,ling_word_target,9,0.051089575004468826
10810,sub62,ling_word_target,10,-0.01805298572143209
10811,sub62,ling_word_target,11,0.0038346063134223093
10812,sub62,ling_word_target,12,-0.02378907162769545
10813,sub62,ling_word_target,13,0.015131277804185796
10814,sub62,ling_word_target,14,-0.016431033590971762
10815,sub62,ling_word_target,15,-0.03574942526356406
10816,sub62,ling_word_target,16,-0.03263038023442226
10817,sub62,ling_word_target,17,0.04711614167182618
10818,sub62,ling_word_target,18,0.02251450425020197
10819,sub62,ling_word_target,19,0.05505296193376191
10820,sub62,ling_word_target,20,0.04417489654631277
10821,sub62,ling_word_target,21,0.06473002848897096
10822,sub62,ling_word_target,22,-0.02720938141622329
10823,sub62,ling_word_target,23,0.027667875801799243
10824,sub62,ling_word_target,24,-0.026569673232778757
10825,sub62,ling_word_target,25,0.009220029707074391
10826,sub62,ling_word_target,26,-0.048241777343308645
10827,sub62,ling_word_target,27,0.038498414560011296
10828,sub62,ling_word_target,28,-0.037307576258510125
10829,sub62,ling_word_target,29,-0.035054048561198765
10830,sub62,ling_word_target,30,0.0436124502515748
10831,sub62,ling_word_target,31,0.09082165617269132
10832,sub62,ling_word_target,32,-0.008424361483859524
10833,sub62,ling_word_target,33,0.04992504556300201
10834,sub62,ling_word_target,34,0.007491751547759885
10835,sub62,ling_word_target,35,-0.057085428179128705
10836,sub62,ling_word_target,36,-0.031514136942315175
10837,sub62,ling_word_target,37,0.006020397320433077
10838,sub62,ling_word_target,38,-0.012828769428509558
10839,sub62,ling_word_target,39,0.036300366283578106
10840,sub62,ling_word_target,40,0.037611843523059865
10841,sub62,ling_word_target,41,0.006333058822957842
10842,sub62,ling_word_target,42,0.11330765430354685
10843,sub62,ling_word_target,43,-0.11279608446782885
10844,sub62,ling_word_target,44,-0.07512330917524196
10845,sub62,ling_word_target,45,0.009188264821972632
10846,sub62,ling_word_target,46,0.011913365546800093
10847,sub62,ling_word_target,47,-0.00869222826593976
10848,sub62,ling_word_target,48,0.042410934301789584
10849,sub62,ling_word_target,49,-0.027884632065963665
10850,sub62,ling_word_target,50,-0.05569854260714846
10851,sub62,ling_word_target,51,-0.01434181006542504
10852,sub62,ling_word_target,52,0.021521611810013205
10853,sub62,ling_word_target,53,0.022305458587820577
10854,sub62,ling_word_target,54,0.004815435348493682
10855,sub62,ling_word_target,55,0.04484405956185556
10856,sub62,ling_word_target,56,0.04585196830385622
10857,sub62,ling_word_target,57,-0.01923550618432345
10858,sub62,ling_word_target,58,-0.017945017870009176
10859,sub62,ling_word_target,59,0.04832402644447478
10860,sub62,ling_word_target,60,-0.04296343313431859
10861,sub62,ling_word_target,61,0.003346331363142367
10862,sub62,ling_word_target,62,0.12152985457760429
10863,sub62,ling_word_target,63,0.06037354215123943
10864,sub62,ling_word_target,64,-0.006605042470047968
10865,sub62,ling_word_target,65,-0.01419095634204973
10866,sub62,ling_word_target,66,0.04925972259447639
10867,sub62,ling_word_target,67,0.03726730159387065
10868,sub62,ling_word_target,68,0.008872356010861452
10869,sub62,ling_word_target,69,0.008972384116495329
10870,sub62,ling_word_target,70,0.04218466856323617
10871,sub62,ling_word_target,71,0.035794448178302116
10872,sub62,ling_word_target,72,0.018078130271830188
10873,sub62,ling_word_target,73,-0.05521644455026592
10874,sub62,ling_word_target,74,0.07340200770942523
10875,sub62,ling_word_target,75,0.04694610185612073
10876,sub62,ling_word_target,76,-0.07168736946476388
10877,sub62,ling_word_target,77,-0.0013513932586225693
10878,sub62,ling_word_target,78,0.06936039981606194
10879,sub62,ling_word_target,79,0.0003328174331243354
10880,sub62,ling_word_target,80,0.022978974638236397
10881,sub62,ling_word_target,81,0.021899402079594975
10882,sub62,ling_word_target,82,0.12825683054425588
10883,sub62,ling_word_target,83,-0.038223272551751834
10884,sub62,ling_word_target,84,-0.0038394114385236914
10885,sub62,ling_word_target,85,0.08754563025092647
10886,sub62,ling_word_target,86,0.03723531835439596
10887,sub62,ling_word_target,87,-0.06511191482624731
10888,sub62,ling_word_target,88,-0.06168875937374376
10889,sub62,ling_word_target,89,0.04765856639267309
10890,sub62,ling_word_target,90,0.1684371934356767
10891,sub62,ling_word_target,91,0.03273020625680989
10892,sub62,ling_word_target,92,-0.006300025526232745
10893,sub62,ling_word_target,93,-0.03164352738855954
10894,sub62,ling_word_target,94,0.051178886370878474
10895,sub62,ling_word_target,95,-0.030418642328640555
10896,sub62,ling_word_target,96,0.03305591929794231
10897,sub62,ling_word_target,97,-0.005550123657383131
10898,sub62,ling_word_target,98,0.02096083118565069
10899,sub62,ling_word_target,99,-0.07191391266755898
10900,sub62,ling_word_target,100,0.038532539127423715
10901,sub62,ling_word_target,101,-0.05102406028167766
10902,sub62,ling_word_target,102,0.05597283056152387
10903,sub62,ling_word_target,103,0.031360958820037005
10904,sub62,ling_word_target,104,-0.024866327353628984
10905,sub62,ling_word_target,105,-0.013214057857699909
10906,sub62,ling_word_target,106,-0.05988628571547728
10907,sub62,ling_word_target,107,0.0001841002393861284
10908,sub62,ling_word_target,108,0.06644946060560063
10909,sub62,ling_word_target,109,0.03129454735660469
10910,sub62,ling_word_target,110,-0.01694229014594023
10911,sub62,ling_word_target,111,-0.0807201551449706
10912,sub62,ling_word_target,112,0.08105128848183935
10913,sub62,ling_word_target,113,-0.034289540950597615
10914,sub62,ling_word_target,114,-0.03673269156807305
10915,sub62,ling_word_target,115,0.04227250013302532
10916,sub62,ling_word_target,116,-0.03111532096350358
10917,sub62,ling_word_target,117,0.025048844644788862
10918,sub62,ling_word_target,118,-0.040744541786946684
10919,sub62,ling_word_target,119,-0.020488477372371156
10920,sub62,ling_word_target,120,-0.034715469769459585
10921,sub62,ling_word_target,121,-0.03126581182804959
10922,sub62,ling_word_target,122,-0.04870887474927184
10923,sub62,ling_word_target,123,-0.023054808164488984
10924,sub62,ling_word_target,124,0.027752578154438122
10925,sub62,ling_word_target,125,-0.03837898039575453
10926,sub62,ling_word_target,126,0.008223248476128613
10927,sub62,ling_word_target,127,0.060859407571775374
10928,sub62,ling_word_target,128,-0.068130282505546
10929,sub62,ling_word_target,129,-0.015080501423754085
10930,sub62,ling_word_target,130,0.02487343468057098
10931,sub62,ling_word_target,131,0.006254810235718638
10932,sub62,ling_word_target,132,0.017200459582648233
10933,sub62,ling_word_target,133,0.022146296086117744
10934,sub62,ling_word_target,134,-1.320995119634149e-05
10935,sub62,ling_word_target,135,-0.004746918402319673
10936,sub62,ling_word_target,136,0.1095580723077918
10937,sub62,ling_word_target,137,-0.03852678775957173
10938,sub62,ling_word_target,138,-0.10171321894667262
10939,sub62,ling_word_target,139,-0.04777930585835723
10940,sub62,ling_word_target,140,0.023280181182079134
10941,sub62,ling_word_target,141,0.026694172222513433
10942,sub62,ling_word_target,142,0.005674187757053768
10943,sub62,ling_word_target,143,-0.01653577806009941
10944,sub62,ling_word_target,144,0.0566453588919229
10945,sub62,ling_word_target,145,-0.05736686741996255
10946,sub62,ling_word_target,146,-0.05542874995207099
10947,sub62,ling_word_target,147,0.06379412126519447
10948,sub62,ling_word_target,148,0.041808248031979856
10949,sub62,ling_word_target,149,-0.0022568813040757273
10950,sub62,ling_word_target,150,-0.055285204305036216
10951,sub62,ling_word_target,151,0.03751390414826754
10952,sub62,ling_word_target,152,0.06312321994756044
10953,sub62,ling_word_target,153,0.0026691301466285245
10954,sub62,ling_word_target,154,0.0019482058166009786
10955,sub62,ling_word_target,155,0.029696257219986092
10956,sub62,ling_word_target,156,0.12625151432992976
10957,sub62,ling_word_target,157,0.000563017899984864
10958,sub62,ling_word_target,158,0.009722858994942267
10959,sub62,ling_word_target,159,0.024555728284054015
10960,sub62,ling_word_target,160,-0.017675049033132675
10961,sub62,ling_word_target,161,-0.005929282636383672
10962,sub62,ling_word_target,162,-0.02740884354949485
10963,sub62,ling_word_target,163,0.015846117645503918
10964,sub62,ling_word_target,164,0.009857593552701056
10965,sub62,ling_word_target,165,0.07854972919020592
10966,sub62,ling_word_target,166,-0.06889177381937049
10967,sub62,ling_word_target,167,0.04559189428645033
10968,sub62,ling_word_target,168,0.04010526156059628
10969,sub62,ling_word_target,169,0.1196931424515951
10970,sub62,ling_word_target,170,0.03332446894852104
10971,sub62,ling_word_target,171,0.09930803975521511
10972,sub62,ling_word_target,172,-0.03186789655932744
10973,sub62,ling_word_target,173,-0.08589623685110973
10974,sub62,ling_word_target,174,0.0018094675045043243
10975,sub62,ling_word_target,175,0.003629915732898387
10976,sub62,ling_word_target,176,-0.021012214287499158
10977,sub62,ling_word_target,177,0.028821340385403165
10978,sub62,ling_word_target,178,0.04205962817578246
10979,sub62,ling_word_target,179,-0.0192628493419883
10980,sub62,ling_word_target,180,-0.06087225093340566
10981,sub62,ling_word_target,181,0.015089736388248155
10982,sub62,ling_word_target,182,0.04070478945428322
10983,sub62,ling_word_target,183,0.030076160226689422
10984,sub62,ling_word_target,184,0.020436253086634562
10985,sub62,ling_word_target,185,-0.03366293445639461
10986,sub62,ling_word_target,186,0.041692432158350126
10987,sub62,ling_word_target,187,-0.026772210424622998
10988,sub62,ling_word_target,188,-0.09475468766837693
10989,sub62,ling_word_target,189,-0.018363343424262518
10990,sub62,ling_word_target,190,-0.02563415596358135
10991,sub62,ling_word_target,191,0.006451004129131923
10992,sub62,ling_word_target,192,0.04136101758444139
10993,sub62,ling_word_target,193,0.05957114125389257
10994,sub62,ling_word_target,194,0.012264010803858687
10995,sub62,ling_word_target,195,0.06917666981711354
10996,sub62,ling_word_target,196,0.004853608368607044
10997,sub62,ling_word_target,197,0.06383085100220122
10998,sub62,ling_word_target,198,-0.004511988842999892
10999,sub62,ling_word_target,199,0.047692161099739755
11000,sub64,ling_word_target,0,0.03188839967095319
11001,sub64,ling_word_target,1,0.12022035482799263
11002,sub64,ling_word_target,2,-0.010246850938025248
11003,sub64,ling_word_target,3,-0.015955866359152637
11004,sub64,ling_word_target,4,0.012426106173690074
11005,sub64,ling_word_target,5,0.01317256076446006
11006,sub64,ling_word_target,6,0.015435533656912385
11007,sub64,ling_word_target,7,-0.08790022672610096
11008,sub64,ling_word_target,8,-0.07784185853271824
11009,sub64,ling_word_target,9,0.035738270413696045
11010,sub64,ling_word_target,10,0.005444236420602058
11011,sub64,ling_word_target,11,-0.010690129043623323
11012,sub64,ling_word_target,12,0.028459587092131377
11013,sub64,ling_word_target,13,-0.047319057166970796
11014,sub64,ling_word_target,14,-0.06785901775263391
11015,sub64,ling_word_target,15,-0.09656128910765406
11016,sub64,ling_word_target,16,0.026435665242031527
11017,sub64,ling_word_target,17,0.04573372980348844
11018,sub64,ling_word_target,18,0.02471516963035404
11019,sub64,ling_word_target,19,0.02985012987874498
11020,sub64,ling_word_target,20,-0.03945280997306707
11021,sub64,ling_word_target,21,-0.0006396725284835427
11022,sub64,ling_word_target,22,0.06726607865990128
11023,sub64,ling_word_target,23,0.10843962166443637
11024,sub64,ling_word_target,24,-0.074204963090361
11025,sub64,ling_word_target,25,-0.010909399439334286
11026,sub64,ling_word_target,26,0.042449096010861186
11027,sub64,ling_word_target,27,-0.0555316560230134
11028,sub64,ling_word_target,28,0.09230807279448072
11029,sub64,ling_word_target,29,-0.03789235173094787
11030,sub64,ling_word_target,30,-0.017115193688833744
11031,sub64,ling_word_target,31,0.03919669282523953
11032,sub64,ling_word_target,32,-0.02415751161691436
11033,sub64,ling_word_target,33,0.03585903735733902
11034,sub64,ling_word_target,34,0.11717182715602763
11035,sub64,ling_word_target,35,0.05321447426675886
11036,sub64,ling_word_target,36,0.029662522161007985
11037,sub64,ling_word_target,37,0.0010850147973099414
11038,sub64,ling_word_target,38,0.006438201009250849
11039,sub64,ling_word_target,39,-0.0037403214474132102
11040,sub64,ling_word_target,40,-0.009339604185295315
11041,sub64,ling_word_target,41,-0.006821720555419292
11042,sub64,ling_word_target,42,-0.005062525071897774
11043,sub64,ling_word_target,43,0.08708830061428546
11044,sub64,ling_word_target,44,0.07450870573052557
11045,sub64,ling_word_target,45,-0.08483260362437267
11046,sub64,ling_word_target,46,-0.02235128828676874
11047,sub64,ling_word_target,47,0.0654489937654622
11048,sub64,ling_word_target,48,0.016400930103942276
11049,sub64,ling_word_target,49,0.0030631104513835507
11050,sub64,ling_word_target,50,-0.019672471049962153
11051,sub64,ling_word_target,51,-0.042624654903785635
11052,sub64,ling_word_target,52,0.03144338172433812
11053,sub64,ling_word_target,53,-0.08256786119833208
11054,sub64,ling_word_target,54,0.02016553787340705
11055,sub64,ling_word_target,55,-0.0629458580022566
11056,sub64,ling_word_target,56,0.016831359315647942
11057,sub64,ling_word_target,57,-0.02779115193460823
11058,sub64,ling_word_target,58,-0.0008071982519403719
11059,sub64,ling_word_target,59,-0.045381397416873935
11060,sub64,ling_word_target,60,-0.08704574679244617
11061,sub64,ling_word_target,61,0.022317110642117152
11062,sub64,ling_word_target,62,0.05148467976047778
11063,sub64,ling_word_target,63,-0.00526502882005272
11064,sub64,ling_word_target,64,0.05205479916088665
11065,sub64,ling_word_target,65,0.03475800987152026
11066,sub64,ling_word_target,66,-0.023415582259873315
11067,sub64,ling_word_target,67,0.013871983700994312
11068,sub64,ling_word_target,68,-0.010653006189295409
11069,sub64,ling_word_target,69,0.027903440911290364
11070,sub64,ling_word_target,70,-0.09904150767466519
11071,sub64,ling_word_target,71,0.0341350873878266
11072,sub64,ling_word_target,72,0.04912761976081222
11073,sub64,ling_word_target,73,0.09405508549521294
11074,sub64,ling_word_target,74,-0.05197345400130684
11075,sub64,ling_word_target,75,-0.08912222687111519
11076,sub64,ling_word_target,76,0.04421383738603194
11077,sub64,ling_word_target,77,-0.024587694542872168
11078,sub64,ling_word_target,78,-0.0534930365235159
11079,sub64,ling_word_target,79,0.08242520425137498
11080,sub64,ling_word_target,80,0.03771866026534496
11081,sub64,ling_word_target,81,-0.005844441822679328
11082,sub64,ling_word_target,82,-0.028681575589386728
11083,sub64,ling_word_target,83,0.01886473089739544
11084,sub64,ling_word_target,84,0.0031503166325428933
11085,sub64,ling_word_target,85,0.02323124515100577
11086,sub64,ling_word_target,86,0.05706079205230026
11087,sub64,ling_word_target,87,0.02891561274190125
11088,sub64,ling_word_target,88,0.045070601879759566
11089,sub64,ling_word_target,89,0.10259757516043583
11090,sub64,ling_word_target,90,-0.05326506088505857
11091,sub64,ling_word_target,91,0.03346925459888448
11092,sub64,ling_word_target,92,-0.02422855710669736
11093,sub64,ling_word_target,93,-0.001937086124095062
11094,sub64,ling_word_target,94,-0.030106174648453842
11095,sub64,ling_word_target,95,0.025964638182302453
11096,sub64,ling_word_target,96,0.003267872191502849
11097,sub64,ling_word_target,97,-0.026011095751812142
11098,sub64,ling_word_target,98,-0.01705697913454205
11099,sub64,ling_word_target,99,-0.01142659289874833
11100,sub64,ling_word_target,100,0.0005080012435550452
11101,sub64,ling_word_target,101,-0.004578505451324425
11102,sub64,ling_word_target,102,0.026704143899238062
11103,sub64,ling_word_target,103,-0.01087656781618574
11104,sub64,ling_word_target,104,-0.028011693319786944
11105,sub64,ling_word_target,105,0.03989109140777004
11106,sub64,ling_word_target,106,-0.004974061145171492
11107,sub64,ling_word_target,107,-0.02962741763001839
11108,sub64,ling_word_target,108,-0.08797304819703301
11109,sub64,ling_word_target,109,-0.08408366019651094
11110,sub64,ling_word_target,110,0.0035655135763132885
11111,sub64,ling_word_target,111,0.049425086940191466
11112,sub64,ling_word_target,112,0.0356198996860219
11113,sub64,ling_word_target,113,0.005283783494254196
11114,sub64,ling_word_target,114,-0.021515568056836014
11115,sub64,ling_word_target,115,-0.04912964881986262
11116,sub64,ling_word_target,116,-0.10263071831253347
11117,sub64,ling_word_target,117,0.0937702827338502
11118,sub64,ling_word_target,118,-0.008367212006565037
11119,sub64,ling_word_target,119,-0.0003692485145592077
11120,sub64,ling_word_target,120,0.10167738582612654
11121,sub64,ling_word_target,121,0.001012544203628606
11122,sub64,ling_word_target,122,0.05453319340314613
11123,sub64,ling_word_target,123,-0.0633828543393322
11124,sub64,ling_word_target,124,-0.0030842597988800877
11125,sub64,ling_word_target,125,0.06069056986443388
11126,sub64,ling_word_target,126,-0.10897462289671216
11127,sub64,ling_word_target,127,-0.0488884407686394
11128,sub64,ling_word_target,128,0.04494149346243456
11129,sub64,ling_word_target,129,0.01619424365820129
11130,sub64,ling_word_target,130,0.007006897558751236
11131,sub64,ling_word_target,131,0.04032630436133071
11132,sub64,ling_word_target,132,0.028038879830283435
11133,sub64,ling_word_target,133,-0.03918931347996416
11134,sub64,ling_word_target,134,0.02839152294159244
11135,sub64,ling_word_target,135,-0.027529722396102713
11136,sub64,ling_word_target,136,-0.004760621517757844
11137,sub64,ling_word_target,137,-0.03411614243478811
11138,sub64,ling_word_target,138,-0.0162332647859847
11139,sub64,ling_word_target,139,0.0161779579114403
11140,sub64,ling_word_target,140,0.002362266533393972
11141,sub64,ling_word_target,141,0.06999680787716298
11142,sub64,ling_word_target,142,0.014252340399824263
11143,sub64,ling_word_target,143,0.03363959573945698
11144,sub64,ling_word_target,144,-0.05826569912707091
11145,sub64,ling_word_target,145,0.029922354533660333
11146,sub64,ling_word_target,146,0.04034625345699847
11147,sub64,ling_word_target,147,0.012143240355738253
11148,sub64,ling_word_target,148,-0.07924130279636485
11149,sub64,ling_word_target,149,0.04608562167086695
11150,sub64,ling_word_target,150,-0.05848037956763202
11151,sub64,ling_word_target,151,0.02749977227799942
11152,sub64,ling_word_target,152,0.047602859430896864
11153,sub64,ling_word_target,153,0.001518570276897587
11154,sub64,ling_word_target,154,-0.02998361348230249
11155,sub64,ling_word_target,155,0.06349499524049541
11156,sub64,ling_word_target,156,0.03602855701541247
11157,sub64,ling_word_target,157,0.030042811174446876
11158,sub64,ling_word_target,158,0.014263729789935124
11159,sub64,ling_word_target,159,0.05413760252142528
11160,sub64,ling_word_target,160,0.046142102888551625
11161,sub64,ling_word_target,161,0.012318345607756949
11162,sub64,ling_word_target,162,0.013348713470214532
11163,sub64,ling_word_target,163,0.06416755673354271
11164,sub64,ling_word_target,164,0.029097810075537772
11165,sub64,ling_word_target,165,0.035929788430029204
11166,sub64,ling_word_target,166,-0.023837334791661374
11167,sub64,ling_word_target,167,-0.03599418097668336
11168,sub64,ling_word_target,168,0.015594304170646674
11169,sub64,ling_word_target,169,0.10508265578601737
11170,sub64,ling_word_target,170,-0.01631099168400213
11171,sub64,ling_word_target,171,-0.03339332400554909
11172,sub64,ling_word_target,172,-0.0028132797143037435
11173,sub64,ling_word_target,173,0.035166338370106257
11174,sub64,ling_word_target,174,0.08069498133171173
11175,sub64,ling_word_target,175,0.0938001755003123
11176,sub64,ling_word_target,176,-0.0002697203361258549
11177,sub64,ling_word_target,177,0.023604140577566657
11178,sub64,ling_word_target,178,0.030931379521150743
11179,sub64,ling_word_target,179,0.040143253496561004
11180,sub64,ling_word_target,180,0.0332168106923328
11181,sub64,ling_word_target,181,-0.029470713599871887
11182,sub64,ling_word_target,182,0.049352269270319306
11183,sub64,ling_word_target,183,-0.029378738282349725
11184,sub64,ling_word_target,184,0.020478884969266597
11185,sub64,ling_word_target,185,-0.004661265274817967
11186,sub64,ling_word_target,186,-0.058422979063969885
11187,sub64,ling_word_target,187,0.004734593109834443
11188,sub64,ling_word_target,188,-0.009600568771321687
11189,sub64,ling_word_target,189,0.2153539985546695
11190,sub64,ling_word_target,190,0.0005233323907076272
11191,sub64,ling_word_target,191,-0.02968183277223627
11192,sub64,ling_word_target,192,0.02469796870021311
11193,sub64,ling_word_target,193,-0.016473026621665533
11194,sub64,ling_word_target,194,0.047629140042622316
11195,sub64,ling_word_target,195,-0.0762552081117192
11196,sub64,ling_word_target,196,0.10986457371455019
11197,sub64,ling_word_target,197,-0.03523609335637051
11198,sub64,ling_word_target,198,-0.051305443881315665
11199,sub64,ling_word_target,199,-0.011105460265071372
11200,sub65,ling_word_target,0,0.07167190021431696
11201,sub65,ling_word_target,1,-0.008913873367454228
11202,sub65,ling_word_target,2,-0.021053760472149696
11203,sub65,ling_word_target,3,-0.006403132532164915
11204,sub65,ling_word_target,4,0.048818051125794674
11205,sub65,ling_word_target,5,-0.0026254611249140894
11206,sub65,ling_word_target,6,-0.027000763497297513
11207,sub65,ling_word_target,7,0.026321007037700392
11208,sub65,ling_word_target,8,-0.07464418031681788
11209,sub65,ling_word_target,9,0.009369525832925484
11210,sub65,ling_word_target,10,-0.011567948596014054
11211,sub65,ling_word_target,11,0.005235046053865818
11212,sub65,ling_word_target,12,0.0063161140163050696
11213,sub65,ling_word_target,13,0.03258472363631051
11214,sub65,ling_word_target,14,0.009252063284861058
11215,sub65,ling_word_target,15,0.05284919770730667
11216,sub65,ling_word_target,16,0.012457700340233734
11217,sub65,ling_word_target,17,0.026672027065688577
11218,sub65,ling_word_target,18,-0.0013101804753875472
11219,sub65,ling_word_target,19,0.04417147512210054
11220,sub65,ling_word_target,20,0.02308543775226043
11221,sub65,ling_word_target,21,0.032065263647416305
11222,sub65,ling_word_target,22,-0.03143263424435706
11223,sub65,ling_word_target,23,-0.020244033269363245
11224,sub65,ling_word_target,24,-0.0627026466222659
11225,sub65,ling_word_target,25,0.007109133959908977
11226,sub65,ling_word_target,26,-0.01647867390118199
11227,sub65,ling_word_target,27,0.04004330096514487
11228,sub65,ling_word_target,28,-0.0011018384450835093
11229,sub65,ling_word_target,29,0.013255604993190498
11230,sub65,ling_word_target,30,0.03764663313343683
11231,sub65,ling_word_target,31,-0.02429162852033676
11232,sub65,ling_word_target,32,-0.005204333271096369
11233,sub65,ling_word_target,33,-0.0003733451298379808
11234,sub65,ling_word_target,34,-0.0033040206967855446
11235,sub65,ling_word_target,35,-0.05522432039383123
11236,sub65,ling_word_target,36,0.013290770242123866
11237,sub65,ling_word_target,37,-0.04844047155738198
11238,sub65,ling_word_target,38,0.1196889224731076
11239,sub65,ling_word_target,39,0.0003222400996968177
11240,sub65,ling_word_target,40,0.01334225831035099
11241,sub65,ling_word_target,41,0.005303009844947785
11242,sub65,ling_word_target,42,-0.007956793071335466
11243,sub65,ling_word_target,43,-0.006680371891126691
11244,sub65,ling_word_target,44,-0.00024823778506386727
11245,sub65,ling_word_target,45,-0.03798838945665593
11246,sub65,ling_word_target,46,-0.03196753244853379
11247,sub65,ling_word_target,47,0.014319197570101274
11248,sub65,ling_word_target,48,-0.010004605399572644
11249,sub65,ling_word_target,49,0.004981195454462121
11250,sub65,ling_word_target,50,0.02062468292209734
11251,sub65,ling_word_target,51,-0.031241992162278857
11252,sub65,ling_word_target,52,0.005027093098070092
11253,sub65,ling_word_target,53,0.04982419120678137
11254,sub65,ling_word_target,54,0.028166794614031345
11255,sub65,ling_word_target,55,0.0017076992876448034
11256,sub65,ling_word_target,56,-0.030654782197051162
11257,sub65,ling_word_target,57,-0.02032378388485679
11258,sub65,ling_word_target,58,-0.016136740672186078
11259,sub65,ling_word_target,59,-0.019276278644882985
11260,sub65,ling_word_target,60,0.009706203448757382
11261,sub65,ling_word_target,61,-0.04110223682176173
11262,sub65,ling_word_target,62,0.003933877266133792
11263,sub65,ling_word_target,63,0.005322223897106697
11264,sub65,ling_word_target,64,-0.05582538528410579
11265,sub65,ling_word_target,65,-0.03427516504235302
11266,sub65,ling_word_target,66,0.05486706299701133
11267,sub65,ling_word_target,67,-0.004916796120278167
11268,sub65,ling_word_target,68,-0.02084791576831206
11269,sub65,ling_word_target,69,0.0263927808637638
11270,sub65,ling_word_target,70,-0.02383555416825699
11271,sub65,ling_word_target,71,-0.01336719042637048
11272,sub65,ling_word_target,72,0.02867576399884019
11273,sub65,ling_word_target,73,-0.013235250154620409
11274,sub65,ling_word_target,74,0.022613535980078783
11275,sub65,ling_word_target,75,0.041625989539160746
11276,sub65,ling_word_target,76,-0.09325525955972738
11277,sub65,ling_word_target,77,-0.003343671099008122
11278,sub65,ling_word_target,78,-0.010064735122853878
11279,sub65,ling_word_target,79,-0.01836493130934568
11280,sub65,ling_word_target,80,-0.017528911075758588
11281,sub65,ling_word_target,81,-0.02445076864251545
11282,sub65,ling_word_target,82,0.001334830899493406
11283,sub65,ling_word_target,83,-0.07756840403722298
11284,sub65,ling_word_target,84,-0.061957057888372524
11285,sub65,ling_word_target,85,0.0036668703111118676
11286,sub65,ling_word_target,86,0.002405549887995301
11287,sub65,ling_word_target,87,-0.007116960831359135
11288,sub65,ling_word_target,88,-0.07211654062841473
11289,sub65,ling_word_target,89,0.014090759178867264
11290,sub65,ling_word_target,90,-0.053020979863928105
11291,sub65,ling_word_target,91,-0.018058082579431006
11292,sub65,ling_word_target,92,-0.007316761277848554
11293,sub65,ling_word_target,93,0.03299753077967205
11294,sub65,ling_word_target,94,0.003158716409111303
11295,sub65,ling_word_target,95,-0.045037538533601755
11296,sub65,ling_word_target,96,0.03287580066195976
11297,sub65,ling_word_target,97,-0.015242681785657016
11298,sub65,ling_word_target,98,-0.016446118141224954
11299,sub65,ling_word_target,99,0.0007343474623689886
11300,sub65,ling_word_target,100,-0.06233902303636641
11301,sub65,ling_word_target,101,0.009665292912962833
11302,sub65,ling_word_target,102,-0.01216178535369225
11303,sub65,ling_word_target,103,-0.0062132461524330735
11304,sub65,ling_word_target,104,-0.024256355016645602
11305,sub65,ling_word_target,105,-0.06376878877712643
11306,sub65,ling_word_target,106,-0.0492169219231034
11307,sub65,ling_word_target,107,-0.07404202997065629
11308,sub65,ling_word_target,108,-0.016211241957413285
11309,sub65,ling_word_target,109,0.002483539476908825
11310,sub65,ling_word_target,110,0.0674208569589942
11311,sub65,ling_word_target,111,-0.016344911912786104
11312,sub65,ling_word_target,112,-0.020891811932999445
11313,sub65,ling_word_target,113,0.004686962243706208
11314,sub65,ling_word_target,114,-0.04617495090401836
11315,sub65,ling_word_target,115,-0.046625660446845824
11316,sub65,ling_word_target,116,-0.005152532880145516
11317,sub65,ling_word_target,117,-0.006336469551233201
11318,sub65,ling_word_target,118,-0.048597149322516894
11319,sub65,ling_word_target,119,0.008449186958673093
11320,sub65,ling_word_target,120,0.031230483926816453
11321,sub65,ling_word_target,121,0.04421976942741536
11322,sub65,ling_word_target,122,0.031176925397412035
11323,sub65,ling_word_target,123,0.020435491449495694
11324,sub65,ling_word_target,124,0.005599774937161678
11325,sub65,ling_word_target,125,0.040778600924483106
11326,sub65,ling_word_target,126,0.003079316857681773
11327,sub65,ling_word_target,127,-0.0591888196808444
11328,sub65,ling_word_target,128,-0.003497773933853791
11329,sub65,ling_word_target,129,0.009980374745951714
11330,sub65,ling_word_target,130,-0.015464673346812398
11331,sub65,ling_word_target,131,-0.05833314218051941
11332,sub65,ling_word_target,132,-0.041875026734021985
11333,sub65,ling_word_target,133,-0.03364239815821736
11334,sub65,ling_word_target,134,-0.06001686661042451
11335,sub65,ling_word_target,135,0.042435891367888896
11336,sub65,ling_word_target,136,0.012011334875540985
11337,sub65,ling_word_target,137,0.031337843140728634
11338,sub65,ling_word_target,138,-0.019046157908770137
11339,sub65,ling_word_target,139,-0.006205407299598671
11340,sub65,ling_word_target,140,-0.0023010212756719465
11341,sub65,ling_word_target,141,-0.0637106314251975
11342,sub65,ling_word_target,142,-3.788488330165073e-05
11343,sub65,ling_word_target,143,0.014963672645557471
11344,sub65,ling_word_target,144,-0.050701316112887994
11345,sub65,ling_word_target,145,-0.0011570579260069653
11346,sub65,ling_word_target,146,0.015199119205699961
11347,sub65,ling_word_target,147,0.020998013527531865
11348,sub65,ling_word_target,148,0.012298193824220725
11349,sub65,ling_word_target,149,-0.038313113045082524
11350,sub65,ling_word_target,150,0.03595201370829658
11351,sub65,ling_word_target,151,-0.05407806131183098
11352,sub65,ling_word_target,152,-0.017075774417255118
11353,sub65,ling_word_target,153,0.0011227490606518587
11354,sub65,ling_word_target,154,-0.005260970187893238
11355,sub65,ling_word_target,155,0.05582197667426938
11356,sub65,ling_word_target,156,-0.08314487656465652
11357,sub65,ling_word_target,157,0.011815285876608645
11358,sub65,ling_word_target,158,-0.004663494102088902
11359,sub65,ling_word_target,159,-0.004144550947524578
11360,sub65,ling_word_target,160,0.018187552181301508
11361,sub65,ling_word_target,161,0.0030420030266370785
11362,sub65,ling_word_target,162,0.033710231140327104
11363,sub65,ling_word_target,163,0.031467475138762566
11364,sub65,ling_word_target,164,0.026429514007915475
11365,sub65,ling_word_target,165,-0.04946150451826319
11366,sub65,ling_word_target,166,0.03262853738370234
11367,sub65,ling_word_target,167,-0.03026508589245607
11368,sub65,ling_word_target,168,0.028425197991746174
11369,sub65,ling_word_target,169,-0.03350325753952206
11370,sub65,ling_word_target,170,-0.03137698787811949
11371,sub65,ling_word_target,171,0.04938845781599945
11372,sub65,ling_word_target,172,-0.026071486957457198
11373,sub65,ling_word_target,173,0.09432787403579612
11374,sub65,ling_word_target,174,0.003922972985315659
11375,sub65,ling_word_target,175,-0.04201811539373738
11376,sub65,ling_word_target,176,0.026558822194634284
11377,sub65,ling_word_target,177,-0.01242902634921696
11378,sub65,ling_word_target,178,-0.0009708960750937645
11379,sub65,ling_word_target,179,-0.028105783706611636
11380,sub65,ling_word_target,180,0.0006082830932923879
11381,sub65,ling_word_target,181,-0.012332001588179906
11382,sub65,ling_word_target,182,-0.052112033637762845
11383,sub65,ling_word_target,183,-0.05844732335779617
11384,sub65,ling_word_target,184,0.043068534881963855
11385,sub65,ling_word_target,185,-0.027182899104602188
11386,sub65,ling_word_target,186,0.02363539253433041
11387,sub65,ling_word_target,187,0.008107346026417344
11388,sub65,ling_word_target,188,0.06323804817007231
11389,sub65,ling_word_target,189,-0.03284919254088717
11390,sub65,ling_word_target,190,-0.014091732552894315
11391,sub65,ling_word_target,191,-0.023890523011775775
11392,sub65,ling_word_target,192,0.0463652292935757
11393,sub65,ling_word_target,193,0.043366587576046264
11394,sub65,ling_word_target,194,0.01584587036779197
11395,sub65,ling_word_target,195,0.06367431970734559
11396,sub65,ling_word_target,196,0.026979547857051762
11397,sub65,ling_word_target,197,0.011114141021660142
11398,sub65,ling_word_target,198,0.030430061063135457
11399,sub65,ling_word_target,199,0.003695521322651138
11400,sub66,ling_word_target,0,0.0068731338157966785
11401,sub66,ling_word_target,1,0.004675318882764425
11402,sub66,ling_word_target,2,-0.0763160812721966
11403,sub66,ling_word_target,3,-0.011695323175251378
11404,sub66,ling_word_target,4,-0.024109246939368258
11405,sub66,ling_word_target,5,0.01084968334763474
11406,sub66,ling_word_target,6,0.08240647410399918
11407,sub66,ling_word_target,7,0.007870174576855538
11408,sub66,ling_word_target,8,0.06641418961908999
11409,sub66,ling_word_target,9,0.0013963154604321125
11410,sub66,ling_word_target,10,0.0006781046872998489
11411,sub66,ling_word_target,11,-0.026066964250774437
11412,sub66,ling_word_target,12,-0.015701787269554925
11413,sub66,ling_word_target,13,-0.003895027977634076
11414,sub66,ling_word_target,14,0.10069492000983823
11415,sub66,ling_word_target,15,-0.021845453384058976
11416,sub66,ling_word_target,16,-0.0056605906234054705
11417,sub66,ling_word_target,17,-0.02163749452340686
11418,sub66,ling_word_target,18,-0.02213843835582321
11419,sub66,ling_word_target,19,0.05419151968122175
11420,sub66,ling_word_target,20,0.023517659659996033
11421,sub66,ling_word_target,21,0.00782536820300944
11422,sub66,ling_word_target,22,-0.015099035927581755
11423,sub66,ling_word_target,23,0.03587277290205299
11424,sub66,ling_word_target,24,0.04640570618938147
11425,sub66,ling_word_target,25,0.0024034821258008383
11426,sub66,ling_word_target,26,-0.1196674902900334
11427,sub66,ling_word_target,27,0.004379708316339038
11428,sub66,ling_word_target,28,-0.023399329280930532
11429,sub66,ling_word_target,29,-0.011960194965629433
11430,sub66,ling_word_target,30,-0.01322314216263335
11431,sub66,ling_word_target,31,0.042495596390550575
11432,sub66,ling_word_target,32,-0.028326220488272054
11433,sub66,ling_word_target,33,-0.007123354431269379
11434,sub66,ling_word_target,34,-0.02704126174629753
11435,sub66,ling_word_target,35,0.03720091426295132
11436,sub66,ling_word_target,36,-0.07498290578911962
11437,sub66,ling_word_target,37,-0.032266314344301744
11438,sub66,ling_word_target,38,-0.013983454043218654
11439,sub66,ling_word_target,39,0.009501335843196571
11440,sub66,ling_word_target,40,0.028436850364958768
11441,sub66,ling_word_target,41,-0.08919337870112425
11442,sub66,ling_word_target,42,-0.04528295552970214
11443,sub66,ling_word_target,43,-0.023451960843336072
11444,sub66,ling_word_target,44,-0.02298991316953402
11445,sub66,ling_word_target,45,-0.05340826202554588
11446,sub66,ling_word_target,46,-0.03734660713695442
11447,sub66,ling_word_target,47,-0.028775873211743207
11448,sub66,ling_word_target,48,0.007515106280868074
11449,sub66,ling_word_target,49,0.03759259922346471
11450,sub66,ling_word_target,50,0.008079293100617049
11451,sub66,ling_word_target,51,-0.011451051205648665
11452,sub66,ling_word_target,52,0.044419858877089234
11453,sub66,ling_word_target,53,-0.007414248858596649
11454,sub66,ling_word_target,54,-0.069522467926838
11455,sub66,ling_word_target,55,-0.025445848693459883
11456,sub66,ling_word_target,56,0.023918368062480936
11457,sub66,ling_word_target,57,0.007286453984724698
11458,sub66,ling_word_target,58,-0.019836437325555904
11459,sub66,ling_word_target,59,-0.04586367139944531
11460,sub66,ling_word_target,60,-0.039199951375708364
11461,sub66,ling_word_target,61,-0.02106938082052527
11462,sub66,ling_word_target,62,0.03274981028881927
11463,sub66,ling_word_target,63,-0.07798594922499653
11464,sub66,ling_word_target,64,-0.03275292861719732
11465,sub66,ling_word_target,65,0.01615456951131543
11466,sub66,ling_word_target,66,-0.001078690968345158
11467,sub66,ling_word_target,67,-0.033151825574912586
11468,sub66,ling_word_target,68,-0.05653510463138886
11469,sub66,ling_word_target,69,0.018800758437178152
11470,sub66,ling_word_target,70,0.04201563195592385
11471,sub66,ling_word_target,71,-0.007712424879926203
11472,sub66,ling_word_target,72,0.016186337855068053
11473,sub66,ling_word_target,73,0.06288165963256889
11474,sub66,ling_word_target,74,0.001390632330185283
11475,sub66,ling_word_target,75,-0.004397937836097079
11476,sub66,ling_word_target,76,0.043722271266854705
11477,sub66,ling_word_target,77,0.012508954821343964
11478,sub66,ling_word_target,78,-0.011002228236251615
11479,sub66,ling_word_target,79,0.017856587469719104
11480,sub66,ling_word_target,80,-0.062406033781242744
11481,sub66,ling_word_target,81,-0.03584952281287188
11482,sub66,ling_word_target,82,-0.023005364631501254
11483,sub66,ling_word_target,83,-0.016517900177164386
11484,sub66,ling_word_target,84,-0.058502956189426546
11485,sub66,ling_word_target,85,-0.01683276363385209
11486,sub66,ling_word_target,86,-0.00896761347514604
11487,sub66,ling_word_target,87,0.014961559311203347
11488,sub66,ling_word_target,88,-0.022116191828146788
11489,sub66,ling_word_target,89,0.03712292464736321
11490,sub66,ling_word_target,90,0.006659124952635683
11491,sub66,ling_word_target,91,-0.007890624030839658
11492,sub66,ling_word_target,92,0.023556009030818316
11493,sub66,ling_word_target,93,-0.05385513311839664
11494,sub66,ling_word_target,94,0.01633318883713098
11495,sub66,ling_word_target,95,-0.014109450430636163
11496,sub66,ling_word_target,96,0.018500792063505758
11497,sub66,ling_word_target,97,-0.04355567189190908
11498,sub66,ling_word_target,98,0.01387598214081536
11499,sub66,ling_word_target,99,0.023377815776730083
11500,sub66,ling_word_target,100,0.03931814252375057
11501,sub66,ling_word_target,101,0.02138432585070703
11502,sub66,ling_word_target,102,-0.04787988701150896
11503,sub66,ling_word_target,103,0.04014306980851833
11504,sub66,ling_word_target,104,0.03710856049728673
11505,sub66,ling_word_target,105,0.01932921086679441
11506,sub66,ling_word_target,106,-0.0633299860389331
11507,sub66,ling_word_target,107,0.012524332981688069
11508,sub66,ling_word_target,108,-0.022635790824923556
11509,sub66,ling_word_target,109,-0.03595047045886946
11510,sub66,ling_word_target,110,-0.013852592393352209
11511,sub66,ling_word_target,111,0.006288780211459156
11512,sub66,ling_word_target,112,-0.018048671365919845
11513,sub66,ling_word_target,113,0.016458830815296508
11514,sub66,ling_word_target,114,0.06803497923407548
11515,sub66,ling_word_target,115,-0.0652493215287093
11516,sub66,ling_word_target,116,-0.04299405697375587
11517,sub66,ling_word_target,117,0.01687869191468564
11518,sub66,ling_word_target,118,-0.007008120258790163
11519,sub66,ling_word_target,119,-0.0012954127831475307
11520,sub66,ling_word_target,120,-0.03637510972524689
11521,sub66,ling_word_target,121,0.0145322384040154
11522,sub66,ling_word_target,122,-0.010926396328186254
11523,sub66,ling_word_target,123,0.009486180839419241
11524,sub66,ling_word_target,124,-0.04148385278364925
11525,sub66,ling_word_target,125,-0.0442241564276912
11526,sub66,ling_word_target,126,-0.0016390626642055902
11527,sub66,ling_word_target,127,0.03645001495655127
11528,sub66,ling_word_target,128,-0.02022703544116316
11529,sub66,ling_word_target,129,0.019785777517768544
11530,sub66,ling_word_target,130,0.025583436454285426
11531,sub66,ling_word_target,131,0.053802878689627645
11532,sub66,ling_word_target,132,-0.030032238174818322
11533,sub66,ling_word_target,133,0.02273409860690053
11534,sub66,ling_word_target,134,0.004698548422170569
11535,sub66,ling_word_target,135,0.03802428690427206
11536,sub66,ling_word_target,136,-0.036619089057872464
11537,sub66,ling_word_target,137,0.008969209172015087
11538,sub66,ling_word_target,138,0.0017946934583106438
11539,sub66,ling_word_target,139,-0.05585455031904139
11540,sub66,ling_word_target,140,-0.02033575065433665
11541,sub66,ling_word_target,141,-0.021216139941474574
11542,sub66,ling_word_target,142,0.0757376259176478
11543,sub66,ling_word_target,143,0.06140718446189886
11544,sub66,ling_word_target,144,-0.06287299471659911
11545,sub66,ling_word_target,145,-0.021404777843069735
11546,sub66,ling_word_target,146,0.0019311465220298739
11547,sub66,ling_word_target,147,-0.04797246903023274
11548,sub66,ling_word_target,148,-0.005282925985285138
11549,sub66,ling_word_target,149,-0.034572548887289514
11550,sub66,ling_word_target,150,0.0017223046290368214
11551,sub66,ling_word_target,151,-0.038329232772955996
11552,sub66,ling_word_target,152,0.0625614524128016
11553,sub66,ling_word_target,153,0.04427798522843536
11554,sub66,ling_word_target,154,-0.0014016351752352938
11555,sub66,ling_word_target,155,0.02159943685124006
11556,sub66,ling_word_target,156,0.01285307570368829
11557,sub66,ling_word_target,157,-0.025135592189624835
11558,sub66,ling_word_target,158,0.000477218608838583
11559,sub66,ling_word_target,159,0.054953004156938434
11560,sub66,ling_word_target,160,-0.07028354657803004
11561,sub66,ling_word_target,161,-0.015425273175939168
11562,sub66,ling_word_target,162,-0.00022720157202898175
11563,sub66,ling_word_target,163,0.016062196689128366
11564,sub66,ling_word_target,164,0.030233031622398716
11565,sub66,ling_word_target,165,-0.10153566680325944
11566,sub66,ling_word_target,166,-0.018391471332350296
11567,sub66,ling_word_target,167,-0.013997908811041014
11568,sub66,ling_word_target,168,-0.06232073631758005
11569,sub66,ling_word_target,169,0.007744289637132579
11570,sub66,ling_word_target,170,0.0022290301045681904
11571,sub66,ling_word_target,171,-0.057447171847869724
11572,sub66,ling_word_target,172,0.003213861063291505
11573,sub66,ling_word_target,173,-0.00040937184670382533
11574,sub66,ling_word_target,174,0.052625993394044994
11575,sub66,ling_word_target,175,0.021257863116924167
11576,sub66,ling_word_target,176,-0.02448764378711094
11577,sub66,ling_word_target,177,0.012958221716332404
11578,sub66,ling_word_target,178,-0.06003567283222006
11579,sub66,ling_word_target,179,-0.014526531111041525
11580,sub66,ling_word_target,180,-0.010092489975541536
11581,sub66,ling_word_target,181,0.02336098244384175
11582,sub66,ling_word_target,182,0.017880727807485987
11583,sub66,ling_word_target,183,-4.750576037175776e-05
11584,sub66,ling_word_target,184,0.015971188088253388
11585,sub66,ling_word_target,185,0.0737503277060011
11586,sub66,ling_word_target,186,-0.02890437839574671
11587,sub66,ling_word_target,187,-0.005810226518578134
11588,sub66,ling_word_target,188,0.04008239451598463
11589,sub66,ling_word_target,189,-0.015346938452720924
11590,sub66,ling_word_target,190,0.03169097909948648
11591,sub66,ling_word_target,191,-0.03820869485626064
11592,sub66,ling_word_target,192,-0.008957857524746569
11593,sub66,ling_word_target,193,0.010330151610964323
11594,sub66,ling_word_target,194,-0.02485009641587133
11595,sub66,ling_word_target,195,-0.05518500780357452
11596,sub66,ling_word_target,196,-0.03983405620130787
11597,sub66,ling_word_target,197,-0.00017928097628263842
11598,sub66,ling_word_target,198,-0.023841115129343518
11599,sub66,ling_word_target,199,0.0178873660265224
11600,sub67,ling_word_target,0,-0.011598233021444162
11601,sub67,ling_word_target,1,0.01928513330160264
11602,sub67,ling_word_target,2,0.014217513718146196
11603,sub67,ling_word_target,3,0.010180233911795719
11604,sub67,ling_word_target,4,0.08148137689879731
11605,sub67,ling_word_target,5,-0.04772567959192054
11606,sub67,ling_word_target,6,-0.03251377650224556
11607,sub67,ling_word_target,7,0.055425969638126855
11608,sub67,ling_word_target,8,0.1061563910495849
11609,sub67,ling_word_target,9,0.06852870364032211
11610,sub67,ling_word_target,10,-0.0008982609550456614
11611,sub67,ling_word_target,11,0.007668183391180057
11612,sub67,ling_word_target,12,0.006684495596851013
11613,sub67,ling_word_target,13,0.008315243389172238
11614,sub67,ling_word_target,14,-0.029002458942325365
11615,sub67,ling_word_target,15,0.04315115497656881
11616,sub67,ling_word_target,16,-0.06048281491330585
11617,sub67,ling_word_target,17,0.05288704049487964
11618,sub67,ling_word_target,18,0.06712633917692623
11619,sub67,ling_word_target,19,-0.005332079953329378
11620,sub67,ling_word_target,20,-0.06751290998960767
11621,sub67,ling_word_target,21,0.028717843145452625
11622,sub67,ling_word_target,22,0.0018156697034233404
11623,sub67,ling_word_target,23,0.05170737400580887
11624,sub67,ling_word_target,24,-0.012675078717859396
11625,sub67,ling_word_target,25,0.03537632672050393
11626,sub67,ling_word_target,26,0.04685073904465444
11627,sub67,ling_word_target,27,0.03270822441227429
11628,sub67,ling_word_target,28,0.006624341281645529
11629,sub67,ling_word_target,29,-0.028613298939150742
11630,sub67,ling_word_target,30,-0.03113245408181417
11631,sub67,ling_word_target,31,-0.0511020673003965
11632,sub67,ling_word_target,32,0.005463292843788573
11633,sub67,ling_word_target,33,0.0014516197157835278
11634,sub67,ling_word_target,34,0.008551974569595224
11635,sub67,ling_word_target,35,-0.020693007354231463
11636,sub67,ling_word_target,36,-0.030215150704430066
11637,sub67,ling_word_target,37,0.02170827869371996
11638,sub67,ling_word_target,38,0.03348424625274024
11639,sub67,ling_word_target,39,0.00238552857798874
11640,sub67,ling_word_target,40,-0.014290989133320543
11641,sub67,ling_word_target,41,-0.042262352754813645
11642,sub67,ling_word_target,42,-0.058480618752166764
11643,sub67,ling_word_target,43,0.0013703296082598244
11644,sub67,ling_word_target,44,-0.0041229367452767325
11645,sub67,ling_word_target,45,-0.0011795883779930395
11646,sub67,ling_word_target,46,-0.04198708582983351
11647,sub67,ling_word_target,47,0.016521647822860638
11648,sub67,ling_word_target,48,0.00788397940925217
11649,sub67,ling_word_target,49,0.061184544051893414
11650,sub67,ling_word_target,50,0.012443420246836614
11651,sub67,ling_word_target,51,-0.012463132244513944
11652,sub67,ling_word_target,52,-0.06806332213250431
11653,sub67,ling_word_target,53,-0.009021998139172122
11654,sub67,ling_word_target,54,0.0645094434165029
11655,sub67,ling_word_target,55,-0.03760682415384943
11656,sub67,ling_word_target,56,0.044856462212073116
11657,sub67,ling_word_target,57,-0.04156498826328284
11658,sub67,ling_word_target,58,-0.13649069692439714
11659,sub67,ling_word_target,59,-0.005359750073870234
11660,sub67,ling_word_target,60,0.04626886997762884
11661,sub67,ling_word_target,61,0.012317142584243717
11662,sub67,ling_word_target,62,-0.013033694358426813
11663,sub67,ling_word_target,63,-0.01563688517216933
11664,sub67,ling_word_target,64,-0.020688377268226196
11665,sub67,ling_word_target,65,0.008705760948477269
11666,sub67,ling_word_target,66,0.032741756904057326
11667,sub67,ling_word_target,67,-0.024766735717934477
11668,sub67,ling_word_target,68,0.008485562881581761
11669,sub67,ling_word_target,69,0.02366719797620059
11670,sub67,ling_word_target,70,-0.0015306909709015448
11671,sub67,ling_word_target,71,0.005362283761746497
11672,sub67,ling_word_target,72,0.015816131072451355
11673,sub67,ling_word_target,73,-0.004107206067299342
11674,sub67,ling_word_target,74,0.08913993597939737
11675,sub67,ling_word_target,75,0.02989771595069881
11676,sub67,ling_word_target,76,-0.02651985289277644
11677,sub67,ling_word_target,77,-0.004569510352915795
11678,sub67,ling_word_target,78,-0.009088792556833291
11679,sub67,ling_word_target,79,0.052640378314491955
11680,sub67,ling_word_target,80,0.007709539180460418
11681,sub67,ling_word_target,81,0.0023204219702025438
11682,sub67,ling_word_target,82,-0.08386865514897318
11683,sub67,ling_word_target,83,-0.04050395038686754
11684,sub67,ling_word_target,84,0.03684208143502078
11685,sub67,ling_word_target,85,0.012155544542847788
11686,sub67,ling_word_target,86,0.10714500771160339
11687,sub67,ling_word_target,87,-0.08366373805154112
11688,sub67,ling_word_target,88,0.01192288454825897
11689,sub67,ling_word_target,89,-0.02459686267253924
11690,sub67,ling_word_target,90,0.14716103785183365
11691,sub67,ling_word_target,91,0.001415058096539435
11692,sub67,ling_word_target,92,0.016027861609472744
11693,sub67,ling_word_target,93,0.0005483549923207513
11694,sub67,ling_word_target,94,0.027303802753288496
11695,sub67,ling_word_target,95,-0.001927342079287641
11696,sub67,ling_word_target,96,-0.016505962531293505
11697,sub67,ling_word_target,97,-0.02713851827726985
11698,sub67,ling_word_target,98,-0.02661878934339303
11699,sub67,ling_word_target,99,0.06445501352911406
11700,sub67,ling_word_target,100,0.06359438455291605
11701,sub67,ling_word_target,101,-0.04843771127263301
11702,sub67,ling_word_target,102,0.003392515995664288
11703,sub67,ling_word_target,103,0.06855885587139293
11704,sub67,ling_word_target,104,-0.011359147843382494
11705,sub67,ling_word_target,105,0.03298702647680016
11706,sub67,ling_word_target,106,-0.01422056968134967
11707,sub67,ling_word_target,107,-0.03413429968607115
11708,sub67,ling_word_target,108,0.037461920312445766
11709,sub67,ling_word_target,109,-0.004790568401166206
11710,sub67,ling_word_target,110,-0.015274766425123992
11711,sub67,ling_word_target,111,-0.012477290964619532
11712,sub67,ling_word_target,112,-0.0644380047189083
11713,sub67,ling_word_target,113,0.006732687414984492
11714,sub67,ling_word_target,114,0.04200265102518106
11715,sub67,ling_word_target,115,0.04365232409742488
11716,sub67,ling_word_target,116,0.03300480410224304
11717,sub67,ling_word_target,117,-0.010594496538372597
11718,sub67,ling_word_target,118,-0.07956473899608896
11719,sub67,ling_word_target,119,0.02420061466296954
11720,sub67,ling_word_target,120,-0.02559142220950949
11721,sub67,ling_word_target,121,0.027916038894541986
11722,sub67,ling_word_target,122,0.037308654841697236
11723,sub67,ling_word_target,123,-0.10493852249113414
11724,sub67,ling_word_target,124,0.005205390478939253
11725,sub67,ling_word_target,125,0.0013285724231414929
11726,sub67,ling_word_target,126,-0.04663311798999085
11727,sub67,ling_word_target,127,0.031942672605256635
11728,sub67,ling_word_target,128,0.037972536136860954
11729,sub67,ling_word_target,129,0.013939916771218086
11730,sub67,ling_word_target,130,0.011734946914985622
11731,sub67,ling_word_target,131,-0.009533888140946814
11732,sub67,ling_word_target,132,-0.00031545563885173857
11733,sub67,ling_word_target,133,-0.043345982292560446
11734,sub67,ling_word_target,134,0.003970092541797468
11735,sub67,ling_word_target,135,-0.012602196417757805
11736,sub67,ling_word_target,136,-0.03669455221483486
11737,sub67,ling_word_target,137,-0.011738769083780534
11738,sub67,ling_word_target,138,0.0773516777179217
11739,sub67,ling_word_target,139,-0.04750197965891914
11740,sub67,ling_word_target,140,0.06804008921501706
11741,sub67,ling_word_target,141,-0.05959814536331277
11742,sub67,ling_word_target,142,-0.07089308459171956
11743,sub67,ling_word_target,143,-0.006284797010723609
11744,sub67,ling_word_target,144,0.05549099442163127
11745,sub67,ling_word_target,145,-0.01881627391149497
11746,sub67,ling_word_target,146,0.006895602426442728
11747,sub67,ling_word_target,147,0.010884006807401267
11748,sub67,ling_word_target,148,-0.014782973387424769
11749,sub67,ling_word_target,149,-0.04158226600419722
11750,sub67,ling_word_target,150,0.053828599664394496
11751,sub67,ling_word_target,151,0.005709277174921665
11752,sub67,ling_word_target,152,-0.028586135063531568
11753,sub67,ling_word_target,153,-0.007777279947410442
11754,sub67,ling_word_target,154,0.02131525196203809
11755,sub67,ling_word_target,155,0.041455339506708225
11756,sub67,ling_word_target,156,0.0015877504395846744
11757,sub67,ling_word_target,157,0.09264636525442299
11758,sub67,ling_word_target,158,0.05049623354927486
11759,sub67,ling_word_target,159,-0.030123891096363285
11760,sub67,ling_word_target,160,0.029177495770127067
11761,sub67,ling_word_target,161,0.006664646060589374
11762,sub67,ling_word_target,162,0.01892759950225159
11763,sub67,ling_word_target,163,0.01119767360207743
11764,sub67,ling_word_target,164,-0.021810421530248363
11765,sub67,ling_word_target,165,0.05268288899413785
11766,sub67,ling_word_target,166,0.051730075591612426
11767,sub67,ling_word_target,167,0.06477018212156606
11768,sub67,ling_word_target,168,0.0686855490604238
11769,sub67,ling_word_target,169,-0.0327671863118601
11770,sub67,ling_word_target,170,-0.004823497681823792
11771,sub67,ling_word_target,171,-0.004787977542851342
11772,sub67,ling_word_target,172,0.03681431273521835
11773,sub67,ling_word_target,173,0.0295063052873897
11774,sub67,ling_word_target,174,0.043781344143589355
11775,sub67,ling_word_target,175,-0.021357556106897203
11776,sub67,ling_word_target,176,0.019246597571599487
11777,sub67,ling_word_target,177,0.04461512735907607
11778,sub67,ling_word_target,178,-0.0639122789024913
11779,sub67,ling_word_target,179,0.0060921370458018554
11780,sub67,ling_word_target,180,0.02014558406083743
11781,sub67,ling_word_target,181,0.01647078594974007
11782,sub67,ling_word_target,182,-0.026637070170699665
11783,sub67,ling_word_target,183,-0.008714131609167466
11784,sub67,ling_word_target,184,-0.004039221698011101
11785,sub67,ling_word_target,185,-0.005478034408951389
11786,sub67,ling_word_target,186,-0.009102864084606567
11787,sub67,ling_word_target,187,-0.04581398603578546
11788,sub67,ling_word_target,188,0.03297734919138699
11789,sub67,ling_word_target,189,0.0017520649024615335
11790,sub67,ling_word_target,190,-0.03558047544894809
11791,sub67,ling_word_target,191,0.038044587114458024
11792,sub67,ling_word_target,192,0.012223636199686175
11793,sub67,ling_word_target,193,-0.03126857666560871
11794,sub67,ling_word_target,194,-0.0015935992574910853
11795,sub67,ling_word_target,195,0.05595126782975705
11796,sub67,ling_word_target,196,-0.014157863900404837
11797,sub67,ling_word_target,197,0.0327273219519671
11798,sub67,ling_word_target,198,-0.024705642778444094
11799,sub67,ling_word_target,199,0.024205903747520102
11800,sub68,ling_word_target,0,0.0781418480841678
11801,sub68,ling_word_target,1,-0.04089228081982343
11802,sub68,ling_word_target,2,0.01744916390407735
11803,sub68,ling_word_target,3,-0.09585097551554318
11804,sub68,ling_word_target,4,-0.13592314102049288
11805,sub68,ling_word_target,5,0.022532461758849237
11806,sub68,ling_word_target,6,-0.03095485557682021
11807,sub68,ling_word_target,7,0.07680854086081838
11808,sub68,ling_word_target,8,-0.02185286271984035
11809,sub68,ling_word_target,9,0.043127910580761944
11810,sub68,ling_word_target,10,0.1002360754662606
11811,sub68,ling_word_target,11,0.11900952453389264
11812,sub68,ling_word_target,12,-0.04370351110672937
11813,sub68,ling_word_target,13,0.0908532510375253
11814,sub68,ling_word_target,14,0.032623536301308535
11815,sub68,ling_word_target,15,-0.08614889980436007
11816,sub68,ling_word_target,16,0.060033873809260646
11817,sub68,ling_word_target,17,-0.006768824927248942
11818,sub68,ling_word_target,18,0.03447128327137631
11819,sub68,ling_word_target,19,-0.00908528587090661
11820,sub68,ling_word_target,20,-0.09479350840782354
11821,sub68,ling_word_target,21,0.041397297831196
11822,sub68,ling_word_target,22,0.06455996723324577
11823,sub68,ling_word_target,23,0.0466377233573338
11824,sub68,ling_word_target,24,0.0229345238779187
11825,sub68,ling_word_target,25,0.03477098599917101
11826,sub68,ling_word_target,26,0.06255745752523002
11827,sub68,ling_word_target,27,-0.004724227181518069
11828,sub68,ling_word_target,28,0.03169474297009176
11829,sub68,ling_word_target,29,0.048856259738244104
11830,sub68,ling_word_target,30,0.018652979956024395
11831,sub68,ling_word_target,31,0.012750766540943183
11832,sub68,ling_word_target,32,-0.05784365547137442
11833,sub68,ling_word_target,33,-0.036305428817655694
11834,sub68,ling_word_target,34,-0.046171641697904324
11835,sub68,ling_word_target,35,0.02638947469090079
11836,sub68,ling_word_target,36,0.14057745517870304
11837,sub68,ling_word_target,37,-0.12229792651928655
11838,sub68,ling_word_target,38,0.004200407633151142
11839,sub68,ling_word_target,39,-0.027786802233909096
11840,sub68,ling_word_target,40,0.06566810783367828
11841,sub68,ling_word_target,41,0.0709297744662661
11842,sub68,ling_word_target,42,0.01183793266857955
11843,sub68,ling_word_target,43,-0.0025951424341252105
11844,sub68,ling_word_target,44,0.05665262070511888
11845,sub68,ling_word_target,45,-0.05010710190086649
11846,sub68,ling_word_target,46,-0.009595958633846633
11847,sub68,ling_word_target,47,-0.03782478393292507
11848,sub68,ling_word_target,48,-0.007270580788410507
11849,sub68,ling_word_target,49,-0.017351428614390194
11850,sub68,ling_word_target,50,0.06905315314851457
11851,sub68,ling_word_target,51,-0.012032621657694855
11852,sub68,ling_word_target,52,-0.01718721596284611
11853,sub68,ling_word_target,53,0.022684533694701147
11854,sub68,ling_word_target,54,-0.04862075469618863
11855,sub68,ling_word_target,55,-0.01599452004829422
11856,sub68,ling_word_target,56,-0.015420512745921
11857,sub68,ling_word_target,57,-0.027319807733213325
11858,sub68,ling_word_target,58,-0.010542507456734768
11859,sub68,ling_word_target,59,0.026182920285963602
11860,sub68,ling_word_target,60,0.03072630103600445
11861,sub68,ling_word_target,61,0.07685541540681134
11862,sub68,ling_word_target,62,-0.026105316051019605
11863,sub68,ling_word_target,63,0.004400496150300557
11864,sub68,ling_word_target,64,0.011955455077005045
11865,sub68,ling_word_target,65,-0.038400752615174436
11866,sub68,ling_word_target,66,-0.020223670846603883
11867,sub68,ling_word_target,67,0.04814940540877017
11868,sub68,ling_word_target,68,-0.08293922432697921
11869,sub68,ling_word_target,69,0.011432374761186338
11870,sub68,ling_word_target,70,-0.049971848446368976
11871,sub68,ling_word_target,71,-0.005689272551296312
11872,sub68,ling_word_target,72,-0.013834466809484912
11873,sub68,ling_word_target,73,0.025407237155421557
11874,sub68,ling_word_target,74,0.08199219510340446
11875,sub68,ling_word_target,75,-0.030431162504646697
11876,sub68,ling_word_target,76,-0.02437591516839533
11877,sub68,ling_word_target,77,0.04646149456065128
11878,sub68,ling_word_target,78,0.007194651451610618
11879,sub68,ling_word_target,79,-0.06059702863995519
11880,sub68,ling_word_target,80,-0.012390897438957455
11881,sub68,ling_word_target,81,-0.08128137532952633
11882,sub68,ling_word_target,82,-0.0071522541840646926
11883,sub68,ling_word_target,83,-0.05261817716655269
11884,sub68,ling_word_target,84,0.014411205346239325
11885,sub68,ling_word_target,85,0.0886462212953233
11886,sub68,ling_word_target,86,-0.010743315833690063
11887,sub68,ling_word_target,87,0.05926504960705091
11888,sub68,ling_word_target,88,-0.03635370800176849
11889,sub68,ling_word_target,89,0.1729783519477621
11890,sub68,ling_word_target,90,0.03292344716593447
11891,sub68,ling_word_target,91,-0.025180792802242474
11892,sub68,ling_word_target,92,-0.06985785145045541
11893,sub68,ling_word_target,93,0.024735356844416533
11894,sub68,ling_word_target,94,0.007143852779259303
11895,sub68,ling_word_target,95,0.010151474383906803
11896,sub68,ling_word_target,96,0.0022116420857543743
11897,sub68,ling_word_target,97,-0.08690735444887666
11898,sub68,ling_word_target,98,-0.07757767090192605
11899,sub68,ling_word_target,99,0.08793146082761924
11900,sub68,ling_word_target,100,0.019182015438482317
11901,sub68,ling_word_target,101,-0.00412057574723818
11902,sub68,ling_word_target,102,-0.027273777267886108
11903,sub68,ling_word_target,103,-0.015308207097452774
11904,sub68,ling_word_target,104,0.0017144316174859749
11905,sub68,ling_word_target,105,0.01181912786033741
11906,sub68,ling_word_target,106,-0.10159365764838085
11907,sub68,ling_word_target,107,-0.07380023287148468
11908,sub68,ling_word_target,108,-0.05792812169723399
11909,sub68,ling_word_target,109,-0.02994938265624115
11910,sub68,ling_word_target,110,-0.015186526697170325
11911,sub68,ling_word_target,111,-0.008303693984355237
11912,sub68,ling_word_target,112,0.10649369574146164
11913,sub68,ling_word_target,113,0.061558789668846245
11914,sub68,ling_word_target,114,0.004617970830271156
11915,sub68,ling_word_target,115,0.019318186852861248
11916,sub68,ling_word_target,116,2.6452560051522018e-05
11917,sub68,ling_word_target,117,0.10852366476085869
11918,sub68,ling_word_target,118,0.06856053491853592
11919,sub68,ling_word_target,119,0.11831099023888374
11920,sub68,ling_word_target,120,0.01830278168963853
11921,sub68,ling_word_target,121,-0.051332124054963325
11922,sub68,ling_word_target,122,0.009862207471579443
11923,sub68,ling_word_target,123,-0.019925291742205378
11924,sub68,ling_word_target,124,0.05037396835423618
11925,sub68,ling_word_target,125,0.022407345280059266
11926,sub68,ling_word_target,126,0.0493254689521014
11927,sub68,ling_word_target,127,0.03572400022502791
11928,sub68,ling_word_target,128,-0.02786570835996338
11929,sub68,ling_word_target,129,-0.08791440151010645
11930,sub68,ling_word_target,130,-0.006502043389954556
11931,sub68,ling_word_target,131,0.012338752019853726
11932,sub68,ling_word_target,132,0.0767308425311991
11933,sub68,ling_word_target,133,-0.05535461749972084
11934,sub68,ling_word_target,134,-0.01124062928813403
11935,sub68,ling_word_target,135,-0.12298300190833078
11936,sub68,ling_word_target,136,-0.0003854009171983785
11937,sub68,ling_word_target,137,0.031293179011815865
11938,sub68,ling_word_target,138,0.023220004923773418
11939,sub68,ling_word_target,139,0.09281512937920355
11940,sub68,ling_word_target,140,-0.0799387156060445
11941,sub68,ling_word_target,141,-0.03445064296065884
11942,sub68,ling_word_target,142,0.0032738414925561968
11943,sub68,ling_word_target,143,0.023412412978551445
11944,sub68,ling_word_target,144,-0.06441902608959282
11945,sub68,ling_word_target,145,0.0009616165073263055
11946,sub68,ling_word_target,146,0.009615464720176365
11947,sub68,ling_word_target,147,-0.11964307718761061
11948,sub68,ling_word_target,148,-0.011122895924841327
11949,sub68,ling_word_target,149,-0.08176668856171031
11950,sub68,ling_word_target,150,0.04547116800484407
11951,sub68,ling_word_target,151,-0.009299956405548412
11952,sub68,ling_word_target,152,-0.04761338109697309
11953,sub68,ling_word_target,153,-0.06006852317740986
11954,sub68,ling_word_target,154,0.041362534338744
11955,sub68,ling_word_target,155,0.07775092145540374
11956,sub68,ling_word_target,156,0.025331123692903305
11957,sub68,ling_word_target,157,-0.060177100522748384
11958,sub68,ling_word_target,158,-0.13233606713691082
11959,sub68,ling_word_target,159,-0.013512427798199311
11960,sub68,ling_word_target,160,-0.020484006099833592
11961,sub68,ling_word_target,161,-0.02251481512312102
11962,sub68,ling_word_target,162,0.02936199453461614
11963,sub68,ling_word_target,163,0.020546326362281955
11964,sub68,ling_word_target,164,-0.03993256082357155
11965,sub68,ling_word_target,165,0.08360556798672623
11966,sub68,ling_word_target,166,0.012414300560174516
11967,sub68,ling_word_target,167,0.08342772464691081
11968,sub68,ling_word_target,168,0.13413798900528404
11969,sub68,ling_word_target,169,-0.03868467160756281
11970,sub68,ling_word_target,170,-0.030542226243647285
11971,sub68,ling_word_target,171,0.07114574134996696
11972,sub68,ling_word_target,172,-0.00900294739916933
11973,sub68,ling_word_target,173,-0.04826579229743711
11974,sub68,ling_word_target,174,0.13872565719138447
11975,sub68,ling_word_target,175,-0.024929509346624204
11976,sub68,ling_word_target,176,0.03596536549447681
11977,sub68,ling_word_target,177,0.06883775029886813
11978,sub68,ling_word_target,178,-0.028665485036893774
11979,sub68,ling_word_target,179,0.039311742755831006
11980,sub68,ling_word_target,180,0.03847463216544682
11981,sub68,ling_word_target,181,-0.02617303443548468
11982,sub68,ling_word_target,182,-0.10492986745267509
11983,sub68,ling_word_target,183,0.006368798871329371
11984,sub68,ling_word_target,184,0.057180328516362296
11985,sub68,ling_word_target,185,0.028829304352110674
11986,sub68,ling_word_target,186,-0.026769746183466732
11987,sub68,ling_word_target,187,-0.04188813477979511
11988,sub68,ling_word_target,188,-0.00969072618784728
11989,sub68,ling_word_target,189,0.03996755846574447
11990,sub68,ling_word_target,190,-0.014334840762243539
11991,sub68,ling_word_target,191,-0.04898254913529425
11992,sub68,ling_word_target,192,-0.006996882557021133
11993,sub68,ling_word_target,193,0.03322514962606303
11994,sub68,ling_word_target,194,-0.020945194278539737
11995,sub68,ling_word_target,195,0.052714200059953614
11996,sub68,ling_word_target,196,-0.007041023996961663
11997,sub68,ling_word_target,197,0.1324456360012556
11998,sub68,ling_word_target,198,-0.02454143652626669
11999,sub68,ling_word_target,199,0.0265594184137638
12000,sub69,ling_word_target,0,-0.01455475524679891
12001,sub69,ling_word_target,1,0.076773985463148
12002,sub69,ling_word_target,2,0.005424110875520303
12003,sub69,ling_word_target,3,-0.0832358874896064
12004,sub69,ling_word_target,4,-0.014631343625787156
12005,sub69,ling_word_target,5,-0.015546246024370821
12006,sub69,ling_word_target,6,-0.004249553013506725
12007,sub69,ling_word_target,7,-0.04970208032463571
12008,sub69,ling_word_target,8,-0.11101709255123964
12009,sub69,ling_word_target,9,-0.041827654153099456
12010,sub69,ling_word_target,10,0.012831770215758459
12011,sub69,ling_word_target,11,0.08028103825868017
12012,sub69,ling_word_target,12,0.018179149419297998
12013,sub69,ling_word_target,13,0.04172958959193726
12014,sub69,ling_word_target,14,-0.016167320085829058
12015,sub69,ling_word_target,15,0.08410029719369265
12016,sub69,ling_word_target,16,-0.024123466964578653
12017,sub69,ling_word_target,17,0.014261701275854756
12018,sub69,ling_word_target,18,-0.06571737888677963
12019,sub69,ling_word_target,19,-0.045835863844107864
12020,sub69,ling_word_target,20,0.06784973806582617
12021,sub69,ling_word_target,21,-0.05740929592224531
12022,sub69,ling_word_target,22,-0.03766370931708749
12023,sub69,ling_word_target,23,-0.049847609757190145
12024,sub69,ling_word_target,24,0.09932544466305211
12025,sub69,ling_word_target,25,-0.16325796030049575
12026,sub69,ling_word_target,26,0.028543669626544872
12027,sub69,ling_word_target,27,0.08743708684230767
12028,sub69,ling_word_target,28,0.017426207381753114
12029,sub69,ling_word_target,29,-0.10079216678410824
12030,sub69,ling_word_target,30,-0.031791901687099035
12031,sub69,ling_word_target,31,-0.04559490502161709
12032,sub69,ling_word_target,32,0.08719503620818048
12033,sub69,ling_word_target,33,-0.08807682136591413
12034,sub69,ling_word_target,34,0.0327266271436053
12035,sub69,ling_word_target,35,0.02190841508562511
12036,sub69,ling_word_target,36,0.026587398509672944
12037,sub69,ling_word_target,37,-0.0654957423609104
12038,sub69,ling_word_target,38,0.08779141791892178
12039,sub69,ling_word_target,39,-0.033841622874623015
12040,sub69,ling_word_target,40,-0.02771870230641542
12041,sub69,ling_word_target,41,-0.08858818550107246
12042,sub69,ling_word_target,42,-0.0424138316883777
12043,sub69,ling_word_target,43,0.025012974774652957
12044,sub69,ling_word_target,44,-0.043713536435907974
12045,sub69,ling_word_target,45,-0.004916137234637148
12046,sub69,ling_word_target,46,0.03078665238644427
12047,sub69,ling_word_target,47,0.028669009992619933
12048,sub69,ling_word_target,48,0.048272608104758134
12049,sub69,ling_word_target,49,-4.903011301791242e-05
12050,sub69,ling_word_target,50,0.02317489739838497
12051,sub69,ling_word_target,51,-0.025873654968034544
12052,sub69,ling_word_target,52,0.03697389211716487
12053,sub69,ling_word_target,53,-0.0058903601584742084
12054,sub69,ling_word_target,54,-0.02970088439310186
12055,sub69,ling_word_target,55,-0.03985029099074838
12056,sub69,ling_word_target,56,0.0484259324084638
12057,sub69,ling_word_target,57,-0.015350660201569097
12058,sub69,ling_word_target,58,-0.007745106694615173
12059,sub69,ling_word_target,59,-0.008172690871355043
12060,sub69,ling_word_target,60,0.0959004028878943
12061,sub69,ling_word_target,61,0.019705080271146123
12062,sub69,ling_word_target,62,0.09783797949203897
12063,sub69,ling_word_target,63,0.052743643524795394
12064,sub69,ling_word_target,64,0.013390143761465027
12065,sub69,ling_word_target,65,-0.0021402833704460486
12066,sub69,ling_word_target,66,-0.036068825438179346
12067,sub69,ling_word_target,67,-0.04413713663128264
12068,sub69,ling_word_target,68,0.13433480562783254
12069,sub69,ling_word_target,69,0.039460195914372165
12070,sub69,ling_word_target,70,0.06500707638434612
12071,sub69,ling_word_target,71,-0.03503130352425755
12072,sub69,ling_word_target,72,0.023743041073324787
12073,sub69,ling_word_target,73,0.1321011550227839
12074,sub69,ling_word_target,74,-0.03699707338100135
12075,sub69,ling_word_target,75,-0.002972025634839142
12076,sub69,ling_word_target,76,-0.07854448683025564
12077,sub69,ling_word_target,77,-0.00834376991965451
12078,sub69,ling_word_target,78,-0.0404635967566963
12079,sub69,ling_word_target,79,0.03709491338413248
12080,sub69,ling_word_target,80,0.012660356638972553
12081,sub69,ling_word_target,81,-0.046954246818485194
12082,sub69,ling_word_target,82,-0.11774617683967165
12083,sub69,ling_word_target,83,-0.02132260287367817
12084,sub69,ling_word_target,84,0.038331492693660756
12085,sub69,ling_word_target,85,-0.11785124167313417
12086,sub69,ling_word_target,86,0.07477985532430668
12087,sub69,ling_word_target,87,-0.010867124606717259
12088,sub69,ling_word_target,88,0.08342312598763207
12089,sub69,ling_word_target,89,0.09824911424277785
12090,sub69,ling_word_target,90,-0.08072912832256597
12091,sub69,ling_word_target,91,0.11362772436377101
12092,sub69,ling_word_target,92,0.07835027672955296
12093,sub69,ling_word_target,93,0.07305215907205137
12094,sub69,ling_word_target,94,-0.025878752672811704
12095,sub69,ling_word_target,95,0.028036729878880513
12096,sub69,ling_word_target,96,0.03418700465519868
12097,sub69,ling_word_target,97,0.012378571628944408
12098,sub69,ling_word_target,98,-0.0711149112535895
12099,sub69,ling_word_target,99,-0.04796513466715047
12100,sub69,ling_word_target,100,0.07699422980362508
12101,sub69,ling_word_target,101,0.0029400120453100358
12102,sub69,ling_word_target,102,-0.038750022845415615
12103,sub69,ling_word_target,103,-0.10881063960644805
12104,sub69,ling_word_target,104,0.0383563802394365
12105,sub69,ling_word_target,105,-0.04775537837846689
12106,sub69,ling_word_target,106,0.03492767049657229
12107,sub69,ling_word_target,107,-0.010286505334697455
12108,sub69,ling_word_target,108,0.004361917782620912
12109,sub69,ling_word_target,109,-0.015193783474937578
12110,sub69,ling_word_target,110,-0.03566373039628318
12111,sub69,ling_word_target,111,0.02878976246229271
12112,sub69,ling_word_target,112,0.01713925955002723
12113,sub69,ling_word_target,113,-0.04132095364880314
12114,sub69,ling_word_target,114,-0.018000854255524803
12115,sub69,ling_word_target,115,0.03414931932896779
12116,sub69,ling_word_target,116,0.049754110809671244
12117,sub69,ling_word_target,117,0.0673719831855304
12118,sub69,ling_word_target,118,-0.026569887479564132
12119,sub69,ling_word_target,119,0.12206159589953804
12120,sub69,ling_word_target,120,0.04706680375490637
12121,sub69,ling_word_target,121,-0.027337796935137236
12122,sub69,ling_word_target,122,0.028583456566768757
12123,sub69,ling_word_target,123,-0.08286677894551422
12124,sub69,ling_word_target,124,-0.009139874743564839
12125,sub69,ling_word_target,125,0.034826435768459695
12126,sub69,ling_word_target,126,-0.019752403303760352
12127,sub69,ling_word_target,127,-0.12384350146005285
12128,sub69,ling_word_target,128,-0.07301609250452716
12129,sub69,ling_word_target,129,0.09070462174602842
12130,sub69,ling_word_target,130,0.04095699615723821
12131,sub69,ling_word_target,131,0.055113283284925416
12132,sub69,ling_word_target,132,0.07723901858311567
12133,sub69,ling_word_target,133,0.01304467415721975
12134,sub69,ling_word_target,134,0.0014742065723930937
12135,sub69,ling_word_target,135,-0.04355106693073102
12136,sub69,ling_word_target,136,0.022365967136733493
12137,sub69,ling_word_target,137,-0.04534113932933302
12138,sub69,ling_word_target,138,0.04396070543096249
12139,sub69,ling_word_target,139,-0.010956674520878602
12140,sub69,ling_word_target,140,0.03915917124556661
12141,sub69,ling_word_target,141,0.10256782299027634
12142,sub69,ling_word_target,142,0.040318734664758694
12143,sub69,ling_word_target,143,-0.06051500963781283
12144,sub69,ling_word_target,144,-0.13229334787115285
12145,sub69,ling_word_target,145,-0.04918036061710834
12146,sub69,ling_word_target,146,0.01067801930270548
12147,sub69,ling_word_target,147,0.03649216266523629
12148,sub69,ling_word_target,148,-0.055650364427146694
12149,sub69,ling_word_target,149,-0.02236010861657958
12150,sub69,ling_word_target,150,0.01828470470082969
12151,sub69,ling_word_target,151,0.036756925275055585
12152,sub69,ling_word_target,152,0.024001862997905184
12153,sub69,ling_word_target,153,-0.08417419933560659
12154,sub69,ling_word_target,154,0.051726550664564636
12155,sub69,ling_word_target,155,0.07516880596737244
12156,sub69,ling_word_target,156,0.02379388805652561
12157,sub69,ling_word_target,157,-0.03433808998402397
12158,sub69,ling_word_target,158,0.0026304084990401363
12159,sub69,ling_word_target,159,-0.020795928139608677
12160,sub69,ling_word_target,160,0.090806013576005
12161,sub69,ling_word_target,161,-0.009977729465929602
12162,sub69,ling_word_target,162,0.03421276792196761
12163,sub69,ling_word_target,163,-0.0029168209567232584
12164,sub69,ling_word_target,164,-0.018556327164540937
12165,sub69,ling_word_target,165,-0.02442726519338005
12166,sub69,ling_word_target,166,0.031950146074121014
12167,sub69,ling_word_target,167,0.02841174800534641
12168,sub69,ling_word_target,168,-0.05368234300102154
12169,sub69,ling_word_target,169,0.07869431579582967
12170,sub69,ling_word_target,170,0.19036049157020105
12171,sub69,ling_word_target,171,0.01532666546310241
12172,sub69,ling_word_target,172,0.06672900575627172
12173,sub69,ling_word_target,173,0.1883003211332792
12174,sub69,ling_word_target,174,-0.03302815963864619
12175,sub69,ling_word_target,175,0.1300292676258708
12176,sub69,ling_word_target,176,0.029197800529836275
12177,sub69,ling_word_target,177,-0.04151266279334594
12178,sub69,ling_word_target,178,0.028802992425791346
12179,sub69,ling_word_target,179,-0.014755145078779026
12180,sub69,ling_word_target,180,-0.034414361509213426
12181,sub69,ling_word_target,181,0.05499807152319796
12182,sub69,ling_word_target,182,-0.04033818030510051
12183,sub69,ling_word_target,183,-0.00708738975146785
12184,sub69,ling_word_target,184,0.024154392358155283
12185,sub69,ling_word_target,185,0.06780339803167348
12186,sub69,ling_word_target,186,-0.026065297376873776
12187,sub69,ling_word_target,187,-0.06475521550709347
12188,sub69,ling_word_target,188,-0.011337435003787252
12189,sub69,ling_word_target,189,0.01201845220709319
12190,sub69,ling_word_target,190,-0.009461031618991905
12191,sub69,ling_word_target,191,0.14449256277260847
12192,sub69,ling_word_target,192,-0.06375308237059091
12193,sub69,ling_word_target,193,0.01124682648127462
12194,sub69,ling_word_target,194,-0.08268191668306983
12195,sub69,ling_word_target,195,-0.08524436694199512
12196,sub69,ling_word_target,196,0.07575253128152479
12197,sub69,ling_word_target,197,0.04193501716705493
12198,sub69,ling_word_target,198,0.05903334948871375
12199,sub69,ling_word_target,199,-0.045165961292716675
12200,sub70,ling_word_target,0,-0.01491342243488392
12201,sub70,ling_word_target,1,0.034996232322497066
12202,sub70,ling_word_target,2,-0.03789121161395573
12203,sub70,ling_word_target,3,0.0035473488043994204
12204,sub70,ling_word_target,4,-0.10989121816217795
12205,sub70,ling_word_target,5,0.028883032610650502
12206,sub70,ling_word_target,6,-0.01800169300533262
12207,sub70,ling_word_target,7,-0.013018533064281766
12208,sub70,ling_word_target,8,0.15667667640765987
12209,sub70,ling_word_target,9,0.030796737478953142
12210,sub70,ling_word_target,10,-0.006441722562865297
12211,sub70,ling_word_target,11,-0.04999784760033753
12212,sub70,ling_word_target,12,0.01800258330789416
12213,sub70,ling_word_target,13,0.010510656682734168
12214,sub70,ling_word_target,14,0.051171358416163236
12215,sub70,ling_word_target,15,-0.006688207529784888
12216,sub70,ling_word_target,16,-0.01768966849698122
12217,sub70,ling_word_target,17,-0.03616811097810209
12218,sub70,ling_word_target,18,0.10536733101813153
12219,sub70,ling_word_target,19,0.03229715401153253
12220,sub70,ling_word_target,20,-0.007942682404359584
12221,sub70,ling_word_target,21,-0.051829846964717666
12222,sub70,ling_word_target,22,0.0860272423663035
12223,sub70,ling_word_target,23,-0.04467853777323089
12224,sub70,ling_word_target,24,-0.017478232548004062
12225,sub70,ling_word_target,25,0.05487845337200509
12226,sub70,ling_word_target,26,-0.015654092342797056
12227,sub70,ling_word_target,27,-0.027998647702374858
12228,sub70,ling_word_target,28,0.02734288581415978
12229,sub70,ling_word_target,29,-0.002825535946020038
12230,sub70,ling_word_target,30,0.03974062445454183
12231,sub70,ling_word_target,31,0.04720567935548411
12232,sub70,ling_word_target,32,0.0007342775620650725
12233,sub70,ling_word_target,33,0.099811949111634
12234,sub70,ling_word_target,34,-0.0513472646435791
12235,sub70,ling_word_target,35,-0.013947755898306019
12236,sub70,ling_word_target,36,0.012083928100488295
12237,sub70,ling_word_target,37,0.0357500728859054
12238,sub70,ling_word_target,38,0.06583962618962767
12239,sub70,ling_word_target,39,-0.009010998936152276
12240,sub70,ling_word_target,40,-0.01026380784994254
12241,sub70,ling_word_target,41,-0.015028002434191726
12242,sub70,ling_word_target,42,0.015757740374825444
12243,sub70,ling_word_target,43,-0.03195510622719192
12244,sub70,ling_word_target,44,-0.11346910199447591
12245,sub70,ling_word_target,45,-0.033973709299806594
12246,sub70,ling_word_target,46,0.09203079940151275
12247,sub70,ling_word_target,47,0.003140977161548119
12248,sub70,ling_word_target,48,0.03043565034097156
12249,sub70,ling_word_target,49,-0.0076469073137678195
12250,sub70,ling_word_target,50,-0.02437203601380353
12251,sub70,ling_word_target,51,-0.015199232347137697
12252,sub70,ling_word_target,52,0.027360388815764535
12253,sub70,ling_word_target,53,0.03709858356156973
12254,sub70,ling_word_target,54,-0.08153800495179309
12255,sub70,ling_word_target,55,-0.07879460192499745
12256,sub70,ling_word_target,56,-0.06283202399662961
12257,sub70,ling_word_target,57,0.04332183145964587
12258,sub70,ling_word_target,58,0.08478066082012724
12259,sub70,ling_word_target,59,0.0038986242057010116
12260,sub70,ling_word_target,60,-0.016549649948807664
12261,sub70,ling_word_target,61,-0.014027244410435239
12262,sub70,ling_word_target,62,0.09747158518511055
12263,sub70,ling_word_target,63,-0.03209941979415565
12264,sub70,ling_word_target,64,-0.0564296778834237
12265,sub70,ling_word_target,65,-0.048228798166362476
12266,sub70,ling_word_target,66,-0.012423217300073307
12267,sub70,ling_word_target,67,0.11042565403829428
12268,sub70,ling_word_target,68,0.10028393317995196
12269,sub70,ling_word_target,69,-0.0440215477109105
12270,sub70,ling_word_target,70,-0.04128455779817374
12271,sub70,ling_word_target,71,0.009552779314671446
12272,sub70,ling_word_target,72,0.02232491406489857
12273,sub70,ling_word_target,73,-0.060324694698807226
12274,sub70,ling_word_target,74,0.12899880925716453
12275,sub70,ling_word_target,75,-0.0017648310455580022
12276,sub70,ling_word_target,76,-0.011282459393202514
12277,sub70,ling_word_target,77,-0.09010994515210971
12278,sub70,ling_word_target,78,0.031046958970395423
12279,sub70,ling_word_target,79,-0.04843249952309653
12280,sub70,ling_word_target,80,0.08949346609733638
12281,sub70,ling_word_target,81,0.05233590550042995
12282,sub70,ling_word_target,82,-0.028392378076565764
12283,sub70,ling_word_target,83,-0.021124818814433007
12284,sub70,ling_word_target,84,0.005674277035922963
12285,sub70,ling_word_target,85,0.05505087619336804
12286,sub70,ling_word_target,86,-0.020182345538585795
12287,sub70,ling_word_target,87,-0.09978438210075521
12288,sub70,ling_word_target,88,0.00023801745336127485
12289,sub70,ling_word_target,89,0.04197471858130955
12290,sub70,ling_word_target,90,-0.02922834301116679
12291,sub70,ling_word_target,91,-0.08850983445313587
12292,sub70,ling_word_target,92,-0.01599091565857883
12293,sub70,ling_word_target,93,0.07502605951238427
12294,sub70,ling_word_target,94,0.014575110768218333
12295,sub70,ling_word_target,95,-0.029418557523813664
12296,sub70,ling_word_target,96,-0.035789443147770335
12297,sub70,ling_word_target,97,-0.07822126286357627
12298,sub70,ling_word_target,98,0.15337938956615563
12299,sub70,ling_word_target,99,0.014134011499362071
12300,sub70,ling_word_target,100,-0.053083578698603126
12301,sub70,ling_word_target,101,-0.026244647242249366
12302,sub70,ling_word_target,102,-0.013009731719156025
12303,sub70,ling_word_target,103,-0.11527351403466003
12304,sub70,ling_word_target,104,0.006518242190263629
12305,sub70,ling_word_target,105,0.017540986847460582
12306,sub70,ling_word_target,106,-0.07144562721908827
12307,sub70,ling_word_target,107,-0.12243759633684402
12308,sub70,ling_word_target,108,-0.020166488670250046
12309,sub70,ling_word_target,109,0.10046874315690212
12310,sub70,ling_word_target,110,0.036533148100695134
12311,sub70,ling_word_target,111,-0.023296591588336066
12312,sub70,ling_word_target,112,-0.01244666074088425
12313,sub70,ling_word_target,113,-0.003627003992144013
12314,sub70,ling_word_target,114,0.0996851862085055
12315,sub70,ling_word_target,115,0.08684524472183185
12316,sub70,ling_word_target,116,0.0511432094630297
12317,sub70,ling_word_target,117,-0.024541459377757067
12318,sub70,ling_word_target,118,-0.07124573722213692
12319,sub70,ling_word_target,119,-0.010758934664988649
12320,sub70,ling_word_target,120,0.033609386709595124
12321,sub70,ling_word_target,121,0.05440985389002586
12322,sub70,ling_word_target,122,-0.005812625245909454
12323,sub70,ling_word_target,123,-0.10374143015119623
12324,sub70,ling_word_target,124,0.06719170477907419
12325,sub70,ling_word_target,125,-0.01192930304290221
12326,sub70,ling_word_target,126,0.050542405255870525
12327,sub70,ling_word_target,127,0.056148556543150915
12328,sub70,ling_word_target,128,-0.018037384050769278
12329,sub70,ling_word_target,129,-0.07560372255193396
12330,sub70,ling_word_target,130,0.06598598041232598
12331,sub70,ling_word_target,131,0.005639696965996378
12332,sub70,ling_word_target,132,-0.029171380144458532
12333,sub70,ling_word_target,133,-0.05262911928951111
12334,sub70,ling_word_target,134,0.06643268388018621
12335,sub70,ling_word_target,135,-0.0551527045244977
12336,sub70,ling_word_target,136,0.06869239116878242
12337,sub70,ling_word_target,137,0.07075667200056432
12338,sub70,ling_word_target,138,0.06727293974204682
12339,sub70,ling_word_target,139,0.040097386365922964
12340,sub70,ling_word_target,140,0.0009806578300279192
12341,sub70,ling_word_target,141,0.007837218121888988
12342,sub70,ling_word_target,142,0.00452746808958152
12343,sub70,ling_word_target,143,-0.09719334033217107
12344,sub70,ling_word_target,144,-0.00319761621412062
12345,sub70,ling_word_target,145,-0.012113925381585497
12346,sub70,ling_word_target,146,-0.0764060837629105
12347,sub70,ling_word_target,147,-0.06136014191395311
12348,sub70,ling_word_target,148,0.025872024757344313
12349,sub70,ling_word_target,149,0.006805525967299629
12350,sub70,ling_word_target,150,-0.011570491691273116
12351,sub70,ling_word_target,151,0.1479550756064796
12352,sub70,ling_word_target,152,0.07197365417080707
12353,sub70,ling_word_target,153,0.003995031268256335
12354,sub70,ling_word_target,154,0.04291791043338757
12355,sub70,ling_word_target,155,0.04341692252146378
12356,sub70,ling_word_target,156,0.040355708240144686
12357,sub70,ling_word_target,157,0.014388516893075815
12358,sub70,ling_word_target,158,0.03733508177875544
12359,sub70,ling_word_target,159,0.02107560753716816
12360,sub70,ling_word_target,160,0.02810174405539209
12361,sub70,ling_word_target,161,0.053775923098207314
12362,sub70,ling_word_target,162,-0.031257547924913996
12363,sub70,ling_word_target,163,0.044298052726235
12364,sub70,ling_word_target,164,-0.03028974336350197
12365,sub70,ling_word_target,165,0.03168877155640428
12366,sub70,ling_word_target,166,0.07464050456911381
12367,sub70,ling_word_target,167,0.023619575339815114
12368,sub70,ling_word_target,168,-0.0441995159392329
12369,sub70,ling_word_target,169,0.00998963475830846
12370,sub70,ling_word_target,170,0.01996200777473784
12371,sub70,ling_word_target,171,0.006848838800141679
12372,sub70,ling_word_target,172,-0.046197692939324714
12373,sub70,ling_word_target,173,-0.00881697620687049
12374,sub70,ling_word_target,174,-0.036055734718128875
12375,sub70,ling_word_target,175,-0.04501372700333244
12376,sub70,ling_word_target,176,0.033490840592738456
12377,sub70,ling_word_target,177,-0.04785231783603922
12378,sub70,ling_word_target,178,0.037856798081375584
12379,sub70,ling_word_target,179,-0.061830399870300826
12380,sub70,ling_word_target,180,-0.021940242996514994
12381,sub70,ling_word_target,181,0.03268815000998776
12382,sub70,ling_word_target,182,0.0626138051001197
12383,sub70,ling_word_target,183,-0.006076631827428019
12384,sub70,ling_word_target,184,0.10267765531432128
12385,sub70,ling_word_target,185,-0.04411394710556577
12386,sub70,ling_word_target,186,-0.06270663355743213
12387,sub70,ling_word_target,187,0.01980683697639048
12388,sub70,ling_word_target,188,0.021929204879358264
12389,sub70,ling_word_target,189,0.06164588267943769
12390,sub70,ling_word_target,190,0.020697813915847775
12391,sub70,ling_word_target,191,-0.06029635146436389
12392,sub70,ling_word_target,192,0.0013793158109786474
12393,sub70,ling_word_target,193,0.03918551068751803
12394,sub70,ling_word_target,194,-0.024409520282879307
12395,sub70,ling_word_target,195,-0.014817972213914937
12396,sub70,ling_word_target,196,-0.009106897883505813
12397,sub70,ling_word_target,197,-0.03850151420645988
12398,sub70,ling_word_target,198,0.026816687121658734
12399,sub70,ling_word_target,199,-0.028936102936872463
12400,sub72,ling_word_target,0,0.0950042277793304
12401,sub72,ling_word_target,1,0.011776049349931442
12402,sub72,ling_word_target,2,0.004909642286232507
12403,sub72,ling_word_target,3,-0.1636589855796519
12404,sub72,ling_word_target,4,-0.10024856579412453
12405,sub72,ling_word_target,5,0.15051482206916378
12406,sub72,ling_word_target,6,-0.1740219250940463
12407,sub72,ling_word_target,7,-0.16658838757770686
12408,sub72,ling_word_target,8,0.05839541600406688
12409,sub72,ling_word_target,9,0.04989991997947105
12410,sub72,ling_word_target,10,0.12765551651326362
12411,sub72,ling_word_target,11,0.011698131756411167
12412,sub72,ling_word_target,12,0.012512194853856013
12413,sub72,ling_word_target,13,0.04189730832409084
12414,sub72,ling_word_target,14,0.07574522783889978
12415,sub72,ling_word_target,15,-0.01306094109494574
12416,sub72,ling_word_target,16,0.20314028610785656
12417,sub72,ling_word_target,17,0.040820612962977995
12418,sub72,ling_word_target,18,-0.19789878919337675
12419,sub72,ling_word_target,19,-0.08568685034158058
12420,sub72,ling_word_target,20,0.06128944075015317
12421,sub72,ling_word_target,21,0.048885375502056384
12422,sub72,ling_word_target,22,0.1912085806765247
12423,sub72,ling_word_target,23,0.17667857108623977
12424,sub72,ling_word_target,24,-0.09665639098622866
12425,sub72,ling_word_target,25,-0.22031235383057834
12426,sub72,ling_word_target,26,0.1648109139431229
12427,sub72,ling_word_target,27,-0.08138574959613964
12428,sub72,ling_word_target,28,0.05745721381792451
12429,sub72,ling_word_target,29,0.08420143552566171
12430,sub72,ling_word_target,30,-0.024078178434290866
12431,sub72,ling_word_target,31,-0.046411579821991816
12432,sub72,ling_word_target,32,-0.021179642737003162
12433,sub72,ling_word_target,33,0.3048749322421119
12434,sub72,ling_word_target,34,-0.0711945049584727
12435,sub72,ling_word_target,35,-0.01225316824051803
12436,sub72,ling_word_target,36,0.015311033819411391
12437,sub72,ling_word_target,37,0.14834352593418723
12438,sub72,ling_word_target,38,0.14093391204301056
12439,sub72,ling_word_target,39,-0.1649324519538224
12440,sub72,ling_word_target,40,0.3241923455425631
12441,sub72,ling_word_target,41,0.09963068827096397
12442,sub72,ling_word_target,42,0.16914690935280635
12443,sub72,ling_word_target,43,-0.04379619070691154
12444,sub72,ling_word_target,44,0.21822104213109017
12445,sub72,ling_word_target,45,-0.07475081909287774
12446,sub72,ling_word_target,46,-0.06854466416484215
12447,sub72,ling_word_target,47,-0.04274652879542691
12448,sub72,ling_word_target,48,-0.0018742672145763727
12449,sub72,ling_word_target,49,0.0005672733312532663
12450,sub72,ling_word_target,50,0.12865275810677618
12451,sub72,ling_word_target,51,0.04731186164743057
12452,sub72,ling_word_target,52,-0.06003159622626484
12453,sub72,ling_word_target,53,-0.07391748730322358
12454,sub72,ling_word_target,54,0.17049083050410796
12455,sub72,ling_word_target,55,0.056263025326424555
12456,sub72,ling_word_target,56,-0.1582570769031692
12457,sub72,ling_word_target,57,0.04708817132224041
12458,sub72,ling_word_target,58,-0.0352392700361271
12459,sub72,ling_word_target,59,0.14953157268387135
12460,sub72,ling_word_target,60,0.10139560145841937
12461,sub72,ling_word_target,61,0.023676371337344192
12462,sub72,ling_word_target,62,0.07597196800792576
12463,sub72,ling_word_target,63,-0.10814836221083823
12464,sub72,ling_word_target,64,-0.04661378398980409
12465,sub72,ling_word_target,65,0.012545194832097246
12466,sub72,ling_word_target,66,0.31336292740008914
12467,sub72,ling_word_target,67,0.11790550258884823
12468,sub72,ling_word_target,68,-0.07163612118536733
12469,sub72,ling_word_target,69,0.07216408322700167
12470,sub72,ling_word_target,70,0.050781626346414636
12471,sub72,ling_word_target,71,-0.040577637410485506
12472,sub72,ling_word_target,72,0.010214947850541794
12473,sub72,ling_word_target,73,-0.08627940586775415
12474,sub72,ling_word_target,74,0.028336883698406954
12475,sub72,ling_word_target,75,0.1382410318148562
12476,sub72,ling_word_target,76,0.15866770137297845
12477,sub72,ling_word_target,77,0.07645273762341934
12478,sub72,ling_word_target,78,0.021371168456269744
12479,sub72,ling_word_target,79,-0.18522144876353902
12480,sub72,ling_word_target,80,-0.10371821922421601
12481,sub72,ling_word_target,81,-0.14886410422674784
12482,sub72,ling_word_target,82,-0.03534498953498369
12483,sub72,ling_word_target,83,-0.04227742693951207
12484,sub72,ling_word_target,84,0.06634555357222219
12485,sub72,ling_word_target,85,0.18905336949915474
12486,sub72,ling_word_target,86,0.024637952801779425
12487,sub72,ling_word_target,87,-0.09056911445430833
12488,sub72,ling_word_target,88,0.015448142898957889
12489,sub72,ling_word_target,89,0.13890917268332006
12490,sub72,ling_word_target,90,-0.06884945339654275
12491,sub72,ling_word_target,91,0.1552078914360257
12492,sub72,ling_word_target,92,0.12332604222153372
12493,sub72,ling_word_target,93,0.03394826514265734
12494,sub72,ling_word_target,94,0.19312683104253073
12495,sub72,ling_word_target,95,0.04275796599725248
12496,sub72,ling_word_target,96,-0.021201363172851873
12497,sub72,ling_word_target,97,-0.05892544359664126
12498,sub72,ling_word_target,98,0.027756107994414265
12499,sub72,ling_word_target,99,0.032286370165414614
12500,sub72,ling_word_target,100,0.08954980706034435
12501,sub72,ling_word_target,101,0.04989626225039917
12502,sub72,ling_word_target,102,0.10387609585933717
12503,sub72,ling_word_target,103,0.09983477456884574
12504,sub72,ling_word_target,104,0.09908271631382178
12505,sub72,ling_word_target,105,-0.08857647432974464
12506,sub72,ling_word_target,106,-0.09562077860055532
12507,sub72,ling_word_target,107,-0.07296233953892818
12508,sub72,ling_word_target,108,-0.014358338230843393
12509,sub72,ling_word_target,109,0.19751309408738735
12510,sub72,ling_word_target,110,-0.09782039743105927
12511,sub72,ling_word_target,111,0.07845262373408904
12512,sub72,ling_word_target,112,-0.21240268866413045
12513,sub72,ling_word_target,113,0.06122979591097057
12514,sub72,ling_word_target,114,0.05945944900389348
12515,sub72,ling_word_target,115,0.049138418204443354
12516,sub72,ling_word_target,116,-0.049435427148524475
12517,sub72,ling_word_target,117,-0.019132760365994417
12518,sub72,ling_word_target,118,-0.14085169071492792
12519,sub72,ling_word_target,119,0.08909094236548319
12520,sub72,ling_word_target,120,-0.07405478938075533
12521,sub72,ling_word_target,121,0.00430893177140054
12522,sub72,ling_word_target,122,-0.01812679838145313
12523,sub72,ling_word_target,123,0.05412622648375341
12524,sub72,ling_word_target,124,0.22689414510590614
12525,sub72,ling_word_target,125,0.047215633661090044
12526,sub72,ling_word_target,126,0.16838738371686268
12527,sub72,ling_word_target,127,-0.10837015289952584
12528,sub72,ling_word_target,128,-0.008873409570935189
12529,sub72,ling_word_target,129,-0.0018533347379968159
12530,sub72,ling_word_target,130,-0.11336222194973732
12531,sub72,ling_word_target,131,-0.011697630990098375
12532,sub72,ling_word_target,132,-0.0281921474110881
12533,sub72,ling_word_target,133,0.08067309151688862
12534,sub72,ling_word_target,134,0.05495757743981586
12535,sub72,ling_word_target,135,-0.06874445085522402
12536,sub72,ling_word_target,136,0.026310775826754704
12537,sub72,ling_word_target,137,0.021047364762120123
12538,sub72,ling_word_target,138,0.10982943250354082
12539,sub72,ling_word_target,139,0.1170145258853943
12540,sub72,ling_word_target,140,0.06626616057906633
12541,sub72,ling_word_target,141,0.017409172109902088
12542,sub72,ling_word_target,142,-0.14745027598076643
12543,sub72,ling_word_target,143,-0.15919960935210214
12544,sub72,ling_word_target,144,-0.00630595770978192
12545,sub72,ling_word_target,145,-0.18563596606896682
12546,sub72,ling_word_target,146,-0.1782387867081474
12547,sub72,ling_word_target,147,-0.015910063356883563
12548,sub72,ling_word_target,148,-0.03429190875465188
12549,sub72,ling_word_target,149,-0.025583197624735213
12550,sub72,ling_word_target,150,0.10871488316527503
12551,sub72,ling_word_target,151,-0.07212047328682693
12552,sub72,ling_word_target,152,0.14347793924226251
12553,sub72,ling_word_target,153,0.057786295023769904
12554,sub72,ling_word_target,154,0.007178567800641718
12555,sub72,ling_word_target,155,0.026967085531854996
12556,sub72,ling_word_target,156,0.23371307780383507
12557,sub72,ling_word_target,157,0.051021289772522675
12558,sub72,ling_word_target,158,0.022594418885659474
12559,sub72,ling_word_target,159,-0.040439827021738886
12560,sub72,ling_word_target,160,0.2540720420037185
12561,sub72,ling_word_target,161,0.03499883377857298
12562,sub72,ling_word_target,162,0.13931102241960341
12563,sub72,ling_word_target,163,0.16626682459699402
12564,sub72,ling_word_target,164,0.041714476423813165
12565,sub72,ling_word_target,165,-0.018224530471659853
12566,sub72,ling_word_target,166,-0.07709311630239336
12567,sub72,ling_word_target,167,-0.06474424222679191
12568,sub72,ling_word_target,168,-0.019793024904899127
12569,sub72,ling_word_target,169,-0.10575562095873102
12570,sub72,ling_word_target,170,-0.019063274017691673
12571,sub72,ling_word_target,171,-0.017474402683574426
12572,sub72,ling_word_target,172,-0.024525387102242897
12573,sub72,ling_word_target,173,0.09052700124982768
12574,sub72,ling_word_target,174,0.10465404277745197
12575,sub72,ling_word_target,175,0.056143110367459115
12576,sub72,ling_word_target,176,-0.15941906678440068
12577,sub72,ling_word_target,177,0.011845045344960765
12578,sub72,ling_word_target,178,0.023565363970408305
12579,sub72,ling_word_target,179,0.10876093843055702
12580,sub72,ling_word_target,180,0.07850575476144026
12581,sub72,ling_word_target,181,0.061637014881744376
12582,sub72,ling_word_target,182,0.0023541639682789334
12583,sub72,ling_word_target,183,0.07307750821915945
12584,sub72,ling_word_target,184,0.06309005944277246
12585,sub72,ling_word_target,185,0.17686518496393908
12586,sub72,ling_word_target,186,0.04773771461516185
12587,sub72,ling_word_target,187,0.04481944321851931
12588,sub72,ling_word_target,188,0.05895480722259021
12589,sub72,ling_word_target,189,0.13021287574464374
12590,sub72,ling_word_target,190,-0.0581813788490507
12591,sub72,ling_word_target,191,0.005443612543266046
12592,sub72,ling_word_target,192,0.18038926090523527
12593,sub72,ling_word_target,193,0.05190420753789535
12594,sub72,ling_word_target,194,-0.054312627308414595
12595,sub72,ling_word_target,195,-0.13118404235884087
12596,sub72,ling_word_target,196,0.06581932956295808
12597,sub72,ling_word_target,197,-0.009981383616303739
12598,sub72,ling_word_target,198,0.025233331389989788
12599,sub72,ling_word_target,199,0.002286410559383564
