,subject,feature_shuffle,trialnum,correlation
0,sub05,ling_word_target,0,-0.004411062729683818
1,sub05,ling_word_target,1,0.0959749773465612
2,sub05,ling_word_target,2,0.04510583148287586
3,sub05,ling_word_target,3,0.023068227055609795
4,sub05,ling_word_target,4,-0.02511654140914726
5,sub05,ling_word_target,5,0.0056680006235579426
6,sub05,ling_word_target,6,0.058084826280224586
7,sub05,ling_word_target,7,-0.04000875373194892
8,sub05,ling_word_target,8,-0.03022814488477179
9,sub05,ling_word_target,9,0.03778670141794382
10,sub05,ling_word_target,10,-0.005506822129275945
11,sub05,ling_word_target,11,-0.09222089951886878
12,sub05,ling_word_target,12,0.01353198190740476
13,sub05,ling_word_target,13,0.027478749747761683
14,sub05,ling_word_target,14,-0.007467084187023168
15,sub05,ling_word_target,15,0.00037095827725336134
16,sub05,ling_word_target,16,0.05244848834779641
17,sub05,ling_word_target,17,-0.11734787847982289
18,sub05,ling_word_target,18,-0.06380655810553149
19,sub05,ling_word_target,19,-0.025202465377407297
20,sub05,ling_word_target,20,-0.03280108076321822
21,sub05,ling_word_target,21,-0.024733552385678224
22,sub05,ling_word_target,22,-0.01046980319957189
23,sub05,ling_word_target,23,0.005947521491046643
24,sub05,ling_word_target,24,-0.019907075915811426
25,sub05,ling_word_target,25,-0.055510041725592305
26,sub05,ling_word_target,26,-0.01050840423422729
27,sub05,ling_word_target,27,0.04822047822649532
28,sub05,ling_word_target,28,0.03461665505406022
29,sub05,ling_word_target,29,0.061530744332640455
30,sub05,ling_word_target,30,-0.009097864515422844
31,sub05,ling_word_target,31,0.007911699064957369
32,sub05,ling_word_target,32,-0.010901633069117093
33,sub05,ling_word_target,33,-0.0015258178051961299
34,sub05,ling_word_target,34,0.059960806999108766
35,sub05,ling_word_target,35,-0.13372397843534226
36,sub05,ling_word_target,36,-0.02971977990341159
37,sub05,ling_word_target,37,0.03727345711467443
38,sub05,ling_word_target,38,-0.03577323840470374
39,sub05,ling_word_target,39,0.005992959287279664
40,sub05,ling_word_target,40,0.005528721767631486
41,sub05,ling_word_target,41,-0.10462463153828672
42,sub05,ling_word_target,42,-0.012785517241749809
43,sub05,ling_word_target,43,0.0013548398124229456
44,sub05,ling_word_target,44,0.04575097289346069
45,sub05,ling_word_target,45,0.045006606198688154
46,sub05,ling_word_target,46,0.026005179821204365
47,sub05,ling_word_target,47,0.047257224503519726
48,sub05,ling_word_target,48,0.024479856227649942
49,sub05,ling_word_target,49,-0.01379554127189173
50,sub05,ling_word_target,50,0.0012633166048417084
51,sub05,ling_word_target,51,0.054912345772391215
52,sub05,ling_word_target,52,0.02026516424443793
53,sub05,ling_word_target,53,0.015375339066703452
54,sub05,ling_word_target,54,-0.006197113432533977
55,sub05,ling_word_target,55,0.008704492195948137
56,sub05,ling_word_target,56,0.014001554526070291
57,sub05,ling_word_target,57,0.057551495228004595
58,sub05,ling_word_target,58,0.007320045563752753
59,sub05,ling_word_target,59,-0.059623992209590165
60,sub05,ling_word_target,60,-0.003025154383998088
61,sub05,ling_word_target,61,-0.008091570962580947
62,sub05,ling_word_target,62,-0.01771568334334844
63,sub05,ling_word_target,63,-0.00883931758708479
64,sub05,ling_word_target,64,-0.04614869734365737
65,sub05,ling_word_target,65,0.00798650216836146
66,sub05,ling_word_target,66,0.040014660366846394
67,sub05,ling_word_target,67,-0.005955284604503767
68,sub05,ling_word_target,68,0.04005941915327225
69,sub05,ling_word_target,69,-0.06346190573565813
70,sub05,ling_word_target,70,-0.02402922455288789
71,sub05,ling_word_target,71,0.03733475386741996
72,sub05,ling_word_target,72,0.01420076336915565
73,sub05,ling_word_target,73,0.06580438252929002
74,sub05,ling_word_target,74,0.02101613031400736
75,sub05,ling_word_target,75,0.03854614762020169
76,sub05,ling_word_target,76,0.00098587778004089
77,sub05,ling_word_target,77,-0.032118176746877516
78,sub05,ling_word_target,78,0.027074821307339354
79,sub05,ling_word_target,79,0.03632153955479118
80,sub05,ling_word_target,80,0.04153711033890294
81,sub05,ling_word_target,81,-0.09730525518252346
82,sub05,ling_word_target,82,-0.026801911194004515
83,sub05,ling_word_target,83,-0.019865535312831265
84,sub05,ling_word_target,84,-0.023621916300731308
85,sub05,ling_word_target,85,0.03904049390659421
86,sub05,ling_word_target,86,-0.049809272145417055
87,sub05,ling_word_target,87,0.055649876501352884
88,sub05,ling_word_target,88,-0.09689195112078836
89,sub05,ling_word_target,89,0.015152038221600165
90,sub05,ling_word_target,90,0.02826006761930062
91,sub05,ling_word_target,91,0.02996829195230852
92,sub05,ling_word_target,92,-0.01734635714705627
93,sub05,ling_word_target,93,0.013568186861356066
94,sub05,ling_word_target,94,-0.09393633863608294
95,sub05,ling_word_target,95,-0.04148098341047522
96,sub05,ling_word_target,96,-0.024474520857129742
97,sub05,ling_word_target,97,-0.009824988208778238
98,sub05,ling_word_target,98,-0.00604106005771391
99,sub05,ling_word_target,99,0.010172377937558999
100,sub05,ling_word_target,100,0.01721836944670837
101,sub05,ling_word_target,101,-0.014174086672079651
102,sub05,ling_word_target,102,0.03151871112178395
103,sub05,ling_word_target,103,-0.0043454260817823685
104,sub05,ling_word_target,104,-0.007238470777847604
105,sub05,ling_word_target,105,-0.020344568205047465
106,sub05,ling_word_target,106,0.012047335622986278
107,sub05,ling_word_target,107,-0.08607796429259339
108,sub05,ling_word_target,108,-0.06217184981145928
109,sub05,ling_word_target,109,-0.06647424334687177
110,sub05,ling_word_target,110,-0.07895964826482621
111,sub05,ling_word_target,111,-0.06385722302619179
112,sub05,ling_word_target,112,0.02519214484096077
113,sub05,ling_word_target,113,0.026115295846143517
114,sub05,ling_word_target,114,-0.02489495846320687
115,sub05,ling_word_target,115,-0.06288255472377158
116,sub05,ling_word_target,116,-0.0709902830543995
117,sub05,ling_word_target,117,0.03871701959631607
118,sub05,ling_word_target,118,0.006688317851665308
119,sub05,ling_word_target,119,0.0058173605012256544
120,sub05,ling_word_target,120,-0.01122781455162208
121,sub05,ling_word_target,121,0.040366165044664296
122,sub05,ling_word_target,122,-0.007510583731781138
123,sub05,ling_word_target,123,-0.010575781447044841
124,sub05,ling_word_target,124,0.030685138777540456
125,sub05,ling_word_target,125,-0.005686277346345927
126,sub05,ling_word_target,126,0.03394578058938001
127,sub05,ling_word_target,127,-0.006002624903188352
128,sub05,ling_word_target,128,-0.01796301660337876
129,sub05,ling_word_target,129,-0.03735282369666781
130,sub05,ling_word_target,130,-0.04616413352104216
131,sub05,ling_word_target,131,0.023231734419794637
132,sub05,ling_word_target,132,0.047205651317264626
133,sub05,ling_word_target,133,-0.10621331174463973
134,sub05,ling_word_target,134,-0.0043997714716477315
135,sub05,ling_word_target,135,0.0178432103823161
136,sub05,ling_word_target,136,-0.005573371586931322
137,sub05,ling_word_target,137,-0.024905330569033608
138,sub05,ling_word_target,138,-0.03497742219874194
139,sub05,ling_word_target,139,0.018004764333689503
140,sub05,ling_word_target,140,-0.011487681669031592
141,sub05,ling_word_target,141,0.012259671464272065
142,sub05,ling_word_target,142,0.008040606435610522
143,sub05,ling_word_target,143,-0.026141008643656267
144,sub05,ling_word_target,144,0.023386759961001643
145,sub05,ling_word_target,145,-0.028305652420811327
146,sub05,ling_word_target,146,-0.0019685211013021793
147,sub05,ling_word_target,147,0.030967468746439665
148,sub05,ling_word_target,148,-0.04572829831009251
149,sub05,ling_word_target,149,-0.037313480378838935
150,sub05,ling_word_target,150,-0.019963771877472294
151,sub05,ling_word_target,151,0.008027296061217508
152,sub05,ling_word_target,152,0.012137054332234538
153,sub05,ling_word_target,153,-0.014351966572868309
154,sub05,ling_word_target,154,0.021366705763115196
155,sub05,ling_word_target,155,0.004152792755022964
156,sub05,ling_word_target,156,-0.01014285934639607
157,sub05,ling_word_target,157,0.046281340753475
158,sub05,ling_word_target,158,-0.11583641130878122
159,sub05,ling_word_target,159,-0.07299632740874631
160,sub05,ling_word_target,160,-0.04107118791884948
161,sub05,ling_word_target,161,-0.02245916287379734
162,sub05,ling_word_target,162,-0.011775783461567286
163,sub05,ling_word_target,163,0.020590784875902362
164,sub05,ling_word_target,164,-0.06346576130653564
165,sub05,ling_word_target,165,0.06148293162501168
166,sub05,ling_word_target,166,0.028097506941584083
167,sub05,ling_word_target,167,-0.027964064879154336
168,sub05,ling_word_target,168,0.016488723614484398
169,sub05,ling_word_target,169,-0.04023065225245182
170,sub05,ling_word_target,170,0.02924562504862852
171,sub05,ling_word_target,171,-0.083498762732766
172,sub05,ling_word_target,172,0.016133879534174028
173,sub05,ling_word_target,173,-0.028551734500727705
174,sub05,ling_word_target,174,0.05140847366589469
175,sub05,ling_word_target,175,-0.018353720735079036
176,sub05,ling_word_target,176,-0.00765061690127932
177,sub05,ling_word_target,177,0.029516242674524098
178,sub05,ling_word_target,178,-0.010665886881925003
179,sub05,ling_word_target,179,0.011429137446832275
180,sub05,ling_word_target,180,-0.02766097642983136
181,sub05,ling_word_target,181,-0.01605825653616937
182,sub05,ling_word_target,182,-0.03838293595805177
183,sub05,ling_word_target,183,0.028176284846621318
184,sub05,ling_word_target,184,0.0008824558354776289
185,sub05,ling_word_target,185,0.008350706780807864
186,sub05,ling_word_target,186,-0.003148520503886517
187,sub05,ling_word_target,187,-0.025908940100558185
188,sub05,ling_word_target,188,-0.028750547119837364
189,sub05,ling_word_target,189,0.01695958274991839
190,sub05,ling_word_target,190,0.0030153756493447883
191,sub05,ling_word_target,191,-0.006876034781657138
192,sub05,ling_word_target,192,0.025449276081601246
193,sub05,ling_word_target,193,-0.020832116121159844
194,sub05,ling_word_target,194,-0.06773780531637319
195,sub05,ling_word_target,195,0.01454149992954747
196,sub05,ling_word_target,196,0.03230295108755069
197,sub05,ling_word_target,197,-0.011520729520678534
198,sub05,ling_word_target,198,-0.035221100232403685
199,sub05,ling_word_target,199,0.03718870091257274
200,sub06,ling_word_target,0,-0.034939707119529734
201,sub06,ling_word_target,1,-0.035422981731445695
202,sub06,ling_word_target,2,0.09844698599422705
203,sub06,ling_word_target,3,0.053609977497387225
204,sub06,ling_word_target,4,0.02371086661751232
205,sub06,ling_word_target,5,-0.006977798262409747
206,sub06,ling_word_target,6,0.04387078676339726
207,sub06,ling_word_target,7,0.027770727226918403
208,sub06,ling_word_target,8,0.012276555903775748
209,sub06,ling_word_target,9,0.07897392440446782
210,sub06,ling_word_target,10,-0.1344779237170693
211,sub06,ling_word_target,11,0.10488474703297586
212,sub06,ling_word_target,12,0.04116204343695229
213,sub06,ling_word_target,13,-0.002156787289831634
214,sub06,ling_word_target,14,-0.0172293117025544
215,sub06,ling_word_target,15,-0.0137719947838952
216,sub06,ling_word_target,16,-0.017929275808481776
217,sub06,ling_word_target,17,-0.02566389049106891
218,sub06,ling_word_target,18,0.07415870482593097
219,sub06,ling_word_target,19,0.07381589967415453
220,sub06,ling_word_target,20,-0.04731323281772515
221,sub06,ling_word_target,21,-0.09326610852671821
222,sub06,ling_word_target,22,0.05801269598747435
223,sub06,ling_word_target,23,0.029542723690195293
224,sub06,ling_word_target,24,-0.007548500739473791
225,sub06,ling_word_target,25,-0.057795177274800984
226,sub06,ling_word_target,26,-0.014082702739282959
227,sub06,ling_word_target,27,0.0045074095107750225
228,sub06,ling_word_target,28,-0.035051612866386216
229,sub06,ling_word_target,29,0.15730228058747642
230,sub06,ling_word_target,30,0.15092390215458465
231,sub06,ling_word_target,31,0.005114377070521709
232,sub06,ling_word_target,32,0.013684449900699999
233,sub06,ling_word_target,33,-0.003680767157893438
234,sub06,ling_word_target,34,0.008127445776811643
235,sub06,ling_word_target,35,0.023559012705450102
236,sub06,ling_word_target,36,0.04460019984413565
237,sub06,ling_word_target,37,-0.029890379212157824
238,sub06,ling_word_target,38,0.03005996740417798
239,sub06,ling_word_target,39,-0.011064009858793971
240,sub06,ling_word_target,40,-0.04990612131247206
241,sub06,ling_word_target,41,0.03583045653501916
242,sub06,ling_word_target,42,0.05686810405690471
243,sub06,ling_word_target,43,0.0034599322404120295
244,sub06,ling_word_target,44,0.04356446047526085
245,sub06,ling_word_target,45,0.0024336340649933385
246,sub06,ling_word_target,46,0.014528270372095121
247,sub06,ling_word_target,47,0.040218198668341074
248,sub06,ling_word_target,48,-0.020574975471726722
249,sub06,ling_word_target,49,-0.024504469478301018
250,sub06,ling_word_target,50,0.008426543782924083
251,sub06,ling_word_target,51,0.07140355213559131
252,sub06,ling_word_target,52,-0.0728519024377243
253,sub06,ling_word_target,53,0.0295459824450828
254,sub06,ling_word_target,54,-0.08867143716061848
255,sub06,ling_word_target,55,-0.03032421873167182
256,sub06,ling_word_target,56,-0.04353612785716183
257,sub06,ling_word_target,57,0.0014534238517821417
258,sub06,ling_word_target,58,0.03064313575810614
259,sub06,ling_word_target,59,-0.08035711539983295
260,sub06,ling_word_target,60,0.015663709237408275
261,sub06,ling_word_target,61,0.01310718521692209
262,sub06,ling_word_target,62,-0.06239643492284205
263,sub06,ling_word_target,63,1.0970986247825498e-05
264,sub06,ling_word_target,64,-0.003928307047518836
265,sub06,ling_word_target,65,0.009824648605004463
266,sub06,ling_word_target,66,-0.1435795987999156
267,sub06,ling_word_target,67,0.05591853293856938
268,sub06,ling_word_target,68,0.028905167855052285
269,sub06,ling_word_target,69,-0.02371959249201603
270,sub06,ling_word_target,70,0.03798611003914167
271,sub06,ling_word_target,71,0.061894238710430025
272,sub06,ling_word_target,72,0.03537933327634605
273,sub06,ling_word_target,73,-0.07584281912011522
274,sub06,ling_word_target,74,-0.007412649817952395
275,sub06,ling_word_target,75,0.02323832240346446
276,sub06,ling_word_target,76,0.089221171451797
277,sub06,ling_word_target,77,-0.01644146450917506
278,sub06,ling_word_target,78,-0.012255437174825268
279,sub06,ling_word_target,79,-0.07050832757521183
280,sub06,ling_word_target,80,0.01155057568109264
281,sub06,ling_word_target,81,0.09594312327865616
282,sub06,ling_word_target,82,-0.03566311816600522
283,sub06,ling_word_target,83,-0.010642902707469789
284,sub06,ling_word_target,84,-0.022663066089354606
285,sub06,ling_word_target,85,-0.03594327306595978
286,sub06,ling_word_target,86,0.0017492637491513874
287,sub06,ling_word_target,87,0.0538270938170863
288,sub06,ling_word_target,88,0.010227624590144072
289,sub06,ling_word_target,89,0.011354903405163824
290,sub06,ling_word_target,90,-0.007461461432634979
291,sub06,ling_word_target,91,0.03474059642481683
292,sub06,ling_word_target,92,0.05233476142798389
293,sub06,ling_word_target,93,0.048091307008721065
294,sub06,ling_word_target,94,0.02414717758308718
295,sub06,ling_word_target,95,-0.0007522480850342943
296,sub06,ling_word_target,96,-0.008979830631789816
297,sub06,ling_word_target,97,-0.012702357501128842
298,sub06,ling_word_target,98,-0.038368162907237276
299,sub06,ling_word_target,99,0.04129308146034958
300,sub06,ling_word_target,100,0.04934665626674006
301,sub06,ling_word_target,101,0.13815170832948045
302,sub06,ling_word_target,102,0.054057201012178265
303,sub06,ling_word_target,103,-0.02709386532836795
304,sub06,ling_word_target,104,0.032174855192204206
305,sub06,ling_word_target,105,-0.010163050896686896
306,sub06,ling_word_target,106,0.01879522637687948
307,sub06,ling_word_target,107,-0.015983592677310275
308,sub06,ling_word_target,108,-0.00545308916947451
309,sub06,ling_word_target,109,0.0029369811490657606
310,sub06,ling_word_target,110,-0.008319514467884623
311,sub06,ling_word_target,111,0.00907606573615557
312,sub06,ling_word_target,112,-0.015540800754810078
313,sub06,ling_word_target,113,0.03171605221128544
314,sub06,ling_word_target,114,-0.02587656483096763
315,sub06,ling_word_target,115,-0.03893482715221082
316,sub06,ling_word_target,116,-0.002109286466929871
317,sub06,ling_word_target,117,0.011564240831538817
318,sub06,ling_word_target,118,-0.017760294303950465
319,sub06,ling_word_target,119,0.019622385635950503
320,sub06,ling_word_target,120,-0.0670544093518189
321,sub06,ling_word_target,121,0.02574114118411144
322,sub06,ling_word_target,122,0.012759941022984713
323,sub06,ling_word_target,123,0.010580509679916084
324,sub06,ling_word_target,124,0.005835712342523957
325,sub06,ling_word_target,125,-0.011827419264511694
326,sub06,ling_word_target,126,-0.06082702364327267
327,sub06,ling_word_target,127,-0.018633924235421453
328,sub06,ling_word_target,128,-0.04900626048267442
329,sub06,ling_word_target,129,-0.06031724284595371
330,sub06,ling_word_target,130,0.03192573388501426
331,sub06,ling_word_target,131,-0.049953831890837554
332,sub06,ling_word_target,132,0.057566533371766974
333,sub06,ling_word_target,133,0.02414769108298619
334,sub06,ling_word_target,134,-0.04416825201266567
335,sub06,ling_word_target,135,0.03758840544292069
336,sub06,ling_word_target,136,0.008810840693538127
337,sub06,ling_word_target,137,-0.04182899081322858
338,sub06,ling_word_target,138,-0.022313388820646884
339,sub06,ling_word_target,139,0.10135771847984994
340,sub06,ling_word_target,140,-0.04213727404626138
341,sub06,ling_word_target,141,0.005876559710972419
342,sub06,ling_word_target,142,-0.022091466626395703
343,sub06,ling_word_target,143,-0.002530294301858372
344,sub06,ling_word_target,144,-0.018588807368833796
345,sub06,ling_word_target,145,-0.0394990768928409
346,sub06,ling_word_target,146,-0.0011992027464827208
347,sub06,ling_word_target,147,-0.0012373171090638503
348,sub06,ling_word_target,148,0.04335610712988251
349,sub06,ling_word_target,149,-0.057458255720473486
350,sub06,ling_word_target,150,-0.05609887572708914
351,sub06,ling_word_target,151,0.0062705838253719675
352,sub06,ling_word_target,152,-0.017261834309940983
353,sub06,ling_word_target,153,-0.04846420704153733
354,sub06,ling_word_target,154,0.027827314449650156
355,sub06,ling_word_target,155,0.008546731383276161
356,sub06,ling_word_target,156,-0.030978493674893214
357,sub06,ling_word_target,157,-0.05228319838275414
358,sub06,ling_word_target,158,0.01962712372185649
359,sub06,ling_word_target,159,-0.06224311554005622
360,sub06,ling_word_target,160,0.07042271792856951
361,sub06,ling_word_target,161,0.006822300012380823
362,sub06,ling_word_target,162,-0.06616035425399253
363,sub06,ling_word_target,163,0.013462689626225361
364,sub06,ling_word_target,164,0.03294325084136844
365,sub06,ling_word_target,165,0.002121153152266
366,sub06,ling_word_target,166,-0.007865978458930901
367,sub06,ling_word_target,167,-0.013535341679364522
368,sub06,ling_word_target,168,-0.06304795447742213
369,sub06,ling_word_target,169,-0.02280727077175649
370,sub06,ling_word_target,170,0.018244955795612788
371,sub06,ling_word_target,171,0.007068706101219735
372,sub06,ling_word_target,172,-0.027834154531034654
373,sub06,ling_word_target,173,0.05991448720919466
374,sub06,ling_word_target,174,-0.030528011671247808
375,sub06,ling_word_target,175,0.010517582562449133
376,sub06,ling_word_target,176,0.045808820454936776
377,sub06,ling_word_target,177,-0.03513853903007394
378,sub06,ling_word_target,178,-0.041313451523578966
379,sub06,ling_word_target,179,-0.017626680340503145
380,sub06,ling_word_target,180,-0.02578108242811757
381,sub06,ling_word_target,181,0.00628132543821404
382,sub06,ling_word_target,182,0.12337521429389728
383,sub06,ling_word_target,183,-0.01580797464866634
384,sub06,ling_word_target,184,0.016320013410733417
385,sub06,ling_word_target,185,0.023516770292829118
386,sub06,ling_word_target,186,0.0504357895832501
387,sub06,ling_word_target,187,0.007307489940892508
388,sub06,ling_word_target,188,0.012656530575969842
389,sub06,ling_word_target,189,-0.037295883822924536
390,sub06,ling_word_target,190,-0.01761159527182335
391,sub06,ling_word_target,191,-0.09303319943782866
392,sub06,ling_word_target,192,-0.024263910759286498
393,sub06,ling_word_target,193,0.07670701410890923
394,sub06,ling_word_target,194,-0.059449260642947345
395,sub06,ling_word_target,195,0.015634566096389045
396,sub06,ling_word_target,196,0.061285094206609894
397,sub06,ling_word_target,197,0.0024154549669162463
398,sub06,ling_word_target,198,-0.06714763605846766
399,sub06,ling_word_target,199,-0.021576259916310597
400,sub07,ling_word_target,0,-0.011531757338075835
401,sub07,ling_word_target,1,0.05030972193690654
402,sub07,ling_word_target,2,-0.03240799581430647
403,sub07,ling_word_target,3,-0.014681664395748384
404,sub07,ling_word_target,4,0.049627853460728705
405,sub07,ling_word_target,5,0.04373384174621398
406,sub07,ling_word_target,6,0.020685899082385033
407,sub07,ling_word_target,7,-0.09470511298938701
408,sub07,ling_word_target,8,-0.06719254269023678
409,sub07,ling_word_target,9,0.03290091431060731
410,sub07,ling_word_target,10,-0.02955559246241792
411,sub07,ling_word_target,11,0.017423687433640485
412,sub07,ling_word_target,12,-0.0966276325913424
413,sub07,ling_word_target,13,0.0478824700973931
414,sub07,ling_word_target,14,-0.11280395133609368
415,sub07,ling_word_target,15,-0.06760521653120628
416,sub07,ling_word_target,16,-0.04023256530981961
417,sub07,ling_word_target,17,0.030173174675948735
418,sub07,ling_word_target,18,-0.010895877350972225
419,sub07,ling_word_target,19,0.03524974499602053
420,sub07,ling_word_target,20,0.011123263311521766
421,sub07,ling_word_target,21,0.005503356576342709
422,sub07,ling_word_target,22,0.09737016865714437
423,sub07,ling_word_target,23,0.09049480129593704
424,sub07,ling_word_target,24,0.03573119141357945
425,sub07,ling_word_target,25,0.03528774597513626
426,sub07,ling_word_target,26,0.002380051273036977
427,sub07,ling_word_target,27,-0.02879066821003483
428,sub07,ling_word_target,28,-0.008504971466290211
429,sub07,ling_word_target,29,-0.029724528470073997
430,sub07,ling_word_target,30,-0.042553817053046956
431,sub07,ling_word_target,31,0.0016164131987507326
432,sub07,ling_word_target,32,0.08476432412076357
433,sub07,ling_word_target,33,-0.0006943383227883607
434,sub07,ling_word_target,34,-0.011186155297677306
435,sub07,ling_word_target,35,0.034886047534905935
436,sub07,ling_word_target,36,0.020144138203003713
437,sub07,ling_word_target,37,-0.07030790734028287
438,sub07,ling_word_target,38,-0.03320791209849558
439,sub07,ling_word_target,39,-0.010670692075570375
440,sub07,ling_word_target,40,-0.07957636923902776
441,sub07,ling_word_target,41,0.05212823596936431
442,sub07,ling_word_target,42,-0.004323433385421212
443,sub07,ling_word_target,43,-0.04590430068103259
444,sub07,ling_word_target,44,0.03256629869249494
445,sub07,ling_word_target,45,-0.033542529939103935
446,sub07,ling_word_target,46,-0.04030790071866502
447,sub07,ling_word_target,47,0.006884104989038804
448,sub07,ling_word_target,48,-0.018075890070454886
449,sub07,ling_word_target,49,-0.06972592064341251
450,sub07,ling_word_target,50,-0.030503311754824267
451,sub07,ling_word_target,51,-0.019926115060337667
452,sub07,ling_word_target,52,0.11987642002595757
453,sub07,ling_word_target,53,-0.08652264452874489
454,sub07,ling_word_target,54,0.02452044404241523
455,sub07,ling_word_target,55,-0.022704532689354073
456,sub07,ling_word_target,56,0.03245110115512797
457,sub07,ling_word_target,57,0.03411132743049465
458,sub07,ling_word_target,58,-0.03987943361192123
459,sub07,ling_word_target,59,-0.06183453142731337
460,sub07,ling_word_target,60,0.04422780915868953
461,sub07,ling_word_target,61,-0.04698089817009295
462,sub07,ling_word_target,62,-0.07915037401978335
463,sub07,ling_word_target,63,0.04210136735681458
464,sub07,ling_word_target,64,-0.07246181980220766
465,sub07,ling_word_target,65,-0.033962639080027106
466,sub07,ling_word_target,66,0.03161146230614256
467,sub07,ling_word_target,67,0.03554534038910675
468,sub07,ling_word_target,68,-0.014748409538219338
469,sub07,ling_word_target,69,-0.07125199440797027
470,sub07,ling_word_target,70,-0.0883915004338039
471,sub07,ling_word_target,71,-0.014160369285147644
472,sub07,ling_word_target,72,0.0747737779267377
473,sub07,ling_word_target,73,-0.014999796329914872
474,sub07,ling_word_target,74,-0.0863192963469194
475,sub07,ling_word_target,75,0.0846893061332682
476,sub07,ling_word_target,76,-0.0798225093362571
477,sub07,ling_word_target,77,0.0002253779926295343
478,sub07,ling_word_target,78,0.016712736040599026
479,sub07,ling_word_target,79,-0.05324381559429266
480,sub07,ling_word_target,80,-0.044537005297722046
481,sub07,ling_word_target,81,0.09739845122603039
482,sub07,ling_word_target,82,-0.07072452238935635
483,sub07,ling_word_target,83,0.021500626638043276
484,sub07,ling_word_target,84,-0.03147530379562573
485,sub07,ling_word_target,85,-0.025207897793147006
486,sub07,ling_word_target,86,-0.035192165789579635
487,sub07,ling_word_target,87,-0.03040414076131981
488,sub07,ling_word_target,88,0.015225308846635161
489,sub07,ling_word_target,89,0.02174329939683897
490,sub07,ling_word_target,90,0.015236612795444445
491,sub07,ling_word_target,91,0.006676070131296647
492,sub07,ling_word_target,92,-0.0557398889300111
493,sub07,ling_word_target,93,-0.0049211720049506845
494,sub07,ling_word_target,94,0.053664644968065674
495,sub07,ling_word_target,95,0.03285513888494289
496,sub07,ling_word_target,96,0.08760185637412359
497,sub07,ling_word_target,97,-0.09858906023795723
498,sub07,ling_word_target,98,0.056591554466599456
499,sub07,ling_word_target,99,0.0028321098774855024
500,sub07,ling_word_target,100,-0.01947152735044956
501,sub07,ling_word_target,101,-0.039176712792975334
502,sub07,ling_word_target,102,-0.040686468116887274
503,sub07,ling_word_target,103,-0.006197472547884592
504,sub07,ling_word_target,104,-0.042245920649923364
505,sub07,ling_word_target,105,-0.20475836056611757
506,sub07,ling_word_target,106,0.0830117543815663
507,sub07,ling_word_target,107,0.037368332915003015
508,sub07,ling_word_target,108,-0.03459004503952084
509,sub07,ling_word_target,109,0.0120898265136691
510,sub07,ling_word_target,110,-0.0017363342477671013
511,sub07,ling_word_target,111,-0.011215820104732812
512,sub07,ling_word_target,112,0.03928738010178275
513,sub07,ling_word_target,113,-0.012720683364125338
514,sub07,ling_word_target,114,-0.02160585840954892
515,sub07,ling_word_target,115,0.007742649875286859
516,sub07,ling_word_target,116,0.05743477638804201
517,sub07,ling_word_target,117,0.15855214685106522
518,sub07,ling_word_target,118,0.009023009612846904
519,sub07,ling_word_target,119,-0.023808077888025234
520,sub07,ling_word_target,120,0.010401758400732479
521,sub07,ling_word_target,121,-0.007058961639722719
522,sub07,ling_word_target,122,0.02010485525724112
523,sub07,ling_word_target,123,0.009719525656574933
524,sub07,ling_word_target,124,-0.045005494874531475
525,sub07,ling_word_target,125,-0.004617792855326114
526,sub07,ling_word_target,126,-0.00545699589032685
527,sub07,ling_word_target,127,0.016181853043339724
528,sub07,ling_word_target,128,-0.049294450054530904
529,sub07,ling_word_target,129,-0.05459173453722011
530,sub07,ling_word_target,130,0.08389664132072364
531,sub07,ling_word_target,131,-0.003228809181414974
532,sub07,ling_word_target,132,-0.013635977203517691
533,sub07,ling_word_target,133,-0.05316501749799621
534,sub07,ling_word_target,134,0.014142562353157449
535,sub07,ling_word_target,135,-0.03217002956935771
536,sub07,ling_word_target,136,0.012060390213802744
537,sub07,ling_word_target,137,-0.019007691134850374
538,sub07,ling_word_target,138,0.007920446346909998
539,sub07,ling_word_target,139,-0.0681935252467855
540,sub07,ling_word_target,140,-0.0006557324730971022
541,sub07,ling_word_target,141,-0.012804478037263945
542,sub07,ling_word_target,142,0.022001412489560904
543,sub07,ling_word_target,143,0.017368388420249084
544,sub07,ling_word_target,144,-0.012436490044136002
545,sub07,ling_word_target,145,0.00256765273025551
546,sub07,ling_word_target,146,0.0814339862779746
547,sub07,ling_word_target,147,0.017268234286042773
548,sub07,ling_word_target,148,0.003916253996673676
549,sub07,ling_word_target,149,0.02302976214102745
550,sub07,ling_word_target,150,-0.011426299454111735
551,sub07,ling_word_target,151,0.08984297916226867
552,sub07,ling_word_target,152,-0.009124123629918704
553,sub07,ling_word_target,153,0.07123766857259797
554,sub07,ling_word_target,154,0.04395576436323352
555,sub07,ling_word_target,155,0.10562215880233541
556,sub07,ling_word_target,156,-0.05743330613590052
557,sub07,ling_word_target,157,0.01781421926163385
558,sub07,ling_word_target,158,0.044182686512134375
559,sub07,ling_word_target,159,-0.043365557165393274
560,sub07,ling_word_target,160,-0.027518202467498778
561,sub07,ling_word_target,161,0.019362137643653344
562,sub07,ling_word_target,162,0.12107135325862585
563,sub07,ling_word_target,163,-0.016248217961833383
564,sub07,ling_word_target,164,0.06556407145570181
565,sub07,ling_word_target,165,-0.029074307553924282
566,sub07,ling_word_target,166,0.0504904998016096
567,sub07,ling_word_target,167,0.09388015091126961
568,sub07,ling_word_target,168,0.05197402779623379
569,sub07,ling_word_target,169,0.013306004931416539
570,sub07,ling_word_target,170,-0.021622252056635104
571,sub07,ling_word_target,171,0.06947812094945219
572,sub07,ling_word_target,172,0.0065674155175323235
573,sub07,ling_word_target,173,-0.08199720059962197
574,sub07,ling_word_target,174,0.026895783568294553
575,sub07,ling_word_target,175,0.07801747391743546
576,sub07,ling_word_target,176,0.013872756321409243
577,sub07,ling_word_target,177,-0.016130397647799968
578,sub07,ling_word_target,178,0.01890645289284819
579,sub07,ling_word_target,179,0.08600438975099299
580,sub07,ling_word_target,180,-0.017154603555345645
581,sub07,ling_word_target,181,0.021546641864140705
582,sub07,ling_word_target,182,-0.005140097815211193
583,sub07,ling_word_target,183,-0.02596627161184972
584,sub07,ling_word_target,184,-0.022106336358516315
585,sub07,ling_word_target,185,-0.0013977456732426068
586,sub07,ling_word_target,186,0.006016943831967124
587,sub07,ling_word_target,187,0.013007257163580789
588,sub07,ling_word_target,188,-0.0174820248792081
589,sub07,ling_word_target,189,-0.020620504895197015
590,sub07,ling_word_target,190,-0.036353538135788406
591,sub07,ling_word_target,191,-0.039169044754864095
592,sub07,ling_word_target,192,0.07291262022717779
593,sub07,ling_word_target,193,-0.03594691265919746
594,sub07,ling_word_target,194,0.003982869038170379
595,sub07,ling_word_target,195,-3.551564981135445e-05
596,sub07,ling_word_target,196,0.012214910315119207
597,sub07,ling_word_target,197,0.0029163460204481863
598,sub07,ling_word_target,198,-0.05424831260217797
599,sub07,ling_word_target,199,-0.02181945354262613
600,sub08,ling_word_target,0,-0.03621326577645947
601,sub08,ling_word_target,1,0.0073419959898577535
602,sub08,ling_word_target,2,-0.03374438719386915
603,sub08,ling_word_target,3,0.028345207608443182
604,sub08,ling_word_target,4,0.017362150701352785
605,sub08,ling_word_target,5,0.00014372951074924083
606,sub08,ling_word_target,6,-0.07033035193730199
607,sub08,ling_word_target,7,-0.013419229339072938
608,sub08,ling_word_target,8,-0.008067606575254061
609,sub08,ling_word_target,9,0.035327021240819115
610,sub08,ling_word_target,10,-0.08140621019895222
611,sub08,ling_word_target,11,-0.0072688060160326275
612,sub08,ling_word_target,12,0.0431624126627916
613,sub08,ling_word_target,13,0.016360894004859138
614,sub08,ling_word_target,14,-0.05736521084810588
615,sub08,ling_word_target,15,0.04403537546202613
616,sub08,ling_word_target,16,-0.0006216529007221251
617,sub08,ling_word_target,17,0.040909151180480434
618,sub08,ling_word_target,18,0.007862800966818828
619,sub08,ling_word_target,19,-0.04333143674597295
620,sub08,ling_word_target,20,-0.016741377564261282
621,sub08,ling_word_target,21,-0.08132688051143595
622,sub08,ling_word_target,22,0.011196333527037082
623,sub08,ling_word_target,23,-0.04244026821777286
624,sub08,ling_word_target,24,-0.045976311502253744
625,sub08,ling_word_target,25,-0.029297215170733838
626,sub08,ling_word_target,26,-0.036713684586203166
627,sub08,ling_word_target,27,-0.005503575311391336
628,sub08,ling_word_target,28,-0.014499005309027228
629,sub08,ling_word_target,29,0.00820465788173133
630,sub08,ling_word_target,30,-0.07436193572963795
631,sub08,ling_word_target,31,0.012084884056779483
632,sub08,ling_word_target,32,-0.005000909522139242
633,sub08,ling_word_target,33,-0.022780911188321634
634,sub08,ling_word_target,34,0.018541119687208542
635,sub08,ling_word_target,35,0.08477384179804681
636,sub08,ling_word_target,36,0.031414191485914886
637,sub08,ling_word_target,37,-0.031205104344053713
638,sub08,ling_word_target,38,-0.027192337519035985
639,sub08,ling_word_target,39,-0.030377693175608
640,sub08,ling_word_target,40,-0.018664424136230155
641,sub08,ling_word_target,41,-0.008524425517442355
642,sub08,ling_word_target,42,-0.011839867152005036
643,sub08,ling_word_target,43,0.009330027104357987
644,sub08,ling_word_target,44,-0.025707887976614954
645,sub08,ling_word_target,45,0.03712237930513229
646,sub08,ling_word_target,46,0.03351229949399289
647,sub08,ling_word_target,47,-0.011031373369906488
648,sub08,ling_word_target,48,-0.025346527803829365
649,sub08,ling_word_target,49,0.030807728076985817
650,sub08,ling_word_target,50,0.02306946706196288
651,sub08,ling_word_target,51,0.007882339162476265
652,sub08,ling_word_target,52,0.01952247373348208
653,sub08,ling_word_target,53,0.005795319835515795
654,sub08,ling_word_target,54,0.0020025207675970938
655,sub08,ling_word_target,55,0.021385548568589062
656,sub08,ling_word_target,56,-0.039037446171127484
657,sub08,ling_word_target,57,-0.08926738290663341
658,sub08,ling_word_target,58,-0.023899425677911323
659,sub08,ling_word_target,59,-0.043353772457542745
660,sub08,ling_word_target,60,-0.09927791821189459
661,sub08,ling_word_target,61,0.06435607642649151
662,sub08,ling_word_target,62,-0.0351870230282849
663,sub08,ling_word_target,63,0.009550890351165018
664,sub08,ling_word_target,64,0.011931315455793547
665,sub08,ling_word_target,65,-0.04725963207216057
666,sub08,ling_word_target,66,0.01561646382685227
667,sub08,ling_word_target,67,0.04916199810379282
668,sub08,ling_word_target,68,0.09620741648720733
669,sub08,ling_word_target,69,-0.05163706536247458
670,sub08,ling_word_target,70,-0.02100123629402789
671,sub08,ling_word_target,71,0.013332657645889147
672,sub08,ling_word_target,72,0.011746579455758445
673,sub08,ling_word_target,73,-0.012571566859616945
674,sub08,ling_word_target,74,-0.003183484216022686
675,sub08,ling_word_target,75,0.028431869928540108
676,sub08,ling_word_target,76,-0.17173296279860442
677,sub08,ling_word_target,77,-0.030281262734605064
678,sub08,ling_word_target,78,-0.04411212168507516
679,sub08,ling_word_target,79,0.00967913252627886
680,sub08,ling_word_target,80,0.04890286737763887
681,sub08,ling_word_target,81,-0.04427494288711339
682,sub08,ling_word_target,82,-0.030946740751127806
683,sub08,ling_word_target,83,-0.020317962226920783
684,sub08,ling_word_target,84,-0.010775739760555483
685,sub08,ling_word_target,85,-0.035147334945050755
686,sub08,ling_word_target,86,-0.06173856612850866
687,sub08,ling_word_target,87,-0.03349570372282694
688,sub08,ling_word_target,88,-0.004692892841092986
689,sub08,ling_word_target,89,-0.19242657533882668
690,sub08,ling_word_target,90,0.06274735744356119
691,sub08,ling_word_target,91,-0.04235270962034059
692,sub08,ling_word_target,92,0.009392763418623938
693,sub08,ling_word_target,93,0.029080026557090466
694,sub08,ling_word_target,94,-0.02043486446504077
695,sub08,ling_word_target,95,-0.03156116711217543
696,sub08,ling_word_target,96,0.00412318793100154
697,sub08,ling_word_target,97,-0.0033888161213834634
698,sub08,ling_word_target,98,-0.008325725409826578
699,sub08,ling_word_target,99,0.04782521631014268
700,sub08,ling_word_target,100,-0.08157324975283937
701,sub08,ling_word_target,101,-0.0017391703340100644
702,sub08,ling_word_target,102,-0.01922023225427983
703,sub08,ling_word_target,103,0.04821593868221503
704,sub08,ling_word_target,104,0.0342933071261579
705,sub08,ling_word_target,105,-0.014225949724833988
706,sub08,ling_word_target,106,-0.015851952068826093
707,sub08,ling_word_target,107,-0.038054177871950444
708,sub08,ling_word_target,108,0.0020982954404135043
709,sub08,ling_word_target,109,0.00603674886923004
710,sub08,ling_word_target,110,0.004838549430368336
711,sub08,ling_word_target,111,0.037308997021077775
712,sub08,ling_word_target,112,0.0018402453754224456
713,sub08,ling_word_target,113,-0.03453582127275337
714,sub08,ling_word_target,114,0.02336359325846652
715,sub08,ling_word_target,115,0.03599493488538833
716,sub08,ling_word_target,116,0.05328372470218044
717,sub08,ling_word_target,117,-0.030479470549342344
718,sub08,ling_word_target,118,-0.03363150012914579
719,sub08,ling_word_target,119,-0.011963498994479321
720,sub08,ling_word_target,120,-0.017573940056718588
721,sub08,ling_word_target,121,-0.040649890538243985
722,sub08,ling_word_target,122,-0.07690904686848915
723,sub08,ling_word_target,123,0.009097986731721823
724,sub08,ling_word_target,124,3.991242257505542e-05
725,sub08,ling_word_target,125,0.018530995230870494
726,sub08,ling_word_target,126,-0.005304456639702701
727,sub08,ling_word_target,127,-0.0336033042646564
728,sub08,ling_word_target,128,-0.03595821510581259
729,sub08,ling_word_target,129,0.04195512418041236
730,sub08,ling_word_target,130,0.05581530642441884
731,sub08,ling_word_target,131,0.009225310088752143
732,sub08,ling_word_target,132,0.0724325837832236
733,sub08,ling_word_target,133,0.001457188316836495
734,sub08,ling_word_target,134,-0.07900994225069204
735,sub08,ling_word_target,135,0.014569468648262104
736,sub08,ling_word_target,136,-0.02763912269317713
737,sub08,ling_word_target,137,-0.003722374184226321
738,sub08,ling_word_target,138,-0.016663499247494284
739,sub08,ling_word_target,139,-0.035263300806072234
740,sub08,ling_word_target,140,-0.017042892014590666
741,sub08,ling_word_target,141,-0.04788832035048681
742,sub08,ling_word_target,142,-0.04109364695460272
743,sub08,ling_word_target,143,1.3278594363569283e-05
744,sub08,ling_word_target,144,0.001146882812620163
745,sub08,ling_word_target,145,-0.08755050578893092
746,sub08,ling_word_target,146,-0.047191121984018675
747,sub08,ling_word_target,147,-0.022318184060697778
748,sub08,ling_word_target,148,0.03487096156005351
749,sub08,ling_word_target,149,-0.009310893264574916
750,sub08,ling_word_target,150,0.023254078303200403
751,sub08,ling_word_target,151,-0.01876191536064266
752,sub08,ling_word_target,152,0.036777708926600046
753,sub08,ling_word_target,153,-0.009620667998121413
754,sub08,ling_word_target,154,0.03515344915121189
755,sub08,ling_word_target,155,-0.0029933640287179673
756,sub08,ling_word_target,156,-0.009156497334983738
757,sub08,ling_word_target,157,-0.05592306581235075
758,sub08,ling_word_target,158,-0.0248325849388614
759,sub08,ling_word_target,159,-0.024703814050124184
760,sub08,ling_word_target,160,-0.053445384252048374
761,sub08,ling_word_target,161,0.028341701153934837
762,sub08,ling_word_target,162,0.01908938272233253
763,sub08,ling_word_target,163,-0.03998106167359112
764,sub08,ling_word_target,164,0.0181378195705408
765,sub08,ling_word_target,165,-0.02051574918863284
766,sub08,ling_word_target,166,0.00223520950828448
767,sub08,ling_word_target,167,-0.02910858362473778
768,sub08,ling_word_target,168,0.02486904668613172
769,sub08,ling_word_target,169,-0.0339321556788068
770,sub08,ling_word_target,170,-0.008452889916369636
771,sub08,ling_word_target,171,0.031008987582409536
772,sub08,ling_word_target,172,-0.005193800513450987
773,sub08,ling_word_target,173,-0.017617431024333687
774,sub08,ling_word_target,174,-0.019263033064130988
775,sub08,ling_word_target,175,0.015915184735718305
776,sub08,ling_word_target,176,0.02089386569385801
777,sub08,ling_word_target,177,-0.08584029383354194
778,sub08,ling_word_target,178,0.03252052240459034
779,sub08,ling_word_target,179,0.03308320472544567
780,sub08,ling_word_target,180,-0.03509725841498363
781,sub08,ling_word_target,181,0.013491969155467607
782,sub08,ling_word_target,182,0.032862887767113165
783,sub08,ling_word_target,183,-0.030353785970631413
784,sub08,ling_word_target,184,-0.008803278340299377
785,sub08,ling_word_target,185,-0.0030912130158206002
786,sub08,ling_word_target,186,-0.01585616753852509
787,sub08,ling_word_target,187,0.06388626578227447
788,sub08,ling_word_target,188,-0.011117346502037922
789,sub08,ling_word_target,189,-0.05829680296754882
790,sub08,ling_word_target,190,0.06810595101654408
791,sub08,ling_word_target,191,0.02403617266491516
792,sub08,ling_word_target,192,-0.020361671603522605
793,sub08,ling_word_target,193,0.020229154339243875
794,sub08,ling_word_target,194,0.038488370734143164
795,sub08,ling_word_target,195,0.030237320996310515
796,sub08,ling_word_target,196,0.025847583241091057
797,sub08,ling_word_target,197,-0.03111389931663902
798,sub08,ling_word_target,198,-0.0020498859087837054
799,sub08,ling_word_target,199,0.027636173891290524
800,sub09,ling_word_target,0,0.005872348963684364
801,sub09,ling_word_target,1,0.013519489077324651
802,sub09,ling_word_target,2,0.08888665408570369
803,sub09,ling_word_target,3,0.01639727280518214
804,sub09,ling_word_target,4,-0.060466489169469194
805,sub09,ling_word_target,5,-0.03195979642878041
806,sub09,ling_word_target,6,0.015926059218965054
807,sub09,ling_word_target,7,0.030687900236463738
808,sub09,ling_word_target,8,0.0978331489513167
809,sub09,ling_word_target,9,0.012236964469634565
810,sub09,ling_word_target,10,0.0140825817354658
811,sub09,ling_word_target,11,5.982486459062062e-05
812,sub09,ling_word_target,12,-0.06827402290524033
813,sub09,ling_word_target,13,0.0015997048661612352
814,sub09,ling_word_target,14,-0.02735321351664089
815,sub09,ling_word_target,15,0.0005726416672588884
816,sub09,ling_word_target,16,0.11908723029194002
817,sub09,ling_word_target,17,-0.0680637683285736
818,sub09,ling_word_target,18,0.020683466458207723
819,sub09,ling_word_target,19,0.06935279936677713
820,sub09,ling_word_target,20,-0.0636530065022948
821,sub09,ling_word_target,21,-0.006248698544774513
822,sub09,ling_word_target,22,-0.019128827225071216
823,sub09,ling_word_target,23,-0.04533593532371426
824,sub09,ling_word_target,24,-0.022025614613506564
825,sub09,ling_word_target,25,-0.00037805006797833585
826,sub09,ling_word_target,26,0.008033613126000046
827,sub09,ling_word_target,27,-0.011632009714353662
828,sub09,ling_word_target,28,-0.0075741666733691385
829,sub09,ling_word_target,29,-0.07322158866716393
830,sub09,ling_word_target,30,0.08097168650667089
831,sub09,ling_word_target,31,-0.015320686510716875
832,sub09,ling_word_target,32,-0.0025650306913678283
833,sub09,ling_word_target,33,-0.033562294097301625
834,sub09,ling_word_target,34,0.015251541035359304
835,sub09,ling_word_target,35,-0.01593454441746556
836,sub09,ling_word_target,36,0.03604854312713799
837,sub09,ling_word_target,37,0.012045052232526153
838,sub09,ling_word_target,38,0.022396091377732307
839,sub09,ling_word_target,39,-0.02313233573862317
840,sub09,ling_word_target,40,-0.0005300425591928253
841,sub09,ling_word_target,41,0.04546295834948491
842,sub09,ling_word_target,42,-0.06762184394461643
843,sub09,ling_word_target,43,0.04439584261635538
844,sub09,ling_word_target,44,-0.06038561442534039
845,sub09,ling_word_target,45,0.024124619697200433
846,sub09,ling_word_target,46,-0.013309184140865068
847,sub09,ling_word_target,47,0.022501196091851475
848,sub09,ling_word_target,48,0.028991418254737125
849,sub09,ling_word_target,49,0.003025838222514036
850,sub09,ling_word_target,50,-0.04032193775182472
851,sub09,ling_word_target,51,0.04612160177099609
852,sub09,ling_word_target,52,0.02305408655795678
853,sub09,ling_word_target,53,-0.08138088443455249
854,sub09,ling_word_target,54,0.0059280335188699835
855,sub09,ling_word_target,55,-0.06542334795186769
856,sub09,ling_word_target,56,-0.02606163662033462
857,sub09,ling_word_target,57,-0.020282726229411345
858,sub09,ling_word_target,58,0.006474983995614795
859,sub09,ling_word_target,59,0.04122426558183639
860,sub09,ling_word_target,60,0.024624546581216208
861,sub09,ling_word_target,61,-0.017950587240001765
862,sub09,ling_word_target,62,0.008499334425859118
863,sub09,ling_word_target,63,0.09509528797297437
864,sub09,ling_word_target,64,-0.021095913813386914
865,sub09,ling_word_target,65,-0.013781045375146277
866,sub09,ling_word_target,66,-0.028090462270187112
867,sub09,ling_word_target,67,0.05856294954015448
868,sub09,ling_word_target,68,0.045896909158198725
869,sub09,ling_word_target,69,0.031027292682116608
870,sub09,ling_word_target,70,0.009005747164244708
871,sub09,ling_word_target,71,0.029885721518357486
872,sub09,ling_word_target,72,0.058256642413443825
873,sub09,ling_word_target,73,0.08575229364819094
874,sub09,ling_word_target,74,0.08395364619269027
875,sub09,ling_word_target,75,-0.04826766657212966
876,sub09,ling_word_target,76,-0.06781872965418043
877,sub09,ling_word_target,77,-0.01841838290232988
878,sub09,ling_word_target,78,-0.006998862374204094
879,sub09,ling_word_target,79,-0.017435498375977604
880,sub09,ling_word_target,80,-0.033004687911207684
881,sub09,ling_word_target,81,0.025897702006126826
882,sub09,ling_word_target,82,-0.0059605559031963625
883,sub09,ling_word_target,83,0.0848058349111707
884,sub09,ling_word_target,84,-0.03789632761386725
885,sub09,ling_word_target,85,-0.07892042541538043
886,sub09,ling_word_target,86,0.030018499114260546
887,sub09,ling_word_target,87,0.02890380566329008
888,sub09,ling_word_target,88,-0.015574065425406366
889,sub09,ling_word_target,89,-0.012441274561791865
890,sub09,ling_word_target,90,-0.08487972346338311
891,sub09,ling_word_target,91,0.03165913306053966
892,sub09,ling_word_target,92,-0.0483406371754371
893,sub09,ling_word_target,93,0.029301357058710592
894,sub09,ling_word_target,94,0.007152121478734291
895,sub09,ling_word_target,95,-0.07251380837529493
896,sub09,ling_word_target,96,0.06395752994067613
897,sub09,ling_word_target,97,0.006715379183462751
898,sub09,ling_word_target,98,0.009650858628088933
899,sub09,ling_word_target,99,-0.024093392266105053
900,sub09,ling_word_target,100,0.07727238825231784
901,sub09,ling_word_target,101,-0.07287952703775898
902,sub09,ling_word_target,102,0.0006901183363721776
903,sub09,ling_word_target,103,-0.009294702570936947
904,sub09,ling_word_target,104,-0.004891263060920383
905,sub09,ling_word_target,105,-0.1194483966452361
906,sub09,ling_word_target,106,0.10031132549046337
907,sub09,ling_word_target,107,0.038772297125140194
908,sub09,ling_word_target,108,-0.023482541896528108
909,sub09,ling_word_target,109,-0.025078653372399222
910,sub09,ling_word_target,110,-0.030608697641871102
911,sub09,ling_word_target,111,0.021393690778129804
912,sub09,ling_word_target,112,-0.013033401156613843
913,sub09,ling_word_target,113,-0.004511322597683951
914,sub09,ling_word_target,114,-0.0400094363521943
915,sub09,ling_word_target,115,0.011177815424508795
916,sub09,ling_word_target,116,0.021734311175055063
917,sub09,ling_word_target,117,-0.024978232105546214
918,sub09,ling_word_target,118,0.019810715212647993
919,sub09,ling_word_target,119,-0.013208103190264957
920,sub09,ling_word_target,120,-0.00018022583946520035
921,sub09,ling_word_target,121,0.05108890247828929
922,sub09,ling_word_target,122,-0.04357149245950949
923,sub09,ling_word_target,123,0.0526046195803312
924,sub09,ling_word_target,124,0.04246139111757377
925,sub09,ling_word_target,125,0.033862711700807506
926,sub09,ling_word_target,126,0.0543159311299011
927,sub09,ling_word_target,127,0.05451342724398168
928,sub09,ling_word_target,128,-0.053543115392801224
929,sub09,ling_word_target,129,-0.004528006011560619
930,sub09,ling_word_target,130,0.05193211632769808
931,sub09,ling_word_target,131,-0.06749855589251029
932,sub09,ling_word_target,132,0.042447765061498166
933,sub09,ling_word_target,133,-0.00940610810267773
934,sub09,ling_word_target,134,0.03518294436695367
935,sub09,ling_word_target,135,0.06067558656980244
936,sub09,ling_word_target,136,-0.010328597723815855
937,sub09,ling_word_target,137,0.019355393159044096
938,sub09,ling_word_target,138,0.018598778851908932
939,sub09,ling_word_target,139,0.029871441069211784
940,sub09,ling_word_target,140,0.036009469294999916
941,sub09,ling_word_target,141,-0.0455307379325301
942,sub09,ling_word_target,142,0.02547109580208764
943,sub09,ling_word_target,143,0.02554969374607353
944,sub09,ling_word_target,144,0.07879311971755075
945,sub09,ling_word_target,145,0.0902882258725108
946,sub09,ling_word_target,146,0.00021541746026903892
947,sub09,ling_word_target,147,-0.015428130742267697
948,sub09,ling_word_target,148,0.002277673519802726
949,sub09,ling_word_target,149,0.010100861713269807
950,sub09,ling_word_target,150,0.04713044585842486
951,sub09,ling_word_target,151,0.0013237847473458126
952,sub09,ling_word_target,152,-0.022659661685059552
953,sub09,ling_word_target,153,-0.012963307000177846
954,sub09,ling_word_target,154,0.03352622537538718
955,sub09,ling_word_target,155,-0.012311278836577726
956,sub09,ling_word_target,156,-0.09584582189567181
957,sub09,ling_word_target,157,0.07447469783524824
958,sub09,ling_word_target,158,0.17651933665482192
959,sub09,ling_word_target,159,0.02410572888532262
960,sub09,ling_word_target,160,-0.00543650617213833
961,sub09,ling_word_target,161,0.035670329850031095
962,sub09,ling_word_target,162,-0.06818400239035306
963,sub09,ling_word_target,163,0.026205705700619596
964,sub09,ling_word_target,164,-0.05962181433990391
965,sub09,ling_word_target,165,0.06755010007014656
966,sub09,ling_word_target,166,-0.02833866218911759
967,sub09,ling_word_target,167,-0.023198700603394903
968,sub09,ling_word_target,168,0.05837908582419142
969,sub09,ling_word_target,169,-0.009388690691934924
970,sub09,ling_word_target,170,0.06556018081632088
971,sub09,ling_word_target,171,-0.09219566410013585
972,sub09,ling_word_target,172,0.011758465005064072
973,sub09,ling_word_target,173,-0.014883730032130275
974,sub09,ling_word_target,174,-0.003642581150147887
975,sub09,ling_word_target,175,-0.018990096977901057
976,sub09,ling_word_target,176,-0.05002252125096518
977,sub09,ling_word_target,177,-0.02991286265328508
978,sub09,ling_word_target,178,0.0006165748572304426
979,sub09,ling_word_target,179,0.02262834161367548
980,sub09,ling_word_target,180,-0.007471388505085627
981,sub09,ling_word_target,181,0.00392921745827911
982,sub09,ling_word_target,182,0.01822361201532968
983,sub09,ling_word_target,183,-0.034718317696855065
984,sub09,ling_word_target,184,-0.0891015004893596
985,sub09,ling_word_target,185,-0.05214823066345767
986,sub09,ling_word_target,186,-0.05886835360518611
987,sub09,ling_word_target,187,-0.05506546520082967
988,sub09,ling_word_target,188,-0.03269920611314911
989,sub09,ling_word_target,189,-0.030000193611093417
990,sub09,ling_word_target,190,0.009213021512496202
991,sub09,ling_word_target,191,0.029931850742553747
992,sub09,ling_word_target,192,0.0690370739095728
993,sub09,ling_word_target,193,0.03869111952871419
994,sub09,ling_word_target,194,0.0934631580207086
995,sub09,ling_word_target,195,-0.013293583218308945
996,sub09,ling_word_target,196,-0.025345390303172385
997,sub09,ling_word_target,197,0.003002586788510491
998,sub09,ling_word_target,198,-0.046160182430146565
999,sub09,ling_word_target,199,-0.06922103639812596
1000,sub10,ling_word_target,0,0.006332584942155592
1001,sub10,ling_word_target,1,-0.012236130415748713
1002,sub10,ling_word_target,2,0.005605277082011198
1003,sub10,ling_word_target,3,0.03648758763484103
1004,sub10,ling_word_target,4,-0.014815733659437101
1005,sub10,ling_word_target,5,0.025893656289311087
1006,sub10,ling_word_target,6,-0.026757534616874468
1007,sub10,ling_word_target,7,-0.04290770972860763
1008,sub10,ling_word_target,8,-0.04196834482580609
1009,sub10,ling_word_target,9,0.06908758449043613
1010,sub10,ling_word_target,10,-0.019237342394925024
1011,sub10,ling_word_target,11,0.007539998850112607
1012,sub10,ling_word_target,12,0.003672431736618516
1013,sub10,ling_word_target,13,-0.001674212814815122
1014,sub10,ling_word_target,14,-0.022892484904387726
1015,sub10,ling_word_target,15,-0.0012454047976437567
1016,sub10,ling_word_target,16,0.01729186046799747
1017,sub10,ling_word_target,17,0.010435994225027336
1018,sub10,ling_word_target,18,0.0374844269564407
1019,sub10,ling_word_target,19,0.028076769964169898
1020,sub10,ling_word_target,20,-0.07148189064590993
1021,sub10,ling_word_target,21,0.039345720834414226
1022,sub10,ling_word_target,22,0.011491803781122608
1023,sub10,ling_word_target,23,-0.05221236850693553
1024,sub10,ling_word_target,24,0.00545580169057302
1025,sub10,ling_word_target,25,0.016916257057938266
1026,sub10,ling_word_target,26,-0.04379421263369885
1027,sub10,ling_word_target,27,0.025960516545294392
1028,sub10,ling_word_target,28,-0.057070599939981495
1029,sub10,ling_word_target,29,0.006427131634255838
1030,sub10,ling_word_target,30,-0.08080729027305307
1031,sub10,ling_word_target,31,0.005238137839624097
1032,sub10,ling_word_target,32,-0.07114643954240632
1033,sub10,ling_word_target,33,-0.02018539175086015
1034,sub10,ling_word_target,34,0.058099362287993776
1035,sub10,ling_word_target,35,0.04004231144385004
1036,sub10,ling_word_target,36,-0.00378721638778573
1037,sub10,ling_word_target,37,-0.1007158793150133
1038,sub10,ling_word_target,38,0.007578516031520242
1039,sub10,ling_word_target,39,-0.027925969097388346
1040,sub10,ling_word_target,40,0.006055406778840016
1041,sub10,ling_word_target,41,-0.017899294403883697
1042,sub10,ling_word_target,42,-0.012812764026008531
1043,sub10,ling_word_target,43,-0.07158987372689231
1044,sub10,ling_word_target,44,-0.059782310232085696
1045,sub10,ling_word_target,45,0.0049705367429961666
1046,sub10,ling_word_target,46,-0.0172539784546414
1047,sub10,ling_word_target,47,0.05513712024335525
1048,sub10,ling_word_target,48,-0.018209473515778805
1049,sub10,ling_word_target,49,0.042850638567129895
1050,sub10,ling_word_target,50,0.04093093758889023
1051,sub10,ling_word_target,51,-0.026775403639794994
1052,sub10,ling_word_target,52,0.0180432404240489
1053,sub10,ling_word_target,53,0.00192090009412542
1054,sub10,ling_word_target,54,0.002898034229451488
1055,sub10,ling_word_target,55,0.015442839468309072
1056,sub10,ling_word_target,56,0.012299597096713487
1057,sub10,ling_word_target,57,0.02971241189025499
1058,sub10,ling_word_target,58,0.011552041773904759
1059,sub10,ling_word_target,59,0.025240774467018282
1060,sub10,ling_word_target,60,0.015780441778009517
1061,sub10,ling_word_target,61,-0.05047724803992763
1062,sub10,ling_word_target,62,0.08243461524637681
1063,sub10,ling_word_target,63,-0.0009814607360325472
1064,sub10,ling_word_target,64,0.038391680321550256
1065,sub10,ling_word_target,65,0.014430852478100746
1066,sub10,ling_word_target,66,-0.0753866315259194
1067,sub10,ling_word_target,67,-0.015303179177272728
1068,sub10,ling_word_target,68,0.021023365637128685
1069,sub10,ling_word_target,69,-0.027630866132758076
1070,sub10,ling_word_target,70,-0.020381631752172873
1071,sub10,ling_word_target,71,0.0014034597816380066
1072,sub10,ling_word_target,72,-0.0674202263764736
1073,sub10,ling_word_target,73,-0.046588146463964614
1074,sub10,ling_word_target,74,0.00016641200071041977
1075,sub10,ling_word_target,75,-0.0042726077576234305
1076,sub10,ling_word_target,76,-0.04780056817777394
1077,sub10,ling_word_target,77,-0.0007659724049281165
1078,sub10,ling_word_target,78,0.01375462676186902
1079,sub10,ling_word_target,79,-0.018788663803823425
1080,sub10,ling_word_target,80,-0.022533623284133077
1081,sub10,ling_word_target,81,-0.01529245836112424
1082,sub10,ling_word_target,82,0.0010980612184819567
1083,sub10,ling_word_target,83,-0.007341219180804515
1084,sub10,ling_word_target,84,-0.022849681676770844
1085,sub10,ling_word_target,85,-0.0555498659250443
1086,sub10,ling_word_target,86,0.04262960604202149
1087,sub10,ling_word_target,87,0.008046130942134053
1088,sub10,ling_word_target,88,-0.0072524142890403815
1089,sub10,ling_word_target,89,0.04344682905899372
1090,sub10,ling_word_target,90,0.008451342658997349
1091,sub10,ling_word_target,91,0.1753056479039125
1092,sub10,ling_word_target,92,-0.10057174197173323
1093,sub10,ling_word_target,93,-0.012101486845081609
1094,sub10,ling_word_target,94,0.04445523505559029
1095,sub10,ling_word_target,95,-0.04895520534284891
1096,sub10,ling_word_target,96,-0.0018169639606394456
1097,sub10,ling_word_target,97,-0.0914600629626874
1098,sub10,ling_word_target,98,0.07349287356899951
1099,sub10,ling_word_target,99,-0.009916203648382103
1100,sub10,ling_word_target,100,-0.006077553878018479
1101,sub10,ling_word_target,101,0.06215276740486428
1102,sub10,ling_word_target,102,-0.0040297379534835085
1103,sub10,ling_word_target,103,-0.03751627408005088
1104,sub10,ling_word_target,104,0.0307972339878863
1105,sub10,ling_word_target,105,0.06154324206999956
1106,sub10,ling_word_target,106,0.025275473801233694
1107,sub10,ling_word_target,107,0.03092722254875232
1108,sub10,ling_word_target,108,-0.0025915361301821565
1109,sub10,ling_word_target,109,0.0318794461683383
1110,sub10,ling_word_target,110,0.01666373366392495
1111,sub10,ling_word_target,111,0.025634079827923453
1112,sub10,ling_word_target,112,-0.007456103563707912
1113,sub10,ling_word_target,113,0.030911327809845977
1114,sub10,ling_word_target,114,0.006134165087534745
1115,sub10,ling_word_target,115,0.011752136244693755
1116,sub10,ling_word_target,116,-0.019835109183597942
1117,sub10,ling_word_target,117,0.02248238054598464
1118,sub10,ling_word_target,118,-0.013407762235533218
1119,sub10,ling_word_target,119,-0.05496095341147722
1120,sub10,ling_word_target,120,0.005469930374122806
1121,sub10,ling_word_target,121,0.011413710899696929
1122,sub10,ling_word_target,122,-0.03175297744775606
1123,sub10,ling_word_target,123,-0.020359681232806424
1124,sub10,ling_word_target,124,-0.0008287376694974597
1125,sub10,ling_word_target,125,0.005769012492463269
1126,sub10,ling_word_target,126,0.03027060263670877
1127,sub10,ling_word_target,127,-0.021284712878142178
1128,sub10,ling_word_target,128,-0.034272959788704496
1129,sub10,ling_word_target,129,0.00912714336079809
1130,sub10,ling_word_target,130,-0.04620063430764008
1131,sub10,ling_word_target,131,0.02504237432757782
1132,sub10,ling_word_target,132,-0.024508294920951527
1133,sub10,ling_word_target,133,-0.015466173937916768
1134,sub10,ling_word_target,134,0.024409147350674197
1135,sub10,ling_word_target,135,-0.03833898485173905
1136,sub10,ling_word_target,136,0.026382320330246328
1137,sub10,ling_word_target,137,-0.005538108174829166
1138,sub10,ling_word_target,138,0.009866774897490249
1139,sub10,ling_word_target,139,0.1286138962999842
1140,sub10,ling_word_target,140,-0.09518242857109889
1141,sub10,ling_word_target,141,0.007559625791509368
1142,sub10,ling_word_target,142,0.010836348333674932
1143,sub10,ling_word_target,143,0.030181791745804192
1144,sub10,ling_word_target,144,0.039978246504938156
1145,sub10,ling_word_target,145,-0.01836268923395786
1146,sub10,ling_word_target,146,-0.007663220728768247
1147,sub10,ling_word_target,147,0.012019990273118696
1148,sub10,ling_word_target,148,0.13914686150757424
1149,sub10,ling_word_target,149,-0.014718071694151149
1150,sub10,ling_word_target,150,0.02449895884032976
1151,sub10,ling_word_target,151,0.028454420043146404
1152,sub10,ling_word_target,152,-0.02622161816354739
1153,sub10,ling_word_target,153,0.023911191386157965
1154,sub10,ling_word_target,154,-0.031223293987795536
1155,sub10,ling_word_target,155,-0.0027459808412609176
1156,sub10,ling_word_target,156,-0.004467862163952044
1157,sub10,ling_word_target,157,-0.07274997492460908
1158,sub10,ling_word_target,158,0.03835923162028396
1159,sub10,ling_word_target,159,0.07637014018333538
1160,sub10,ling_word_target,160,-0.021607470916466698
1161,sub10,ling_word_target,161,-0.052825585131718575
1162,sub10,ling_word_target,162,0.05767847355023897
1163,sub10,ling_word_target,163,-0.06336832354291624
1164,sub10,ling_word_target,164,-0.011405250046072315
1165,sub10,ling_word_target,165,0.05658011035901546
1166,sub10,ling_word_target,166,-0.029695268169030058
1167,sub10,ling_word_target,167,0.04428858822106523
1168,sub10,ling_word_target,168,-0.06252652388990242
1169,sub10,ling_word_target,169,-0.0795725140681333
1170,sub10,ling_word_target,170,-0.004074864524892448
1171,sub10,ling_word_target,171,-0.01786945178488801
1172,sub10,ling_word_target,172,-0.01966977936975972
1173,sub10,ling_word_target,173,-0.07019536032781953
1174,sub10,ling_word_target,174,0.04507142535800435
1175,sub10,ling_word_target,175,-0.015008414223688918
1176,sub10,ling_word_target,176,0.03237929719676711
1177,sub10,ling_word_target,177,0.001247580717665721
1178,sub10,ling_word_target,178,0.06169399561127621
1179,sub10,ling_word_target,179,0.04858735271289815
1180,sub10,ling_word_target,180,0.07839316424529488
1181,sub10,ling_word_target,181,0.0063985235624240125
1182,sub10,ling_word_target,182,-0.06991238692877771
1183,sub10,ling_word_target,183,0.004365219754182966
1184,sub10,ling_word_target,184,-0.01902858420985788
1185,sub10,ling_word_target,185,-0.0023178874995822365
1186,sub10,ling_word_target,186,-0.029791230248493273
1187,sub10,ling_word_target,187,-0.040529169347535386
1188,sub10,ling_word_target,188,0.025726605930937816
1189,sub10,ling_word_target,189,-0.009830833233978039
1190,sub10,ling_word_target,190,-0.012908571741232128
1191,sub10,ling_word_target,191,0.016456259811407067
1192,sub10,ling_word_target,192,0.03631635137144876
1193,sub10,ling_word_target,193,0.04333841871218473
1194,sub10,ling_word_target,194,-0.08607582951851589
1195,sub10,ling_word_target,195,0.039878839767483965
1196,sub10,ling_word_target,196,-0.006916205027540175
1197,sub10,ling_word_target,197,0.03887543290181453
1198,sub10,ling_word_target,198,0.041105757854043815
1199,sub10,ling_word_target,199,-0.024494223748542352
1200,sub11,ling_word_target,0,0.07901638968137441
1201,sub11,ling_word_target,1,-0.0407246178920359
1202,sub11,ling_word_target,2,-0.05504351440697149
1203,sub11,ling_word_target,3,-0.14440533393331287
1204,sub11,ling_word_target,4,-0.025612556219148486
1205,sub11,ling_word_target,5,0.04566078035872627
1206,sub11,ling_word_target,6,-0.050678425188611494
1207,sub11,ling_word_target,7,-0.015713826411292434
1208,sub11,ling_word_target,8,0.06902986407767696
1209,sub11,ling_word_target,9,0.07582527521916547
1210,sub11,ling_word_target,10,-0.059036371829457465
1211,sub11,ling_word_target,11,-0.014802731568109278
1212,sub11,ling_word_target,12,0.02242164441523732
1213,sub11,ling_word_target,13,0.05483512548739238
1214,sub11,ling_word_target,14,0.0012937770195959762
1215,sub11,ling_word_target,15,-0.000524688890845375
1216,sub11,ling_word_target,16,-0.02890970718290913
1217,sub11,ling_word_target,17,0.06890440610574303
1218,sub11,ling_word_target,18,0.14332696346921772
1219,sub11,ling_word_target,19,0.03924751144715541
1220,sub11,ling_word_target,20,0.007068025069504091
1221,sub11,ling_word_target,21,-0.02354999475065853
1222,sub11,ling_word_target,22,-0.005209962779561756
1223,sub11,ling_word_target,23,0.09660702643016358
1224,sub11,ling_word_target,24,-0.09596153716046603
1225,sub11,ling_word_target,25,0.08918472739159619
1226,sub11,ling_word_target,26,0.053667629163528574
1227,sub11,ling_word_target,27,-0.01624816954871466
1228,sub11,ling_word_target,28,0.022822852560306375
1229,sub11,ling_word_target,29,0.00798304759226483
1230,sub11,ling_word_target,30,0.11598449210640466
1231,sub11,ling_word_target,31,-0.040811170551307036
1232,sub11,ling_word_target,32,-0.0032867681086804173
1233,sub11,ling_word_target,33,-0.02744968002394211
1234,sub11,ling_word_target,34,-0.04658493952461881
1235,sub11,ling_word_target,35,0.007720206103398042
1236,sub11,ling_word_target,36,-0.09633423914511978
1237,sub11,ling_word_target,37,0.03716903681593134
1238,sub11,ling_word_target,38,-0.0353211898844845
1239,sub11,ling_word_target,39,0.026334241779433058
1240,sub11,ling_word_target,40,0.0416024435049881
1241,sub11,ling_word_target,41,-0.08682699727522689
1242,sub11,ling_word_target,42,-0.02178005795834373
1243,sub11,ling_word_target,43,-0.007152199129483909
1244,sub11,ling_word_target,44,-0.023127480817793245
1245,sub11,ling_word_target,45,0.02739151923720817
1246,sub11,ling_word_target,46,-0.015172178889737433
1247,sub11,ling_word_target,47,-0.021635227727548906
1248,sub11,ling_word_target,48,-0.013468579309119835
1249,sub11,ling_word_target,49,-0.03717673024380501
1250,sub11,ling_word_target,50,0.03155395899813323
1251,sub11,ling_word_target,51,0.05517647233213565
1252,sub11,ling_word_target,52,0.05409825304231539
1253,sub11,ling_word_target,53,0.049559203100351785
1254,sub11,ling_word_target,54,0.030148528763567422
1255,sub11,ling_word_target,55,0.005873424562343793
1256,sub11,ling_word_target,56,0.03289768797443578
1257,sub11,ling_word_target,57,-0.03332676292263006
1258,sub11,ling_word_target,58,-0.05841717699884473
1259,sub11,ling_word_target,59,0.07884706898302558
1260,sub11,ling_word_target,60,-0.08684646362676703
1261,sub11,ling_word_target,61,0.001795097799144979
1262,sub11,ling_word_target,62,0.029014413920691644
1263,sub11,ling_word_target,63,0.0634229064874185
1264,sub11,ling_word_target,64,0.03545626103733993
1265,sub11,ling_word_target,65,0.013667436305551485
1266,sub11,ling_word_target,66,0.0050064929140653785
1267,sub11,ling_word_target,67,0.014378751674211621
1268,sub11,ling_word_target,68,-0.0606065703339959
1269,sub11,ling_word_target,69,-0.03972223378144055
1270,sub11,ling_word_target,70,-0.008297021737450533
1271,sub11,ling_word_target,71,-0.00215071602213792
1272,sub11,ling_word_target,72,-0.023449463875330298
1273,sub11,ling_word_target,73,-0.11743784034067745
1274,sub11,ling_word_target,74,-0.010213483949088819
1275,sub11,ling_word_target,75,0.11221998814322709
1276,sub11,ling_word_target,76,-0.0064321026489490025
1277,sub11,ling_word_target,77,0.06713906943325203
1278,sub11,ling_word_target,78,0.012973550479344934
1279,sub11,ling_word_target,79,-0.02984154769209834
1280,sub11,ling_word_target,80,-0.08257311779904389
1281,sub11,ling_word_target,81,0.023126658224177195
1282,sub11,ling_word_target,82,0.005360217500631356
1283,sub11,ling_word_target,83,-0.04480756962768151
1284,sub11,ling_word_target,84,-0.06326946001992603
1285,sub11,ling_word_target,85,0.02924332190371239
1286,sub11,ling_word_target,86,0.09080320041139787
1287,sub11,ling_word_target,87,-0.0040356158990387855
1288,sub11,ling_word_target,88,-0.1135915129839345
1289,sub11,ling_word_target,89,-0.009194673893820003
1290,sub11,ling_word_target,90,0.12833968882000715
1291,sub11,ling_word_target,91,0.05896544452784196
1292,sub11,ling_word_target,92,0.04496627736125167
1293,sub11,ling_word_target,93,-0.10062456532816791
1294,sub11,ling_word_target,94,-0.04427840254277914
1295,sub11,ling_word_target,95,-0.018583794716922623
1296,sub11,ling_word_target,96,0.055408700999830286
1297,sub11,ling_word_target,97,0.08760607978700256
1298,sub11,ling_word_target,98,0.023906927706358525
1299,sub11,ling_word_target,99,0.005853099817529388
1300,sub11,ling_word_target,100,0.06542231409080994
1301,sub11,ling_word_target,101,0.036758171163804865
1302,sub11,ling_word_target,102,0.04467393694702289
1303,sub11,ling_word_target,103,-0.03300703120891739
1304,sub11,ling_word_target,104,0.07436210193733102
1305,sub11,ling_word_target,105,-0.049918454310368246
1306,sub11,ling_word_target,106,-0.023484790142966762
1307,sub11,ling_word_target,107,-0.023149174356340986
1308,sub11,ling_word_target,108,0.04281395057025783
1309,sub11,ling_word_target,109,0.008084589254356438
1310,sub11,ling_word_target,110,-0.04598563445365737
1311,sub11,ling_word_target,111,0.047392802510260824
1312,sub11,ling_word_target,112,-0.06723644052798379
1313,sub11,ling_word_target,113,-0.036104800453369855
1314,sub11,ling_word_target,114,0.017485334217581337
1315,sub11,ling_word_target,115,-0.04091887805692567
1316,sub11,ling_word_target,116,0.05025969380523248
1317,sub11,ling_word_target,117,-0.007887530749277267
1318,sub11,ling_word_target,118,0.04779625640554435
1319,sub11,ling_word_target,119,0.0805677958638554
1320,sub11,ling_word_target,120,-0.036885098673247685
1321,sub11,ling_word_target,121,-0.0034655658651278746
1322,sub11,ling_word_target,122,-0.061974925593178014
1323,sub11,ling_word_target,123,0.03993110208678936
1324,sub11,ling_word_target,124,-0.01344677311160198
1325,sub11,ling_word_target,125,0.036499031927799186
1326,sub11,ling_word_target,126,-0.0399703424223414
1327,sub11,ling_word_target,127,-0.010478577826554791
1328,sub11,ling_word_target,128,-0.016689070095814544
1329,sub11,ling_word_target,129,0.030998466147526115
1330,sub11,ling_word_target,130,0.023414671526566868
1331,sub11,ling_word_target,131,-0.07772768609358761
1332,sub11,ling_word_target,132,0.024712408825974228
1333,sub11,ling_word_target,133,0.093347943320731
1334,sub11,ling_word_target,134,-0.09491117181085779
1335,sub11,ling_word_target,135,-0.024282997977540303
1336,sub11,ling_word_target,136,0.06358765259378635
1337,sub11,ling_word_target,137,-0.006507694949109016
1338,sub11,ling_word_target,138,0.04764085693078588
1339,sub11,ling_word_target,139,0.04847208812890355
1340,sub11,ling_word_target,140,0.019522991717222455
1341,sub11,ling_word_target,141,0.0015905601581035734
1342,sub11,ling_word_target,142,0.0627958788978067
1343,sub11,ling_word_target,143,-0.03811113551630398
1344,sub11,ling_word_target,144,-0.02072361937459693
1345,sub11,ling_word_target,145,0.04315835621614935
1346,sub11,ling_word_target,146,0.028394322779960093
1347,sub11,ling_word_target,147,-0.017021555407714974
1348,sub11,ling_word_target,148,-0.05987873387978872
1349,sub11,ling_word_target,149,-0.028141768252836902
1350,sub11,ling_word_target,150,-0.024172225669262425
1351,sub11,ling_word_target,151,0.05894184201977879
1352,sub11,ling_word_target,152,-0.012912902450812433
1353,sub11,ling_word_target,153,0.0005516312218908264
1354,sub11,ling_word_target,154,-0.03017009409644843
1355,sub11,ling_word_target,155,0.02194715489036275
1356,sub11,ling_word_target,156,-0.0019174384028547967
1357,sub11,ling_word_target,157,0.016654439196267367
1358,sub11,ling_word_target,158,0.0053960691522514665
1359,sub11,ling_word_target,159,-0.01541218247748919
1360,sub11,ling_word_target,160,0.02453759541422396
1361,sub11,ling_word_target,161,0.10270118719630074
1362,sub11,ling_word_target,162,-0.00750564599555344
1363,sub11,ling_word_target,163,-0.030643200624753442
1364,sub11,ling_word_target,164,0.0074902963067540315
1365,sub11,ling_word_target,165,-0.04157846014977719
1366,sub11,ling_word_target,166,-0.05687445349138983
1367,sub11,ling_word_target,167,0.07317660122958167
1368,sub11,ling_word_target,168,0.072924786509747
1369,sub11,ling_word_target,169,0.008168960415382653
1370,sub11,ling_word_target,170,-0.08635831420203956
1371,sub11,ling_word_target,171,0.050131754766327884
1372,sub11,ling_word_target,172,-0.013816464493989985
1373,sub11,ling_word_target,173,-0.06347725800036247
1374,sub11,ling_word_target,174,0.005504077149896705
1375,sub11,ling_word_target,175,0.0937339868977577
1376,sub11,ling_word_target,176,-0.04907997711846558
1377,sub11,ling_word_target,177,0.006641471711376973
1378,sub11,ling_word_target,178,-0.03665760933623404
1379,sub11,ling_word_target,179,0.08307351520831295
1380,sub11,ling_word_target,180,-0.008395507968343903
1381,sub11,ling_word_target,181,0.030335711101535802
1382,sub11,ling_word_target,182,-0.0414860048062546
1383,sub11,ling_word_target,183,0.03228974506721842
1384,sub11,ling_word_target,184,-0.020678461203703383
1385,sub11,ling_word_target,185,0.021423725269113795
1386,sub11,ling_word_target,186,0.0453238845487317
1387,sub11,ling_word_target,187,-0.022852116626346824
1388,sub11,ling_word_target,188,-0.0691793770683716
1389,sub11,ling_word_target,189,-0.06464368632144665
1390,sub11,ling_word_target,190,0.003601753944816625
1391,sub11,ling_word_target,191,0.07197463944042151
1392,sub11,ling_word_target,192,0.02730688636685772
1393,sub11,ling_word_target,193,0.048721830332091695
1394,sub11,ling_word_target,194,-0.060707888560274655
1395,sub11,ling_word_target,195,-0.008245905707671555
1396,sub11,ling_word_target,196,0.009813266125970109
1397,sub11,ling_word_target,197,0.11538823045889342
1398,sub11,ling_word_target,198,-0.08161907523487962
1399,sub11,ling_word_target,199,0.017446845932775037
1400,sub12,ling_word_target,0,0.042660578725470084
1401,sub12,ling_word_target,1,0.040333455960978426
1402,sub12,ling_word_target,2,-0.06995622606156437
1403,sub12,ling_word_target,3,-0.01970228031982529
1404,sub12,ling_word_target,4,0.010762458011266053
1405,sub12,ling_word_target,5,-0.04436354342193783
1406,sub12,ling_word_target,6,-0.01227627595877517
1407,sub12,ling_word_target,7,-0.03045284672103339
1408,sub12,ling_word_target,8,-0.05805156130421837
1409,sub12,ling_word_target,9,-0.11163405142687362
1410,sub12,ling_word_target,10,0.09615946658892377
1411,sub12,ling_word_target,11,0.0009822306115762562
1412,sub12,ling_word_target,12,-0.09752111933875032
1413,sub12,ling_word_target,13,-0.007337601438639863
1414,sub12,ling_word_target,14,0.01855765334250323
1415,sub12,ling_word_target,15,0.01501590677900255
1416,sub12,ling_word_target,16,-0.0021149928474032582
1417,sub12,ling_word_target,17,-0.03851837878302166
1418,sub12,ling_word_target,18,-0.051943518557940216
1419,sub12,ling_word_target,19,0.007772345298719624
1420,sub12,ling_word_target,20,-0.06541223125735257
1421,sub12,ling_word_target,21,0.0362392576320774
1422,sub12,ling_word_target,22,0.07969337977261909
1423,sub12,ling_word_target,23,-0.08189534199402523
1424,sub12,ling_word_target,24,-0.03339080286823056
1425,sub12,ling_word_target,25,-0.051760848521862204
1426,sub12,ling_word_target,26,-0.007403522256640734
1427,sub12,ling_word_target,27,0.04864128330083655
1428,sub12,ling_word_target,28,-0.040576176537856695
1429,sub12,ling_word_target,29,0.09030712365236583
1430,sub12,ling_word_target,30,-0.05405399783435463
1431,sub12,ling_word_target,31,-0.0018458820299330585
1432,sub12,ling_word_target,32,-0.010144944862641881
1433,sub12,ling_word_target,33,0.016692545263804374
1434,sub12,ling_word_target,34,-0.019384343102620785
1435,sub12,ling_word_target,35,0.022848673169242394
1436,sub12,ling_word_target,36,-0.06511620097054933
1437,sub12,ling_word_target,37,-0.032881371815683416
1438,sub12,ling_word_target,38,0.04775029723662101
1439,sub12,ling_word_target,39,-0.0007366168171234245
1440,sub12,ling_word_target,40,0.045586724182361184
1441,sub12,ling_word_target,41,0.0037946661322495402
1442,sub12,ling_word_target,42,-0.003179111032989128
1443,sub12,ling_word_target,43,-0.061603476167200875
1444,sub12,ling_word_target,44,0.014357781968042575
1445,sub12,ling_word_target,45,-0.021683489440197424
1446,sub12,ling_word_target,46,-0.09518899341393851
1447,sub12,ling_word_target,47,-0.06353888526264583
1448,sub12,ling_word_target,48,0.03559144525757658
1449,sub12,ling_word_target,49,-0.013503474813491952
1450,sub12,ling_word_target,50,0.0929944187638323
1451,sub12,ling_word_target,51,0.07387233955828836
1452,sub12,ling_word_target,52,-0.009650381247186852
1453,sub12,ling_word_target,53,-0.0419564978097522
1454,sub12,ling_word_target,54,0.0006211323652813752
1455,sub12,ling_word_target,55,0.038381972281992215
1456,sub12,ling_word_target,56,-0.062226829529413066
1457,sub12,ling_word_target,57,-0.031048605476724542
1458,sub12,ling_word_target,58,-0.05372351199404763
1459,sub12,ling_word_target,59,0.053932391199698386
1460,sub12,ling_word_target,60,0.014756798721863208
1461,sub12,ling_word_target,61,-0.0053418653180173845
1462,sub12,ling_word_target,62,0.01988875471020094
1463,sub12,ling_word_target,63,0.014795205752219754
1464,sub12,ling_word_target,64,-0.02573966341263174
1465,sub12,ling_word_target,65,0.07817200580378564
1466,sub12,ling_word_target,66,0.027272447809291472
1467,sub12,ling_word_target,67,0.05456856028384431
1468,sub12,ling_word_target,68,0.05291715675271034
1469,sub12,ling_word_target,69,0.06159153050896249
1470,sub12,ling_word_target,70,-0.06801794288871094
1471,sub12,ling_word_target,71,0.09945361372244009
1472,sub12,ling_word_target,72,-0.008578599869863143
1473,sub12,ling_word_target,73,-0.007057140216926283
1474,sub12,ling_word_target,74,0.04501752300128557
1475,sub12,ling_word_target,75,0.0380418936997236
1476,sub12,ling_word_target,76,-0.12333134485918548
1477,sub12,ling_word_target,77,0.06491817075949614
1478,sub12,ling_word_target,78,0.039526735422048945
1479,sub12,ling_word_target,79,0.09115600636161267
1480,sub12,ling_word_target,80,0.048222371520208786
1481,sub12,ling_word_target,81,0.0035809182664945215
1482,sub12,ling_word_target,82,0.07453705899958951
1483,sub12,ling_word_target,83,-0.005704445123931485
1484,sub12,ling_word_target,84,0.009589292411643956
1485,sub12,ling_word_target,85,-0.05341203706136249
1486,sub12,ling_word_target,86,-0.025036110676481562
1487,sub12,ling_word_target,87,0.021702769016261086
1488,sub12,ling_word_target,88,0.03358010786194625
1489,sub12,ling_word_target,89,0.0711105431944241
1490,sub12,ling_word_target,90,0.029053210594471263
1491,sub12,ling_word_target,91,-0.061292569212310175
1492,sub12,ling_word_target,92,0.03255264124923539
1493,sub12,ling_word_target,93,-0.01641649849554331
1494,sub12,ling_word_target,94,-0.006050903862319754
1495,sub12,ling_word_target,95,-0.028446032465477084
1496,sub12,ling_word_target,96,-0.032992327521274574
1497,sub12,ling_word_target,97,-0.05665799541615065
1498,sub12,ling_word_target,98,0.06462229596219823
1499,sub12,ling_word_target,99,-0.07242408606250053
1500,sub12,ling_word_target,100,0.036316496023164405
1501,sub12,ling_word_target,101,-0.0032712713100198987
1502,sub12,ling_word_target,102,0.05237002079491667
1503,sub12,ling_word_target,103,-0.0016402441950312233
1504,sub12,ling_word_target,104,-0.06553193432974572
1505,sub12,ling_word_target,105,0.014512940924658534
1506,sub12,ling_word_target,106,0.02391171782177569
1507,sub12,ling_word_target,107,0.006268930772638557
1508,sub12,ling_word_target,108,-0.017489783269284766
1509,sub12,ling_word_target,109,0.0010902540580909738
1510,sub12,ling_word_target,110,-0.006314219303089085
1511,sub12,ling_word_target,111,0.07677643029029849
1512,sub12,ling_word_target,112,0.051707777167104486
1513,sub12,ling_word_target,113,0.002436329427795027
1514,sub12,ling_word_target,114,-0.023061775219757826
1515,sub12,ling_word_target,115,-0.012624422252935887
1516,sub12,ling_word_target,116,-0.001518413815898452
1517,sub12,ling_word_target,117,0.0069500757807578846
1518,sub12,ling_word_target,118,-0.01699337256887218
1519,sub12,ling_word_target,119,-0.020684280470982495
1520,sub12,ling_word_target,120,0.04507252360834033
1521,sub12,ling_word_target,121,-0.07679387646578702
1522,sub12,ling_word_target,122,-0.014211491053578152
1523,sub12,ling_word_target,123,0.05375391491226763
1524,sub12,ling_word_target,124,0.013312053269857195
1525,sub12,ling_word_target,125,-0.0065190420425489965
1526,sub12,ling_word_target,126,0.08406189973569951
1527,sub12,ling_word_target,127,0.012926576554419136
1528,sub12,ling_word_target,128,-0.016986661044838307
1529,sub12,ling_word_target,129,-0.009326504423724456
1530,sub12,ling_word_target,130,0.02382639466031435
1531,sub12,ling_word_target,131,-0.02200399538181709
1532,sub12,ling_word_target,132,-0.02687622282310836
1533,sub12,ling_word_target,133,0.000154800462557746
1534,sub12,ling_word_target,134,0.010339536563201473
1535,sub12,ling_word_target,135,0.02093608789883707
1536,sub12,ling_word_target,136,-0.0643465926583221
1537,sub12,ling_word_target,137,0.06468908191282842
1538,sub12,ling_word_target,138,-0.007513933360018748
1539,sub12,ling_word_target,139,-0.09274379724473222
1540,sub12,ling_word_target,140,-0.13353323969008177
1541,sub12,ling_word_target,141,8.517001729120383e-06
1542,sub12,ling_word_target,142,0.003134006435558241
1543,sub12,ling_word_target,143,0.02827121976439024
1544,sub12,ling_word_target,144,0.03732984902161527
1545,sub12,ling_word_target,145,0.04114937247497024
1546,sub12,ling_word_target,146,0.0009076301450951943
1547,sub12,ling_word_target,147,-0.028901022401965546
1548,sub12,ling_word_target,148,-0.021170876958936196
1549,sub12,ling_word_target,149,0.05446953101533491
1550,sub12,ling_word_target,150,-0.004317276581421905
1551,sub12,ling_word_target,151,0.07654384761070906
1552,sub12,ling_word_target,152,-0.09530452948406981
1553,sub12,ling_word_target,153,-0.12997515283785938
1554,sub12,ling_word_target,154,0.04949122162234398
1555,sub12,ling_word_target,155,-0.15181014276203633
1556,sub12,ling_word_target,156,-0.08346503561484572
1557,sub12,ling_word_target,157,0.03557232045439282
1558,sub12,ling_word_target,158,-0.017103585639953175
1559,sub12,ling_word_target,159,0.058103786758150824
1560,sub12,ling_word_target,160,0.005708806990731099
1561,sub12,ling_word_target,161,-0.03818640601544794
1562,sub12,ling_word_target,162,0.027145079397441103
1563,sub12,ling_word_target,163,0.018790975700361697
1564,sub12,ling_word_target,164,0.028824951965959234
1565,sub12,ling_word_target,165,-0.05391659042482151
1566,sub12,ling_word_target,166,-0.03150316543727606
1567,sub12,ling_word_target,167,0.1056984013725184
1568,sub12,ling_word_target,168,-0.019431651090864265
1569,sub12,ling_word_target,169,0.02630626014084527
1570,sub12,ling_word_target,170,0.0520108641447098
1571,sub12,ling_word_target,171,-0.07287664314240141
1572,sub12,ling_word_target,172,0.06149420751661787
1573,sub12,ling_word_target,173,0.04262721904971505
1574,sub12,ling_word_target,174,0.05085743577141859
1575,sub12,ling_word_target,175,-0.06322167515133591
1576,sub12,ling_word_target,176,-0.03328920232445678
1577,sub12,ling_word_target,177,0.0412765429820791
1578,sub12,ling_word_target,178,0.02328792670380553
1579,sub12,ling_word_target,179,0.07577288872595034
1580,sub12,ling_word_target,180,0.07947396602046829
1581,sub12,ling_word_target,181,0.07788065063386625
1582,sub12,ling_word_target,182,-0.06266509614761988
1583,sub12,ling_word_target,183,0.016902888281999127
1584,sub12,ling_word_target,184,-0.0010298812484269804
1585,sub12,ling_word_target,185,-0.03853015185091022
1586,sub12,ling_word_target,186,0.07091786721350772
1587,sub12,ling_word_target,187,0.006668771942384604
1588,sub12,ling_word_target,188,-0.018777530970927936
1589,sub12,ling_word_target,189,0.0016251484467109288
1590,sub12,ling_word_target,190,-0.02615816000776992
1591,sub12,ling_word_target,191,0.043069308177162355
1592,sub12,ling_word_target,192,0.03577663302573661
1593,sub12,ling_word_target,193,0.005922306830958898
1594,sub12,ling_word_target,194,0.04888542008464931
1595,sub12,ling_word_target,195,-0.050982170186250876
1596,sub12,ling_word_target,196,0.05721816418676946
1597,sub12,ling_word_target,197,-0.07547551627556424
1598,sub12,ling_word_target,198,0.017404875155813876
1599,sub12,ling_word_target,199,0.11633361140121877
1600,sub13,ling_word_target,0,0.0052970717828050165
1601,sub13,ling_word_target,1,0.045314619447792956
1602,sub13,ling_word_target,2,0.03113679116356364
1603,sub13,ling_word_target,3,0.009738787699202082
1604,sub13,ling_word_target,4,-0.0007802026644378285
1605,sub13,ling_word_target,5,-0.012483881085648903
1606,sub13,ling_word_target,6,-9.821194763374803e-05
1607,sub13,ling_word_target,7,-0.0724317260720377
1608,sub13,ling_word_target,8,-0.050669805902802185
1609,sub13,ling_word_target,9,-0.003884135177934897
1610,sub13,ling_word_target,10,0.002717482681855495
1611,sub13,ling_word_target,11,-0.02644352383081504
1612,sub13,ling_word_target,12,-0.01951989694566937
1613,sub13,ling_word_target,13,-0.04827201959852292
1614,sub13,ling_word_target,14,0.05003295312674689
1615,sub13,ling_word_target,15,0.08051979074097586
1616,sub13,ling_word_target,16,-0.006794373413135512
1617,sub13,ling_word_target,17,0.10096512422021867
1618,sub13,ling_word_target,18,-0.005826844807677047
1619,sub13,ling_word_target,19,0.07945123570470189
1620,sub13,ling_word_target,20,-0.002020300322483578
1621,sub13,ling_word_target,21,-0.04740211112427001
1622,sub13,ling_word_target,22,-0.008694276331754071
1623,sub13,ling_word_target,23,0.02899044018527584
1624,sub13,ling_word_target,24,0.03072351418687217
1625,sub13,ling_word_target,25,0.015506153196469932
1626,sub13,ling_word_target,26,0.0044361694305810745
1627,sub13,ling_word_target,27,-0.02601084998397991
1628,sub13,ling_word_target,28,0.01651868605473293
1629,sub13,ling_word_target,29,-0.017436674972593914
1630,sub13,ling_word_target,30,0.049357562088881146
1631,sub13,ling_word_target,31,-0.026269668474396598
1632,sub13,ling_word_target,32,0.021807424411617662
1633,sub13,ling_word_target,33,0.03844003998921383
1634,sub13,ling_word_target,34,0.031379405690420956
1635,sub13,ling_word_target,35,0.02303937782137207
1636,sub13,ling_word_target,36,-0.03354682897437998
1637,sub13,ling_word_target,37,-0.013160079887920693
1638,sub13,ling_word_target,38,-0.02438235380748099
1639,sub13,ling_word_target,39,0.01564035895200114
1640,sub13,ling_word_target,40,-0.02131907461990674
1641,sub13,ling_word_target,41,-0.027536815695150343
1642,sub13,ling_word_target,42,0.006314902647272769
1643,sub13,ling_word_target,43,0.008364418354449224
1644,sub13,ling_word_target,44,0.030076482662556112
1645,sub13,ling_word_target,45,0.01751766505810158
1646,sub13,ling_word_target,46,0.03924371320176496
1647,sub13,ling_word_target,47,0.06781714240321118
1648,sub13,ling_word_target,48,0.035675572882846104
1649,sub13,ling_word_target,49,0.043996934187702626
1650,sub13,ling_word_target,50,-0.07631743092769606
1651,sub13,ling_word_target,51,0.032602684028832804
1652,sub13,ling_word_target,52,-0.0383488614066972
1653,sub13,ling_word_target,53,-0.04086534105010807
1654,sub13,ling_word_target,54,-0.007993621440226705
1655,sub13,ling_word_target,55,0.02461839259397771
1656,sub13,ling_word_target,56,0.03603724476025607
1657,sub13,ling_word_target,57,0.006779099665631918
1658,sub13,ling_word_target,58,-0.033883089753854755
1659,sub13,ling_word_target,59,0.014004649132845015
1660,sub13,ling_word_target,60,-0.002678072491098514
1661,sub13,ling_word_target,61,0.02623390781163928
1662,sub13,ling_word_target,62,0.045800276000336294
1663,sub13,ling_word_target,63,-0.05377883792712839
1664,sub13,ling_word_target,64,-0.004684617439422042
1665,sub13,ling_word_target,65,0.02024606769335855
1666,sub13,ling_word_target,66,-0.05459568295860879
1667,sub13,ling_word_target,67,0.018933904411964086
1668,sub13,ling_word_target,68,0.03851386782864978
1669,sub13,ling_word_target,69,-0.04426671730385544
1670,sub13,ling_word_target,70,0.08786470201098748
1671,sub13,ling_word_target,71,-0.041174987644727996
1672,sub13,ling_word_target,72,0.018824436013900568
1673,sub13,ling_word_target,73,-0.03576888239588994
1674,sub13,ling_word_target,74,0.02859081760819113
1675,sub13,ling_word_target,75,-0.03456212566528671
1676,sub13,ling_word_target,76,0.030070472259580528
1677,sub13,ling_word_target,77,-0.006453260986568277
1678,sub13,ling_word_target,78,-0.04416578138136965
1679,sub13,ling_word_target,79,-0.029861332536325023
1680,sub13,ling_word_target,80,-0.057663401647979264
1681,sub13,ling_word_target,81,0.09019497539301535
1682,sub13,ling_word_target,82,0.0026693492610464723
1683,sub13,ling_word_target,83,0.040186827787402624
1684,sub13,ling_word_target,84,0.007503936574217634
1685,sub13,ling_word_target,85,-0.030275986574599664
1686,sub13,ling_word_target,86,-0.0052490226003054094
1687,sub13,ling_word_target,87,-0.06329890869645369
1688,sub13,ling_word_target,88,-0.026956692275124382
1689,sub13,ling_word_target,89,0.03303542833196791
1690,sub13,ling_word_target,90,0.046182503537387946
1691,sub13,ling_word_target,91,-0.03529913578795172
1692,sub13,ling_word_target,92,-0.057913696668117576
1693,sub13,ling_word_target,93,0.035277940230008575
1694,sub13,ling_word_target,94,0.004044000960027886
1695,sub13,ling_word_target,95,0.05965860997463003
1696,sub13,ling_word_target,96,-0.0007306579455209129
1697,sub13,ling_word_target,97,0.014985504226931148
1698,sub13,ling_word_target,98,-0.008844161670332628
1699,sub13,ling_word_target,99,0.05504203768878584
1700,sub13,ling_word_target,100,0.05975377455349582
1701,sub13,ling_word_target,101,0.0244549620133668
1702,sub13,ling_word_target,102,0.006499330411681754
1703,sub13,ling_word_target,103,0.0014874918014123816
1704,sub13,ling_word_target,104,0.04506727517414643
1705,sub13,ling_word_target,105,-0.02004499060754391
1706,sub13,ling_word_target,106,0.11242774607232718
1707,sub13,ling_word_target,107,0.037147665250454424
1708,sub13,ling_word_target,108,-0.008016469123142283
1709,sub13,ling_word_target,109,-0.007870843389856696
1710,sub13,ling_word_target,110,0.049045055699939895
1711,sub13,ling_word_target,111,0.010507931242014506
1712,sub13,ling_word_target,112,-0.017742533387364666
1713,sub13,ling_word_target,113,0.12198424912088893
1714,sub13,ling_word_target,114,0.0022534600167760307
1715,sub13,ling_word_target,115,0.08956876880144207
1716,sub13,ling_word_target,116,-0.04938385484331504
1717,sub13,ling_word_target,117,0.15073744889344018
1718,sub13,ling_word_target,118,-0.020440629785581234
1719,sub13,ling_word_target,119,0.039935779295135074
1720,sub13,ling_word_target,120,0.018485381156983467
1721,sub13,ling_word_target,121,-0.021340683212239486
1722,sub13,ling_word_target,122,-0.014715388704201715
1723,sub13,ling_word_target,123,0.04514385334668994
1724,sub13,ling_word_target,124,0.024172495069290135
1725,sub13,ling_word_target,125,0.02127734933984082
1726,sub13,ling_word_target,126,0.0019224039709296902
1727,sub13,ling_word_target,127,-0.00628201426983265
1728,sub13,ling_word_target,128,0.08081433357131379
1729,sub13,ling_word_target,129,0.0019908296579380473
1730,sub13,ling_word_target,130,-0.002439548689472129
1731,sub13,ling_word_target,131,0.08621855618845935
1732,sub13,ling_word_target,132,-0.04398562345724902
1733,sub13,ling_word_target,133,-0.031496883029888935
1734,sub13,ling_word_target,134,0.018343066033847864
1735,sub13,ling_word_target,135,0.11248289298630293
1736,sub13,ling_word_target,136,0.013579128401646325
1737,sub13,ling_word_target,137,0.02305165784323914
1738,sub13,ling_word_target,138,-0.06337144225915148
1739,sub13,ling_word_target,139,0.024851952658092143
1740,sub13,ling_word_target,140,0.03614898547519508
1741,sub13,ling_word_target,141,-0.06163583606125402
1742,sub13,ling_word_target,142,0.0841728095452991
1743,sub13,ling_word_target,143,0.03765747421231298
1744,sub13,ling_word_target,144,0.03745271815191743
1745,sub13,ling_word_target,145,-0.0055963007401637725
1746,sub13,ling_word_target,146,0.0818787886059006
1747,sub13,ling_word_target,147,0.023846502816853226
1748,sub13,ling_word_target,148,0.032254891621251336
1749,sub13,ling_word_target,149,-0.0031350715861476752
1750,sub13,ling_word_target,150,-0.13770818522127592
1751,sub13,ling_word_target,151,-0.11159605944815275
1752,sub13,ling_word_target,152,0.010106901234247073
1753,sub13,ling_word_target,153,-0.00681367932159802
1754,sub13,ling_word_target,154,0.012279374869187277
1755,sub13,ling_word_target,155,-0.01623848473448244
1756,sub13,ling_word_target,156,-0.07611947845174141
1757,sub13,ling_word_target,157,0.06588059910349625
1758,sub13,ling_word_target,158,0.013554804322166884
1759,sub13,ling_word_target,159,0.019089324454848542
1760,sub13,ling_word_target,160,-0.07614935792349291
1761,sub13,ling_word_target,161,-0.03396341004209456
1762,sub13,ling_word_target,162,0.038233611470105705
1763,sub13,ling_word_target,163,0.07692444843316107
1764,sub13,ling_word_target,164,-0.03792609576565033
1765,sub13,ling_word_target,165,0.01415195497972584
1766,sub13,ling_word_target,166,-0.032595813336368344
1767,sub13,ling_word_target,167,-0.039366099027022684
1768,sub13,ling_word_target,168,-0.011748709176810883
1769,sub13,ling_word_target,169,-0.10879378132125189
1770,sub13,ling_word_target,170,-0.050077335861604046
1771,sub13,ling_word_target,171,0.027442559122017703
1772,sub13,ling_word_target,172,-0.07019129578299814
1773,sub13,ling_word_target,173,-0.0069658758613154485
1774,sub13,ling_word_target,174,-0.008700278820663425
1775,sub13,ling_word_target,175,0.002604920202198094
1776,sub13,ling_word_target,176,-0.01584485905327196
1777,sub13,ling_word_target,177,0.0562783310079027
1778,sub13,ling_word_target,178,-0.011636955930578487
1779,sub13,ling_word_target,179,-0.0054110224390066936
1780,sub13,ling_word_target,180,0.018229801523916893
1781,sub13,ling_word_target,181,-0.1403675529238529
1782,sub13,ling_word_target,182,0.002040324846608835
1783,sub13,ling_word_target,183,0.05998650488822427
1784,sub13,ling_word_target,184,-0.025441725950715165
1785,sub13,ling_word_target,185,0.049701161822014416
1786,sub13,ling_word_target,186,0.07441735417066665
1787,sub13,ling_word_target,187,-0.023247454460994157
1788,sub13,ling_word_target,188,-0.021807355247493963
1789,sub13,ling_word_target,189,0.0284547021418721
1790,sub13,ling_word_target,190,0.026386830571836165
1791,sub13,ling_word_target,191,-0.04459544421658519
1792,sub13,ling_word_target,192,-0.030845347423592677
1793,sub13,ling_word_target,193,-0.02745314104820175
1794,sub13,ling_word_target,194,-0.037787678749957844
1795,sub13,ling_word_target,195,0.009089215114012337
1796,sub13,ling_word_target,196,0.08163356777493745
1797,sub13,ling_word_target,197,0.04286860686934011
1798,sub13,ling_word_target,198,-0.05691569300455793
1799,sub13,ling_word_target,199,-0.03759069905384701
1800,sub14,ling_word_target,0,-0.022206452688553403
1801,sub14,ling_word_target,1,-0.05510771173729591
1802,sub14,ling_word_target,2,-0.011756400815160235
1803,sub14,ling_word_target,3,0.008662088678580761
1804,sub14,ling_word_target,4,-0.027240484904235283
1805,sub14,ling_word_target,5,-0.005448576639177401
1806,sub14,ling_word_target,6,0.004841568772639753
1807,sub14,ling_word_target,7,-0.009700578882853894
1808,sub14,ling_word_target,8,0.005211442129229792
1809,sub14,ling_word_target,9,-0.03283613285911413
1810,sub14,ling_word_target,10,-0.017736195279453266
1811,sub14,ling_word_target,11,-0.04487012366778618
1812,sub14,ling_word_target,12,0.006863745775983357
1813,sub14,ling_word_target,13,-0.008342105854833352
1814,sub14,ling_word_target,14,-0.03149492522940336
1815,sub14,ling_word_target,15,0.0033556024923929017
1816,sub14,ling_word_target,16,-0.004653734938432439
1817,sub14,ling_word_target,17,-0.009723970606189349
1818,sub14,ling_word_target,18,-0.018564063319980704
1819,sub14,ling_word_target,19,-0.013395081915836007
1820,sub14,ling_word_target,20,-0.043018168562944624
1821,sub14,ling_word_target,21,-0.035793239294797136
1822,sub14,ling_word_target,22,0.011794876793462427
1823,sub14,ling_word_target,23,-0.09766442040773864
1824,sub14,ling_word_target,24,-0.038300981634407434
1825,sub14,ling_word_target,25,-0.043853699953668765
1826,sub14,ling_word_target,26,-0.021600487548149562
1827,sub14,ling_word_target,27,-0.03206702960829031
1828,sub14,ling_word_target,28,-0.012959013756158195
1829,sub14,ling_word_target,29,-0.0020097899520974192
1830,sub14,ling_word_target,30,0.0283571501291574
1831,sub14,ling_word_target,31,0.015249369556343626
1832,sub14,ling_word_target,32,-0.06151185696568487
1833,sub14,ling_word_target,33,-0.08091393386226199
1834,sub14,ling_word_target,34,-0.0379662179335316
1835,sub14,ling_word_target,35,0.002625701601083881
1836,sub14,ling_word_target,36,-0.012857619324839227
1837,sub14,ling_word_target,37,-0.02251350557126837
1838,sub14,ling_word_target,38,-0.003364187516086435
1839,sub14,ling_word_target,39,0.04291273849931885
1840,sub14,ling_word_target,40,0.014287648836549208
1841,sub14,ling_word_target,41,-0.04430034816222315
1842,sub14,ling_word_target,42,-0.00023407255645583816
1843,sub14,ling_word_target,43,-0.05428104865878354
1844,sub14,ling_word_target,44,0.016088837288457107
1845,sub14,ling_word_target,45,-0.08169349075576746
1846,sub14,ling_word_target,46,-0.040093637710511665
1847,sub14,ling_word_target,47,0.032561941956373616
1848,sub14,ling_word_target,48,-0.0036366976385575904
1849,sub14,ling_word_target,49,0.010715111156703545
1850,sub14,ling_word_target,50,-0.03861734186114125
1851,sub14,ling_word_target,51,0.013391151492024415
1852,sub14,ling_word_target,52,-0.034214391966221044
1853,sub14,ling_word_target,53,-0.02040283125309933
1854,sub14,ling_word_target,54,-0.01942165971423898
1855,sub14,ling_word_target,55,-0.014390792267696273
1856,sub14,ling_word_target,56,-0.006919160110812424
1857,sub14,ling_word_target,57,0.039074873399955634
1858,sub14,ling_word_target,58,-0.03314332342751867
1859,sub14,ling_word_target,59,-0.045416336329778866
1860,sub14,ling_word_target,60,0.026603559958973424
1861,sub14,ling_word_target,61,-0.022581216735920638
1862,sub14,ling_word_target,62,-0.01766105857279474
1863,sub14,ling_word_target,63,0.014092429376970677
1864,sub14,ling_word_target,64,-0.0713894236609704
1865,sub14,ling_word_target,65,-0.039072102890031345
1866,sub14,ling_word_target,66,0.0520311108706772
1867,sub14,ling_word_target,67,0.08053845534857032
1868,sub14,ling_word_target,68,-0.07658008901685592
1869,sub14,ling_word_target,69,0.03263073463902545
1870,sub14,ling_word_target,70,0.009953317971748137
1871,sub14,ling_word_target,71,-0.09145966737827788
1872,sub14,ling_word_target,72,0.019074320154995855
1873,sub14,ling_word_target,73,0.08883284919085323
1874,sub14,ling_word_target,74,-0.00560254772631121
1875,sub14,ling_word_target,75,-0.035098710632429045
1876,sub14,ling_word_target,76,-0.02106996522729218
1877,sub14,ling_word_target,77,-0.022411621798971562
1878,sub14,ling_word_target,78,0.0005565990284899919
1879,sub14,ling_word_target,79,0.03278271081043008
1880,sub14,ling_word_target,80,-0.006622943450540915
1881,sub14,ling_word_target,81,-0.08288999548452339
1882,sub14,ling_word_target,82,0.008330530816536924
1883,sub14,ling_word_target,83,0.02003715536588021
1884,sub14,ling_word_target,84,-0.008295468865612462
1885,sub14,ling_word_target,85,-0.011473097110594271
1886,sub14,ling_word_target,86,0.027284112872938537
1887,sub14,ling_word_target,87,-0.08316274624102511
1888,sub14,ling_word_target,88,-0.022923100365856302
1889,sub14,ling_word_target,89,0.010014925942686208
1890,sub14,ling_word_target,90,0.027043286973833514
1891,sub14,ling_word_target,91,0.037590943727116355
1892,sub14,ling_word_target,92,0.00854315969951921
1893,sub14,ling_word_target,93,-0.020589521327180445
1894,sub14,ling_word_target,94,0.04274098054537002
1895,sub14,ling_word_target,95,-0.023598898374302815
1896,sub14,ling_word_target,96,0.008477465553531289
1897,sub14,ling_word_target,97,-0.004163096037527641
1898,sub14,ling_word_target,98,0.05167019914219154
1899,sub14,ling_word_target,99,-0.020254928125587424
1900,sub14,ling_word_target,100,-0.005971232283948424
1901,sub14,ling_word_target,101,0.012981563926529837
1902,sub14,ling_word_target,102,-0.018919984768541297
1903,sub14,ling_word_target,103,0.040718406653257336
1904,sub14,ling_word_target,104,-0.02202661819871683
1905,sub14,ling_word_target,105,-0.06039894327598301
1906,sub14,ling_word_target,106,-0.049539412317795684
1907,sub14,ling_word_target,107,0.03891290641049018
1908,sub14,ling_word_target,108,-0.011328917652155058
1909,sub14,ling_word_target,109,-0.04018275164244329
1910,sub14,ling_word_target,110,-0.01951564898805665
1911,sub14,ling_word_target,111,0.012826646893706252
1912,sub14,ling_word_target,112,-0.031565289636437614
1913,sub14,ling_word_target,113,0.029340400943348256
1914,sub14,ling_word_target,114,-0.03057659769811669
1915,sub14,ling_word_target,115,-0.019302280894109753
1916,sub14,ling_word_target,116,-0.004530934255923568
1917,sub14,ling_word_target,117,-0.041142980285453164
1918,sub14,ling_word_target,118,-0.011094048653594129
1919,sub14,ling_word_target,119,0.005767221813132112
1920,sub14,ling_word_target,120,0.0037391583936167423
1921,sub14,ling_word_target,121,-0.013579026131340814
1922,sub14,ling_word_target,122,0.01925480663770713
1923,sub14,ling_word_target,123,0.06176742460776748
1924,sub14,ling_word_target,124,-0.021976302301922154
1925,sub14,ling_word_target,125,0.008865194669945944
1926,sub14,ling_word_target,126,-0.06892583792494404
1927,sub14,ling_word_target,127,-0.0010858907317352075
1928,sub14,ling_word_target,128,0.03633762155540598
1929,sub14,ling_word_target,129,-0.03069433161097765
1930,sub14,ling_word_target,130,-0.010989551780134083
1931,sub14,ling_word_target,131,-0.010957978261972163
1932,sub14,ling_word_target,132,0.00958107333114356
1933,sub14,ling_word_target,133,-0.03962317479576793
1934,sub14,ling_word_target,134,0.01514084954120004
1935,sub14,ling_word_target,135,0.04284153661984007
1936,sub14,ling_word_target,136,-0.035050263301933955
1937,sub14,ling_word_target,137,0.03702901151211336
1938,sub14,ling_word_target,138,-0.00822729187891876
1939,sub14,ling_word_target,139,-0.055620605645316
1940,sub14,ling_word_target,140,-0.03270426143759757
1941,sub14,ling_word_target,141,0.0331996824223637
1942,sub14,ling_word_target,142,-0.024505502448779748
1943,sub14,ling_word_target,143,-0.06289171420849964
1944,sub14,ling_word_target,144,-0.002094903702341066
1945,sub14,ling_word_target,145,0.0386214469717884
1946,sub14,ling_word_target,146,-0.015445385127425144
1947,sub14,ling_word_target,147,-0.014130568497112707
1948,sub14,ling_word_target,148,0.06269712876989518
1949,sub14,ling_word_target,149,-0.04574074481345179
1950,sub14,ling_word_target,150,0.016092066052038778
1951,sub14,ling_word_target,151,-0.06405613490152273
1952,sub14,ling_word_target,152,-0.015531795958839134
1953,sub14,ling_word_target,153,-0.0039029423161043497
1954,sub14,ling_word_target,154,-0.03329817462188644
1955,sub14,ling_word_target,155,-0.0319213748544468
1956,sub14,ling_word_target,156,-0.011389740385441868
1957,sub14,ling_word_target,157,-0.042088592472802215
1958,sub14,ling_word_target,158,0.023014621892762432
1959,sub14,ling_word_target,159,-0.04143356642804989
1960,sub14,ling_word_target,160,0.029247811105156306
1961,sub14,ling_word_target,161,-0.007911303731011385
1962,sub14,ling_word_target,162,-0.018484545200981924
1963,sub14,ling_word_target,163,-0.01437255479876866
1964,sub14,ling_word_target,164,0.0022315669476386376
1965,sub14,ling_word_target,165,0.007668201931522911
1966,sub14,ling_word_target,166,-0.02215111972394026
1967,sub14,ling_word_target,167,0.005997547191658795
1968,sub14,ling_word_target,168,0.02889010433086911
1969,sub14,ling_word_target,169,-0.024914782355852916
1970,sub14,ling_word_target,170,0.01762597178263938
1971,sub14,ling_word_target,171,-0.054939195629380724
1972,sub14,ling_word_target,172,-0.0363064512965025
1973,sub14,ling_word_target,173,-0.0069814495446820805
1974,sub14,ling_word_target,174,-0.021107641592916684
1975,sub14,ling_word_target,175,-0.01286162946938184
1976,sub14,ling_word_target,176,0.0047557457471895164
1977,sub14,ling_word_target,177,-0.0031353168555416627
1978,sub14,ling_word_target,178,-0.05751265947423549
1979,sub14,ling_word_target,179,-0.0017997563669780452
1980,sub14,ling_word_target,180,0.0007652162411253426
1981,sub14,ling_word_target,181,0.022461823656848092
1982,sub14,ling_word_target,182,-0.021428119134593627
1983,sub14,ling_word_target,183,0.024648036339564302
1984,sub14,ling_word_target,184,-0.02491678436292435
1985,sub14,ling_word_target,185,-0.03866248978146135
1986,sub14,ling_word_target,186,-0.011222948412193486
1987,sub14,ling_word_target,187,-0.0011445299749564479
1988,sub14,ling_word_target,188,-0.02494799252802609
1989,sub14,ling_word_target,189,0.06944677498604966
1990,sub14,ling_word_target,190,-0.0017385992602479846
1991,sub14,ling_word_target,191,0.03840059660664702
1992,sub14,ling_word_target,192,0.026975509678672512
1993,sub14,ling_word_target,193,0.005086925245866626
1994,sub14,ling_word_target,194,0.010278490156281633
1995,sub14,ling_word_target,195,0.011317465307622598
1996,sub14,ling_word_target,196,0.005777690184052839
1997,sub14,ling_word_target,197,-0.01861454859064453
1998,sub14,ling_word_target,198,-0.0020321579462320707
1999,sub14,ling_word_target,199,-0.02962882786192398
2000,sub15,ling_word_target,0,-0.07174478628109791
2001,sub15,ling_word_target,1,-0.04485024544998852
2002,sub15,ling_word_target,2,0.09642497003372479
2003,sub15,ling_word_target,3,-0.023598640475963745
2004,sub15,ling_word_target,4,-0.04116165598823504
2005,sub15,ling_word_target,5,-0.06110230744894805
2006,sub15,ling_word_target,6,0.06036508166963148
2007,sub15,ling_word_target,7,-0.05948227290647424
2008,sub15,ling_word_target,8,-0.01634239760689617
2009,sub15,ling_word_target,9,-0.01040890486669777
2010,sub15,ling_word_target,10,0.008757963600062422
2011,sub15,ling_word_target,11,-0.008865732311633226
2012,sub15,ling_word_target,12,0.01065934112741598
2013,sub15,ling_word_target,13,-0.006179134206047987
2014,sub15,ling_word_target,14,-0.013274967752014368
2015,sub15,ling_word_target,15,0.011426888168980902
2016,sub15,ling_word_target,16,0.07403119578926107
2017,sub15,ling_word_target,17,0.006523312066775121
2018,sub15,ling_word_target,18,-0.0020730919289628693
2019,sub15,ling_word_target,19,0.017138110705056428
2020,sub15,ling_word_target,20,-0.03436342184568943
2021,sub15,ling_word_target,21,0.014131065671009923
2022,sub15,ling_word_target,22,-0.04084525660091007
2023,sub15,ling_word_target,23,-0.011438064650008984
2024,sub15,ling_word_target,24,0.029964473859612352
2025,sub15,ling_word_target,25,-0.0012140029911281787
2026,sub15,ling_word_target,26,0.02991129178675881
2027,sub15,ling_word_target,27,-0.03081527057012004
2028,sub15,ling_word_target,28,0.009645602795145035
2029,sub15,ling_word_target,29,-0.03490153384911432
2030,sub15,ling_word_target,30,0.01966425445291827
2031,sub15,ling_word_target,31,0.06741352223748592
2032,sub15,ling_word_target,32,-0.022935094923233094
2033,sub15,ling_word_target,33,0.009497286846535093
2034,sub15,ling_word_target,34,-0.0013917998414874778
2035,sub15,ling_word_target,35,0.06225597981790943
2036,sub15,ling_word_target,36,0.03710584663614748
2037,sub15,ling_word_target,37,0.019829460394723615
2038,sub15,ling_word_target,38,0.04071203319510493
2039,sub15,ling_word_target,39,-0.0319886463199929
2040,sub15,ling_word_target,40,-0.004976306183522124
2041,sub15,ling_word_target,41,-0.009159707265078566
2042,sub15,ling_word_target,42,-0.02029657150001725
2043,sub15,ling_word_target,43,0.001647945210514643
2044,sub15,ling_word_target,44,0.039793324785015016
2045,sub15,ling_word_target,45,0.022438009499027023
2046,sub15,ling_word_target,46,0.02669989390695413
2047,sub15,ling_word_target,47,-0.07137783226289736
2048,sub15,ling_word_target,48,0.015252973031450694
2049,sub15,ling_word_target,49,0.042156651275920755
2050,sub15,ling_word_target,50,0.008229883513170451
2051,sub15,ling_word_target,51,0.012035119186340131
2052,sub15,ling_word_target,52,-0.039482677626795366
2053,sub15,ling_word_target,53,-0.009635939618654488
2054,sub15,ling_word_target,54,0.0026292961230524768
2055,sub15,ling_word_target,55,0.04132618226294588
2056,sub15,ling_word_target,56,0.001612579060971388
2057,sub15,ling_word_target,57,0.01771844420124914
2058,sub15,ling_word_target,58,0.05300852283641057
2059,sub15,ling_word_target,59,-0.01863404701017193
2060,sub15,ling_word_target,60,-0.014840474600629096
2061,sub15,ling_word_target,61,0.009751967574994354
2062,sub15,ling_word_target,62,-0.015138040104662376
2063,sub15,ling_word_target,63,-0.015028675210893867
2064,sub15,ling_word_target,64,0.0409637534642749
2065,sub15,ling_word_target,65,0.0012839800076465057
2066,sub15,ling_word_target,66,-0.029470910351309696
2067,sub15,ling_word_target,67,0.03161843480841848
2068,sub15,ling_word_target,68,0.08792359167702059
2069,sub15,ling_word_target,69,-0.06194993288811347
2070,sub15,ling_word_target,70,-0.05951317524293545
2071,sub15,ling_word_target,71,-0.002094826978401202
2072,sub15,ling_word_target,72,-0.00596537175858196
2073,sub15,ling_word_target,73,0.004469724906241945
2074,sub15,ling_word_target,74,0.030875219344222684
2075,sub15,ling_word_target,75,0.0006492893343171902
2076,sub15,ling_word_target,76,0.003783032594514488
2077,sub15,ling_word_target,77,0.005780996915713565
2078,sub15,ling_word_target,78,-0.04267308203249214
2079,sub15,ling_word_target,79,-0.0553101443093897
2080,sub15,ling_word_target,80,0.06145324124729177
2081,sub15,ling_word_target,81,-0.033932127253082464
2082,sub15,ling_word_target,82,-0.12212052805087177
2083,sub15,ling_word_target,83,0.06603402134915823
2084,sub15,ling_word_target,84,-0.03199672326702618
2085,sub15,ling_word_target,85,0.01824642925001576
2086,sub15,ling_word_target,86,0.015658787024262075
2087,sub15,ling_word_target,87,0.0651619648077272
2088,sub15,ling_word_target,88,-0.00039989259463388933
2089,sub15,ling_word_target,89,-0.09966937818682634
2090,sub15,ling_word_target,90,-0.06280054634164375
2091,sub15,ling_word_target,91,-0.04126148535088449
2092,sub15,ling_word_target,92,0.015530497243796784
2093,sub15,ling_word_target,93,0.04556656818811326
2094,sub15,ling_word_target,94,0.015232697330188364
2095,sub15,ling_word_target,95,0.010921461321663967
2096,sub15,ling_word_target,96,0.04856207213291991
2097,sub15,ling_word_target,97,0.007310420237881283
2098,sub15,ling_word_target,98,-0.010689408009741799
2099,sub15,ling_word_target,99,-0.0019075479133862968
2100,sub15,ling_word_target,100,-0.01768377784936381
2101,sub15,ling_word_target,101,0.004974188922347489
2102,sub15,ling_word_target,102,0.013019044119346648
2103,sub15,ling_word_target,103,0.06670386293987025
2104,sub15,ling_word_target,104,-0.05608629647063615
2105,sub15,ling_word_target,105,0.02653064957186236
2106,sub15,ling_word_target,106,-0.057028817924233824
2107,sub15,ling_word_target,107,-0.06483694026298009
2108,sub15,ling_word_target,108,0.016431814316447576
2109,sub15,ling_word_target,109,-0.006189096606774229
2110,sub15,ling_word_target,110,0.031166877135865464
2111,sub15,ling_word_target,111,0.03541729293461187
2112,sub15,ling_word_target,112,-0.00428273177385363
2113,sub15,ling_word_target,113,-0.04950675041362611
2114,sub15,ling_word_target,114,-0.045057461296241316
2115,sub15,ling_word_target,115,0.009114917104831494
2116,sub15,ling_word_target,116,-0.047256461792598375
2117,sub15,ling_word_target,117,0.007134778559506811
2118,sub15,ling_word_target,118,0.0035822408486154544
2119,sub15,ling_word_target,119,0.005059281707148798
2120,sub15,ling_word_target,120,-0.00412527804355458
2121,sub15,ling_word_target,121,0.040290235128531166
2122,sub15,ling_word_target,122,-0.04738694757485693
2123,sub15,ling_word_target,123,0.01611436340747642
2124,sub15,ling_word_target,124,0.012026772625950073
2125,sub15,ling_word_target,125,-0.021126923616478187
2126,sub15,ling_word_target,126,-0.03595461495393879
2127,sub15,ling_word_target,127,0.03683194775583022
2128,sub15,ling_word_target,128,0.04685385643651907
2129,sub15,ling_word_target,129,0.039608270935879875
2130,sub15,ling_word_target,130,0.012298666916031136
2131,sub15,ling_word_target,131,-0.020846343353850022
2132,sub15,ling_word_target,132,-0.021830385009418165
2133,sub15,ling_word_target,133,-0.05192443040649
2134,sub15,ling_word_target,134,0.00305457594257411
2135,sub15,ling_word_target,135,0.0699429560419266
2136,sub15,ling_word_target,136,-0.03247009715908772
2137,sub15,ling_word_target,137,0.03588377151289389
2138,sub15,ling_word_target,138,0.0016761986031417259
2139,sub15,ling_word_target,139,-0.00989794587597652
2140,sub15,ling_word_target,140,-0.026771566436813426
2141,sub15,ling_word_target,141,0.004655858437859294
2142,sub15,ling_word_target,142,0.04396815687128939
2143,sub15,ling_word_target,143,0.04225024687453411
2144,sub15,ling_word_target,144,7.357784254357315e-05
2145,sub15,ling_word_target,145,0.0783077268777077
2146,sub15,ling_word_target,146,-0.05911640282551743
2147,sub15,ling_word_target,147,0.0013741342241389799
2148,sub15,ling_word_target,148,-0.02168688074295506
2149,sub15,ling_word_target,149,0.012902836547687504
2150,sub15,ling_word_target,150,0.00806117396225582
2151,sub15,ling_word_target,151,-0.006151796758329587
2152,sub15,ling_word_target,152,-0.1214322267274793
2153,sub15,ling_word_target,153,-0.010784013246810019
2154,sub15,ling_word_target,154,-0.015587602852712566
2155,sub15,ling_word_target,155,-0.1113557872743298
2156,sub15,ling_word_target,156,-0.027648051258004538
2157,sub15,ling_word_target,157,0.022837419611324246
2158,sub15,ling_word_target,158,0.0246078872158422
2159,sub15,ling_word_target,159,-0.03252093051248011
2160,sub15,ling_word_target,160,0.007793633322529093
2161,sub15,ling_word_target,161,-0.005923894046201228
2162,sub15,ling_word_target,162,-0.04690549990576471
2163,sub15,ling_word_target,163,-0.02637431528544623
2164,sub15,ling_word_target,164,0.062317511207828385
2165,sub15,ling_word_target,165,0.07558846972932036
2166,sub15,ling_word_target,166,0.01813963758445468
2167,sub15,ling_word_target,167,-0.028257989108518115
2168,sub15,ling_word_target,168,0.012360323521289058
2169,sub15,ling_word_target,169,0.022477517918617136
2170,sub15,ling_word_target,170,-0.00904366263735831
2171,sub15,ling_word_target,171,0.016613894685309768
2172,sub15,ling_word_target,172,-0.03160431313349901
2173,sub15,ling_word_target,173,-0.03309708721309922
2174,sub15,ling_word_target,174,0.00028757754099466873
2175,sub15,ling_word_target,175,0.046801914171080955
2176,sub15,ling_word_target,176,-0.03550034920653901
2177,sub15,ling_word_target,177,-0.03398960044517564
2178,sub15,ling_word_target,178,-0.051729625462747925
2179,sub15,ling_word_target,179,-0.014179875879342876
2180,sub15,ling_word_target,180,-0.014790556315760652
2181,sub15,ling_word_target,181,-0.01062503889347631
2182,sub15,ling_word_target,182,0.009369468872875786
2183,sub15,ling_word_target,183,0.005856866611874627
2184,sub15,ling_word_target,184,-0.012494692547629992
2185,sub15,ling_word_target,185,0.015474313006738172
2186,sub15,ling_word_target,186,0.007256719747909778
2187,sub15,ling_word_target,187,0.01624152755729368
2188,sub15,ling_word_target,188,-0.035452993136066625
2189,sub15,ling_word_target,189,0.06259927269950727
2190,sub15,ling_word_target,190,-0.0204680778902915
2191,sub15,ling_word_target,191,0.05242393347468285
2192,sub15,ling_word_target,192,0.05663403699131042
2193,sub15,ling_word_target,193,0.0157618292499281
2194,sub15,ling_word_target,194,-0.037691812497012415
2195,sub15,ling_word_target,195,-0.03994375637317493
2196,sub15,ling_word_target,196,0.07998412720007102
2197,sub15,ling_word_target,197,0.013166742821766992
2198,sub15,ling_word_target,198,-0.02199444505095851
2199,sub15,ling_word_target,199,-0.004419013134181801
2200,sub16,ling_word_target,0,0.0016982286332685589
2201,sub16,ling_word_target,1,-0.01123371004389885
2202,sub16,ling_word_target,2,0.00018773036741344826
2203,sub16,ling_word_target,3,0.059949609562928864
2204,sub16,ling_word_target,4,-0.0011116672247765073
2205,sub16,ling_word_target,5,0.000417727012576511
2206,sub16,ling_word_target,6,0.05514928889658638
2207,sub16,ling_word_target,7,0.035341622157192915
2208,sub16,ling_word_target,8,-0.006023772174869988
2209,sub16,ling_word_target,9,0.038130317463819945
2210,sub16,ling_word_target,10,0.012818094056247993
2211,sub16,ling_word_target,11,0.03151112388307414
2212,sub16,ling_word_target,12,-0.0031285119498726936
2213,sub16,ling_word_target,13,0.003779393271579488
2214,sub16,ling_word_target,14,-0.03225357235540549
2215,sub16,ling_word_target,15,-0.01658249215391057
2216,sub16,ling_word_target,16,-4.2207977152519124e-06
2217,sub16,ling_word_target,17,-0.02328366211260451
2218,sub16,ling_word_target,18,-0.003210295238417844
2219,sub16,ling_word_target,19,0.031628107536791815
2220,sub16,ling_word_target,20,-0.004145447362475614
2221,sub16,ling_word_target,21,0.01828385200994806
2222,sub16,ling_word_target,22,-0.007031662539415389
2223,sub16,ling_word_target,23,0.03314952364401909
2224,sub16,ling_word_target,24,0.03252826529649635
2225,sub16,ling_word_target,25,0.0273822963095651
2226,sub16,ling_word_target,26,0.01448111227180586
2227,sub16,ling_word_target,27,-0.020397779239885627
2228,sub16,ling_word_target,28,0.02204717731315395
2229,sub16,ling_word_target,29,0.0037712771854556556
2230,sub16,ling_word_target,30,0.007445170161873527
2231,sub16,ling_word_target,31,0.013685474532956092
2232,sub16,ling_word_target,32,-0.08823190905351139
2233,sub16,ling_word_target,33,-0.011212803154651094
2234,sub16,ling_word_target,34,-0.0427203585918836
2235,sub16,ling_word_target,35,0.01424528362714332
2236,sub16,ling_word_target,36,0.020304271568135888
2237,sub16,ling_word_target,37,-0.08742931114029556
2238,sub16,ling_word_target,38,-0.009562936176969693
2239,sub16,ling_word_target,39,0.008484138000905651
2240,sub16,ling_word_target,40,0.01317936066932253
2241,sub16,ling_word_target,41,-0.03586207673538232
2242,sub16,ling_word_target,42,-0.0011709974620937342
2243,sub16,ling_word_target,43,-0.005689493460712197
2244,sub16,ling_word_target,44,-0.03781547087342948
2245,sub16,ling_word_target,45,-0.017406730323694695
2246,sub16,ling_word_target,46,-0.046698651960680224
2247,sub16,ling_word_target,47,-0.009274027602806325
2248,sub16,ling_word_target,48,-0.008741913439674074
2249,sub16,ling_word_target,49,-0.0397951540073552
2250,sub16,ling_word_target,50,0.006647830064361221
2251,sub16,ling_word_target,51,-0.033905293496011395
2252,sub16,ling_word_target,52,-0.0024132537734446
2253,sub16,ling_word_target,53,-0.039173231012109934
2254,sub16,ling_word_target,54,0.012295725601673562
2255,sub16,ling_word_target,55,-0.03745396430486996
2256,sub16,ling_word_target,56,-0.021156002707549186
2257,sub16,ling_word_target,57,0.04824074588100383
2258,sub16,ling_word_target,58,0.040709142494630146
2259,sub16,ling_word_target,59,0.009542656316337344
2260,sub16,ling_word_target,60,-0.013785192019116078
2261,sub16,ling_word_target,61,-0.024945299135029696
2262,sub16,ling_word_target,62,-0.043677803745700905
2263,sub16,ling_word_target,63,-0.013570428388670801
2264,sub16,ling_word_target,64,-0.05325456198964153
2265,sub16,ling_word_target,65,0.013648108928836982
2266,sub16,ling_word_target,66,0.047305648331720046
2267,sub16,ling_word_target,67,-0.006895466749837572
2268,sub16,ling_word_target,68,-0.06170865266654095
2269,sub16,ling_word_target,69,0.021935256718026045
2270,sub16,ling_word_target,70,0.014729344616257481
2271,sub16,ling_word_target,71,0.02082020653705025
2272,sub16,ling_word_target,72,0.017701441510457067
2273,sub16,ling_word_target,73,-0.007808876970012925
2274,sub16,ling_word_target,74,0.02446755697383576
2275,sub16,ling_word_target,75,0.042091109692243084
2276,sub16,ling_word_target,76,0.005911066126069913
2277,sub16,ling_word_target,77,-0.02459986379680798
2278,sub16,ling_word_target,78,0.030642080954048145
2279,sub16,ling_word_target,79,-0.10996215126441959
2280,sub16,ling_word_target,80,0.04514864790460977
2281,sub16,ling_word_target,81,0.037289206575691125
2282,sub16,ling_word_target,82,0.06864463240934969
2283,sub16,ling_word_target,83,0.018105298389099786
2284,sub16,ling_word_target,84,-0.030029152200251347
2285,sub16,ling_word_target,85,0.0233842796727707
2286,sub16,ling_word_target,86,0.00913558787762276
2287,sub16,ling_word_target,87,0.017271517619663227
2288,sub16,ling_word_target,88,-0.01767907210934986
2289,sub16,ling_word_target,89,0.04809566479285894
2290,sub16,ling_word_target,90,0.024498786791761738
2291,sub16,ling_word_target,91,0.009456697698379818
2292,sub16,ling_word_target,92,-0.0219081386262818
2293,sub16,ling_word_target,93,0.04139737488760589
2294,sub16,ling_word_target,94,0.014913120130110603
2295,sub16,ling_word_target,95,0.027605309187569635
2296,sub16,ling_word_target,96,0.03601338319313595
2297,sub16,ling_word_target,97,-0.0018125379852978818
2298,sub16,ling_word_target,98,0.016644720001488852
2299,sub16,ling_word_target,99,-0.003034610551499452
2300,sub16,ling_word_target,100,0.0010543918445755775
2301,sub16,ling_word_target,101,-0.010578257377568975
2302,sub16,ling_word_target,102,-0.012339050507455627
2303,sub16,ling_word_target,103,-0.059694980665683635
2304,sub16,ling_word_target,104,0.010391593911585556
2305,sub16,ling_word_target,105,-0.012434596064241495
2306,sub16,ling_word_target,106,0.01444885912779828
2307,sub16,ling_word_target,107,-0.049783346691965456
2308,sub16,ling_word_target,108,-0.01222609838652252
2309,sub16,ling_word_target,109,0.021676920786133938
2310,sub16,ling_word_target,110,-0.05890167752395911
2311,sub16,ling_word_target,111,0.016872249387086934
2312,sub16,ling_word_target,112,0.041807237583365714
2313,sub16,ling_word_target,113,-0.0008146580634306812
2314,sub16,ling_word_target,114,0.005373574225252838
2315,sub16,ling_word_target,115,0.07248699712102781
2316,sub16,ling_word_target,116,0.04701545846792426
2317,sub16,ling_word_target,117,-0.0016075435413299777
2318,sub16,ling_word_target,118,0.03864678710661094
2319,sub16,ling_word_target,119,-0.04402885918803657
2320,sub16,ling_word_target,120,0.05283892528271389
2321,sub16,ling_word_target,121,0.017823603698530463
2322,sub16,ling_word_target,122,0.05028805567537894
2323,sub16,ling_word_target,123,-0.005985782537582865
2324,sub16,ling_word_target,124,-0.05352207902969381
2325,sub16,ling_word_target,125,0.08037150646111256
2326,sub16,ling_word_target,126,-0.05000522898755255
2327,sub16,ling_word_target,127,0.04636170202501957
2328,sub16,ling_word_target,128,0.03699494372376393
2329,sub16,ling_word_target,129,0.009192201263545762
2330,sub16,ling_word_target,130,-0.04102458256234136
2331,sub16,ling_word_target,131,0.011348608915976933
2332,sub16,ling_word_target,132,-0.09129615756129666
2333,sub16,ling_word_target,133,0.0119205118310018
2334,sub16,ling_word_target,134,0.02253799045789478
2335,sub16,ling_word_target,135,-0.0003457214991790733
2336,sub16,ling_word_target,136,0.005209857306605526
2337,sub16,ling_word_target,137,0.014227125664834335
2338,sub16,ling_word_target,138,0.05510704799417255
2339,sub16,ling_word_target,139,0.0005932194251020305
2340,sub16,ling_word_target,140,-0.012244384538018002
2341,sub16,ling_word_target,141,0.013473144842464457
2342,sub16,ling_word_target,142,-0.0429453170206751
2343,sub16,ling_word_target,143,0.02733128574092048
2344,sub16,ling_word_target,144,0.004176139203277525
2345,sub16,ling_word_target,145,-0.0078069023928567195
2346,sub16,ling_word_target,146,-0.011519154150646468
2347,sub16,ling_word_target,147,-0.002431059713820541
2348,sub16,ling_word_target,148,-0.009650556726058416
2349,sub16,ling_word_target,149,-0.09227637810671063
2350,sub16,ling_word_target,150,-0.03560876340941068
2351,sub16,ling_word_target,151,-0.0027392024794963402
2352,sub16,ling_word_target,152,0.052747232932179915
2353,sub16,ling_word_target,153,0.0406552205691627
2354,sub16,ling_word_target,154,0.040866599349220725
2355,sub16,ling_word_target,155,-0.016592812549830638
2356,sub16,ling_word_target,156,-0.020402390175880778
2357,sub16,ling_word_target,157,-0.03241001677005359
2358,sub16,ling_word_target,158,0.00021191963279136453
2359,sub16,ling_word_target,159,-0.043598179359712774
2360,sub16,ling_word_target,160,0.0038392924843376384
2361,sub16,ling_word_target,161,0.01662166079835138
2362,sub16,ling_word_target,162,0.07173674185198543
2363,sub16,ling_word_target,163,0.003036621519103179
2364,sub16,ling_word_target,164,0.020668973873778317
2365,sub16,ling_word_target,165,0.01660356198322025
2366,sub16,ling_word_target,166,0.032229478737379344
2367,sub16,ling_word_target,167,0.011531083068692462
2368,sub16,ling_word_target,168,-0.03580742769629939
2369,sub16,ling_word_target,169,-0.006718377668519262
2370,sub16,ling_word_target,170,-0.029358320299844084
2371,sub16,ling_word_target,171,0.0012279712487604357
2372,sub16,ling_word_target,172,-0.01625938370973614
2373,sub16,ling_word_target,173,0.02330982631988455
2374,sub16,ling_word_target,174,-0.032802044765822255
2375,sub16,ling_word_target,175,-0.07147898655924721
2376,sub16,ling_word_target,176,-0.05744520898579812
2377,sub16,ling_word_target,177,0.011464831752687397
2378,sub16,ling_word_target,178,0.06497984981301291
2379,sub16,ling_word_target,179,-0.03883648413937884
2380,sub16,ling_word_target,180,-0.017473443199790852
2381,sub16,ling_word_target,181,-0.016808347416841094
2382,sub16,ling_word_target,182,0.017400964191078935
2383,sub16,ling_word_target,183,0.06460099630010908
2384,sub16,ling_word_target,184,-0.055018260941709994
2385,sub16,ling_word_target,185,-0.047060348536683616
2386,sub16,ling_word_target,186,-0.03902639588290645
2387,sub16,ling_word_target,187,0.04757891865826068
2388,sub16,ling_word_target,188,0.03678124109668417
2389,sub16,ling_word_target,189,-0.028018966817202083
2390,sub16,ling_word_target,190,-0.01380168077255158
2391,sub16,ling_word_target,191,0.015993545944837873
2392,sub16,ling_word_target,192,0.0409630501439337
2393,sub16,ling_word_target,193,-0.001980837385796886
2394,sub16,ling_word_target,194,-0.005353346429093027
2395,sub16,ling_word_target,195,-0.06004132498953486
2396,sub16,ling_word_target,196,-0.015463443072379174
2397,sub16,ling_word_target,197,0.0842472954502633
2398,sub16,ling_word_target,198,0.028476654798725458
2399,sub16,ling_word_target,199,-0.007663959471687739
2400,sub18,ling_word_target,0,-0.011248455107273458
2401,sub18,ling_word_target,1,-0.14103235418846136
2402,sub18,ling_word_target,2,-0.01015089166476386
2403,sub18,ling_word_target,3,-0.05521562597365372
2404,sub18,ling_word_target,4,0.13399911167625567
2405,sub18,ling_word_target,5,0.07807093366906213
2406,sub18,ling_word_target,6,0.054056066450709164
2407,sub18,ling_word_target,7,-0.0012044591894799013
2408,sub18,ling_word_target,8,-0.07683322628366018
2409,sub18,ling_word_target,9,0.12811145917138483
2410,sub18,ling_word_target,10,-0.011032250102944676
2411,sub18,ling_word_target,11,0.03670444543422237
2412,sub18,ling_word_target,12,-0.019715647089979912
2413,sub18,ling_word_target,13,0.05052772889150768
2414,sub18,ling_word_target,14,0.08311864242870237
2415,sub18,ling_word_target,15,-0.03340612123064512
2416,sub18,ling_word_target,16,0.09522904194857512
2417,sub18,ling_word_target,17,-0.006433056782214899
2418,sub18,ling_word_target,18,0.058711927887763846
2419,sub18,ling_word_target,19,-0.03883077666388711
2420,sub18,ling_word_target,20,-0.007349157997711737
2421,sub18,ling_word_target,21,-0.0318756500816683
2422,sub18,ling_word_target,22,0.02726692154235474
2423,sub18,ling_word_target,23,-0.012757827231693341
2424,sub18,ling_word_target,24,-0.007157579349336868
2425,sub18,ling_word_target,25,-0.06084610395738789
2426,sub18,ling_word_target,26,0.0006477765965060217
2427,sub18,ling_word_target,27,0.028087143829228674
2428,sub18,ling_word_target,28,-0.06802883864312477
2429,sub18,ling_word_target,29,-0.018270293239100344
2430,sub18,ling_word_target,30,-0.042344135570318284
2431,sub18,ling_word_target,31,0.017293146114268663
2432,sub18,ling_word_target,32,0.07839284072407326
2433,sub18,ling_word_target,33,-0.024708289174766213
2434,sub18,ling_word_target,34,-0.0531575722405645
2435,sub18,ling_word_target,35,-0.13588203414761324
2436,sub18,ling_word_target,36,-0.028557531117236114
2437,sub18,ling_word_target,37,0.05131049163668168
2438,sub18,ling_word_target,38,-0.04707480842470314
2439,sub18,ling_word_target,39,0.09422931690177555
2440,sub18,ling_word_target,40,-0.036745812835674886
2441,sub18,ling_word_target,41,-0.05555010682291384
2442,sub18,ling_word_target,42,0.09994423994832165
2443,sub18,ling_word_target,43,0.04491273451920651
2444,sub18,ling_word_target,44,0.015121195259001486
2445,sub18,ling_word_target,45,-0.13119988678438152
2446,sub18,ling_word_target,46,-0.038710442506195694
2447,sub18,ling_word_target,47,-0.08555478047336301
2448,sub18,ling_word_target,48,-0.012210117018877
2449,sub18,ling_word_target,49,0.036284378134778424
2450,sub18,ling_word_target,50,-0.049631640424928146
2451,sub18,ling_word_target,51,0.03195700833205652
2452,sub18,ling_word_target,52,0.010210466178769752
2453,sub18,ling_word_target,53,-0.028963146954890558
2454,sub18,ling_word_target,54,-0.018667839600209745
2455,sub18,ling_word_target,55,0.01272376328108751
2456,sub18,ling_word_target,56,0.0256076875174869
2457,sub18,ling_word_target,57,-0.0606872178401922
2458,sub18,ling_word_target,58,0.013761456270703623
2459,sub18,ling_word_target,59,-0.0030799170088950337
2460,sub18,ling_word_target,60,0.10130894382888705
2461,sub18,ling_word_target,61,-0.04369006685532719
2462,sub18,ling_word_target,62,0.0031505722922621905
2463,sub18,ling_word_target,63,-0.007918842640590026
2464,sub18,ling_word_target,64,0.08739719119593901
2465,sub18,ling_word_target,65,-0.07151380321607193
2466,sub18,ling_word_target,66,0.03691046744907886
2467,sub18,ling_word_target,67,0.039546010714993
2468,sub18,ling_word_target,68,0.036011412727438546
2469,sub18,ling_word_target,69,-0.0345959495232947
2470,sub18,ling_word_target,70,0.05128375280868682
2471,sub18,ling_word_target,71,0.02090726257150629
2472,sub18,ling_word_target,72,0.05979857451678245
2473,sub18,ling_word_target,73,0.01344145075031849
2474,sub18,ling_word_target,74,-0.04510243839651251
2475,sub18,ling_word_target,75,0.012801372820215958
2476,sub18,ling_word_target,76,-0.039125613389978914
2477,sub18,ling_word_target,77,0.04413251106851015
2478,sub18,ling_word_target,78,-0.03284959555606238
2479,sub18,ling_word_target,79,-0.08753446667078069
2480,sub18,ling_word_target,80,0.08742533391249124
2481,sub18,ling_word_target,81,-0.04486408158253641
2482,sub18,ling_word_target,82,0.03230422085732429
2483,sub18,ling_word_target,83,-0.013162712928462545
2484,sub18,ling_word_target,84,0.06151339922924124
2485,sub18,ling_word_target,85,0.06713714950868775
2486,sub18,ling_word_target,86,0.07996546120207768
2487,sub18,ling_word_target,87,-0.027086755582574003
2488,sub18,ling_word_target,88,0.04684777204995475
2489,sub18,ling_word_target,89,-0.03074076218640912
2490,sub18,ling_word_target,90,-0.028083561122755625
2491,sub18,ling_word_target,91,-0.09128369471385894
2492,sub18,ling_word_target,92,-0.04098680062996343
2493,sub18,ling_word_target,93,0.002272824926375873
2494,sub18,ling_word_target,94,-0.09786369413437054
2495,sub18,ling_word_target,95,0.025989481187425872
2496,sub18,ling_word_target,96,-0.021493743493378473
2497,sub18,ling_word_target,97,0.05344827382378456
2498,sub18,ling_word_target,98,-0.06535817628248677
2499,sub18,ling_word_target,99,0.02580947982449467
2500,sub18,ling_word_target,100,0.05235455363375912
2501,sub18,ling_word_target,101,-0.0034491899733543373
2502,sub18,ling_word_target,102,-0.03601901466280128
2503,sub18,ling_word_target,103,-0.026135138994859492
2504,sub18,ling_word_target,104,0.01703131565149537
2505,sub18,ling_word_target,105,-0.04019893610817254
2506,sub18,ling_word_target,106,0.009235751691823628
2507,sub18,ling_word_target,107,0.010758774855302055
2508,sub18,ling_word_target,108,0.03408970989037991
2509,sub18,ling_word_target,109,0.06120514961140349
2510,sub18,ling_word_target,110,-0.020702981899504282
2511,sub18,ling_word_target,111,0.029394338423635542
2512,sub18,ling_word_target,112,-0.017562299152081542
2513,sub18,ling_word_target,113,-0.04143022228260808
2514,sub18,ling_word_target,114,0.057335870927829734
2515,sub18,ling_word_target,115,-0.03960932434299044
2516,sub18,ling_word_target,116,0.03288450253906373
2517,sub18,ling_word_target,117,0.032539822602401854
2518,sub18,ling_word_target,118,0.006060730184610263
2519,sub18,ling_word_target,119,0.02608917684509771
2520,sub18,ling_word_target,120,0.05101572635746665
2521,sub18,ling_word_target,121,0.004739570642027426
2522,sub18,ling_word_target,122,-0.01856823505427033
2523,sub18,ling_word_target,123,0.022462925995366746
2524,sub18,ling_word_target,124,0.028373474198669514
2525,sub18,ling_word_target,125,-0.06554141278050256
2526,sub18,ling_word_target,126,0.03606361764011556
2527,sub18,ling_word_target,127,-0.07051926850659551
2528,sub18,ling_word_target,128,-0.0128092240800573
2529,sub18,ling_word_target,129,0.006459606859693992
2530,sub18,ling_word_target,130,0.021939689790423707
2531,sub18,ling_word_target,131,-0.021018217348453206
2532,sub18,ling_word_target,132,0.0025291192219316833
2533,sub18,ling_word_target,133,-0.05621860472146315
2534,sub18,ling_word_target,134,-0.03865148199929518
2535,sub18,ling_word_target,135,0.1038098549504398
2536,sub18,ling_word_target,136,-0.010978644366375695
2537,sub18,ling_word_target,137,-0.16147299494729023
2538,sub18,ling_word_target,138,-0.03747015316508945
2539,sub18,ling_word_target,139,-0.058342764112719096
2540,sub18,ling_word_target,140,-0.022645948230184808
2541,sub18,ling_word_target,141,-0.03094734241777908
2542,sub18,ling_word_target,142,-0.09462760252589648
2543,sub18,ling_word_target,143,-0.05106669467739331
2544,sub18,ling_word_target,144,0.07218397328767824
2545,sub18,ling_word_target,145,0.011977531788521772
2546,sub18,ling_word_target,146,-0.06263914122980092
2547,sub18,ling_word_target,147,-0.004640573207254281
2548,sub18,ling_word_target,148,0.03448836498831642
2549,sub18,ling_word_target,149,-0.06623471382713873
2550,sub18,ling_word_target,150,-0.032497319401844534
2551,sub18,ling_word_target,151,0.038039427775415205
2552,sub18,ling_word_target,152,-0.12259295260278966
2553,sub18,ling_word_target,153,0.004283697484838788
2554,sub18,ling_word_target,154,-0.014444300892471758
2555,sub18,ling_word_target,155,-0.02577560547608059
2556,sub18,ling_word_target,156,0.037864161457620615
2557,sub18,ling_word_target,157,0.10491493333115934
2558,sub18,ling_word_target,158,-0.11390970423568833
2559,sub18,ling_word_target,159,-0.011445133775084097
2560,sub18,ling_word_target,160,-0.007427044857953646
2561,sub18,ling_word_target,161,-0.022002208204121167
2562,sub18,ling_word_target,162,0.03618988663283256
2563,sub18,ling_word_target,163,0.028811171291261182
2564,sub18,ling_word_target,164,-0.03647881129824247
2565,sub18,ling_word_target,165,0.055272359305300264
2566,sub18,ling_word_target,166,-0.04131606075863582
2567,sub18,ling_word_target,167,-0.004994465904120118
2568,sub18,ling_word_target,168,0.05474707905712823
2569,sub18,ling_word_target,169,-0.00545485283201729
2570,sub18,ling_word_target,170,-0.0740417504610742
2571,sub18,ling_word_target,171,-0.0014501976194209573
2572,sub18,ling_word_target,172,0.026448287655247142
2573,sub18,ling_word_target,173,-0.04291193319546772
2574,sub18,ling_word_target,174,0.03594144670265047
2575,sub18,ling_word_target,175,0.07703314796485965
2576,sub18,ling_word_target,176,-0.047859256495529044
2577,sub18,ling_word_target,177,-0.12289615739942053
2578,sub18,ling_word_target,178,-0.04362130820281681
2579,sub18,ling_word_target,179,0.10763850277082568
2580,sub18,ling_word_target,180,0.08374913817974242
2581,sub18,ling_word_target,181,0.07002450537081086
2582,sub18,ling_word_target,182,0.008183515265167043
2583,sub18,ling_word_target,183,0.053054614559317245
2584,sub18,ling_word_target,184,0.01702816379730277
2585,sub18,ling_word_target,185,0.13859387083665076
2586,sub18,ling_word_target,186,-0.013187758980791529
2587,sub18,ling_word_target,187,0.04463817855945751
2588,sub18,ling_word_target,188,0.046163835451254805
2589,sub18,ling_word_target,189,-0.12001645343403122
2590,sub18,ling_word_target,190,0.019953165723745777
2591,sub18,ling_word_target,191,0.026915883642836445
2592,sub18,ling_word_target,192,-0.0019933044302738647
2593,sub18,ling_word_target,193,-0.010023632193078716
2594,sub18,ling_word_target,194,-0.014058611725435429
2595,sub18,ling_word_target,195,-0.05835237464884415
2596,sub18,ling_word_target,196,0.07903920243978603
2597,sub18,ling_word_target,197,-0.008632523614970397
2598,sub18,ling_word_target,198,0.029742507407612424
2599,sub18,ling_word_target,199,0.10777733951798758
2600,sub19,ling_word_target,0,-0.057742743903786926
2601,sub19,ling_word_target,1,0.018232982358810712
2602,sub19,ling_word_target,2,-0.0360862921240249
2603,sub19,ling_word_target,3,0.03188177277429659
2604,sub19,ling_word_target,4,0.0021761689133910907
2605,sub19,ling_word_target,5,0.07168408383245613
2606,sub19,ling_word_target,6,0.03641156301406964
2607,sub19,ling_word_target,7,-0.07746788465236727
2608,sub19,ling_word_target,8,0.0033481175312639
2609,sub19,ling_word_target,9,-0.031152187146792517
2610,sub19,ling_word_target,10,0.003838864973488412
2611,sub19,ling_word_target,11,0.0026292891034215794
2612,sub19,ling_word_target,12,-0.07607049034927467
2613,sub19,ling_word_target,13,-0.043542439928363555
2614,sub19,ling_word_target,14,0.03705948098330285
2615,sub19,ling_word_target,15,0.01241728499196648
2616,sub19,ling_word_target,16,-0.12620077851711894
2617,sub19,ling_word_target,17,0.019180666816030298
2618,sub19,ling_word_target,18,0.025826663528854286
2619,sub19,ling_word_target,19,0.04825209213478458
2620,sub19,ling_word_target,20,-0.003771203580394324
2621,sub19,ling_word_target,21,0.03819886176131686
2622,sub19,ling_word_target,22,0.004773521811612653
2623,sub19,ling_word_target,23,-0.042290381899491095
2624,sub19,ling_word_target,24,-0.07832251591848007
2625,sub19,ling_word_target,25,0.057532199276495756
2626,sub19,ling_word_target,26,-0.020686371430863115
2627,sub19,ling_word_target,27,0.06436660104771129
2628,sub19,ling_word_target,28,0.04022550506373105
2629,sub19,ling_word_target,29,0.10274137242974285
2630,sub19,ling_word_target,30,-0.13657557578985904
2631,sub19,ling_word_target,31,0.03371887527148967
2632,sub19,ling_word_target,32,-0.03278906197034713
2633,sub19,ling_word_target,33,0.0392005554264135
2634,sub19,ling_word_target,34,-0.053547736086090016
2635,sub19,ling_word_target,35,0.01638316374879386
2636,sub19,ling_word_target,36,-0.022525692603716074
2637,sub19,ling_word_target,37,0.018391303925934688
2638,sub19,ling_word_target,38,0.0012020995434595008
2639,sub19,ling_word_target,39,0.04795195265547612
2640,sub19,ling_word_target,40,-0.03564540970455701
2641,sub19,ling_word_target,41,0.04538085471670138
2642,sub19,ling_word_target,42,0.028425010793850222
2643,sub19,ling_word_target,43,-0.0070005285634909134
2644,sub19,ling_word_target,44,0.019744188473397106
2645,sub19,ling_word_target,45,0.01576557380994765
2646,sub19,ling_word_target,46,-0.03526026355638838
2647,sub19,ling_word_target,47,0.009161952286129421
2648,sub19,ling_word_target,48,0.03408775755936927
2649,sub19,ling_word_target,49,0.016336452428670965
2650,sub19,ling_word_target,50,-0.011319083491850165
2651,sub19,ling_word_target,51,0.054079946389649435
2652,sub19,ling_word_target,52,0.04082151414028102
2653,sub19,ling_word_target,53,0.026416013906886724
2654,sub19,ling_word_target,54,-0.04201117547398702
2655,sub19,ling_word_target,55,0.011626263559103876
2656,sub19,ling_word_target,56,-0.09609347395521066
2657,sub19,ling_word_target,57,-0.03957324822453635
2658,sub19,ling_word_target,58,-0.05700770851227115
2659,sub19,ling_word_target,59,-0.029480657800959962
2660,sub19,ling_word_target,60,0.024325206893438544
2661,sub19,ling_word_target,61,-0.01544969017363137
2662,sub19,ling_word_target,62,0.0607773532922069
2663,sub19,ling_word_target,63,0.01479353367046979
2664,sub19,ling_word_target,64,-0.05416287412102413
2665,sub19,ling_word_target,65,0.12554790998949686
2666,sub19,ling_word_target,66,0.0132683677460334
2667,sub19,ling_word_target,67,-0.021462479260176096
2668,sub19,ling_word_target,68,0.01699468217948471
2669,sub19,ling_word_target,69,0.024572562899472548
2670,sub19,ling_word_target,70,-0.01211437458548623
2671,sub19,ling_word_target,71,0.03155909696377307
2672,sub19,ling_word_target,72,-0.041736195514392276
2673,sub19,ling_word_target,73,0.037901473015292286
2674,sub19,ling_word_target,74,0.008308568960511442
2675,sub19,ling_word_target,75,-0.008909141863915664
2676,sub19,ling_word_target,76,-0.05726811683325338
2677,sub19,ling_word_target,77,-0.07315628650143112
2678,sub19,ling_word_target,78,0.09207701440283798
2679,sub19,ling_word_target,79,-0.022675732205416476
2680,sub19,ling_word_target,80,0.05844643796844107
2681,sub19,ling_word_target,81,-0.027894217924404666
2682,sub19,ling_word_target,82,0.016883290438242472
2683,sub19,ling_word_target,83,0.09534089260172778
2684,sub19,ling_word_target,84,-0.014801842569146061
2685,sub19,ling_word_target,85,-0.03719402192920485
2686,sub19,ling_word_target,86,0.06686506985761495
2687,sub19,ling_word_target,87,0.11252619133105231
2688,sub19,ling_word_target,88,-0.03617275019490549
2689,sub19,ling_word_target,89,-0.004344441534568916
2690,sub19,ling_word_target,90,-0.005068606981641626
2691,sub19,ling_word_target,91,0.07162129429345845
2692,sub19,ling_word_target,92,-0.0012852149717874884
2693,sub19,ling_word_target,93,0.023432122583058546
2694,sub19,ling_word_target,94,0.002807454134772725
2695,sub19,ling_word_target,95,0.013133610363256755
2696,sub19,ling_word_target,96,-0.005312349908650711
2697,sub19,ling_word_target,97,-0.01862102250871701
2698,sub19,ling_word_target,98,-0.010805116601508439
2699,sub19,ling_word_target,99,0.002602617619300444
2700,sub19,ling_word_target,100,-0.04156216760075679
2701,sub19,ling_word_target,101,0.005878980884548079
2702,sub19,ling_word_target,102,0.017438166767353193
2703,sub19,ling_word_target,103,0.04387628744828543
2704,sub19,ling_word_target,104,-0.0028251077562114857
2705,sub19,ling_word_target,105,-0.017906124772307925
2706,sub19,ling_word_target,106,0.008085289203567787
2707,sub19,ling_word_target,107,-0.10069304548999178
2708,sub19,ling_word_target,108,-0.004659634559029517
2709,sub19,ling_word_target,109,-0.02249636959472899
2710,sub19,ling_word_target,110,-0.006387894572467944
2711,sub19,ling_word_target,111,-0.05012859827693377
2712,sub19,ling_word_target,112,0.007667656864681348
2713,sub19,ling_word_target,113,0.019309757421411746
2714,sub19,ling_word_target,114,-0.07609894602825888
2715,sub19,ling_word_target,115,-0.04492723661372835
2716,sub19,ling_word_target,116,0.060751946348302034
2717,sub19,ling_word_target,117,-0.05790478649455446
2718,sub19,ling_word_target,118,-0.05284794669834881
2719,sub19,ling_word_target,119,0.016949627538056188
2720,sub19,ling_word_target,120,-0.017729022850572894
2721,sub19,ling_word_target,121,0.024994926839923857
2722,sub19,ling_word_target,122,-0.009493100369764106
2723,sub19,ling_word_target,123,0.10329594962087545
2724,sub19,ling_word_target,124,0.03692441344255938
2725,sub19,ling_word_target,125,-0.11068999206930162
2726,sub19,ling_word_target,126,0.018612106680809513
2727,sub19,ling_word_target,127,-0.04489641646777782
2728,sub19,ling_word_target,128,0.018303309120500873
2729,sub19,ling_word_target,129,0.03614557805000877
2730,sub19,ling_word_target,130,-0.01645268582847666
2731,sub19,ling_word_target,131,0.048496878100018716
2732,sub19,ling_word_target,132,0.0026875670228438254
2733,sub19,ling_word_target,133,-0.017774124424647597
2734,sub19,ling_word_target,134,-0.00702035918287962
2735,sub19,ling_word_target,135,0.05081128043477898
2736,sub19,ling_word_target,136,0.11999995012721319
2737,sub19,ling_word_target,137,0.06451776535077013
2738,sub19,ling_word_target,138,0.056024153126185694
2739,sub19,ling_word_target,139,-0.04027490707532279
2740,sub19,ling_word_target,140,0.002364725945349061
2741,sub19,ling_word_target,141,0.027909171558727325
2742,sub19,ling_word_target,142,-0.023952178524333862
2743,sub19,ling_word_target,143,0.0193501684675372
2744,sub19,ling_word_target,144,0.026359689362759234
2745,sub19,ling_word_target,145,0.035642334097273104
2746,sub19,ling_word_target,146,-0.012954872555402508
2747,sub19,ling_word_target,147,-0.014569698046331245
2748,sub19,ling_word_target,148,-0.00788347347771032
2749,sub19,ling_word_target,149,-0.01880032648644283
2750,sub19,ling_word_target,150,-0.03919295880701054
2751,sub19,ling_word_target,151,0.0008613778433882201
2752,sub19,ling_word_target,152,-0.04016370575780742
2753,sub19,ling_word_target,153,-0.04549035794789737
2754,sub19,ling_word_target,154,-0.02228994649957952
2755,sub19,ling_word_target,155,-0.0009648905435657419
2756,sub19,ling_word_target,156,0.01567402241766775
2757,sub19,ling_word_target,157,-0.05085112642211517
2758,sub19,ling_word_target,158,0.01340153317439698
2759,sub19,ling_word_target,159,0.005430394106694548
2760,sub19,ling_word_target,160,0.019067186972897384
2761,sub19,ling_word_target,161,0.031224258357592384
2762,sub19,ling_word_target,162,0.07147443236332462
2763,sub19,ling_word_target,163,-0.09384820265661813
2764,sub19,ling_word_target,164,-0.06460011191349563
2765,sub19,ling_word_target,165,0.060125579877833964
2766,sub19,ling_word_target,166,-0.01605037158345592
2767,sub19,ling_word_target,167,-0.010249539445314792
2768,sub19,ling_word_target,168,0.03825227347785149
2769,sub19,ling_word_target,169,-0.09716284057885295
2770,sub19,ling_word_target,170,-0.05544310189346083
2771,sub19,ling_word_target,171,-0.038566010188510164
2772,sub19,ling_word_target,172,-0.018678575123604386
2773,sub19,ling_word_target,173,0.03344045312049542
2774,sub19,ling_word_target,174,-0.08694846229395119
2775,sub19,ling_word_target,175,-0.0012837645537622224
2776,sub19,ling_word_target,176,-0.022590076732493695
2777,sub19,ling_word_target,177,0.057157934282004705
2778,sub19,ling_word_target,178,-0.0524459267918737
2779,sub19,ling_word_target,179,-0.026253574211100927
2780,sub19,ling_word_target,180,-0.019359008776804968
2781,sub19,ling_word_target,181,-0.026553867323707167
2782,sub19,ling_word_target,182,-0.014206358218387775
2783,sub19,ling_word_target,183,-0.020923386812131323
2784,sub19,ling_word_target,184,-0.01729007121809531
2785,sub19,ling_word_target,185,-0.015479289738530737
2786,sub19,ling_word_target,186,-0.004290271903659662
2787,sub19,ling_word_target,187,-0.06511369312879317
2788,sub19,ling_word_target,188,-0.00439374877886071
2789,sub19,ling_word_target,189,-0.01777868017464874
2790,sub19,ling_word_target,190,0.006626466880149408
2791,sub19,ling_word_target,191,0.053638737400903115
2792,sub19,ling_word_target,192,-0.028636335008097244
2793,sub19,ling_word_target,193,0.05409439755872842
2794,sub19,ling_word_target,194,0.07661758050193208
2795,sub19,ling_word_target,195,-0.029780151948614136
2796,sub19,ling_word_target,196,0.021969591427944735
2797,sub19,ling_word_target,197,0.01697079928045125
2798,sub19,ling_word_target,198,-0.023409379879421835
2799,sub19,ling_word_target,199,0.03986587947368831
2800,sub20,ling_word_target,0,-0.02015744631647576
2801,sub20,ling_word_target,1,0.03319378553280897
2802,sub20,ling_word_target,2,0.01739220116448788
2803,sub20,ling_word_target,3,0.014332834883393852
2804,sub20,ling_word_target,4,-0.06993909730219426
2805,sub20,ling_word_target,5,-0.008416231625362482
2806,sub20,ling_word_target,6,-0.03273459925584607
2807,sub20,ling_word_target,7,-0.029762757081955374
2808,sub20,ling_word_target,8,-0.023664514094303254
2809,sub20,ling_word_target,9,0.020148042154734407
2810,sub20,ling_word_target,10,-0.04672714841580219
2811,sub20,ling_word_target,11,-0.08197944978328289
2812,sub20,ling_word_target,12,0.00535927137875197
2813,sub20,ling_word_target,13,0.0066026688553479365
2814,sub20,ling_word_target,14,0.005456855156392013
2815,sub20,ling_word_target,15,0.1325760027623385
2816,sub20,ling_word_target,16,0.027671773665763608
2817,sub20,ling_word_target,17,0.04423938612181139
2818,sub20,ling_word_target,18,0.003582222323228171
2819,sub20,ling_word_target,19,-0.02952063875360564
2820,sub20,ling_word_target,20,0.047791283574149156
2821,sub20,ling_word_target,21,0.05567310942597293
2822,sub20,ling_word_target,22,-0.02630905473093259
2823,sub20,ling_word_target,23,0.013650790001583209
2824,sub20,ling_word_target,24,0.03367250057213062
2825,sub20,ling_word_target,25,-0.007779697252095604
2826,sub20,ling_word_target,26,0.05313340446214507
2827,sub20,ling_word_target,27,0.030703345790639387
2828,sub20,ling_word_target,28,-0.08597205492086016
2829,sub20,ling_word_target,29,0.05319068760651812
2830,sub20,ling_word_target,30,-0.011123405032737801
2831,sub20,ling_word_target,31,-0.018368018568214135
2832,sub20,ling_word_target,32,-0.004337411888182296
2833,sub20,ling_word_target,33,0.04304209483278599
2834,sub20,ling_word_target,34,-0.03510434111301877
2835,sub20,ling_word_target,35,0.011906030193731609
2836,sub20,ling_word_target,36,-0.0047014045847074285
2837,sub20,ling_word_target,37,0.05155824263799754
2838,sub20,ling_word_target,38,0.04742675300942468
2839,sub20,ling_word_target,39,-0.016327590635789414
2840,sub20,ling_word_target,40,-0.017592899514369403
2841,sub20,ling_word_target,41,-0.0491825212793167
2842,sub20,ling_word_target,42,-0.07717189937830148
2843,sub20,ling_word_target,43,-0.03931709153820486
2844,sub20,ling_word_target,44,0.07999199838930694
2845,sub20,ling_word_target,45,0.03741916889079275
2846,sub20,ling_word_target,46,-0.055786881659302484
2847,sub20,ling_word_target,47,-0.012599230572304537
2848,sub20,ling_word_target,48,0.022832888700552757
2849,sub20,ling_word_target,49,-0.006987520810118601
2850,sub20,ling_word_target,50,0.01976774693394366
2851,sub20,ling_word_target,51,-0.05326836442406246
2852,sub20,ling_word_target,52,0.053855024641464105
2853,sub20,ling_word_target,53,-0.03131319813098294
2854,sub20,ling_word_target,54,0.0250722403198608
2855,sub20,ling_word_target,55,0.0032230233267842804
2856,sub20,ling_word_target,56,0.009921846964113074
2857,sub20,ling_word_target,57,-0.017030663579748348
2858,sub20,ling_word_target,58,-0.0018734331579997794
2859,sub20,ling_word_target,59,0.048211177488101886
2860,sub20,ling_word_target,60,-0.0562401129466286
2861,sub20,ling_word_target,61,-0.0565899116550465
2862,sub20,ling_word_target,62,-0.016132753221740927
2863,sub20,ling_word_target,63,0.019704410748205944
2864,sub20,ling_word_target,64,-0.03529243806322833
2865,sub20,ling_word_target,65,-0.061851952960696434
2866,sub20,ling_word_target,66,-0.03491025509727054
2867,sub20,ling_word_target,67,0.016133731618018718
2868,sub20,ling_word_target,68,0.03916293545970042
2869,sub20,ling_word_target,69,-0.03438210364788415
2870,sub20,ling_word_target,70,-0.006748677954879926
2871,sub20,ling_word_target,71,0.07215652718408579
2872,sub20,ling_word_target,72,0.0067071547504738505
2873,sub20,ling_word_target,73,0.06667736585600449
2874,sub20,ling_word_target,74,-0.072199501803524
2875,sub20,ling_word_target,75,0.02489246922862443
2876,sub20,ling_word_target,76,0.11827008615588012
2877,sub20,ling_word_target,77,-0.010222070976880989
2878,sub20,ling_word_target,78,-0.07614556235242435
2879,sub20,ling_word_target,79,-0.024407452590185386
2880,sub20,ling_word_target,80,0.005384003368210911
2881,sub20,ling_word_target,81,0.057712417821851277
2882,sub20,ling_word_target,82,0.0551188922789374
2883,sub20,ling_word_target,83,-0.021999006996293084
2884,sub20,ling_word_target,84,-0.007290702377652661
2885,sub20,ling_word_target,85,0.006128127738006229
2886,sub20,ling_word_target,86,0.029090957293281837
2887,sub20,ling_word_target,87,-0.05333854357058346
2888,sub20,ling_word_target,88,-0.05328086457844712
2889,sub20,ling_word_target,89,0.0839136472186004
2890,sub20,ling_word_target,90,0.033224594367971275
2891,sub20,ling_word_target,91,0.017864447566323466
2892,sub20,ling_word_target,92,0.0680141960566383
2893,sub20,ling_word_target,93,0.02181011362078874
2894,sub20,ling_word_target,94,0.010081960809742548
2895,sub20,ling_word_target,95,0.024111882576771517
2896,sub20,ling_word_target,96,0.06285662653024722
2897,sub20,ling_word_target,97,0.03889227058201949
2898,sub20,ling_word_target,98,0.004202605194529153
2899,sub20,ling_word_target,99,-0.04378943729840466
2900,sub20,ling_word_target,100,0.006307870325041875
2901,sub20,ling_word_target,101,-0.01769372583397972
2902,sub20,ling_word_target,102,-0.00880303664766657
2903,sub20,ling_word_target,103,-0.018977421950094275
2904,sub20,ling_word_target,104,-0.00012760615282239094
2905,sub20,ling_word_target,105,0.07523890407536199
2906,sub20,ling_word_target,106,0.007016725245583587
2907,sub20,ling_word_target,107,-0.03016616106837944
2908,sub20,ling_word_target,108,0.04708705772852581
2909,sub20,ling_word_target,109,-0.06896696108260945
2910,sub20,ling_word_target,110,-0.033233270729116346
2911,sub20,ling_word_target,111,0.006996518681378055
2912,sub20,ling_word_target,112,0.010043760003877656
2913,sub20,ling_word_target,113,0.0350666251065885
2914,sub20,ling_word_target,114,0.04493874602142896
2915,sub20,ling_word_target,115,0.027986376787022146
2916,sub20,ling_word_target,116,0.07814253058004704
2917,sub20,ling_word_target,117,-0.002792534262593907
2918,sub20,ling_word_target,118,0.006865146035062909
2919,sub20,ling_word_target,119,0.01884703138985703
2920,sub20,ling_word_target,120,0.03847634369792069
2921,sub20,ling_word_target,121,0.07715837916308271
2922,sub20,ling_word_target,122,-0.03777762478160074
2923,sub20,ling_word_target,123,-0.018262541400362365
2924,sub20,ling_word_target,124,0.05211009960826606
2925,sub20,ling_word_target,125,-0.03605967202604108
2926,sub20,ling_word_target,126,-0.022052665723173614
2927,sub20,ling_word_target,127,0.026688802295610502
2928,sub20,ling_word_target,128,-0.12356621862100807
2929,sub20,ling_word_target,129,0.02588478514688003
2930,sub20,ling_word_target,130,-0.06957033710722237
2931,sub20,ling_word_target,131,0.06018464583191539
2932,sub20,ling_word_target,132,0.03285826896126105
2933,sub20,ling_word_target,133,0.031055055713077838
2934,sub20,ling_word_target,134,0.014585717515362598
2935,sub20,ling_word_target,135,-0.01922757198546313
2936,sub20,ling_word_target,136,-0.06549459106661176
2937,sub20,ling_word_target,137,-0.03946185030178788
2938,sub20,ling_word_target,138,0.004860666415310011
2939,sub20,ling_word_target,139,-0.05313355583110596
2940,sub20,ling_word_target,140,0.022693949945129438
2941,sub20,ling_word_target,141,-0.031139956391705238
2942,sub20,ling_word_target,142,-0.03338950306706793
2943,sub20,ling_word_target,143,-0.021737906673204542
2944,sub20,ling_word_target,144,0.03491994336978401
2945,sub20,ling_word_target,145,0.006197787248332712
2946,sub20,ling_word_target,146,-0.017493634888475686
2947,sub20,ling_word_target,147,-0.01763417629811973
2948,sub20,ling_word_target,148,-0.042318770143705095
2949,sub20,ling_word_target,149,-0.0028490590566213943
2950,sub20,ling_word_target,150,0.05504605883682557
2951,sub20,ling_word_target,151,0.06076370949480927
2952,sub20,ling_word_target,152,-0.01984276579453991
2953,sub20,ling_word_target,153,0.03606138733933901
2954,sub20,ling_word_target,154,0.02091542844755056
2955,sub20,ling_word_target,155,-0.02912857629016566
2956,sub20,ling_word_target,156,0.011606859893811723
2957,sub20,ling_word_target,157,-0.025127193179205906
2958,sub20,ling_word_target,158,0.01991449546735023
2959,sub20,ling_word_target,159,-0.06355385605802705
2960,sub20,ling_word_target,160,0.016961877534021612
2961,sub20,ling_word_target,161,0.0301603120599769
2962,sub20,ling_word_target,162,0.023913756409279056
2963,sub20,ling_word_target,163,0.04846753278393021
2964,sub20,ling_word_target,164,-0.004573981271038402
2965,sub20,ling_word_target,165,-0.05091537602126045
2966,sub20,ling_word_target,166,-0.007748674731057988
2967,sub20,ling_word_target,167,0.09117276633774622
2968,sub20,ling_word_target,168,-0.03700657380030495
2969,sub20,ling_word_target,169,0.019392063500817836
2970,sub20,ling_word_target,170,-0.010576328407072575
2971,sub20,ling_word_target,171,0.006089656179585457
2972,sub20,ling_word_target,172,-0.03987861049909857
2973,sub20,ling_word_target,173,-0.037617287018118464
2974,sub20,ling_word_target,174,-0.05918568754403245
2975,sub20,ling_word_target,175,0.03609213890799199
2976,sub20,ling_word_target,176,-0.061066900679439116
2977,sub20,ling_word_target,177,-0.02813836039181774
2978,sub20,ling_word_target,178,0.02685447860587593
2979,sub20,ling_word_target,179,-0.0021279711122596007
2980,sub20,ling_word_target,180,-0.090778476598167
2981,sub20,ling_word_target,181,0.06326374904006142
2982,sub20,ling_word_target,182,-0.011078040366828718
2983,sub20,ling_word_target,183,-0.013873808041457252
2984,sub20,ling_word_target,184,-0.02454446289964247
2985,sub20,ling_word_target,185,-0.009628581904176094
2986,sub20,ling_word_target,186,-0.05480548141339631
2987,sub20,ling_word_target,187,0.056645859018888536
2988,sub20,ling_word_target,188,-0.0235377699274868
2989,sub20,ling_word_target,189,0.021323746754940576
2990,sub20,ling_word_target,190,0.00492359963488003
2991,sub20,ling_word_target,191,-0.031614389769156225
2992,sub20,ling_word_target,192,-0.025318074729351984
2993,sub20,ling_word_target,193,0.013645379183537197
2994,sub20,ling_word_target,194,-0.0477249059812404
2995,sub20,ling_word_target,195,0.023924004531574124
2996,sub20,ling_word_target,196,0.0801838830481302
2997,sub20,ling_word_target,197,0.017268426383826287
2998,sub20,ling_word_target,198,-0.030174757364902258
2999,sub20,ling_word_target,199,0.07520235905990433
3000,sub21,ling_word_target,0,0.06854056170434301
3001,sub21,ling_word_target,1,0.019971210932928755
3002,sub21,ling_word_target,2,0.008225379689915865
3003,sub21,ling_word_target,3,0.038379666738379656
3004,sub21,ling_word_target,4,0.009186437699227477
3005,sub21,ling_word_target,5,0.025356584294053002
3006,sub21,ling_word_target,6,0.10693525178440173
3007,sub21,ling_word_target,7,-0.02050159392216188
3008,sub21,ling_word_target,8,-0.03200186390756138
3009,sub21,ling_word_target,9,0.038367117823193395
3010,sub21,ling_word_target,10,0.018854693004264907
3011,sub21,ling_word_target,11,-0.15378591700440739
3012,sub21,ling_word_target,12,-0.030890742016823947
3013,sub21,ling_word_target,13,-0.04898117652273089
3014,sub21,ling_word_target,14,-0.07705233283452066
3015,sub21,ling_word_target,15,0.02901784367082617
3016,sub21,ling_word_target,16,-0.0026494241426310294
3017,sub21,ling_word_target,17,0.015410810684721724
3018,sub21,ling_word_target,18,0.028740968814160453
3019,sub21,ling_word_target,19,-0.10193336596107902
3020,sub21,ling_word_target,20,-0.22986041603913798
3021,sub21,ling_word_target,21,0.0862238923373735
3022,sub21,ling_word_target,22,-0.0024389092320488267
3023,sub21,ling_word_target,23,-0.010625439093511534
3024,sub21,ling_word_target,24,-0.04478524355979556
3025,sub21,ling_word_target,25,0.010128770754305688
3026,sub21,ling_word_target,26,-0.008625932177529891
3027,sub21,ling_word_target,27,-0.0012823090221917503
3028,sub21,ling_word_target,28,-0.0775304265611144
3029,sub21,ling_word_target,29,-0.02638474822095346
3030,sub21,ling_word_target,30,0.11082871077814632
3031,sub21,ling_word_target,31,0.04643005492656413
3032,sub21,ling_word_target,32,0.008037682907388167
3033,sub21,ling_word_target,33,0.009312301691314109
3034,sub21,ling_word_target,34,-0.07208175804151588
3035,sub21,ling_word_target,35,0.08890533005630508
3036,sub21,ling_word_target,36,0.01866196353471326
3037,sub21,ling_word_target,37,-0.026894300271437716
3038,sub21,ling_word_target,38,0.04466600105736993
3039,sub21,ling_word_target,39,-0.05156423283580413
3040,sub21,ling_word_target,40,-0.10475707765791656
3041,sub21,ling_word_target,41,0.05111485221980095
3042,sub21,ling_word_target,42,-0.005651886604482139
3043,sub21,ling_word_target,43,-0.01760525760418053
3044,sub21,ling_word_target,44,0.0756121156043569
3045,sub21,ling_word_target,45,-0.11823924251538619
3046,sub21,ling_word_target,46,0.08498643827439091
3047,sub21,ling_word_target,47,-0.024371686887860358
3048,sub21,ling_word_target,48,-0.11685461305129753
3049,sub21,ling_word_target,49,0.14046582384374315
3050,sub21,ling_word_target,50,-0.04160837502631257
3051,sub21,ling_word_target,51,-0.036209171357708445
3052,sub21,ling_word_target,52,0.021811401426397363
3053,sub21,ling_word_target,53,-0.03802167865064873
3054,sub21,ling_word_target,54,-0.0611976065300395
3055,sub21,ling_word_target,55,-0.11526508323593898
3056,sub21,ling_word_target,56,0.009200023671615013
3057,sub21,ling_word_target,57,0.029065502385828793
3058,sub21,ling_word_target,58,-0.05014609746490426
3059,sub21,ling_word_target,59,0.10010894829390293
3060,sub21,ling_word_target,60,-0.046477873240251405
3061,sub21,ling_word_target,61,-0.03213708025010549
3062,sub21,ling_word_target,62,-0.03818195769818483
3063,sub21,ling_word_target,63,0.047684729284634596
3064,sub21,ling_word_target,64,-0.05437430641241851
3065,sub21,ling_word_target,65,-0.00034513124836157765
3066,sub21,ling_word_target,66,0.003127919008940958
3067,sub21,ling_word_target,67,0.04520780068085468
3068,sub21,ling_word_target,68,-0.09865706228106137
3069,sub21,ling_word_target,69,-0.1154104064790424
3070,sub21,ling_word_target,70,-0.030477621053456225
3071,sub21,ling_word_target,71,-0.021587017906193138
3072,sub21,ling_word_target,72,0.09653280173741803
3073,sub21,ling_word_target,73,0.08517993245725593
3074,sub21,ling_word_target,74,0.13023370397393338
3075,sub21,ling_word_target,75,0.05876495007789314
3076,sub21,ling_word_target,76,0.013975639583771994
3077,sub21,ling_word_target,77,0.056964521161882845
3078,sub21,ling_word_target,78,0.015159676648572217
3079,sub21,ling_word_target,79,0.08653184286122509
3080,sub21,ling_word_target,80,0.03654268151591551
3081,sub21,ling_word_target,81,-0.04779841583249342
3082,sub21,ling_word_target,82,-0.03848669270433497
3083,sub21,ling_word_target,83,-0.16352116618014065
3084,sub21,ling_word_target,84,0.012452006537415882
3085,sub21,ling_word_target,85,-0.06257704564214382
3086,sub21,ling_word_target,86,0.05871276717999034
3087,sub21,ling_word_target,87,0.09656254252723134
3088,sub21,ling_word_target,88,0.16638900709473484
3089,sub21,ling_word_target,89,0.029939222520805383
3090,sub21,ling_word_target,90,0.015434121335374036
3091,sub21,ling_word_target,91,-0.02908218754399682
3092,sub21,ling_word_target,92,0.046596124709229546
3093,sub21,ling_word_target,93,-0.09761912132611814
3094,sub21,ling_word_target,94,-0.09020647276115527
3095,sub21,ling_word_target,95,0.10756468624086256
3096,sub21,ling_word_target,96,0.1694178222810876
3097,sub21,ling_word_target,97,0.06110176471775297
3098,sub21,ling_word_target,98,0.11550376959201322
3099,sub21,ling_word_target,99,0.09327992105583423
3100,sub21,ling_word_target,100,0.08634552700807893
3101,sub21,ling_word_target,101,0.05657004770734222
3102,sub21,ling_word_target,102,0.06607826704214158
3103,sub21,ling_word_target,103,0.055696649877676634
3104,sub21,ling_word_target,104,-0.0875751870312685
3105,sub21,ling_word_target,105,0.07777777781197806
3106,sub21,ling_word_target,106,0.10423361138739104
3107,sub21,ling_word_target,107,0.011600266671858555
3108,sub21,ling_word_target,108,0.01100175624729709
3109,sub21,ling_word_target,109,0.10266289546460759
3110,sub21,ling_word_target,110,-0.018329963519895583
3111,sub21,ling_word_target,111,0.037793471996788904
3112,sub21,ling_word_target,112,0.07513377293633633
3113,sub21,ling_word_target,113,0.026887396786151055
3114,sub21,ling_word_target,114,-0.04041182623071945
3115,sub21,ling_word_target,115,-0.0906278592577632
3116,sub21,ling_word_target,116,0.11541149842978705
3117,sub21,ling_word_target,117,0.0034952469246869746
3118,sub21,ling_word_target,118,0.02361288051672089
3119,sub21,ling_word_target,119,0.012629007244993624
3120,sub21,ling_word_target,120,-0.0043787334788669245
3121,sub21,ling_word_target,121,0.05342726630156961
3122,sub21,ling_word_target,122,-0.00047939579279115735
3123,sub21,ling_word_target,123,0.03785055342158114
3124,sub21,ling_word_target,124,-0.02136989438937475
3125,sub21,ling_word_target,125,-0.0998093656360503
3126,sub21,ling_word_target,126,-0.012218138208986307
3127,sub21,ling_word_target,127,0.01601509912858911
3128,sub21,ling_word_target,128,-0.030170341173869755
3129,sub21,ling_word_target,129,0.1511192258806264
3130,sub21,ling_word_target,130,-0.005408719128014273
3131,sub21,ling_word_target,131,0.017418181864721036
3132,sub21,ling_word_target,132,0.09294707178679086
3133,sub21,ling_word_target,133,0.06232717951987598
3134,sub21,ling_word_target,134,0.009955044463911746
3135,sub21,ling_word_target,135,0.04314049658234758
3136,sub21,ling_word_target,136,0.03801364622781687
3137,sub21,ling_word_target,137,0.09053178472887531
3138,sub21,ling_word_target,138,0.025869969492534513
3139,sub21,ling_word_target,139,-0.11638030036600688
3140,sub21,ling_word_target,140,-0.04322340093201482
3141,sub21,ling_word_target,141,-0.07363546519205663
3142,sub21,ling_word_target,142,-0.0010460368743374217
3143,sub21,ling_word_target,143,-0.0488124514888499
3144,sub21,ling_word_target,144,0.00166012229270793
3145,sub21,ling_word_target,145,0.0034256900888474913
3146,sub21,ling_word_target,146,-0.031939123782404155
3147,sub21,ling_word_target,147,0.021869063255158167
3148,sub21,ling_word_target,148,-0.08232242081467325
3149,sub21,ling_word_target,149,-0.008385725343587733
3150,sub21,ling_word_target,150,0.061861133195458426
3151,sub21,ling_word_target,151,-0.058217368513309026
3152,sub21,ling_word_target,152,-0.10105730476890097
3153,sub21,ling_word_target,153,0.19574577476314786
3154,sub21,ling_word_target,154,-0.13768036535322195
3155,sub21,ling_word_target,155,0.026426140711041594
3156,sub21,ling_word_target,156,-0.05557824494261717
3157,sub21,ling_word_target,157,-0.07400373297056655
3158,sub21,ling_word_target,158,-0.048043099432572685
3159,sub21,ling_word_target,159,-0.022675968400517728
3160,sub21,ling_word_target,160,-0.08251060411987887
3161,sub21,ling_word_target,161,-0.03161019704346945
3162,sub21,ling_word_target,162,0.09685756617885465
3163,sub21,ling_word_target,163,0.03775160483421563
3164,sub21,ling_word_target,164,-0.07288223213410715
3165,sub21,ling_word_target,165,-0.02100158029251281
3166,sub21,ling_word_target,166,0.06852723907051056
3167,sub21,ling_word_target,167,0.06948814099402748
3168,sub21,ling_word_target,168,0.04694476781715275
3169,sub21,ling_word_target,169,-0.02740931392957657
3170,sub21,ling_word_target,170,0.08210724249445196
3171,sub21,ling_word_target,171,0.05869891307325172
3172,sub21,ling_word_target,172,0.029639886264644366
3173,sub21,ling_word_target,173,-0.02410736914143942
3174,sub21,ling_word_target,174,0.0934921345722572
3175,sub21,ling_word_target,175,0.03437638462358089
3176,sub21,ling_word_target,176,-0.03234724500284789
3177,sub21,ling_word_target,177,-0.01165798424198386
3178,sub21,ling_word_target,178,-0.01999857727634013
3179,sub21,ling_word_target,179,-0.01636229641733376
3180,sub21,ling_word_target,180,-0.009263459797501561
3181,sub21,ling_word_target,181,-0.04724509237864626
3182,sub21,ling_word_target,182,-0.009480159079269248
3183,sub21,ling_word_target,183,-0.12173429144991776
3184,sub21,ling_word_target,184,-0.015415245492143738
3185,sub21,ling_word_target,185,0.07988358662379928
3186,sub21,ling_word_target,186,-0.1117267276057269
3187,sub21,ling_word_target,187,-0.0687422027612619
3188,sub21,ling_word_target,188,0.10154468890134605
3189,sub21,ling_word_target,189,-0.05001445283737022
3190,sub21,ling_word_target,190,0.1305514760970107
3191,sub21,ling_word_target,191,0.09771395822096679
3192,sub21,ling_word_target,192,0.028455030763781492
3193,sub21,ling_word_target,193,0.05167687753929515
3194,sub21,ling_word_target,194,0.011174650006920299
3195,sub21,ling_word_target,195,-0.033818746079719776
3196,sub21,ling_word_target,196,0.07479778085483658
3197,sub21,ling_word_target,197,-0.014266967384097556
3198,sub21,ling_word_target,198,0.04684468118935741
3199,sub21,ling_word_target,199,-0.009034041304184618
3200,sub22,ling_word_target,0,-0.006822751434650467
3201,sub22,ling_word_target,1,-0.009579087522291743
3202,sub22,ling_word_target,2,-0.013593088510772391
3203,sub22,ling_word_target,3,-0.0008837171178701159
3204,sub22,ling_word_target,4,0.034498492474326244
3205,sub22,ling_word_target,5,0.0003257928129108564
3206,sub22,ling_word_target,6,-0.0025920902667562447
3207,sub22,ling_word_target,7,-0.03743794792413253
3208,sub22,ling_word_target,8,-0.044545772478940274
3209,sub22,ling_word_target,9,-0.0013394491109500885
3210,sub22,ling_word_target,10,-0.026113508050876255
3211,sub22,ling_word_target,11,-0.007446319711032692
3212,sub22,ling_word_target,12,-0.04854927230217212
3213,sub22,ling_word_target,13,0.03144675418019794
3214,sub22,ling_word_target,14,-0.07208216812944092
3215,sub22,ling_word_target,15,0.04788833137757521
3216,sub22,ling_word_target,16,-0.0047478461696255905
3217,sub22,ling_word_target,17,0.025717583711212674
3218,sub22,ling_word_target,18,0.06400467431840806
3219,sub22,ling_word_target,19,0.006055175571805984
3220,sub22,ling_word_target,20,0.028274894405567633
3221,sub22,ling_word_target,21,0.07003525215059814
3222,sub22,ling_word_target,22,0.049465000624488054
3223,sub22,ling_word_target,23,-0.010812164947102961
3224,sub22,ling_word_target,24,0.007443002704539908
3225,sub22,ling_word_target,25,0.02071387089755283
3226,sub22,ling_word_target,26,-0.06973910445829722
3227,sub22,ling_word_target,27,-0.003995578554635004
3228,sub22,ling_word_target,28,0.013445939953038636
3229,sub22,ling_word_target,29,0.00015907022882149363
3230,sub22,ling_word_target,30,-0.0542046084675002
3231,sub22,ling_word_target,31,0.09011359455166895
3232,sub22,ling_word_target,32,-0.06850082599385125
3233,sub22,ling_word_target,33,0.04226565439130805
3234,sub22,ling_word_target,34,0.08483124091131602
3235,sub22,ling_word_target,35,0.09885136263918576
3236,sub22,ling_word_target,36,0.02013942066072238
3237,sub22,ling_word_target,37,-0.01791853543592815
3238,sub22,ling_word_target,38,0.00823494843874287
3239,sub22,ling_word_target,39,0.009225542991131581
3240,sub22,ling_word_target,40,0.009538663500777146
3241,sub22,ling_word_target,41,-0.02894589408151347
3242,sub22,ling_word_target,42,0.06146799674889398
3243,sub22,ling_word_target,43,0.0011726713899304615
3244,sub22,ling_word_target,44,-0.08715320783492934
3245,sub22,ling_word_target,45,-0.020848399777469943
3246,sub22,ling_word_target,46,0.014509528162430025
3247,sub22,ling_word_target,47,-0.06425792497337478
3248,sub22,ling_word_target,48,-0.021837303261848566
3249,sub22,ling_word_target,49,0.03459726656522785
3250,sub22,ling_word_target,50,0.021806362534159955
3251,sub22,ling_word_target,51,-0.00296077222664964
3252,sub22,ling_word_target,52,-0.03157988788150993
3253,sub22,ling_word_target,53,0.015575632672665075
3254,sub22,ling_word_target,54,0.06688580834581045
3255,sub22,ling_word_target,55,0.07889192887058641
3256,sub22,ling_word_target,56,0.0773531914243563
3257,sub22,ling_word_target,57,-0.017421025356528633
3258,sub22,ling_word_target,58,0.003588705495011052
3259,sub22,ling_word_target,59,-0.05775969331150868
3260,sub22,ling_word_target,60,0.0057439338308341945
3261,sub22,ling_word_target,61,0.018159296506741918
3262,sub22,ling_word_target,62,0.04623856442286917
3263,sub22,ling_word_target,63,-0.09209935844655204
3264,sub22,ling_word_target,64,-0.050876470882442584
3265,sub22,ling_word_target,65,-0.01464184776317207
3266,sub22,ling_word_target,66,-0.048243035917370426
3267,sub22,ling_word_target,67,-0.03231320248081679
3268,sub22,ling_word_target,68,-0.032259057402413444
3269,sub22,ling_word_target,69,0.010452594203043147
3270,sub22,ling_word_target,70,-0.035892412475790704
3271,sub22,ling_word_target,71,-0.005621097539494081
3272,sub22,ling_word_target,72,-0.0047040708182923855
3273,sub22,ling_word_target,73,0.06706120607137307
3274,sub22,ling_word_target,74,0.004197533597160153
3275,sub22,ling_word_target,75,-0.0031578710021808016
3276,sub22,ling_word_target,76,-0.03632702741194629
3277,sub22,ling_word_target,77,0.0068441742762710076
3278,sub22,ling_word_target,78,0.015816669321586683
3279,sub22,ling_word_target,79,0.024522301521214578
3280,sub22,ling_word_target,80,-0.003610335032880357
3281,sub22,ling_word_target,81,-0.008867991480404085
3282,sub22,ling_word_target,82,0.013371943899336753
3283,sub22,ling_word_target,83,0.019979412717764853
3284,sub22,ling_word_target,84,0.023299992007751943
3285,sub22,ling_word_target,85,-0.0692236619803761
3286,sub22,ling_word_target,86,0.024811952022094273
3287,sub22,ling_word_target,87,0.004203019369825483
3288,sub22,ling_word_target,88,0.00343421559753901
3289,sub22,ling_word_target,89,0.008662452101047489
3290,sub22,ling_word_target,90,0.019107720323831175
3291,sub22,ling_word_target,91,0.003678414398579109
3292,sub22,ling_word_target,92,0.00042223689027927314
3293,sub22,ling_word_target,93,-0.07086141982913027
3294,sub22,ling_word_target,94,0.15781204328828632
3295,sub22,ling_word_target,95,-0.024063870472883168
3296,sub22,ling_word_target,96,0.023201149911023483
3297,sub22,ling_word_target,97,0.062014210720534826
3298,sub22,ling_word_target,98,-0.0017285594772521282
3299,sub22,ling_word_target,99,-0.0039585906056209905
3300,sub22,ling_word_target,100,0.001347716454449409
3301,sub22,ling_word_target,101,0.015264585365934221
3302,sub22,ling_word_target,102,0.03027970517934762
3303,sub22,ling_word_target,103,0.03104678117256215
3304,sub22,ling_word_target,104,-0.009035085871897424
3305,sub22,ling_word_target,105,-0.021528151636963387
3306,sub22,ling_word_target,106,-0.026177522252082856
3307,sub22,ling_word_target,107,0.022712119203129762
3308,sub22,ling_word_target,108,0.07938292625637425
3309,sub22,ling_word_target,109,-0.03545254202680313
3310,sub22,ling_word_target,110,0.05476401034193589
3311,sub22,ling_word_target,111,-0.004274006345246326
3312,sub22,ling_word_target,112,-0.06914239061094356
3313,sub22,ling_word_target,113,-0.027353333978930933
3314,sub22,ling_word_target,114,-0.03338433647845927
3315,sub22,ling_word_target,115,0.026295309090606626
3316,sub22,ling_word_target,116,0.009070217250356742
3317,sub22,ling_word_target,117,0.01572764193029302
3318,sub22,ling_word_target,118,0.0004375188223144141
3319,sub22,ling_word_target,119,-0.010906516324788985
3320,sub22,ling_word_target,120,0.11576378470406556
3321,sub22,ling_word_target,121,-0.06135715232979381
3322,sub22,ling_word_target,122,0.027472163434171304
3323,sub22,ling_word_target,123,0.016184214816032525
3324,sub22,ling_word_target,124,-0.06784895180959932
3325,sub22,ling_word_target,125,-0.06111325773278426
3326,sub22,ling_word_target,126,0.009130466587405343
3327,sub22,ling_word_target,127,-0.009598713587919742
3328,sub22,ling_word_target,128,-0.038524403297273295
3329,sub22,ling_word_target,129,-0.059892483388386285
3330,sub22,ling_word_target,130,0.021163363557856307
3331,sub22,ling_word_target,131,-0.010667422475777049
3332,sub22,ling_word_target,132,-0.02259885715778749
3333,sub22,ling_word_target,133,-0.05137511784463614
3334,sub22,ling_word_target,134,-0.011055407376531773
3335,sub22,ling_word_target,135,0.012937919798349858
3336,sub22,ling_word_target,136,0.03465033879701217
3337,sub22,ling_word_target,137,-0.05417157520455705
3338,sub22,ling_word_target,138,-0.05188943634084263
3339,sub22,ling_word_target,139,0.005728458086830208
3340,sub22,ling_word_target,140,-0.04919827975230988
3341,sub22,ling_word_target,141,-0.03658649331952488
3342,sub22,ling_word_target,142,-0.046220480675605566
3343,sub22,ling_word_target,143,0.04426607052130139
3344,sub22,ling_word_target,144,-0.06089906948531794
3345,sub22,ling_word_target,145,-0.005578635911914504
3346,sub22,ling_word_target,146,0.013070346253849367
3347,sub22,ling_word_target,147,-0.0005730840918668344
3348,sub22,ling_word_target,148,-0.01636391283657535
3349,sub22,ling_word_target,149,-0.014351560195147996
3350,sub22,ling_word_target,150,0.0472969127588783
3351,sub22,ling_word_target,151,-0.036453208006423106
3352,sub22,ling_word_target,152,-0.004189160599378479
3353,sub22,ling_word_target,153,-0.034218740517920516
3354,sub22,ling_word_target,154,0.015897404863185374
3355,sub22,ling_word_target,155,0.01793578589699375
3356,sub22,ling_word_target,156,0.005773268431706432
3357,sub22,ling_word_target,157,-0.021614236669259688
3358,sub22,ling_word_target,158,0.06826762116020518
3359,sub22,ling_word_target,159,-0.027335657862097174
3360,sub22,ling_word_target,160,0.008610785056552184
3361,sub22,ling_word_target,161,-0.06711330271069248
3362,sub22,ling_word_target,162,0.0830352748042046
3363,sub22,ling_word_target,163,0.02320779837616224
3364,sub22,ling_word_target,164,0.00958000632809596
3365,sub22,ling_word_target,165,-0.0029744098962588257
3366,sub22,ling_word_target,166,-0.09157495092502024
3367,sub22,ling_word_target,167,-0.01418812566117463
3368,sub22,ling_word_target,168,-0.012635070763750826
3369,sub22,ling_word_target,169,-0.0007568274367368488
3370,sub22,ling_word_target,170,0.015734601639198934
3371,sub22,ling_word_target,171,0.002080741200115602
3372,sub22,ling_word_target,172,-0.032331018135211595
3373,sub22,ling_word_target,173,0.047831115441447
3374,sub22,ling_word_target,174,0.028359349134792863
3375,sub22,ling_word_target,175,0.0036522892863973745
3376,sub22,ling_word_target,176,-0.050264799342684414
3377,sub22,ling_word_target,177,-0.0049991099211348314
3378,sub22,ling_word_target,178,0.019053895400036377
3379,sub22,ling_word_target,179,0.05535690041605757
3380,sub22,ling_word_target,180,0.012071106790658268
3381,sub22,ling_word_target,181,-0.02467902433802625
3382,sub22,ling_word_target,182,-0.010340605700753108
3383,sub22,ling_word_target,183,0.022716867287232392
3384,sub22,ling_word_target,184,-0.02974960051788626
3385,sub22,ling_word_target,185,0.007581283993638716
3386,sub22,ling_word_target,186,-0.0010346534402453519
3387,sub22,ling_word_target,187,-0.026809025776279447
3388,sub22,ling_word_target,188,0.01181274110231228
3389,sub22,ling_word_target,189,0.01778528646552502
3390,sub22,ling_word_target,190,0.0027151336640782175
3391,sub22,ling_word_target,191,-0.04362957177424335
3392,sub22,ling_word_target,192,-0.042804042796642974
3393,sub22,ling_word_target,193,-0.013647552671805929
3394,sub22,ling_word_target,194,0.049310399346747684
3395,sub22,ling_word_target,195,-0.005288364296857572
3396,sub22,ling_word_target,196,0.026676087400396932
3397,sub22,ling_word_target,197,0.05436542376999395
3398,sub22,ling_word_target,198,0.05763570361880491
3399,sub22,ling_word_target,199,-0.013140635888364508
3400,sub23,ling_word_target,0,0.08968436824776443
3401,sub23,ling_word_target,1,0.036017093299342606
3402,sub23,ling_word_target,2,0.01615585121286291
3403,sub23,ling_word_target,3,0.02769866855360586
3404,sub23,ling_word_target,4,-0.02270128170656448
3405,sub23,ling_word_target,5,-0.003044242700473898
3406,sub23,ling_word_target,6,-0.022090194513423242
3407,sub23,ling_word_target,7,0.003963559631466447
3408,sub23,ling_word_target,8,0.07787914630239967
3409,sub23,ling_word_target,9,-0.05330481139146997
3410,sub23,ling_word_target,10,-0.022449240715146826
3411,sub23,ling_word_target,11,-0.01114228452124853
3412,sub23,ling_word_target,12,0.014213999316143068
3413,sub23,ling_word_target,13,-0.016288431120887542
3414,sub23,ling_word_target,14,0.1180199218657771
3415,sub23,ling_word_target,15,-0.05248059075275705
3416,sub23,ling_word_target,16,-0.027987776282682095
3417,sub23,ling_word_target,17,-0.04207870236012439
3418,sub23,ling_word_target,18,0.14537475843400563
3419,sub23,ling_word_target,19,0.05930790711745849
3420,sub23,ling_word_target,20,0.012822342584379942
3421,sub23,ling_word_target,21,0.05939492520807953
3422,sub23,ling_word_target,22,0.02281106961216469
3423,sub23,ling_word_target,23,0.04142463404552926
3424,sub23,ling_word_target,24,-0.05576491457036147
3425,sub23,ling_word_target,25,0.04256865344399767
3426,sub23,ling_word_target,26,0.019395551856210228
3427,sub23,ling_word_target,27,0.10586842930472333
3428,sub23,ling_word_target,28,0.10466693762159136
3429,sub23,ling_word_target,29,0.009806589153100731
3430,sub23,ling_word_target,30,0.01659686206097508
3431,sub23,ling_word_target,31,-0.008301281090377047
3432,sub23,ling_word_target,32,0.06565599718144946
3433,sub23,ling_word_target,33,0.07518304513730316
3434,sub23,ling_word_target,34,0.042553168519999844
3435,sub23,ling_word_target,35,-0.07035405741347328
3436,sub23,ling_word_target,36,-0.056397292545284895
3437,sub23,ling_word_target,37,0.04251364440253468
3438,sub23,ling_word_target,38,0.021430390259320538
3439,sub23,ling_word_target,39,0.006857884189742687
3440,sub23,ling_word_target,40,0.11792440123946066
3441,sub23,ling_word_target,41,0.035289018832047464
3442,sub23,ling_word_target,42,-0.026705643621642402
3443,sub23,ling_word_target,43,0.0023866808120270987
3444,sub23,ling_word_target,44,0.060840125187486174
3445,sub23,ling_word_target,45,-0.036670261533211373
3446,sub23,ling_word_target,46,0.013656461698137301
3447,sub23,ling_word_target,47,-0.05036191124475466
3448,sub23,ling_word_target,48,0.0331095890284447
3449,sub23,ling_word_target,49,0.03760248421770146
3450,sub23,ling_word_target,50,-0.030140691674530005
3451,sub23,ling_word_target,51,-0.023735212524843712
3452,sub23,ling_word_target,52,0.06873764366353662
3453,sub23,ling_word_target,53,-0.03178174684217512
3454,sub23,ling_word_target,54,-0.05162782769278515
3455,sub23,ling_word_target,55,-0.05521598557563398
3456,sub23,ling_word_target,56,0.16340535966639122
3457,sub23,ling_word_target,57,-0.02836408268908857
3458,sub23,ling_word_target,58,0.008030536074588483
3459,sub23,ling_word_target,59,-0.12385312342879898
3460,sub23,ling_word_target,60,-0.006535934656104922
3461,sub23,ling_word_target,61,0.04815190624238913
3462,sub23,ling_word_target,62,0.05713923103366876
3463,sub23,ling_word_target,63,0.06606768168298241
3464,sub23,ling_word_target,64,0.039029444357968505
3465,sub23,ling_word_target,65,-0.020390042090350415
3466,sub23,ling_word_target,66,0.05587389362353689
3467,sub23,ling_word_target,67,-0.03851317901210379
3468,sub23,ling_word_target,68,-0.0007481486265462583
3469,sub23,ling_word_target,69,-0.03661365904702126
3470,sub23,ling_word_target,70,-0.017296556354940457
3471,sub23,ling_word_target,71,0.08430609619267773
3472,sub23,ling_word_target,72,0.03735069105311804
3473,sub23,ling_word_target,73,0.002034010730991111
3474,sub23,ling_word_target,74,0.006325769977579833
3475,sub23,ling_word_target,75,-0.028736484396477198
3476,sub23,ling_word_target,76,0.029838988860526678
3477,sub23,ling_word_target,77,0.07969953807359656
3478,sub23,ling_word_target,78,0.023344487025558285
3479,sub23,ling_word_target,79,0.03194502410749039
3480,sub23,ling_word_target,80,0.08281405624967932
3481,sub23,ling_word_target,81,0.07721442945365949
3482,sub23,ling_word_target,82,-0.020292563682098405
3483,sub23,ling_word_target,83,0.08372087179836991
3484,sub23,ling_word_target,84,0.013799843665661334
3485,sub23,ling_word_target,85,0.011697648416649876
3486,sub23,ling_word_target,86,-0.03325522660970337
3487,sub23,ling_word_target,87,0.00846574125880541
3488,sub23,ling_word_target,88,0.010578006395171006
3489,sub23,ling_word_target,89,0.016244444006866966
3490,sub23,ling_word_target,90,0.0012258692781122232
3491,sub23,ling_word_target,91,0.07203819914163823
3492,sub23,ling_word_target,92,0.06862578034859267
3493,sub23,ling_word_target,93,0.10516270948651985
3494,sub23,ling_word_target,94,0.04986588987667352
3495,sub23,ling_word_target,95,0.04560469885450426
3496,sub23,ling_word_target,96,-0.049522831584894296
3497,sub23,ling_word_target,97,0.00819491387145459
3498,sub23,ling_word_target,98,-0.04370876222646291
3499,sub23,ling_word_target,99,-0.08090975319167995
3500,sub23,ling_word_target,100,0.11067479237635067
3501,sub23,ling_word_target,101,0.057301093996282255
3502,sub23,ling_word_target,102,-0.03661027702315228
3503,sub23,ling_word_target,103,-0.05060584653074464
3504,sub23,ling_word_target,104,0.08552998999957588
3505,sub23,ling_word_target,105,0.03772858253530601
3506,sub23,ling_word_target,106,-0.03214140743828995
3507,sub23,ling_word_target,107,-0.06177177201552762
3508,sub23,ling_word_target,108,-0.06122000732156202
3509,sub23,ling_word_target,109,0.0022099684633562337
3510,sub23,ling_word_target,110,-0.02112267249617954
3511,sub23,ling_word_target,111,0.04916697973419734
3512,sub23,ling_word_target,112,-0.026411890582110027
3513,sub23,ling_word_target,113,0.05666893429609767
3514,sub23,ling_word_target,114,0.04946088256603265
3515,sub23,ling_word_target,115,-0.03304459725084349
3516,sub23,ling_word_target,116,0.06558559529833613
3517,sub23,ling_word_target,117,0.023205969976667414
3518,sub23,ling_word_target,118,-0.06540381972984059
3519,sub23,ling_word_target,119,0.001270224242130183
3520,sub23,ling_word_target,120,0.02266842098713402
3521,sub23,ling_word_target,121,-0.03903262193389636
3522,sub23,ling_word_target,122,-0.014904361489191593
3523,sub23,ling_word_target,123,-0.014892544315333338
3524,sub23,ling_word_target,124,-0.06748471571000837
3525,sub23,ling_word_target,125,0.017805330271006933
3526,sub23,ling_word_target,126,0.08590289752342921
3527,sub23,ling_word_target,127,0.061330940591706205
3528,sub23,ling_word_target,128,0.05968162788636923
3529,sub23,ling_word_target,129,0.0551007399832171
3530,sub23,ling_word_target,130,0.040367079931201706
3531,sub23,ling_word_target,131,-0.06342890434534186
3532,sub23,ling_word_target,132,0.03964553486682687
3533,sub23,ling_word_target,133,-0.08507046100763588
3534,sub23,ling_word_target,134,-0.04383306503475262
3535,sub23,ling_word_target,135,0.06003432234372005
3536,sub23,ling_word_target,136,0.016693117713070076
3537,sub23,ling_word_target,137,0.021333861946357772
3538,sub23,ling_word_target,138,-0.03462595691256821
3539,sub23,ling_word_target,139,0.06238275923623085
3540,sub23,ling_word_target,140,0.025229982692652177
3541,sub23,ling_word_target,141,0.11894084147446211
3542,sub23,ling_word_target,142,0.08037486688999264
3543,sub23,ling_word_target,143,-0.0825932014666323
3544,sub23,ling_word_target,144,-0.13553040640234618
3545,sub23,ling_word_target,145,-0.00647211469160148
3546,sub23,ling_word_target,146,0.056081408154135044
3547,sub23,ling_word_target,147,0.05736645925032619
3548,sub23,ling_word_target,148,-0.0550833039981019
3549,sub23,ling_word_target,149,-0.16627551261495638
3550,sub23,ling_word_target,150,0.07650100567862989
3551,sub23,ling_word_target,151,0.03228883000025813
3552,sub23,ling_word_target,152,0.016807216609576937
3553,sub23,ling_word_target,153,0.09257281017520323
3554,sub23,ling_word_target,154,-0.020317871923130348
3555,sub23,ling_word_target,155,0.005567569258865224
3556,sub23,ling_word_target,156,0.08447872361937976
3557,sub23,ling_word_target,157,0.011833646097750896
3558,sub23,ling_word_target,158,0.04525919032940638
3559,sub23,ling_word_target,159,-0.07068283038021439
3560,sub23,ling_word_target,160,0.0048421799808238495
3561,sub23,ling_word_target,161,0.06863151007481978
3562,sub23,ling_word_target,162,-0.049790795849614274
3563,sub23,ling_word_target,163,0.059341199058359766
3564,sub23,ling_word_target,164,-0.030249320316365725
3565,sub23,ling_word_target,165,0.05889587568057928
3566,sub23,ling_word_target,166,-0.14619376024559716
3567,sub23,ling_word_target,167,-0.06936104063192572
3568,sub23,ling_word_target,168,-0.019378784127229952
3569,sub23,ling_word_target,169,0.02296167941127311
3570,sub23,ling_word_target,170,0.0013522065028287046
3571,sub23,ling_word_target,171,-0.0005398944559211289
3572,sub23,ling_word_target,172,0.035320541157669236
3573,sub23,ling_word_target,173,0.1094254662360594
3574,sub23,ling_word_target,174,0.01558500741629961
3575,sub23,ling_word_target,175,-0.02118695437067057
3576,sub23,ling_word_target,176,0.014354756587579823
3577,sub23,ling_word_target,177,0.03674450639384212
3578,sub23,ling_word_target,178,-0.07234582224327814
3579,sub23,ling_word_target,179,-0.13846024158218065
3580,sub23,ling_word_target,180,0.05438026732127932
3581,sub23,ling_word_target,181,0.047852721500313736
3582,sub23,ling_word_target,182,0.08190471301561686
3583,sub23,ling_word_target,183,0.03092666768822146
3584,sub23,ling_word_target,184,-0.035732961167108945
3585,sub23,ling_word_target,185,0.07592446998475183
3586,sub23,ling_word_target,186,-0.01423129758818172
3587,sub23,ling_word_target,187,0.025346320739900865
3588,sub23,ling_word_target,188,0.059848865405561176
3589,sub23,ling_word_target,189,0.08722594346993916
3590,sub23,ling_word_target,190,-0.04624577609586741
3591,sub23,ling_word_target,191,-0.03577110878235221
3592,sub23,ling_word_target,192,-0.029397308653335574
3593,sub23,ling_word_target,193,-0.07093713057477172
3594,sub23,ling_word_target,194,0.06973182916541838
3595,sub23,ling_word_target,195,0.006760244234640127
3596,sub23,ling_word_target,196,0.021180805002568883
3597,sub23,ling_word_target,197,-0.01233423965351759
3598,sub23,ling_word_target,198,0.02214428022555885
3599,sub23,ling_word_target,199,-0.03174750363859494
3600,sub25,ling_word_target,0,0.039986859625693656
3601,sub25,ling_word_target,1,0.0008750595688510587
3602,sub25,ling_word_target,2,-0.006600078846342611
3603,sub25,ling_word_target,3,-0.0031404485957467975
3604,sub25,ling_word_target,4,0.02186051755509757
3605,sub25,ling_word_target,5,0.021949763835088922
3606,sub25,ling_word_target,6,-0.04378936055881904
3607,sub25,ling_word_target,7,-0.005883712137935127
3608,sub25,ling_word_target,8,-0.02238518426636751
3609,sub25,ling_word_target,9,-0.03059252326977064
3610,sub25,ling_word_target,10,0.032637872594065656
3611,sub25,ling_word_target,11,-0.006371257603259223
3612,sub25,ling_word_target,12,-0.022447437852718643
3613,sub25,ling_word_target,13,0.02261394898693796
3614,sub25,ling_word_target,14,0.0479391688035616
3615,sub25,ling_word_target,15,-0.056451629351535165
3616,sub25,ling_word_target,16,0.030525766824901872
3617,sub25,ling_word_target,17,0.04847659963699248
3618,sub25,ling_word_target,18,-0.030380345172095476
3619,sub25,ling_word_target,19,-0.053336734238319077
3620,sub25,ling_word_target,20,-0.030174693777142245
3621,sub25,ling_word_target,21,-0.012063571727417552
3622,sub25,ling_word_target,22,-0.0798832239285248
3623,sub25,ling_word_target,23,0.009268726828559198
3624,sub25,ling_word_target,24,-0.008593631531911066
3625,sub25,ling_word_target,25,0.008041929319868187
3626,sub25,ling_word_target,26,0.011063464685586347
3627,sub25,ling_word_target,27,0.010422216606788036
3628,sub25,ling_word_target,28,0.010700277635527623
3629,sub25,ling_word_target,29,0.0654460635074027
3630,sub25,ling_word_target,30,0.10654530261924147
3631,sub25,ling_word_target,31,-0.12629892868424994
3632,sub25,ling_word_target,32,0.049954931641619474
3633,sub25,ling_word_target,33,0.03531491281120571
3634,sub25,ling_word_target,34,-0.028833553345343516
3635,sub25,ling_word_target,35,0.04329961570368292
3636,sub25,ling_word_target,36,0.01619692492286687
3637,sub25,ling_word_target,37,0.006060701561973973
3638,sub25,ling_word_target,38,-0.039981893959515895
3639,sub25,ling_word_target,39,-0.008511834799083476
3640,sub25,ling_word_target,40,-0.027933837568622357
3641,sub25,ling_word_target,41,-0.009318240765858257
3642,sub25,ling_word_target,42,0.030811078996897442
3643,sub25,ling_word_target,43,-0.0418735995773804
3644,sub25,ling_word_target,44,-0.04629863435787287
3645,sub25,ling_word_target,45,-0.015260342045926384
3646,sub25,ling_word_target,46,-0.023961502939190266
3647,sub25,ling_word_target,47,0.038009693804308915
3648,sub25,ling_word_target,48,-0.013258725937878748
3649,sub25,ling_word_target,49,-0.006910240685329784
3650,sub25,ling_word_target,50,0.08890311531013916
3651,sub25,ling_word_target,51,-0.05675777890213995
3652,sub25,ling_word_target,52,-0.005488862167853665
3653,sub25,ling_word_target,53,-0.016891098391793067
3654,sub25,ling_word_target,54,-0.04457353729881643
3655,sub25,ling_word_target,55,0.03786971487683449
3656,sub25,ling_word_target,56,0.07322032559380552
3657,sub25,ling_word_target,57,0.1033587470974223
3658,sub25,ling_word_target,58,0.048022846675385346
3659,sub25,ling_word_target,59,-0.05090948848388431
3660,sub25,ling_word_target,60,0.046443466322112936
3661,sub25,ling_word_target,61,0.012593430689101244
3662,sub25,ling_word_target,62,0.058003272141883735
3663,sub25,ling_word_target,63,0.0165469097577565
3664,sub25,ling_word_target,64,-0.06224652029277034
3665,sub25,ling_word_target,65,0.004523953684196708
3666,sub25,ling_word_target,66,-0.008335885313581306
3667,sub25,ling_word_target,67,-0.02468557515835409
3668,sub25,ling_word_target,68,0.032589868740336
3669,sub25,ling_word_target,69,-0.0538002665258786
3670,sub25,ling_word_target,70,-0.0005988539137795362
3671,sub25,ling_word_target,71,0.013247267984298493
3672,sub25,ling_word_target,72,0.06233814080877145
3673,sub25,ling_word_target,73,-0.013567535640363866
3674,sub25,ling_word_target,74,0.08875238419765263
3675,sub25,ling_word_target,75,-0.004950036254174147
3676,sub25,ling_word_target,76,0.10197760589240783
3677,sub25,ling_word_target,77,0.04719133126350324
3678,sub25,ling_word_target,78,0.037112053233461714
3679,sub25,ling_word_target,79,-0.10427303963273318
3680,sub25,ling_word_target,80,-0.0130448997629461
3681,sub25,ling_word_target,81,-0.06163875077924669
3682,sub25,ling_word_target,82,-0.08678944621305443
3683,sub25,ling_word_target,83,-0.03501609879590895
3684,sub25,ling_word_target,84,-0.05941650371592491
3685,sub25,ling_word_target,85,0.015050487864982073
3686,sub25,ling_word_target,86,-0.018635871884860024
3687,sub25,ling_word_target,87,-0.014172247994486692
3688,sub25,ling_word_target,88,0.041894348131198
3689,sub25,ling_word_target,89,0.004007511501908
3690,sub25,ling_word_target,90,0.06539550234513265
3691,sub25,ling_word_target,91,0.014657615122641314
3692,sub25,ling_word_target,92,0.035734184264828564
3693,sub25,ling_word_target,93,0.05873415637051776
3694,sub25,ling_word_target,94,0.032167806085034625
3695,sub25,ling_word_target,95,-0.00454631476471751
3696,sub25,ling_word_target,96,-0.01864261955543463
3697,sub25,ling_word_target,97,-0.035473715477613015
3698,sub25,ling_word_target,98,0.020575476114583355
3699,sub25,ling_word_target,99,0.030290878103183642
3700,sub25,ling_word_target,100,0.013882405940074683
3701,sub25,ling_word_target,101,-0.03351742939897276
3702,sub25,ling_word_target,102,0.043671246281461094
3703,sub25,ling_word_target,103,-0.10875452809174267
3704,sub25,ling_word_target,104,-0.01802044370330995
3705,sub25,ling_word_target,105,0.053991533352172265
3706,sub25,ling_word_target,106,0.013946443881654703
3707,sub25,ling_word_target,107,0.018656776962496787
3708,sub25,ling_word_target,108,-0.0785654629632079
3709,sub25,ling_word_target,109,0.033666727782177344
3710,sub25,ling_word_target,110,0.0552672730247439
3711,sub25,ling_word_target,111,0.011820449291095322
3712,sub25,ling_word_target,112,-0.00938647369892398
3713,sub25,ling_word_target,113,0.03546262756379292
3714,sub25,ling_word_target,114,0.06396196818935758
3715,sub25,ling_word_target,115,0.010307455413281473
3716,sub25,ling_word_target,116,0.00040603146277932967
3717,sub25,ling_word_target,117,-0.07215622971953746
3718,sub25,ling_word_target,118,-0.014065071255397906
3719,sub25,ling_word_target,119,-0.04948178097221298
3720,sub25,ling_word_target,120,-0.03166443014007948
3721,sub25,ling_word_target,121,0.028247382005722473
3722,sub25,ling_word_target,122,0.0030379703216704334
3723,sub25,ling_word_target,123,-0.01654730546904947
3724,sub25,ling_word_target,124,-0.021458673081382336
3725,sub25,ling_word_target,125,0.03165181943822972
3726,sub25,ling_word_target,126,0.028315199993086394
3727,sub25,ling_word_target,127,0.02906202072716057
3728,sub25,ling_word_target,128,-0.009392836654799978
3729,sub25,ling_word_target,129,-0.038933115851627745
3730,sub25,ling_word_target,130,0.011008755908046054
3731,sub25,ling_word_target,131,-0.05260944105358207
3732,sub25,ling_word_target,132,-0.015110740022118149
3733,sub25,ling_word_target,133,-0.009127097538293176
3734,sub25,ling_word_target,134,-0.00475248107637396
3735,sub25,ling_word_target,135,-0.0017327472813748227
3736,sub25,ling_word_target,136,0.07885437342934429
3737,sub25,ling_word_target,137,-0.004902715606265871
3738,sub25,ling_word_target,138,-0.03581827959141183
3739,sub25,ling_word_target,139,-0.013923238085730857
3740,sub25,ling_word_target,140,0.057217736603532604
3741,sub25,ling_word_target,141,0.04152630686484422
3742,sub25,ling_word_target,142,-0.05573432095352387
3743,sub25,ling_word_target,143,0.044672723957889
3744,sub25,ling_word_target,144,-0.013806607105007088
3745,sub25,ling_word_target,145,0.030483527434778175
3746,sub25,ling_word_target,146,0.05752821758368583
3747,sub25,ling_word_target,147,-0.05413148574353037
3748,sub25,ling_word_target,148,-0.015642353904197603
3749,sub25,ling_word_target,149,-0.045415294389035736
3750,sub25,ling_word_target,150,0.03498653016567638
3751,sub25,ling_word_target,151,0.00981136883347256
3752,sub25,ling_word_target,152,0.04337976581836252
3753,sub25,ling_word_target,153,-0.01791166130614722
3754,sub25,ling_word_target,154,0.05190081026756953
3755,sub25,ling_word_target,155,0.0064471879091959955
3756,sub25,ling_word_target,156,0.031024445248760003
3757,sub25,ling_word_target,157,0.029112563237548513
3758,sub25,ling_word_target,158,0.022618966018134134
3759,sub25,ling_word_target,159,0.039591335879406914
3760,sub25,ling_word_target,160,-0.04480241103721751
3761,sub25,ling_word_target,161,0.06292833235940518
3762,sub25,ling_word_target,162,0.02351010348351664
3763,sub25,ling_word_target,163,0.026364298796714293
3764,sub25,ling_word_target,164,-0.007570132635076252
3765,sub25,ling_word_target,165,0.007817867357080278
3766,sub25,ling_word_target,166,-0.025455634661472246
3767,sub25,ling_word_target,167,-0.005397874612723108
3768,sub25,ling_word_target,168,-0.15992199843066032
3769,sub25,ling_word_target,169,0.06668399343908504
3770,sub25,ling_word_target,170,-0.24056237230104577
3771,sub25,ling_word_target,171,-0.0009686432520799833
3772,sub25,ling_word_target,172,-0.02133003105056903
3773,sub25,ling_word_target,173,0.0013102321685717277
3774,sub25,ling_word_target,174,0.01188715928449641
3775,sub25,ling_word_target,175,-0.05421510327994646
3776,sub25,ling_word_target,176,-0.03512194422888557
3777,sub25,ling_word_target,177,-0.00256801759416813
3778,sub25,ling_word_target,178,0.03743442924707433
3779,sub25,ling_word_target,179,-0.05791396290370137
3780,sub25,ling_word_target,180,-0.08564635370244413
3781,sub25,ling_word_target,181,0.04575050161467953
3782,sub25,ling_word_target,182,0.037562154764652474
3783,sub25,ling_word_target,183,0.08537331627257208
3784,sub25,ling_word_target,184,0.02609542576996466
3785,sub25,ling_word_target,185,0.018292226902980702
3786,sub25,ling_word_target,186,0.025028799436815585
3787,sub25,ling_word_target,187,0.048063757259609735
3788,sub25,ling_word_target,188,-0.0041303891072808335
3789,sub25,ling_word_target,189,0.02871605444010237
3790,sub25,ling_word_target,190,-0.05062292215464211
3791,sub25,ling_word_target,191,-0.015378109324967764
3792,sub25,ling_word_target,192,0.07086000545591174
3793,sub25,ling_word_target,193,-0.07864223073845775
3794,sub25,ling_word_target,194,0.03989708837283044
3795,sub25,ling_word_target,195,-0.015088051017418933
3796,sub25,ling_word_target,196,-0.03556424256628849
3797,sub25,ling_word_target,197,-0.047748383139704996
3798,sub25,ling_word_target,198,0.04683270432480745
3799,sub25,ling_word_target,199,0.031410566939026684
3800,sub26,ling_word_target,0,0.0065067026322834535
3801,sub26,ling_word_target,1,-0.07366677197187309
3802,sub26,ling_word_target,2,-0.025727194164021475
3803,sub26,ling_word_target,3,-0.03896621501550646
3804,sub26,ling_word_target,4,-0.02039838123230545
3805,sub26,ling_word_target,5,-0.08761656230761877
3806,sub26,ling_word_target,6,0.05047292220116201
3807,sub26,ling_word_target,7,0.047449512125341355
3808,sub26,ling_word_target,8,0.012924001101353663
3809,sub26,ling_word_target,9,-0.05843361217006283
3810,sub26,ling_word_target,10,0.12181461427100483
3811,sub26,ling_word_target,11,0.01438870765738791
3812,sub26,ling_word_target,12,-0.01442452681178435
3813,sub26,ling_word_target,13,0.0612936416279325
3814,sub26,ling_word_target,14,-0.02221030847039244
3815,sub26,ling_word_target,15,0.10300635955003767
3816,sub26,ling_word_target,16,-0.05274164483393356
3817,sub26,ling_word_target,17,-0.010772398950528459
3818,sub26,ling_word_target,18,0.013573008581560799
3819,sub26,ling_word_target,19,-0.012075813734307526
3820,sub26,ling_word_target,20,0.0685568089629272
3821,sub26,ling_word_target,21,0.09830902979362316
3822,sub26,ling_word_target,22,-0.02204264098503325
3823,sub26,ling_word_target,23,0.032099353798259886
3824,sub26,ling_word_target,24,-0.04284107658596855
3825,sub26,ling_word_target,25,0.008072216763839632
3826,sub26,ling_word_target,26,0.004289045392215882
3827,sub26,ling_word_target,27,0.014216681557782874
3828,sub26,ling_word_target,28,0.03698429994743438
3829,sub26,ling_word_target,29,0.13352985010725588
3830,sub26,ling_word_target,30,-0.023729826477465025
3831,sub26,ling_word_target,31,-0.026797889099134886
3832,sub26,ling_word_target,32,-0.010782689913508475
3833,sub26,ling_word_target,33,-0.00785569237601508
3834,sub26,ling_word_target,34,-0.020867253077560932
3835,sub26,ling_word_target,35,-0.026856253665971056
3836,sub26,ling_word_target,36,0.027065689561421923
3837,sub26,ling_word_target,37,-0.02028846783709441
3838,sub26,ling_word_target,38,-0.11082211790544604
3839,sub26,ling_word_target,39,-0.08652331514527672
3840,sub26,ling_word_target,40,-0.04890532371040106
3841,sub26,ling_word_target,41,0.014911344956071429
3842,sub26,ling_word_target,42,-0.014615139311982807
3843,sub26,ling_word_target,43,0.0804349382322667
3844,sub26,ling_word_target,44,0.04114829992115604
3845,sub26,ling_word_target,45,0.09296601875497214
3846,sub26,ling_word_target,46,0.1841057006735164
3847,sub26,ling_word_target,47,0.011979527265587729
3848,sub26,ling_word_target,48,0.011737575217701673
3849,sub26,ling_word_target,49,-0.004237868342230452
3850,sub26,ling_word_target,50,-0.031954844414260525
3851,sub26,ling_word_target,51,-0.04198739903789247
3852,sub26,ling_word_target,52,0.05501351854257444
3853,sub26,ling_word_target,53,0.02557395261173037
3854,sub26,ling_word_target,54,0.019861277839626962
3855,sub26,ling_word_target,55,0.06199409824246206
3856,sub26,ling_word_target,56,-0.03654671212806933
3857,sub26,ling_word_target,57,-0.07769893436021849
3858,sub26,ling_word_target,58,-0.0214187733495799
3859,sub26,ling_word_target,59,-0.06333789853279936
3860,sub26,ling_word_target,60,-0.004126312915737308
3861,sub26,ling_word_target,61,0.14860936630936336
3862,sub26,ling_word_target,62,0.06266087587198219
3863,sub26,ling_word_target,63,-0.042138506614646985
3864,sub26,ling_word_target,64,-0.055823720202951066
3865,sub26,ling_word_target,65,0.008145033760807871
3866,sub26,ling_word_target,66,0.07386816235599945
3867,sub26,ling_word_target,67,0.08262524167224841
3868,sub26,ling_word_target,68,-0.09234343735109281
3869,sub26,ling_word_target,69,0.045783563705151416
3870,sub26,ling_word_target,70,-0.05626361418026724
3871,sub26,ling_word_target,71,0.026750114239187568
3872,sub26,ling_word_target,72,-0.0018217534855711282
3873,sub26,ling_word_target,73,-0.04074343025835279
3874,sub26,ling_word_target,74,-0.09303477205349524
3875,sub26,ling_word_target,75,0.04410022293312002
3876,sub26,ling_word_target,76,0.022329870873476685
3877,sub26,ling_word_target,77,0.048735734565571606
3878,sub26,ling_word_target,78,0.02326131926206244
3879,sub26,ling_word_target,79,0.05209591544413769
3880,sub26,ling_word_target,80,-0.018716446176358575
3881,sub26,ling_word_target,81,0.11060682496935731
3882,sub26,ling_word_target,82,-0.018046866130573738
3883,sub26,ling_word_target,83,0.0655008952117696
3884,sub26,ling_word_target,84,0.106814458296996
3885,sub26,ling_word_target,85,-0.08759137645520752
3886,sub26,ling_word_target,86,-0.08154403044802574
3887,sub26,ling_word_target,87,-0.06473338815602855
3888,sub26,ling_word_target,88,0.010868994340736722
3889,sub26,ling_word_target,89,0.0653693767987949
3890,sub26,ling_word_target,90,0.01511104273305154
3891,sub26,ling_word_target,91,0.054899693683471494
3892,sub26,ling_word_target,92,0.007110120107179641
3893,sub26,ling_word_target,93,-0.01966190029657976
3894,sub26,ling_word_target,94,-0.005381865906130409
3895,sub26,ling_word_target,95,-0.0016117441941580404
3896,sub26,ling_word_target,96,-0.027057489620913425
3897,sub26,ling_word_target,97,0.013543739770033593
3898,sub26,ling_word_target,98,0.014498780654813912
3899,sub26,ling_word_target,99,-0.14145098373543966
3900,sub26,ling_word_target,100,0.02269136481047375
3901,sub26,ling_word_target,101,-0.012353178487632007
3902,sub26,ling_word_target,102,0.009251421840114061
3903,sub26,ling_word_target,103,-0.019056593594803616
3904,sub26,ling_word_target,104,0.07008197016983835
3905,sub26,ling_word_target,105,-0.057696223389932855
3906,sub26,ling_word_target,106,-0.028903888431053504
3907,sub26,ling_word_target,107,0.10099285015732039
3908,sub26,ling_word_target,108,-0.007661549872483544
3909,sub26,ling_word_target,109,0.029148169723115028
3910,sub26,ling_word_target,110,0.05961075440801271
3911,sub26,ling_word_target,111,-0.035954020759844975
3912,sub26,ling_word_target,112,0.018470185434185046
3913,sub26,ling_word_target,113,0.0019435551123634322
3914,sub26,ling_word_target,114,-0.034214183836391285
3915,sub26,ling_word_target,115,0.03592265126824091
3916,sub26,ling_word_target,116,0.02873919660966911
3917,sub26,ling_word_target,117,0.008335896281002552
3918,sub26,ling_word_target,118,-0.03117892680156192
3919,sub26,ling_word_target,119,0.04112510039930059
3920,sub26,ling_word_target,120,-0.10677500696613489
3921,sub26,ling_word_target,121,0.04899266712623203
3922,sub26,ling_word_target,122,-0.03588118071062733
3923,sub26,ling_word_target,123,0.02385919369844629
3924,sub26,ling_word_target,124,-0.09447956717006391
3925,sub26,ling_word_target,125,0.03319145477803886
3926,sub26,ling_word_target,126,0.05166812568589869
3927,sub26,ling_word_target,127,-0.14115825583678482
3928,sub26,ling_word_target,128,-0.12609693938096933
3929,sub26,ling_word_target,129,0.10723984939597514
3930,sub26,ling_word_target,130,0.033533977571211585
3931,sub26,ling_word_target,131,-0.06800885344814453
3932,sub26,ling_word_target,132,-0.12300985641607767
3933,sub26,ling_word_target,133,-0.04255208050814638
3934,sub26,ling_word_target,134,0.04168319081205267
3935,sub26,ling_word_target,135,0.04387048024967274
3936,sub26,ling_word_target,136,0.008493115010081055
3937,sub26,ling_word_target,137,-0.04650013374500503
3938,sub26,ling_word_target,138,-0.043399396144212385
3939,sub26,ling_word_target,139,0.007388342871317264
3940,sub26,ling_word_target,140,0.06432040003651525
3941,sub26,ling_word_target,141,0.02453477223423825
3942,sub26,ling_word_target,142,0.09724720309760511
3943,sub26,ling_word_target,143,0.07865361607168536
3944,sub26,ling_word_target,144,-0.005147269413251569
3945,sub26,ling_word_target,145,-0.020335655130048213
3946,sub26,ling_word_target,146,0.008469767548519863
3947,sub26,ling_word_target,147,0.018436186012141975
3948,sub26,ling_word_target,148,-0.0465769360827501
3949,sub26,ling_word_target,149,0.02952327319759275
3950,sub26,ling_word_target,150,0.11540696609222903
3951,sub26,ling_word_target,151,0.028709776919854397
3952,sub26,ling_word_target,152,0.0009488953808687522
3953,sub26,ling_word_target,153,0.046302587741341474
3954,sub26,ling_word_target,154,0.018930472795627522
3955,sub26,ling_word_target,155,-0.0028731468165328435
3956,sub26,ling_word_target,156,-0.07460324277845222
3957,sub26,ling_word_target,157,0.020215998154860547
3958,sub26,ling_word_target,158,0.07111360418663422
3959,sub26,ling_word_target,159,0.008641021374555692
3960,sub26,ling_word_target,160,-0.033979200262665425
3961,sub26,ling_word_target,161,0.05035161528548133
3962,sub26,ling_word_target,162,0.049812564358478244
3963,sub26,ling_word_target,163,-0.014535556022173421
3964,sub26,ling_word_target,164,-0.009886653827776528
3965,sub26,ling_word_target,165,-0.03520285952037379
3966,sub26,ling_word_target,166,0.01858739983429433
3967,sub26,ling_word_target,167,-0.05978799228312373
3968,sub26,ling_word_target,168,-0.011956215868571875
3969,sub26,ling_word_target,169,-0.0013232052817088679
3970,sub26,ling_word_target,170,-0.0037314094784306516
3971,sub26,ling_word_target,171,0.04910055510265356
3972,sub26,ling_word_target,172,-0.017119586009992104
3973,sub26,ling_word_target,173,-0.12624600084063356
3974,sub26,ling_word_target,174,-0.05862316541596306
3975,sub26,ling_word_target,175,0.033939440020331064
3976,sub26,ling_word_target,176,0.06759527612691903
3977,sub26,ling_word_target,177,0.040181933498690876
3978,sub26,ling_word_target,178,0.05288428712357833
3979,sub26,ling_word_target,179,0.021157678736629146
3980,sub26,ling_word_target,180,-0.03585074306757073
3981,sub26,ling_word_target,181,-0.0011628933239956976
3982,sub26,ling_word_target,182,0.05698170873652198
3983,sub26,ling_word_target,183,-0.020529332683298672
3984,sub26,ling_word_target,184,0.01519465747461249
3985,sub26,ling_word_target,185,-0.04339659951167746
3986,sub26,ling_word_target,186,-0.10584987625290965
3987,sub26,ling_word_target,187,0.005465466597139588
3988,sub26,ling_word_target,188,0.046008936701845096
3989,sub26,ling_word_target,189,0.054468726160254256
3990,sub26,ling_word_target,190,0.007971023391824544
3991,sub26,ling_word_target,191,-0.019306091939306755
3992,sub26,ling_word_target,192,-0.0547341300014257
3993,sub26,ling_word_target,193,-0.03112732694432838
3994,sub26,ling_word_target,194,-0.0717032444597091
3995,sub26,ling_word_target,195,0.0017380476270326384
3996,sub26,ling_word_target,196,-0.006805005914969178
3997,sub26,ling_word_target,197,-0.007353859973276625
3998,sub26,ling_word_target,198,-0.058921501035112754
3999,sub26,ling_word_target,199,-0.032548111147721374
4000,sub27,ling_word_target,0,0.009421693501683672
4001,sub27,ling_word_target,1,-0.02450989308784397
4002,sub27,ling_word_target,2,0.021886007190630993
4003,sub27,ling_word_target,3,-0.010886328637930879
4004,sub27,ling_word_target,4,0.05930979132831637
4005,sub27,ling_word_target,5,-0.022400425601228825
4006,sub27,ling_word_target,6,0.06137614184853597
4007,sub27,ling_word_target,7,0.05855976547474139
4008,sub27,ling_word_target,8,-0.024091835618134712
4009,sub27,ling_word_target,9,0.015228301663172288
4010,sub27,ling_word_target,10,-0.07028069697193183
4011,sub27,ling_word_target,11,0.04294695887569994
4012,sub27,ling_word_target,12,-0.029521630770946137
4013,sub27,ling_word_target,13,0.08372837271208575
4014,sub27,ling_word_target,14,0.010087922259405805
4015,sub27,ling_word_target,15,0.06754312655974469
4016,sub27,ling_word_target,16,-0.00707771223354132
4017,sub27,ling_word_target,17,0.11103203658580311
4018,sub27,ling_word_target,18,0.018098102897936025
4019,sub27,ling_word_target,19,0.03272062062813059
4020,sub27,ling_word_target,20,0.019820243775288574
4021,sub27,ling_word_target,21,-0.03235393527281634
4022,sub27,ling_word_target,22,0.05397769108408361
4023,sub27,ling_word_target,23,0.027100147032557014
4024,sub27,ling_word_target,24,0.011381153249034687
4025,sub27,ling_word_target,25,0.052754717105310475
4026,sub27,ling_word_target,26,0.0007629800721115638
4027,sub27,ling_word_target,27,0.028827334869808346
4028,sub27,ling_word_target,28,-0.02966196472114379
4029,sub27,ling_word_target,29,-0.021881890570562956
4030,sub27,ling_word_target,30,0.07880141442271371
4031,sub27,ling_word_target,31,0.013306485534276906
4032,sub27,ling_word_target,32,0.13027410043017912
4033,sub27,ling_word_target,33,0.03808032842462749
4034,sub27,ling_word_target,34,-0.004094117836452231
4035,sub27,ling_word_target,35,-0.070425456991452
4036,sub27,ling_word_target,36,0.04763071728917145
4037,sub27,ling_word_target,37,-0.0015643464433170808
4038,sub27,ling_word_target,38,0.033286346515801785
4039,sub27,ling_word_target,39,0.0994117791708625
4040,sub27,ling_word_target,40,-0.007352177301807313
4041,sub27,ling_word_target,41,-0.016091656065718676
4042,sub27,ling_word_target,42,0.06845167522374163
4043,sub27,ling_word_target,43,0.023100806264698754
4044,sub27,ling_word_target,44,6.13657283462257e-05
4045,sub27,ling_word_target,45,-0.001552410005489642
4046,sub27,ling_word_target,46,-0.011650670291879578
4047,sub27,ling_word_target,47,0.022895034398278464
4048,sub27,ling_word_target,48,-0.010018700082934038
4049,sub27,ling_word_target,49,0.07699171127903408
4050,sub27,ling_word_target,50,0.030372040921757756
4051,sub27,ling_word_target,51,-0.07239431466995856
4052,sub27,ling_word_target,52,0.039167872353983994
4053,sub27,ling_word_target,53,0.04012389041836861
4054,sub27,ling_word_target,54,0.027449646587466646
4055,sub27,ling_word_target,55,-0.07147051473405264
4056,sub27,ling_word_target,56,0.04824105830233501
4057,sub27,ling_word_target,57,0.04389538950335813
4058,sub27,ling_word_target,58,0.03340757463519399
4059,sub27,ling_word_target,59,0.045513914842164716
4060,sub27,ling_word_target,60,0.008580073393843469
4061,sub27,ling_word_target,61,-0.03654780275112002
4062,sub27,ling_word_target,62,-0.06400101532725598
4063,sub27,ling_word_target,63,0.055199341701654456
4064,sub27,ling_word_target,64,0.043217311465695615
4065,sub27,ling_word_target,65,-0.018062786287194033
4066,sub27,ling_word_target,66,0.0587129981086173
4067,sub27,ling_word_target,67,-0.031240333080453576
4068,sub27,ling_word_target,68,0.044464222164957067
4069,sub27,ling_word_target,69,-0.057608587609639675
4070,sub27,ling_word_target,70,0.04676500871145515
4071,sub27,ling_word_target,71,0.0514119540261164
4072,sub27,ling_word_target,72,0.03840216334623438
4073,sub27,ling_word_target,73,-0.050759816919019186
4074,sub27,ling_word_target,74,0.008676501914466563
4075,sub27,ling_word_target,75,-0.0027959170009217425
4076,sub27,ling_word_target,76,-0.020888955711283998
4077,sub27,ling_word_target,77,0.09741899595745683
4078,sub27,ling_word_target,78,-0.06894535491221966
4079,sub27,ling_word_target,79,-0.02527347006957122
4080,sub27,ling_word_target,80,-0.05113868085991987
4081,sub27,ling_word_target,81,-0.017352351148954993
4082,sub27,ling_word_target,82,0.0467285962575562
4083,sub27,ling_word_target,83,0.07570221646940535
4084,sub27,ling_word_target,84,-0.002453868471161226
4085,sub27,ling_word_target,85,0.13489532495092077
4086,sub27,ling_word_target,86,-0.006364156730585142
4087,sub27,ling_word_target,87,-0.06179541966201589
4088,sub27,ling_word_target,88,-0.0514263209535359
4089,sub27,ling_word_target,89,-0.08438590060703105
4090,sub27,ling_word_target,90,0.0518717514299049
4091,sub27,ling_word_target,91,0.053680221168861744
4092,sub27,ling_word_target,92,0.056064224366067436
4093,sub27,ling_word_target,93,-0.057129127612656656
4094,sub27,ling_word_target,94,0.029888001045839614
4095,sub27,ling_word_target,95,-0.014621503611335325
4096,sub27,ling_word_target,96,0.04068294900463811
4097,sub27,ling_word_target,97,0.022538995038344077
4098,sub27,ling_word_target,98,-0.084792035374772
4099,sub27,ling_word_target,99,0.009290690782165647
4100,sub27,ling_word_target,100,-0.035396092612354706
4101,sub27,ling_word_target,101,0.034293669066610785
4102,sub27,ling_word_target,102,-0.08678640770937567
4103,sub27,ling_word_target,103,-0.1021430522499939
4104,sub27,ling_word_target,104,0.014181220515356674
4105,sub27,ling_word_target,105,-0.07429273999309463
4106,sub27,ling_word_target,106,0.03702964338168589
4107,sub27,ling_word_target,107,-0.06547518752900305
4108,sub27,ling_word_target,108,-0.11857385050574182
4109,sub27,ling_word_target,109,0.015140867429620215
4110,sub27,ling_word_target,110,-0.06722868159331774
4111,sub27,ling_word_target,111,0.013336156186137725
4112,sub27,ling_word_target,112,0.01094805330625234
4113,sub27,ling_word_target,113,-0.04836189004481122
4114,sub27,ling_word_target,114,0.009869215187777324
4115,sub27,ling_word_target,115,0.0363298407347986
4116,sub27,ling_word_target,116,0.010401214042510305
4117,sub27,ling_word_target,117,-0.02028287326888702
4118,sub27,ling_word_target,118,-0.01163038700395701
4119,sub27,ling_word_target,119,-0.024815353259885514
4120,sub27,ling_word_target,120,0.07335439739670066
4121,sub27,ling_word_target,121,-0.004187275180310197
4122,sub27,ling_word_target,122,-0.003693442985423254
4123,sub27,ling_word_target,123,0.05341218136812378
4124,sub27,ling_word_target,124,0.13839764933757562
4125,sub27,ling_word_target,125,0.0412703245738628
4126,sub27,ling_word_target,126,0.07103568471659988
4127,sub27,ling_word_target,127,-0.008745236956672299
4128,sub27,ling_word_target,128,0.013326027682717173
4129,sub27,ling_word_target,129,-0.01749950151483766
4130,sub27,ling_word_target,130,-0.09998391038162037
4131,sub27,ling_word_target,131,-0.043588584454239084
4132,sub27,ling_word_target,132,0.0937903534632463
4133,sub27,ling_word_target,133,-0.01631808268983894
4134,sub27,ling_word_target,134,-0.04811544322268661
4135,sub27,ling_word_target,135,0.005037716686249249
4136,sub27,ling_word_target,136,0.0008747768816241671
4137,sub27,ling_word_target,137,-0.0228187842216003
4138,sub27,ling_word_target,138,0.11327187335092469
4139,sub27,ling_word_target,139,0.01423750682155158
4140,sub27,ling_word_target,140,-0.07342271554477452
4141,sub27,ling_word_target,141,0.05558126459184737
4142,sub27,ling_word_target,142,0.027431362704803754
4143,sub27,ling_word_target,143,-0.025176157009795582
4144,sub27,ling_word_target,144,0.03960019785393668
4145,sub27,ling_word_target,145,0.07202344409971173
4146,sub27,ling_word_target,146,0.0023362701343073275
4147,sub27,ling_word_target,147,-0.06433741319255734
4148,sub27,ling_word_target,148,-0.028620295725711068
4149,sub27,ling_word_target,149,-0.036907756129181235
4150,sub27,ling_word_target,150,-0.011324015744430274
4151,sub27,ling_word_target,151,-0.043409687092064705
4152,sub27,ling_word_target,152,0.07531169864573503
4153,sub27,ling_word_target,153,-0.010172301473980246
4154,sub27,ling_word_target,154,-0.04147857440487393
4155,sub27,ling_word_target,155,-0.033418934791445275
4156,sub27,ling_word_target,156,-0.025346029852400434
4157,sub27,ling_word_target,157,-0.005641100151568159
4158,sub27,ling_word_target,158,0.04893744247863859
4159,sub27,ling_word_target,159,0.019069828682959655
4160,sub27,ling_word_target,160,0.04222708851511961
4161,sub27,ling_word_target,161,-0.11584042971448973
4162,sub27,ling_word_target,162,-0.02472420928036896
4163,sub27,ling_word_target,163,-0.019990966069370376
4164,sub27,ling_word_target,164,0.014573978285891413
4165,sub27,ling_word_target,165,0.005827588406553935
4166,sub27,ling_word_target,166,-0.04516671852794879
4167,sub27,ling_word_target,167,0.0663373094489827
4168,sub27,ling_word_target,168,-0.03656907239939466
4169,sub27,ling_word_target,169,0.004260137763822719
4170,sub27,ling_word_target,170,-0.04767809780838115
4171,sub27,ling_word_target,171,-0.03169687616697274
4172,sub27,ling_word_target,172,0.027797220390836177
4173,sub27,ling_word_target,173,0.055208507223125064
4174,sub27,ling_word_target,174,-0.019470559784461272
4175,sub27,ling_word_target,175,0.02904269494130002
4176,sub27,ling_word_target,176,0.007662103400771496
4177,sub27,ling_word_target,177,0.01957965367208349
4178,sub27,ling_word_target,178,0.05353648008973533
4179,sub27,ling_word_target,179,0.05909332549245653
4180,sub27,ling_word_target,180,-0.03486771668845998
4181,sub27,ling_word_target,181,0.07850775062162775
4182,sub27,ling_word_target,182,-0.022113653952484595
4183,sub27,ling_word_target,183,-0.03355557206741696
4184,sub27,ling_word_target,184,-0.01445075093407733
4185,sub27,ling_word_target,185,-0.05089860151119227
4186,sub27,ling_word_target,186,0.04893780758450959
4187,sub27,ling_word_target,187,0.1091866573237386
4188,sub27,ling_word_target,188,0.045709992477055525
4189,sub27,ling_word_target,189,0.013520675687877156
4190,sub27,ling_word_target,190,-0.13334344094460981
4191,sub27,ling_word_target,191,-0.019546896756506026
4192,sub27,ling_word_target,192,0.010506790374945363
4193,sub27,ling_word_target,193,0.015223008074764545
4194,sub27,ling_word_target,194,-0.03271890871901204
4195,sub27,ling_word_target,195,-0.11363532017904139
4196,sub27,ling_word_target,196,0.0023591849926728695
4197,sub27,ling_word_target,197,-0.03752086346125677
4198,sub27,ling_word_target,198,-0.02771818857523596
4199,sub27,ling_word_target,199,-0.0030965640778872297
4200,sub28,ling_word_target,0,-0.002692073930391359
4201,sub28,ling_word_target,1,-0.014133424777747712
4202,sub28,ling_word_target,2,0.005203376691857884
4203,sub28,ling_word_target,3,0.05318819616011321
4204,sub28,ling_word_target,4,-0.008896843612330983
4205,sub28,ling_word_target,5,-0.0335016068536381
4206,sub28,ling_word_target,6,0.059472755149000994
4207,sub28,ling_word_target,7,-0.006027618113880659
4208,sub28,ling_word_target,8,-0.08208720439809163
4209,sub28,ling_word_target,9,0.005470950738751281
4210,sub28,ling_word_target,10,-0.06906692869919433
4211,sub28,ling_word_target,11,0.025542855061616805
4212,sub28,ling_word_target,12,0.0409745716053538
4213,sub28,ling_word_target,13,0.060523076228224164
4214,sub28,ling_word_target,14,0.04658145042290856
4215,sub28,ling_word_target,15,0.05145431793504216
4216,sub28,ling_word_target,16,0.11926405869954172
4217,sub28,ling_word_target,17,-0.07373021700376485
4218,sub28,ling_word_target,18,-0.05788975391063172
4219,sub28,ling_word_target,19,-0.19759225891033785
4220,sub28,ling_word_target,20,-0.004217828316472057
4221,sub28,ling_word_target,21,-0.045980706014101154
4222,sub28,ling_word_target,22,-0.0298358322567667
4223,sub28,ling_word_target,23,0.08783969286072016
4224,sub28,ling_word_target,24,-0.02363876109069971
4225,sub28,ling_word_target,25,-0.015924238904971265
4226,sub28,ling_word_target,26,0.0030332102197084235
4227,sub28,ling_word_target,27,-0.0287359274837454
4228,sub28,ling_word_target,28,-0.02500095815450384
4229,sub28,ling_word_target,29,-0.014669499675287747
4230,sub28,ling_word_target,30,-0.04143412036110212
4231,sub28,ling_word_target,31,0.11634607636183923
4232,sub28,ling_word_target,32,0.04579830217530638
4233,sub28,ling_word_target,33,-0.005795662365990265
4234,sub28,ling_word_target,34,0.0339684540650881
4235,sub28,ling_word_target,35,0.044784868582664186
4236,sub28,ling_word_target,36,-0.01921828300224254
4237,sub28,ling_word_target,37,0.06680107439644463
4238,sub28,ling_word_target,38,-0.01774626853801673
4239,sub28,ling_word_target,39,-0.023522275356126266
4240,sub28,ling_word_target,40,-0.06120237570946306
4241,sub28,ling_word_target,41,-0.05023817008121533
4242,sub28,ling_word_target,42,-0.011117554519353359
4243,sub28,ling_word_target,43,-0.008490536889908445
4244,sub28,ling_word_target,44,0.08189475401755632
4245,sub28,ling_word_target,45,0.008055647678723193
4246,sub28,ling_word_target,46,-0.00851464899838309
4247,sub28,ling_word_target,47,-0.01023973180984043
4248,sub28,ling_word_target,48,0.046796887726468867
4249,sub28,ling_word_target,49,-0.0023344612592719545
4250,sub28,ling_word_target,50,0.0020500559864778567
4251,sub28,ling_word_target,51,0.00851407859511279
4252,sub28,ling_word_target,52,0.07259861172102877
4253,sub28,ling_word_target,53,0.05166461047008949
4254,sub28,ling_word_target,54,-0.013857911933595876
4255,sub28,ling_word_target,55,-0.018421329659714568
4256,sub28,ling_word_target,56,0.01937529313997473
4257,sub28,ling_word_target,57,-0.0034568631890979657
4258,sub28,ling_word_target,58,0.012337330718491439
4259,sub28,ling_word_target,59,0.06372466729160663
4260,sub28,ling_word_target,60,-0.06548412433155387
4261,sub28,ling_word_target,61,0.036450119317879885
4262,sub28,ling_word_target,62,-0.007666177822894636
4263,sub28,ling_word_target,63,0.031202965435231347
4264,sub28,ling_word_target,64,0.0513132092518468
4265,sub28,ling_word_target,65,-0.08824929556798844
4266,sub28,ling_word_target,66,0.042479593947443405
4267,sub28,ling_word_target,67,-0.020809683117621793
4268,sub28,ling_word_target,68,0.041711218038959295
4269,sub28,ling_word_target,69,0.07612804088995657
4270,sub28,ling_word_target,70,-0.019560765415404528
4271,sub28,ling_word_target,71,0.02629110330318357
4272,sub28,ling_word_target,72,-0.026065916708341706
4273,sub28,ling_word_target,73,0.06811691870365827
4274,sub28,ling_word_target,74,-0.014167780527037014
4275,sub28,ling_word_target,75,0.15937885143544372
4276,sub28,ling_word_target,76,-0.07026811446991996
4277,sub28,ling_word_target,77,-0.013216852242143851
4278,sub28,ling_word_target,78,0.0062859076835183195
4279,sub28,ling_word_target,79,-0.05154202298458252
4280,sub28,ling_word_target,80,-0.00823222183491372
4281,sub28,ling_word_target,81,0.0213469815020696
4282,sub28,ling_word_target,82,0.018706548563643188
4283,sub28,ling_word_target,83,-0.016607756574364887
4284,sub28,ling_word_target,84,-0.10480455105305632
4285,sub28,ling_word_target,85,0.0366808048551988
4286,sub28,ling_word_target,86,0.10315781089468706
4287,sub28,ling_word_target,87,-0.07904634274060017
4288,sub28,ling_word_target,88,0.06347515096117828
4289,sub28,ling_word_target,89,0.055558391167585874
4290,sub28,ling_word_target,90,0.030692668763150133
4291,sub28,ling_word_target,91,0.07525449527724752
4292,sub28,ling_word_target,92,0.008651706925284313
4293,sub28,ling_word_target,93,0.026089688875549508
4294,sub28,ling_word_target,94,-0.0196549814869688
4295,sub28,ling_word_target,95,0.08973137983506135
4296,sub28,ling_word_target,96,-0.10783399193017662
4297,sub28,ling_word_target,97,0.025478769884881437
4298,sub28,ling_word_target,98,-0.032425924687965985
4299,sub28,ling_word_target,99,0.0008575279401350415
4300,sub28,ling_word_target,100,-0.0077228917416031564
4301,sub28,ling_word_target,101,0.009044735645755992
4302,sub28,ling_word_target,102,0.060970692952099115
4303,sub28,ling_word_target,103,-0.018257871986184157
4304,sub28,ling_word_target,104,-0.03474905725263558
4305,sub28,ling_word_target,105,-0.10237818225381994
4306,sub28,ling_word_target,106,-0.0557118965074567
4307,sub28,ling_word_target,107,0.024501337481194114
4308,sub28,ling_word_target,108,0.007014140764611773
4309,sub28,ling_word_target,109,-0.03095102876236736
4310,sub28,ling_word_target,110,0.06038067678162731
4311,sub28,ling_word_target,111,0.0932926027309994
4312,sub28,ling_word_target,112,-0.023366451945630303
4313,sub28,ling_word_target,113,0.07523571253119707
4314,sub28,ling_word_target,114,-0.012630850755531883
4315,sub28,ling_word_target,115,0.0011155537064759591
4316,sub28,ling_word_target,116,-0.07578397606295412
4317,sub28,ling_word_target,117,0.029678554591449673
4318,sub28,ling_word_target,118,-0.05043666646833715
4319,sub28,ling_word_target,119,-0.04502019872980304
4320,sub28,ling_word_target,120,-0.062012513372256016
4321,sub28,ling_word_target,121,0.020195359722068533
4322,sub28,ling_word_target,122,-0.003232766120586701
4323,sub28,ling_word_target,123,-0.021534915823556915
4324,sub28,ling_word_target,124,0.020725267853321183
4325,sub28,ling_word_target,125,-0.015154311553513138
4326,sub28,ling_word_target,126,0.018584301977557262
4327,sub28,ling_word_target,127,0.02130603915598822
4328,sub28,ling_word_target,128,-0.026796409331376614
4329,sub28,ling_word_target,129,0.013270326700516035
4330,sub28,ling_word_target,130,0.004338510338245735
4331,sub28,ling_word_target,131,-0.05922973698209674
4332,sub28,ling_word_target,132,0.04551013176931799
4333,sub28,ling_word_target,133,0.031207764301819516
4334,sub28,ling_word_target,134,0.08025403087628463
4335,sub28,ling_word_target,135,0.06005289569469879
4336,sub28,ling_word_target,136,-0.07486198022670243
4337,sub28,ling_word_target,137,-0.0011048466374213365
4338,sub28,ling_word_target,138,-0.0121555907717527
4339,sub28,ling_word_target,139,-0.030163641655169476
4340,sub28,ling_word_target,140,0.00964358682465125
4341,sub28,ling_word_target,141,0.0779289274525144
4342,sub28,ling_word_target,142,-0.01623573340304366
4343,sub28,ling_word_target,143,-0.0027781005590139757
4344,sub28,ling_word_target,144,0.03808929782600134
4345,sub28,ling_word_target,145,-0.08628048117037873
4346,sub28,ling_word_target,146,0.04389647483296671
4347,sub28,ling_word_target,147,-0.014802514021499248
4348,sub28,ling_word_target,148,0.047316731273148775
4349,sub28,ling_word_target,149,0.10219728071628964
4350,sub28,ling_word_target,150,-0.03825149335247161
4351,sub28,ling_word_target,151,0.019595617041346786
4352,sub28,ling_word_target,152,0.05636223445713923
4353,sub28,ling_word_target,153,-0.058828244660262666
4354,sub28,ling_word_target,154,-0.02378191954622927
4355,sub28,ling_word_target,155,0.048031748557157486
4356,sub28,ling_word_target,156,0.0314637602111278
4357,sub28,ling_word_target,157,-0.05811089912920583
4358,sub28,ling_word_target,158,0.030853049088612
4359,sub28,ling_word_target,159,-0.007045819705876475
4360,sub28,ling_word_target,160,-0.01743566667135183
4361,sub28,ling_word_target,161,0.05081038062407974
4362,sub28,ling_word_target,162,0.039476760373174456
4363,sub28,ling_word_target,163,-0.09228051572557744
4364,sub28,ling_word_target,164,0.019192386118447036
4365,sub28,ling_word_target,165,0.059841640534320006
4366,sub28,ling_word_target,166,-0.09915605289073678
4367,sub28,ling_word_target,167,0.014415581729992327
4368,sub28,ling_word_target,168,-0.015197224606123546
4369,sub28,ling_word_target,169,0.008818486763714163
4370,sub28,ling_word_target,170,-0.02273806451403973
4371,sub28,ling_word_target,171,0.05575750103022806
4372,sub28,ling_word_target,172,0.021894991091819926
4373,sub28,ling_word_target,173,0.07402348179859183
4374,sub28,ling_word_target,174,0.18555486328957008
4375,sub28,ling_word_target,175,0.013069905665584568
4376,sub28,ling_word_target,176,0.05398340978854686
4377,sub28,ling_word_target,177,0.12092431858484902
4378,sub28,ling_word_target,178,-0.017515583852214443
4379,sub28,ling_word_target,179,0.008167792073666143
4380,sub28,ling_word_target,180,0.06238307342277059
4381,sub28,ling_word_target,181,0.006938004679715136
4382,sub28,ling_word_target,182,0.0368329336107697
4383,sub28,ling_word_target,183,-0.029004233558737418
4384,sub28,ling_word_target,184,-0.05917037469450456
4385,sub28,ling_word_target,185,-0.015349864855857941
4386,sub28,ling_word_target,186,-0.05357217491715687
4387,sub28,ling_word_target,187,-0.011588855551041102
4388,sub28,ling_word_target,188,-0.049548137409078354
4389,sub28,ling_word_target,189,-0.010769392351526453
4390,sub28,ling_word_target,190,-0.016391553573053868
4391,sub28,ling_word_target,191,0.05614358983064489
4392,sub28,ling_word_target,192,0.07446873399689892
4393,sub28,ling_word_target,193,-0.0493788250014062
4394,sub28,ling_word_target,194,-0.05951500262050991
4395,sub28,ling_word_target,195,-0.00693641640507424
4396,sub28,ling_word_target,196,0.07799881659674773
4397,sub28,ling_word_target,197,0.03922899345830109
4398,sub28,ling_word_target,198,0.09764515797827934
4399,sub28,ling_word_target,199,-0.01181738829575688
4400,sub29,ling_word_target,0,0.052798086266971786
4401,sub29,ling_word_target,1,-0.08964913817543026
4402,sub29,ling_word_target,2,0.006339001579308762
4403,sub29,ling_word_target,3,0.015267085237362766
4404,sub29,ling_word_target,4,-0.051547459906490053
4405,sub29,ling_word_target,5,0.060266267495315266
4406,sub29,ling_word_target,6,-0.056828579498864204
4407,sub29,ling_word_target,7,0.012114630249814568
4408,sub29,ling_word_target,8,0.023466820393773142
4409,sub29,ling_word_target,9,0.02703403697776313
4410,sub29,ling_word_target,10,0.0933040582480823
4411,sub29,ling_word_target,11,-0.042491528932469706
4412,sub29,ling_word_target,12,-0.005657415370336414
4413,sub29,ling_word_target,13,-0.051156020534715116
4414,sub29,ling_word_target,14,-0.11409734670980404
4415,sub29,ling_word_target,15,-0.07593042684755741
4416,sub29,ling_word_target,16,0.010316862199678714
4417,sub29,ling_word_target,17,0.013357793549531236
4418,sub29,ling_word_target,18,0.024466411887273304
4419,sub29,ling_word_target,19,-0.04131526525492475
4420,sub29,ling_word_target,20,-0.013015358330069797
4421,sub29,ling_word_target,21,-0.013282765922824565
4422,sub29,ling_word_target,22,0.060075689575500725
4423,sub29,ling_word_target,23,-0.19146782392564693
4424,sub29,ling_word_target,24,0.06422874135647079
4425,sub29,ling_word_target,25,-0.10818899358967822
4426,sub29,ling_word_target,26,0.05283036122443922
4427,sub29,ling_word_target,27,-0.017990561143945046
4428,sub29,ling_word_target,28,0.059817206367132204
4429,sub29,ling_word_target,29,-0.02578477182620562
4430,sub29,ling_word_target,30,-0.050789298139040276
4431,sub29,ling_word_target,31,-0.033266410430826926
4432,sub29,ling_word_target,32,-0.014064135475808304
4433,sub29,ling_word_target,33,-0.06003670752903814
4434,sub29,ling_word_target,34,-0.07081936785210592
4435,sub29,ling_word_target,35,0.012207115501661646
4436,sub29,ling_word_target,36,0.002624198652848396
4437,sub29,ling_word_target,37,-0.011761086299875203
4438,sub29,ling_word_target,38,-0.15117168054826238
4439,sub29,ling_word_target,39,0.0418526115564897
4440,sub29,ling_word_target,40,0.010514346105229616
4441,sub29,ling_word_target,41,-0.027078276089346043
4442,sub29,ling_word_target,42,0.00704059462793674
4443,sub29,ling_word_target,43,-0.08072863925356918
4444,sub29,ling_word_target,44,0.11490186310847925
4445,sub29,ling_word_target,45,0.05499724980703572
4446,sub29,ling_word_target,46,0.06289594063210815
4447,sub29,ling_word_target,47,-0.029516645680714233
4448,sub29,ling_word_target,48,0.017712777540823944
4449,sub29,ling_word_target,49,-0.055709121664668924
4450,sub29,ling_word_target,50,-0.06944979110066547
4451,sub29,ling_word_target,51,-0.0923288070217188
4452,sub29,ling_word_target,52,-0.0004606897998997912
4453,sub29,ling_word_target,53,-0.09381936945131646
4454,sub29,ling_word_target,54,-0.03178730925099178
4455,sub29,ling_word_target,55,-0.026967236706485785
4456,sub29,ling_word_target,56,0.016887527862420308
4457,sub29,ling_word_target,57,0.011828743025968414
4458,sub29,ling_word_target,58,-0.06972120424470139
4459,sub29,ling_word_target,59,0.03437149471820466
4460,sub29,ling_word_target,60,0.06975724245558006
4461,sub29,ling_word_target,61,0.06276828863236832
4462,sub29,ling_word_target,62,-0.04785959347900639
4463,sub29,ling_word_target,63,-0.04173586473456501
4464,sub29,ling_word_target,64,0.03949724486278438
4465,sub29,ling_word_target,65,0.09002406849186159
4466,sub29,ling_word_target,66,-0.08044269217440488
4467,sub29,ling_word_target,67,-0.04404007012245342
4468,sub29,ling_word_target,68,-0.016370286691595005
4469,sub29,ling_word_target,69,-0.054825489539522536
4470,sub29,ling_word_target,70,-0.06961622498843162
4471,sub29,ling_word_target,71,0.048150311253007054
4472,sub29,ling_word_target,72,-0.05548008663037034
4473,sub29,ling_word_target,73,0.018139635793860846
4474,sub29,ling_word_target,74,-0.017970493514519487
4475,sub29,ling_word_target,75,-0.06783032282098488
4476,sub29,ling_word_target,76,0.012004006970227157
4477,sub29,ling_word_target,77,0.03481969935776988
4478,sub29,ling_word_target,78,-0.00858116411938473
4479,sub29,ling_word_target,79,-0.12401261909064731
4480,sub29,ling_word_target,80,-0.09530220477910625
4481,sub29,ling_word_target,81,0.0565852989127635
4482,sub29,ling_word_target,82,0.0035797522660017205
4483,sub29,ling_word_target,83,0.009099842011652473
4484,sub29,ling_word_target,84,-0.0030232450980375723
4485,sub29,ling_word_target,85,0.028714997556843674
4486,sub29,ling_word_target,86,-0.02767894003469817
4487,sub29,ling_word_target,87,0.06188669384521079
4488,sub29,ling_word_target,88,0.017160775718972114
4489,sub29,ling_word_target,89,-0.05974717372634393
4490,sub29,ling_word_target,90,-0.053400284184668814
4491,sub29,ling_word_target,91,0.04194803857516365
4492,sub29,ling_word_target,92,-0.015506107358566338
4493,sub29,ling_word_target,93,-0.024610101127044936
4494,sub29,ling_word_target,94,-0.022431028026114727
4495,sub29,ling_word_target,95,-0.040445651208389104
4496,sub29,ling_word_target,96,-0.018513478095498463
4497,sub29,ling_word_target,97,-0.062124057514514025
4498,sub29,ling_word_target,98,0.013691035570331645
4499,sub29,ling_word_target,99,0.0792272263248152
4500,sub29,ling_word_target,100,-0.012182948594448576
4501,sub29,ling_word_target,101,0.1360239627224704
4502,sub29,ling_word_target,102,-0.02616869431130325
4503,sub29,ling_word_target,103,0.07861803457947801
4504,sub29,ling_word_target,104,-0.0746530314650353
4505,sub29,ling_word_target,105,0.025461606784222223
4506,sub29,ling_word_target,106,-0.012016477348827829
4507,sub29,ling_word_target,107,0.03170233943207252
4508,sub29,ling_word_target,108,-0.003436472621115241
4509,sub29,ling_word_target,109,-0.028139279079242015
4510,sub29,ling_word_target,110,-0.0040314289279426855
4511,sub29,ling_word_target,111,0.054433635205662814
4512,sub29,ling_word_target,112,-0.006971971531648078
4513,sub29,ling_word_target,113,0.05775015601985505
4514,sub29,ling_word_target,114,0.02043791127198007
4515,sub29,ling_word_target,115,-0.05692734320709698
4516,sub29,ling_word_target,116,0.008254792446850663
4517,sub29,ling_word_target,117,0.022951005451684776
4518,sub29,ling_word_target,118,-0.020558852293534803
4519,sub29,ling_word_target,119,0.06215506838914071
4520,sub29,ling_word_target,120,0.07061533860481055
4521,sub29,ling_word_target,121,-0.017065172264255683
4522,sub29,ling_word_target,122,-0.0555125154731887
4523,sub29,ling_word_target,123,0.024766002842645053
4524,sub29,ling_word_target,124,0.0394613521224693
4525,sub29,ling_word_target,125,0.018756012325963967
4526,sub29,ling_word_target,126,-0.0068757794720483946
4527,sub29,ling_word_target,127,-0.04871491791010228
4528,sub29,ling_word_target,128,0.017342780056103922
4529,sub29,ling_word_target,129,-0.024892367131988054
4530,sub29,ling_word_target,130,-0.03947553046838442
4531,sub29,ling_word_target,131,-0.016114070681832734
4532,sub29,ling_word_target,132,0.013659867791570015
4533,sub29,ling_word_target,133,0.12140899879854215
4534,sub29,ling_word_target,134,-0.034582271708700305
4535,sub29,ling_word_target,135,-0.049347998889339294
4536,sub29,ling_word_target,136,0.02149798913499291
4537,sub29,ling_word_target,137,-0.0014475111184914678
4538,sub29,ling_word_target,138,0.10719661507025545
4539,sub29,ling_word_target,139,0.006005996925049123
4540,sub29,ling_word_target,140,0.004603392042772636
4541,sub29,ling_word_target,141,-0.07518124884602959
4542,sub29,ling_word_target,142,-0.015233251131000186
4543,sub29,ling_word_target,143,-0.023185209297046407
4544,sub29,ling_word_target,144,0.023480687179103274
4545,sub29,ling_word_target,145,-0.0025469221743640146
4546,sub29,ling_word_target,146,0.00764282279067073
4547,sub29,ling_word_target,147,0.022756320004361168
4548,sub29,ling_word_target,148,0.013974195562852622
4549,sub29,ling_word_target,149,-0.019515459649684458
4550,sub29,ling_word_target,150,-0.0050828001856170505
4551,sub29,ling_word_target,151,0.00951516666231024
4552,sub29,ling_word_target,152,-0.0417318415400453
4553,sub29,ling_word_target,153,0.018082087557563794
4554,sub29,ling_word_target,154,0.14247462773955033
4555,sub29,ling_word_target,155,0.06516428204816412
4556,sub29,ling_word_target,156,-0.0025345400676030027
4557,sub29,ling_word_target,157,0.07143762411630196
4558,sub29,ling_word_target,158,0.07197784888114468
4559,sub29,ling_word_target,159,0.001293081763616543
4560,sub29,ling_word_target,160,-0.03890178785330653
4561,sub29,ling_word_target,161,-0.023214689320002257
4562,sub29,ling_word_target,162,-0.08332726409135809
4563,sub29,ling_word_target,163,0.027086604308035268
4564,sub29,ling_word_target,164,-0.03839955027974738
4565,sub29,ling_word_target,165,0.10600918589937874
4566,sub29,ling_word_target,166,0.07893358793429378
4567,sub29,ling_word_target,167,-0.007400950958799259
4568,sub29,ling_word_target,168,0.027863667844304184
4569,sub29,ling_word_target,169,-0.05073878126002985
4570,sub29,ling_word_target,170,0.006563166767718379
4571,sub29,ling_word_target,171,0.021729993145826597
4572,sub29,ling_word_target,172,0.03764294268639628
4573,sub29,ling_word_target,173,-0.06618908102208299
4574,sub29,ling_word_target,174,-0.03459314209545053
4575,sub29,ling_word_target,175,0.06275404653403421
4576,sub29,ling_word_target,176,-0.031577240914846795
4577,sub29,ling_word_target,177,0.02292914625611486
4578,sub29,ling_word_target,178,0.15361563307879192
4579,sub29,ling_word_target,179,-0.09104487304460165
4580,sub29,ling_word_target,180,0.06291078102411607
4581,sub29,ling_word_target,181,-0.0068753760938603595
4582,sub29,ling_word_target,182,0.01384130664280188
4583,sub29,ling_word_target,183,-0.005795602859500164
4584,sub29,ling_word_target,184,0.01848850296683943
4585,sub29,ling_word_target,185,0.006964982208366615
4586,sub29,ling_word_target,186,0.06617782105212133
4587,sub29,ling_word_target,187,-0.06124688232542811
4588,sub29,ling_word_target,188,0.07936880108744344
4589,sub29,ling_word_target,189,-0.039489465547353775
4590,sub29,ling_word_target,190,-0.03239351257821308
4591,sub29,ling_word_target,191,0.08706536586899769
4592,sub29,ling_word_target,192,0.0010950132063793873
4593,sub29,ling_word_target,193,-0.0026374843547531637
4594,sub29,ling_word_target,194,0.006732776307315817
4595,sub29,ling_word_target,195,-0.0688477252115214
4596,sub29,ling_word_target,196,0.004982379300238101
4597,sub29,ling_word_target,197,-0.025022581889623842
4598,sub29,ling_word_target,198,0.05205647373003075
4599,sub29,ling_word_target,199,-0.10230529357131243
4600,sub30,ling_word_target,0,-0.00038740487816356405
4601,sub30,ling_word_target,1,0.026546441007874625
4602,sub30,ling_word_target,2,0.05132073038926569
4603,sub30,ling_word_target,3,-0.06776490580963591
4604,sub30,ling_word_target,4,0.07451712163945279
4605,sub30,ling_word_target,5,0.07233430840521692
4606,sub30,ling_word_target,6,0.07341542472195352
4607,sub30,ling_word_target,7,-0.1458470036350232
4608,sub30,ling_word_target,8,-0.0058745707642076095
4609,sub30,ling_word_target,9,-0.007344036669822849
4610,sub30,ling_word_target,10,0.17002031327529685
4611,sub30,ling_word_target,11,0.05036896464972798
4612,sub30,ling_word_target,12,-0.0615888428010912
4613,sub30,ling_word_target,13,0.00253363413614199
4614,sub30,ling_word_target,14,-0.14500254531713466
4615,sub30,ling_word_target,15,0.024313488617425324
4616,sub30,ling_word_target,16,-0.0761790421664975
4617,sub30,ling_word_target,17,0.03529520439971196
4618,sub30,ling_word_target,18,0.005063613475201871
4619,sub30,ling_word_target,19,0.06260113577458487
4620,sub30,ling_word_target,20,0.06492647365259022
4621,sub30,ling_word_target,21,-0.0821862180428071
4622,sub30,ling_word_target,22,-0.011593602816872885
4623,sub30,ling_word_target,23,0.06323433149405747
4624,sub30,ling_word_target,24,0.02412315499788781
4625,sub30,ling_word_target,25,0.09601432479559596
4626,sub30,ling_word_target,26,0.08743950416538984
4627,sub30,ling_word_target,27,0.10202171253134654
4628,sub30,ling_word_target,28,0.018884775767098225
4629,sub30,ling_word_target,29,0.05929280137913775
4630,sub30,ling_word_target,30,-0.00774525267121405
4631,sub30,ling_word_target,31,0.03428449147056827
4632,sub30,ling_word_target,32,0.08059290545816904
4633,sub30,ling_word_target,33,0.0421601292265968
4634,sub30,ling_word_target,34,0.13852249683327345
4635,sub30,ling_word_target,35,0.09949383650155592
4636,sub30,ling_word_target,36,0.013323910483869791
4637,sub30,ling_word_target,37,0.031318264607275714
4638,sub30,ling_word_target,38,0.0826907395028404
4639,sub30,ling_word_target,39,0.07491151289863492
4640,sub30,ling_word_target,40,0.0693176349915991
4641,sub30,ling_word_target,41,-0.05365914038659838
4642,sub30,ling_word_target,42,-0.03769284354212796
4643,sub30,ling_word_target,43,0.045475945495463604
4644,sub30,ling_word_target,44,0.006434926240988696
4645,sub30,ling_word_target,45,-0.0014826144375004598
4646,sub30,ling_word_target,46,-0.034525820901387325
4647,sub30,ling_word_target,47,0.09443924202407651
4648,sub30,ling_word_target,48,0.0021974504281932847
4649,sub30,ling_word_target,49,0.08389505256699706
4650,sub30,ling_word_target,50,-0.0045101661506944685
4651,sub30,ling_word_target,51,0.06707082778433447
4652,sub30,ling_word_target,52,0.13226278446403225
4653,sub30,ling_word_target,53,-0.008998004546397239
4654,sub30,ling_word_target,54,0.005872910414335739
4655,sub30,ling_word_target,55,-0.016686485649211692
4656,sub30,ling_word_target,56,0.010482839872802017
4657,sub30,ling_word_target,57,0.009244089557479344
4658,sub30,ling_word_target,58,-0.04552313701827893
4659,sub30,ling_word_target,59,0.08387731506728653
4660,sub30,ling_word_target,60,-0.03309288522925426
4661,sub30,ling_word_target,61,0.08626496714161001
4662,sub30,ling_word_target,62,-0.058074806561514834
4663,sub30,ling_word_target,63,0.028546765383425408
4664,sub30,ling_word_target,64,0.061304951243769445
4665,sub30,ling_word_target,65,0.029597226637247006
4666,sub30,ling_word_target,66,0.04908026222953428
4667,sub30,ling_word_target,67,0.04672623923927217
4668,sub30,ling_word_target,68,0.06161696483232177
4669,sub30,ling_word_target,69,-0.03891375072891607
4670,sub30,ling_word_target,70,-0.05503639861042615
4671,sub30,ling_word_target,71,0.12063846230034675
4672,sub30,ling_word_target,72,-0.05318029832291538
4673,sub30,ling_word_target,73,0.10127937160441637
4674,sub30,ling_word_target,74,0.0533872496584607
4675,sub30,ling_word_target,75,-0.027116854077029833
4676,sub30,ling_word_target,76,-0.06733997054964651
4677,sub30,ling_word_target,77,-0.06067113963302021
4678,sub30,ling_word_target,78,0.09548533167693128
4679,sub30,ling_word_target,79,-0.01850714507147035
4680,sub30,ling_word_target,80,0.1215468751691331
4681,sub30,ling_word_target,81,0.018422933154014526
4682,sub30,ling_word_target,82,-0.05227602301504751
4683,sub30,ling_word_target,83,-0.023991959024607233
4684,sub30,ling_word_target,84,0.2143941577240939
4685,sub30,ling_word_target,85,0.016906595746785272
4686,sub30,ling_word_target,86,0.022805790981007195
4687,sub30,ling_word_target,87,0.02677940234672326
4688,sub30,ling_word_target,88,-0.01518334241114165
4689,sub30,ling_word_target,89,0.022803503631270896
4690,sub30,ling_word_target,90,0.08801925998994747
4691,sub30,ling_word_target,91,0.04475891317855472
4692,sub30,ling_word_target,92,0.008135631449319695
4693,sub30,ling_word_target,93,0.0683850205675921
4694,sub30,ling_word_target,94,0.08917226164631237
4695,sub30,ling_word_target,95,-0.0460683892845584
4696,sub30,ling_word_target,96,0.09708993829976785
4697,sub30,ling_word_target,97,-0.004790731433098374
4698,sub30,ling_word_target,98,0.03908664187630041
4699,sub30,ling_word_target,99,0.07467242885640508
4700,sub30,ling_word_target,100,-0.0707700798913141
4701,sub30,ling_word_target,101,0.017301468530174037
4702,sub30,ling_word_target,102,-0.1294181141244619
4703,sub30,ling_word_target,103,0.0588321778183077
4704,sub30,ling_word_target,104,-0.019326738922552864
4705,sub30,ling_word_target,105,-0.049598867641629234
4706,sub30,ling_word_target,106,0.015286028067073302
4707,sub30,ling_word_target,107,0.029967164466724677
4708,sub30,ling_word_target,108,0.16521287694681946
4709,sub30,ling_word_target,109,-0.04007038587762904
4710,sub30,ling_word_target,110,-0.044417521080375236
4711,sub30,ling_word_target,111,0.08227467896099873
4712,sub30,ling_word_target,112,0.07176941890401584
4713,sub30,ling_word_target,113,-0.0395455333648226
4714,sub30,ling_word_target,114,-0.011875219369823789
4715,sub30,ling_word_target,115,0.006589558786597446
4716,sub30,ling_word_target,116,0.012605511657573553
4717,sub30,ling_word_target,117,0.09251717463470639
4718,sub30,ling_word_target,118,0.07115574614921776
4719,sub30,ling_word_target,119,0.05407762587903948
4720,sub30,ling_word_target,120,0.10680487557442989
4721,sub30,ling_word_target,121,0.014614688456275173
4722,sub30,ling_word_target,122,-0.046601589249113354
4723,sub30,ling_word_target,123,-0.0028180466279836827
4724,sub30,ling_word_target,124,0.028299274749293897
4725,sub30,ling_word_target,125,-0.044558123417013436
4726,sub30,ling_word_target,126,0.0013087940251004283
4727,sub30,ling_word_target,127,0.0980123534544383
4728,sub30,ling_word_target,128,0.09757010720315537
4729,sub30,ling_word_target,129,0.01083979087377662
4730,sub30,ling_word_target,130,-0.038475109697185796
4731,sub30,ling_word_target,131,0.08227296180289041
4732,sub30,ling_word_target,132,0.058607260495398245
4733,sub30,ling_word_target,133,-0.008052915499019968
4734,sub30,ling_word_target,134,0.0700907593379601
4735,sub30,ling_word_target,135,0.08329409917084964
4736,sub30,ling_word_target,136,0.015103957509845658
4737,sub30,ling_word_target,137,-0.00935414719102498
4738,sub30,ling_word_target,138,-0.028248020377239582
4739,sub30,ling_word_target,139,-0.08077910677981126
4740,sub30,ling_word_target,140,-0.011881200118096803
4741,sub30,ling_word_target,141,0.04033385712798819
4742,sub30,ling_word_target,142,0.018290935171790326
4743,sub30,ling_word_target,143,0.0562408072555643
4744,sub30,ling_word_target,144,-0.0717658398476807
4745,sub30,ling_word_target,145,0.068495940563394
4746,sub30,ling_word_target,146,0.051037973774476865
4747,sub30,ling_word_target,147,0.01540810544004227
4748,sub30,ling_word_target,148,0.03557774890212829
4749,sub30,ling_word_target,149,0.036812989575455556
4750,sub30,ling_word_target,150,0.04429717864682764
4751,sub30,ling_word_target,151,0.028836594164260213
4752,sub30,ling_word_target,152,0.053794359595322805
4753,sub30,ling_word_target,153,0.10262062147210421
4754,sub30,ling_word_target,154,-0.01923450727923308
4755,sub30,ling_word_target,155,-0.04562261697514083
4756,sub30,ling_word_target,156,0.12118239442588229
4757,sub30,ling_word_target,157,-0.030882368924026963
4758,sub30,ling_word_target,158,0.02581810876707711
4759,sub30,ling_word_target,159,-0.0169310583214317
4760,sub30,ling_word_target,160,-0.003042287855300783
4761,sub30,ling_word_target,161,-0.04873177588539191
4762,sub30,ling_word_target,162,-0.030157299617990525
4763,sub30,ling_word_target,163,-0.05138838507639717
4764,sub30,ling_word_target,164,0.0036542432872664244
4765,sub30,ling_word_target,165,-0.05590938193950928
4766,sub30,ling_word_target,166,0.03148454853661422
4767,sub30,ling_word_target,167,0.055821819124904
4768,sub30,ling_word_target,168,0.021548560584665664
4769,sub30,ling_word_target,169,-0.024681583371640992
4770,sub30,ling_word_target,170,-0.06804537962583339
4771,sub30,ling_word_target,171,-0.006382238608361282
4772,sub30,ling_word_target,172,-0.017322639624773366
4773,sub30,ling_word_target,173,0.06570703336775116
4774,sub30,ling_word_target,174,0.03634214258919645
4775,sub30,ling_word_target,175,-0.029325582782256106
4776,sub30,ling_word_target,176,-0.016955973751418687
4777,sub30,ling_word_target,177,0.12296265662568565
4778,sub30,ling_word_target,178,-0.019278576312351303
4779,sub30,ling_word_target,179,-0.10568860721814541
4780,sub30,ling_word_target,180,0.00042596503470949314
4781,sub30,ling_word_target,181,0.1265187672284048
4782,sub30,ling_word_target,182,0.005894160979720845
4783,sub30,ling_word_target,183,-0.06830909912924546
4784,sub30,ling_word_target,184,-0.02040933867398515
4785,sub30,ling_word_target,185,0.0012487286704586408
4786,sub30,ling_word_target,186,0.010808577780643062
4787,sub30,ling_word_target,187,-0.031071366634981782
4788,sub30,ling_word_target,188,0.07430475967329404
4789,sub30,ling_word_target,189,-0.013183926376823276
4790,sub30,ling_word_target,190,0.020601304277137356
4791,sub30,ling_word_target,191,0.053909996916287985
4792,sub30,ling_word_target,192,-0.005214559547955773
4793,sub30,ling_word_target,193,-0.17708207632513884
4794,sub30,ling_word_target,194,0.07275390631248045
4795,sub30,ling_word_target,195,0.04303570302019146
4796,sub30,ling_word_target,196,0.03347549744041967
4797,sub30,ling_word_target,197,0.013786795415924515
4798,sub30,ling_word_target,198,-0.08083877532708388
4799,sub30,ling_word_target,199,0.0369500308356372
4800,sub31,ling_word_target,0,-0.10679623358791203
4801,sub31,ling_word_target,1,0.0862037479350444
4802,sub31,ling_word_target,2,-0.006049290179385893
4803,sub31,ling_word_target,3,0.010260150051794318
4804,sub31,ling_word_target,4,-0.0850005729841514
4805,sub31,ling_word_target,5,0.007008194422299261
4806,sub31,ling_word_target,6,0.02530725932076478
4807,sub31,ling_word_target,7,0.04094238166859228
4808,sub31,ling_word_target,8,0.1134726588655131
4809,sub31,ling_word_target,9,-0.013856794402166419
4810,sub31,ling_word_target,10,0.0336902179911802
4811,sub31,ling_word_target,11,0.028710949946162294
4812,sub31,ling_word_target,12,-0.0016774582544685428
4813,sub31,ling_word_target,13,0.09893839954500547
4814,sub31,ling_word_target,14,0.05926265480896744
4815,sub31,ling_word_target,15,0.0034239091780049642
4816,sub31,ling_word_target,16,0.006150116060950324
4817,sub31,ling_word_target,17,0.04047872409857825
4818,sub31,ling_word_target,18,0.014624670219803229
4819,sub31,ling_word_target,19,0.03171442545479868
4820,sub31,ling_word_target,20,-0.014975120297540324
4821,sub31,ling_word_target,21,-0.018807174171175074
4822,sub31,ling_word_target,22,-0.012754558954515369
4823,sub31,ling_word_target,23,0.05020942720692032
4824,sub31,ling_word_target,24,-0.12922605624762099
4825,sub31,ling_word_target,25,-0.06004138060150461
4826,sub31,ling_word_target,26,-0.09198335012327322
4827,sub31,ling_word_target,27,0.003931353957744863
4828,sub31,ling_word_target,28,0.06681364535474699
4829,sub31,ling_word_target,29,0.04502631086927342
4830,sub31,ling_word_target,30,-0.03319673967509122
4831,sub31,ling_word_target,31,0.038584440153210914
4832,sub31,ling_word_target,32,-0.012287727614213977
4833,sub31,ling_word_target,33,-0.04236507293533708
4834,sub31,ling_word_target,34,-0.04594179044484742
4835,sub31,ling_word_target,35,0.04862683672517706
4836,sub31,ling_word_target,36,0.10068067261178079
4837,sub31,ling_word_target,37,0.01721135278957196
4838,sub31,ling_word_target,38,0.009302655957415381
4839,sub31,ling_word_target,39,-0.019041922722022087
4840,sub31,ling_word_target,40,-0.012592005222217675
4841,sub31,ling_word_target,41,0.0242340606905552
4842,sub31,ling_word_target,42,-0.021645406267265126
4843,sub31,ling_word_target,43,-0.05119798966843207
4844,sub31,ling_word_target,44,-0.0006880168572796991
4845,sub31,ling_word_target,45,0.040060269719154974
4846,sub31,ling_word_target,46,0.03746447341373385
4847,sub31,ling_word_target,47,-0.059493737959764134
4848,sub31,ling_word_target,48,-0.002900347637200053
4849,sub31,ling_word_target,49,0.059359942088075664
4850,sub31,ling_word_target,50,-0.01194098203226967
4851,sub31,ling_word_target,51,0.05504982258880282
4852,sub31,ling_word_target,52,0.0366971947881169
4853,sub31,ling_word_target,53,-0.1454311122968443
4854,sub31,ling_word_target,54,0.06715181200743775
4855,sub31,ling_word_target,55,0.0014771149464726683
4856,sub31,ling_word_target,56,0.033500038646888296
4857,sub31,ling_word_target,57,-0.010097684743492222
4858,sub31,ling_word_target,58,-0.03075952235017043
4859,sub31,ling_word_target,59,0.0759728657509538
4860,sub31,ling_word_target,60,0.05693279377598504
4861,sub31,ling_word_target,61,-0.043192233371597895
4862,sub31,ling_word_target,62,0.040166723987430174
4863,sub31,ling_word_target,63,0.07683580534057903
4864,sub31,ling_word_target,64,0.015642843167340534
4865,sub31,ling_word_target,65,-0.026411056318264105
4866,sub31,ling_word_target,66,-0.005807630747932558
4867,sub31,ling_word_target,67,-0.009051950027442116
4868,sub31,ling_word_target,68,-0.07902020292380885
4869,sub31,ling_word_target,69,-0.003299501232723242
4870,sub31,ling_word_target,70,0.02088655089687999
4871,sub31,ling_word_target,71,0.07187429323400693
4872,sub31,ling_word_target,72,0.08580501520569522
4873,sub31,ling_word_target,73,0.014462977146341746
4874,sub31,ling_word_target,74,0.02614641821179898
4875,sub31,ling_word_target,75,0.02009701494684134
4876,sub31,ling_word_target,76,-0.14535688682271225
4877,sub31,ling_word_target,77,0.017079536413118383
4878,sub31,ling_word_target,78,-0.0008770958659121115
4879,sub31,ling_word_target,79,-0.0799234932436766
4880,sub31,ling_word_target,80,0.019658823825153923
4881,sub31,ling_word_target,81,-0.022104285689057344
4882,sub31,ling_word_target,82,0.010012500926226001
4883,sub31,ling_word_target,83,-0.05092973453509305
4884,sub31,ling_word_target,84,-0.05111153359416788
4885,sub31,ling_word_target,85,0.008341931480589768
4886,sub31,ling_word_target,86,0.009582872131069196
4887,sub31,ling_word_target,87,-0.040001295125968755
4888,sub31,ling_word_target,88,-0.04033698564718555
4889,sub31,ling_word_target,89,-0.020289121676904946
4890,sub31,ling_word_target,90,-0.02267815276482788
4891,sub31,ling_word_target,91,-0.06140960599172884
4892,sub31,ling_word_target,92,-0.017537938437853607
4893,sub31,ling_word_target,93,0.024612436680494315
4894,sub31,ling_word_target,94,-0.03671266294803965
4895,sub31,ling_word_target,95,-0.06134230392613741
4896,sub31,ling_word_target,96,-0.05012738736655147
4897,sub31,ling_word_target,97,-0.04731873249185758
4898,sub31,ling_word_target,98,-0.07451495988530074
4899,sub31,ling_word_target,99,0.0016339931452925686
4900,sub31,ling_word_target,100,0.02814441541436524
4901,sub31,ling_word_target,101,-0.0600769432613826
4902,sub31,ling_word_target,102,0.020822309020014942
4903,sub31,ling_word_target,103,0.01581262159911843
4904,sub31,ling_word_target,104,0.0071168256578055845
4905,sub31,ling_word_target,105,-0.03504391448429071
4906,sub31,ling_word_target,106,-0.010753629425203711
4907,sub31,ling_word_target,107,-0.05190383126137599
4908,sub31,ling_word_target,108,-0.024286725714497047
4909,sub31,ling_word_target,109,0.011274051293101557
4910,sub31,ling_word_target,110,0.0030283230576614115
4911,sub31,ling_word_target,111,-0.03639812587693126
4912,sub31,ling_word_target,112,0.008285566910149094
4913,sub31,ling_word_target,113,-0.025049811666266908
4914,sub31,ling_word_target,114,-0.011976124833410153
4915,sub31,ling_word_target,115,0.02175500351156865
4916,sub31,ling_word_target,116,-0.059146697729622014
4917,sub31,ling_word_target,117,0.0008432378770936682
4918,sub31,ling_word_target,118,-0.04805993354665787
4919,sub31,ling_word_target,119,0.022606554612131555
4920,sub31,ling_word_target,120,0.004833907228099509
4921,sub31,ling_word_target,121,-0.05119532558695652
4922,sub31,ling_word_target,122,0.01667151750968488
4923,sub31,ling_word_target,123,-0.016989444858200427
4924,sub31,ling_word_target,124,0.0017230054854624733
4925,sub31,ling_word_target,125,0.013268824674871785
4926,sub31,ling_word_target,126,-0.002189136527498002
4927,sub31,ling_word_target,127,-0.04630063930051077
4928,sub31,ling_word_target,128,-0.028742173110694155
4929,sub31,ling_word_target,129,0.010600486180456833
4930,sub31,ling_word_target,130,0.05085399780566422
4931,sub31,ling_word_target,131,-0.011294886173266747
4932,sub31,ling_word_target,132,0.10568321315973185
4933,sub31,ling_word_target,133,0.003848585852471734
4934,sub31,ling_word_target,134,0.05321072773704292
4935,sub31,ling_word_target,135,-0.11894155006168017
4936,sub31,ling_word_target,136,-0.07923971755184196
4937,sub31,ling_word_target,137,-0.0267037665500336
4938,sub31,ling_word_target,138,0.04998531590723358
4939,sub31,ling_word_target,139,-0.06908271100762384
4940,sub31,ling_word_target,140,0.04632533645636448
4941,sub31,ling_word_target,141,0.05492620724903676
4942,sub31,ling_word_target,142,0.12043875529601623
4943,sub31,ling_word_target,143,0.10876262820898028
4944,sub31,ling_word_target,144,-0.06756437084432708
4945,sub31,ling_word_target,145,-0.07056257212139931
4946,sub31,ling_word_target,146,-0.01143633198729743
4947,sub31,ling_word_target,147,-0.0732914006094535
4948,sub31,ling_word_target,148,0.004890377225901743
4949,sub31,ling_word_target,149,0.06760048722620085
4950,sub31,ling_word_target,150,-0.009812021014482813
4951,sub31,ling_word_target,151,0.07779983611089485
4952,sub31,ling_word_target,152,0.007324296221434263
4953,sub31,ling_word_target,153,-0.019491015640114254
4954,sub31,ling_word_target,154,-0.017807760190477327
4955,sub31,ling_word_target,155,0.11308485303780867
4956,sub31,ling_word_target,156,0.02912149714499591
4957,sub31,ling_word_target,157,0.018327967351505547
4958,sub31,ling_word_target,158,-0.01964224355788734
4959,sub31,ling_word_target,159,0.019934868322893755
4960,sub31,ling_word_target,160,-0.0701489625048345
4961,sub31,ling_word_target,161,-0.003627856229053934
4962,sub31,ling_word_target,162,-0.04849573248120038
4963,sub31,ling_word_target,163,0.02240885776514392
4964,sub31,ling_word_target,164,-0.008114998852707755
4965,sub31,ling_word_target,165,-0.03441601577878368
4966,sub31,ling_word_target,166,-0.013386311149428629
4967,sub31,ling_word_target,167,-0.02306861500868413
4968,sub31,ling_word_target,168,0.09923997974701933
4969,sub31,ling_word_target,169,0.010531588300359464
4970,sub31,ling_word_target,170,-0.07218377759705914
4971,sub31,ling_word_target,171,0.00942214736991993
4972,sub31,ling_word_target,172,0.025040728038987662
4973,sub31,ling_word_target,173,-0.0031507143022995857
4974,sub31,ling_word_target,174,-0.03282889165418646
4975,sub31,ling_word_target,175,-0.04732444844803293
4976,sub31,ling_word_target,176,0.01401927013227894
4977,sub31,ling_word_target,177,0.03375257531693032
4978,sub31,ling_word_target,178,-0.0042667844361573
4979,sub31,ling_word_target,179,9.364729794308913e-05
4980,sub31,ling_word_target,180,0.016967066229721026
4981,sub31,ling_word_target,181,-0.013702336077363679
4982,sub31,ling_word_target,182,-0.026495146003172956
4983,sub31,ling_word_target,183,0.0751734649206715
4984,sub31,ling_word_target,184,-0.021679562117635658
4985,sub31,ling_word_target,185,-0.041403296401617155
4986,sub31,ling_word_target,186,-0.07882440458960539
4987,sub31,ling_word_target,187,-0.03829041580814727
4988,sub31,ling_word_target,188,-0.03626998529742985
4989,sub31,ling_word_target,189,-0.06152880784097723
4990,sub31,ling_word_target,190,-0.03329538836504848
4991,sub31,ling_word_target,191,0.00927910133853144
4992,sub31,ling_word_target,192,0.05044000109138926
4993,sub31,ling_word_target,193,-0.011024873635898862
4994,sub31,ling_word_target,194,0.028562949742264563
4995,sub31,ling_word_target,195,-0.01987669546807853
4996,sub31,ling_word_target,196,0.006064219924623012
4997,sub31,ling_word_target,197,-0.02704559957001106
4998,sub31,ling_word_target,198,-0.022396096076000467
4999,sub31,ling_word_target,199,0.03239343575474555
5000,sub32,ling_word_target,0,-0.0973428611608379
5001,sub32,ling_word_target,1,-0.06562713317992963
5002,sub32,ling_word_target,2,-0.04647212662272273
5003,sub32,ling_word_target,3,-0.009482548804230191
5004,sub32,ling_word_target,4,0.012250357043930165
5005,sub32,ling_word_target,5,-0.03283358014676688
5006,sub32,ling_word_target,6,0.0017861742976640438
5007,sub32,ling_word_target,7,0.018236520361239808
5008,sub32,ling_word_target,8,-0.033483034653674165
5009,sub32,ling_word_target,9,0.0328290758448094
5010,sub32,ling_word_target,10,-0.06869232625900308
5011,sub32,ling_word_target,11,-0.13332603762108303
5012,sub32,ling_word_target,12,0.052296455804713926
5013,sub32,ling_word_target,13,0.0993888027146425
5014,sub32,ling_word_target,14,0.01028566250718621
5015,sub32,ling_word_target,15,-0.022130500680011368
5016,sub32,ling_word_target,16,-0.020342387557117005
5017,sub32,ling_word_target,17,-0.03031603508696336
5018,sub32,ling_word_target,18,0.06377022433927472
5019,sub32,ling_word_target,19,-0.02328877341634864
5020,sub32,ling_word_target,20,0.030243775701711613
5021,sub32,ling_word_target,21,0.0016157566603894568
5022,sub32,ling_word_target,22,0.004098849381973492
5023,sub32,ling_word_target,23,0.041306758259189016
5024,sub32,ling_word_target,24,0.09012141513179384
5025,sub32,ling_word_target,25,0.03676564822011472
5026,sub32,ling_word_target,26,0.0016631633418138206
5027,sub32,ling_word_target,27,0.03540974770789207
5028,sub32,ling_word_target,28,0.019146847015338708
5029,sub32,ling_word_target,29,-0.037758430309925664
5030,sub32,ling_word_target,30,0.04948276074729277
5031,sub32,ling_word_target,31,-0.03587555101704354
5032,sub32,ling_word_target,32,-0.010652847003354593
5033,sub32,ling_word_target,33,0.048013678956694054
5034,sub32,ling_word_target,34,-0.04970758504003224
5035,sub32,ling_word_target,35,-0.019319718790525253
5036,sub32,ling_word_target,36,-0.08428439466613087
5037,sub32,ling_word_target,37,-0.0906525610602226
5038,sub32,ling_word_target,38,-0.02540161463480594
5039,sub32,ling_word_target,39,-0.06377106710566774
5040,sub32,ling_word_target,40,0.028014322562332945
5041,sub32,ling_word_target,41,-0.02273634394263563
5042,sub32,ling_word_target,42,0.009426733040721808
5043,sub32,ling_word_target,43,0.015833842245532276
5044,sub32,ling_word_target,44,0.011375980454868784
5045,sub32,ling_word_target,45,0.02729761955899371
5046,sub32,ling_word_target,46,-0.030451566550134618
5047,sub32,ling_word_target,47,-0.04249260005202302
5048,sub32,ling_word_target,48,-0.01882888881112625
5049,sub32,ling_word_target,49,0.009005188669453552
5050,sub32,ling_word_target,50,0.039037515078514655
5051,sub32,ling_word_target,51,-0.005244358801463542
5052,sub32,ling_word_target,52,0.09762840293032746
5053,sub32,ling_word_target,53,0.049226995386944666
5054,sub32,ling_word_target,54,-0.053373403785660724
5055,sub32,ling_word_target,55,0.08191154038437112
5056,sub32,ling_word_target,56,-0.022520939353145523
5057,sub32,ling_word_target,57,-0.017841587925801594
5058,sub32,ling_word_target,58,-0.0953980569150451
5059,sub32,ling_word_target,59,0.08381119481006807
5060,sub32,ling_word_target,60,-0.05348283475922318
5061,sub32,ling_word_target,61,0.05697324958735188
5062,sub32,ling_word_target,62,-0.039487333455196186
5063,sub32,ling_word_target,63,-0.04513574959830181
5064,sub32,ling_word_target,64,0.04677996024287437
5065,sub32,ling_word_target,65,0.021842967148740303
5066,sub32,ling_word_target,66,0.07910714626921757
5067,sub32,ling_word_target,67,-0.0064514815832467185
5068,sub32,ling_word_target,68,-0.018454044182243074
5069,sub32,ling_word_target,69,-0.0022790253636427492
5070,sub32,ling_word_target,70,0.04016198898753249
5071,sub32,ling_word_target,71,0.022044968055550215
5072,sub32,ling_word_target,72,-0.05716436907087544
5073,sub32,ling_word_target,73,-0.02162814073062407
5074,sub32,ling_word_target,74,0.043702586758895726
5075,sub32,ling_word_target,75,0.06950368433984391
5076,sub32,ling_word_target,76,0.014949431331931395
5077,sub32,ling_word_target,77,-0.055351467526440636
5078,sub32,ling_word_target,78,-0.14859914483845413
5079,sub32,ling_word_target,79,0.02437785813447393
5080,sub32,ling_word_target,80,-0.04057114647821041
5081,sub32,ling_word_target,81,0.12337048939378527
5082,sub32,ling_word_target,82,-0.013391794110583994
5083,sub32,ling_word_target,83,0.09678026070988723
5084,sub32,ling_word_target,84,-0.0214417414456335
5085,sub32,ling_word_target,85,0.03013174756066254
5086,sub32,ling_word_target,86,-0.012755613778481572
5087,sub32,ling_word_target,87,-0.005447554341012956
5088,sub32,ling_word_target,88,-0.05051183595786045
5089,sub32,ling_word_target,89,-0.055062519357332064
5090,sub32,ling_word_target,90,0.047235111178640675
5091,sub32,ling_word_target,91,-0.021725839795651694
5092,sub32,ling_word_target,92,0.04333922920080478
5093,sub32,ling_word_target,93,0.029882709443546523
5094,sub32,ling_word_target,94,-0.0805474383491511
5095,sub32,ling_word_target,95,0.039131951730249345
5096,sub32,ling_word_target,96,0.13754236580256374
5097,sub32,ling_word_target,97,0.06461298927759708
5098,sub32,ling_word_target,98,-0.30443767619777784
5099,sub32,ling_word_target,99,0.025080145944978396
5100,sub32,ling_word_target,100,-0.05287227418726358
5101,sub32,ling_word_target,101,0.02279159531113145
5102,sub32,ling_word_target,102,0.045914806382849234
5103,sub32,ling_word_target,103,-0.10907656076460402
5104,sub32,ling_word_target,104,-0.010167297886361545
5105,sub32,ling_word_target,105,0.002610805590287357
5106,sub32,ling_word_target,106,0.05207591334516289
5107,sub32,ling_word_target,107,0.08354501675217044
5108,sub32,ling_word_target,108,0.020868156790294478
5109,sub32,ling_word_target,109,0.005908248085830219
5110,sub32,ling_word_target,110,0.00039888794795170287
5111,sub32,ling_word_target,111,-0.06570649512019283
5112,sub32,ling_word_target,112,-0.02762391570529756
5113,sub32,ling_word_target,113,-0.020297188062140117
5114,sub32,ling_word_target,114,-0.04215130973709406
5115,sub32,ling_word_target,115,-0.02558666610372609
5116,sub32,ling_word_target,116,0.006913123510733678
5117,sub32,ling_word_target,117,-0.17127592044095924
5118,sub32,ling_word_target,118,0.09525540739609775
5119,sub32,ling_word_target,119,0.09301944001964994
5120,sub32,ling_word_target,120,0.03358797377229658
5121,sub32,ling_word_target,121,0.0041074273151735
5122,sub32,ling_word_target,122,0.08961672300507378
5123,sub32,ling_word_target,123,-0.011326036147428298
5124,sub32,ling_word_target,124,0.0055208041390790935
5125,sub32,ling_word_target,125,-0.1816718718346603
5126,sub32,ling_word_target,126,0.06686471766992588
5127,sub32,ling_word_target,127,0.11391836770684943
5128,sub32,ling_word_target,128,0.07668812387481048
5129,sub32,ling_word_target,129,0.05570922367742293
5130,sub32,ling_word_target,130,0.004274799161469234
5131,sub32,ling_word_target,131,0.010127073733372367
5132,sub32,ling_word_target,132,0.011209578043765652
5133,sub32,ling_word_target,133,-0.09319557575241677
5134,sub32,ling_word_target,134,0.0853310843190418
5135,sub32,ling_word_target,135,-0.09368822187524038
5136,sub32,ling_word_target,136,-0.02747984253462904
5137,sub32,ling_word_target,137,-0.14788367134943717
5138,sub32,ling_word_target,138,-0.03191183017221435
5139,sub32,ling_word_target,139,-0.037366737467435636
5140,sub32,ling_word_target,140,-0.008712599808157006
5141,sub32,ling_word_target,141,0.08868517259165146
5142,sub32,ling_word_target,142,0.050322395469456535
5143,sub32,ling_word_target,143,-0.01736107417740438
5144,sub32,ling_word_target,144,-0.08623943162507076
5145,sub32,ling_word_target,145,0.07405171729396064
5146,sub32,ling_word_target,146,0.047719887838655314
5147,sub32,ling_word_target,147,0.18716637232314487
5148,sub32,ling_word_target,148,0.0015987646728474962
5149,sub32,ling_word_target,149,0.030349698863066474
5150,sub32,ling_word_target,150,-0.012843319577662942
5151,sub32,ling_word_target,151,0.07602820421375013
5152,sub32,ling_word_target,152,0.009552784130996791
5153,sub32,ling_word_target,153,0.02284865560837623
5154,sub32,ling_word_target,154,8.595900964088074e-06
5155,sub32,ling_word_target,155,0.01843881723509754
5156,sub32,ling_word_target,156,0.09191532465078806
5157,sub32,ling_word_target,157,0.026685775286456305
5158,sub32,ling_word_target,158,-0.0036346517508132428
5159,sub32,ling_word_target,159,0.019045789452290796
5160,sub32,ling_word_target,160,0.009298389692535883
5161,sub32,ling_word_target,161,-0.052237260842775524
5162,sub32,ling_word_target,162,-0.022824792261353845
5163,sub32,ling_word_target,163,-0.02534772880004033
5164,sub32,ling_word_target,164,-0.06060163441974736
5165,sub32,ling_word_target,165,0.024276460646924892
5166,sub32,ling_word_target,166,0.005914922139917213
5167,sub32,ling_word_target,167,0.00995870697401894
5168,sub32,ling_word_target,168,-0.01290790669377277
5169,sub32,ling_word_target,169,-0.00023489139443284572
5170,sub32,ling_word_target,170,-0.00887023124328813
5171,sub32,ling_word_target,171,0.005763181683469166
5172,sub32,ling_word_target,172,-0.09821006503671734
5173,sub32,ling_word_target,173,0.0050173488479909895
5174,sub32,ling_word_target,174,0.03739540529900946
5175,sub32,ling_word_target,175,-0.2269563125360962
5176,sub32,ling_word_target,176,-0.06265303940043701
5177,sub32,ling_word_target,177,0.046466237255883544
5178,sub32,ling_word_target,178,0.019955162034831116
5179,sub32,ling_word_target,179,-0.01715687412822393
5180,sub32,ling_word_target,180,-0.05571268518890324
5181,sub32,ling_word_target,181,0.04396980702034903
5182,sub32,ling_word_target,182,-0.008427804993816969
5183,sub32,ling_word_target,183,0.02624855876661348
5184,sub32,ling_word_target,184,0.028085141867327506
5185,sub32,ling_word_target,185,-0.08801373463024706
5186,sub32,ling_word_target,186,-0.015391414955072319
5187,sub32,ling_word_target,187,-0.016535045457657622
5188,sub32,ling_word_target,188,-0.05055049667412503
5189,sub32,ling_word_target,189,-0.07258711576353416
5190,sub32,ling_word_target,190,-0.041088374349964416
5191,sub32,ling_word_target,191,-0.00841034434847317
5192,sub32,ling_word_target,192,-0.03568039482377824
5193,sub32,ling_word_target,193,-0.027168312638788418
5194,sub32,ling_word_target,194,0.08435406574444204
5195,sub32,ling_word_target,195,0.0805918964953504
5196,sub32,ling_word_target,196,-0.14987534265678873
5197,sub32,ling_word_target,197,0.017170002236714155
5198,sub32,ling_word_target,198,0.022256863404683087
5199,sub32,ling_word_target,199,0.039149654625559166
5200,sub33,ling_word_target,0,0.05488181412319633
5201,sub33,ling_word_target,1,0.02545811943356211
5202,sub33,ling_word_target,2,-0.030037550603538323
5203,sub33,ling_word_target,3,0.03358351238437395
5204,sub33,ling_word_target,4,-0.020641749841759413
5205,sub33,ling_word_target,5,0.009178218697808002
5206,sub33,ling_word_target,6,-0.033477490326736255
5207,sub33,ling_word_target,7,0.00827210084110673
5208,sub33,ling_word_target,8,0.01688417731164944
5209,sub33,ling_word_target,9,0.05079590008949474
5210,sub33,ling_word_target,10,-0.05807429720356852
5211,sub33,ling_word_target,11,0.006499850036900579
5212,sub33,ling_word_target,12,0.02639611450163365
5213,sub33,ling_word_target,13,-0.042350030907924656
5214,sub33,ling_word_target,14,0.03224918557903398
5215,sub33,ling_word_target,15,-0.11590250330063699
5216,sub33,ling_word_target,16,-0.03400296400348355
5217,sub33,ling_word_target,17,-0.048590871637101615
5218,sub33,ling_word_target,18,0.004189748142289112
5219,sub33,ling_word_target,19,0.00961975403761587
5220,sub33,ling_word_target,20,0.019832487013648748
5221,sub33,ling_word_target,21,0.022559580324197512
5222,sub33,ling_word_target,22,0.008652104066900528
5223,sub33,ling_word_target,23,-0.0563175752357251
5224,sub33,ling_word_target,24,-0.012055717366639436
5225,sub33,ling_word_target,25,0.018109209968463724
5226,sub33,ling_word_target,26,0.14788032173772164
5227,sub33,ling_word_target,27,0.05663274843329761
5228,sub33,ling_word_target,28,0.03101481790491372
5229,sub33,ling_word_target,29,-0.0883291432489381
5230,sub33,ling_word_target,30,-0.0016367865625263932
5231,sub33,ling_word_target,31,0.054582638061770127
5232,sub33,ling_word_target,32,-0.03443528229834824
5233,sub33,ling_word_target,33,0.01708070416719787
5234,sub33,ling_word_target,34,0.009814212242535264
5235,sub33,ling_word_target,35,0.036126740079879614
5236,sub33,ling_word_target,36,0.03202854202847979
5237,sub33,ling_word_target,37,0.02671592950168893
5238,sub33,ling_word_target,38,-0.018736286607219318
5239,sub33,ling_word_target,39,0.018076024237978702
5240,sub33,ling_word_target,40,-0.09229225327280291
5241,sub33,ling_word_target,41,0.022750057423548724
5242,sub33,ling_word_target,42,-0.004573383725080866
5243,sub33,ling_word_target,43,-0.04842630264646552
5244,sub33,ling_word_target,44,-0.013164377649703102
5245,sub33,ling_word_target,45,-0.0348512934786347
5246,sub33,ling_word_target,46,0.07776365931703214
5247,sub33,ling_word_target,47,0.015589610722002713
5248,sub33,ling_word_target,48,0.05174402202889768
5249,sub33,ling_word_target,49,-0.03850361635094283
5250,sub33,ling_word_target,50,-0.026559024348147452
5251,sub33,ling_word_target,51,-0.03610988330542789
5252,sub33,ling_word_target,52,0.06905857756366683
5253,sub33,ling_word_target,53,-0.021440112122805534
5254,sub33,ling_word_target,54,-0.051298424640076744
5255,sub33,ling_word_target,55,-0.03643778683013264
5256,sub33,ling_word_target,56,0.23610399435129745
5257,sub33,ling_word_target,57,0.053171095481450985
5258,sub33,ling_word_target,58,0.013229626822028419
5259,sub33,ling_word_target,59,0.03310713363234402
5260,sub33,ling_word_target,60,-0.01854150600566832
5261,sub33,ling_word_target,61,0.031874259369668846
5262,sub33,ling_word_target,62,0.015151521558136555
5263,sub33,ling_word_target,63,0.0340734357226125
5264,sub33,ling_word_target,64,0.08595423530171517
5265,sub33,ling_word_target,65,0.031734286307762184
5266,sub33,ling_word_target,66,0.02043815860593582
5267,sub33,ling_word_target,67,0.09734429724988468
5268,sub33,ling_word_target,68,-0.07186097834890587
5269,sub33,ling_word_target,69,0.02043989718207908
5270,sub33,ling_word_target,70,0.024579745268712525
5271,sub33,ling_word_target,71,-0.045300984146531935
5272,sub33,ling_word_target,72,0.018156570080497758
5273,sub33,ling_word_target,73,0.0868173024723097
5274,sub33,ling_word_target,74,-0.014060269669214552
5275,sub33,ling_word_target,75,-0.020202118318238944
5276,sub33,ling_word_target,76,0.12069352726051931
5277,sub33,ling_word_target,77,0.05979933889521359
5278,sub33,ling_word_target,78,0.013612141164093882
5279,sub33,ling_word_target,79,0.06227360957763256
5280,sub33,ling_word_target,80,0.013146195736072518
5281,sub33,ling_word_target,81,-0.006594430837215958
5282,sub33,ling_word_target,82,0.007224377096053013
5283,sub33,ling_word_target,83,-0.023136351661068116
5284,sub33,ling_word_target,84,-0.0059737898233596974
5285,sub33,ling_word_target,85,0.04697433913890957
5286,sub33,ling_word_target,86,-0.054021347418222225
5287,sub33,ling_word_target,87,-0.022375666506977022
5288,sub33,ling_word_target,88,-0.04360578528438206
5289,sub33,ling_word_target,89,-0.02057803723422884
5290,sub33,ling_word_target,90,0.05951536798672751
5291,sub33,ling_word_target,91,-0.03553728875677695
5292,sub33,ling_word_target,92,0.006381909737090446
5293,sub33,ling_word_target,93,0.023485736756376593
5294,sub33,ling_word_target,94,-0.05719558963676805
5295,sub33,ling_word_target,95,-0.048450236538767816
5296,sub33,ling_word_target,96,0.032617253364125146
5297,sub33,ling_word_target,97,-0.03545284567114872
5298,sub33,ling_word_target,98,0.043692153418122714
5299,sub33,ling_word_target,99,-0.07963401728277272
5300,sub33,ling_word_target,100,-0.0031309747218759665
5301,sub33,ling_word_target,101,0.03372714816583689
5302,sub33,ling_word_target,102,-0.008199768105466682
5303,sub33,ling_word_target,103,-0.02818770955241794
5304,sub33,ling_word_target,104,0.04305348074645131
5305,sub33,ling_word_target,105,-0.13916745633769098
5306,sub33,ling_word_target,106,0.17278524422677105
5307,sub33,ling_word_target,107,-0.035787048555321256
5308,sub33,ling_word_target,108,0.021170202021566838
5309,sub33,ling_word_target,109,0.0016251560720201561
5310,sub33,ling_word_target,110,-0.02924795421607526
5311,sub33,ling_word_target,111,0.07143924252780474
5312,sub33,ling_word_target,112,0.03438577912671968
5313,sub33,ling_word_target,113,-0.016289733797458565
5314,sub33,ling_word_target,114,0.05988410676188778
5315,sub33,ling_word_target,115,-0.02858142985404338
5316,sub33,ling_word_target,116,0.13261242187822814
5317,sub33,ling_word_target,117,0.0613335546528217
5318,sub33,ling_word_target,118,0.1616076126009831
5319,sub33,ling_word_target,119,-0.037182310720122715
5320,sub33,ling_word_target,120,-0.13464255345410953
5321,sub33,ling_word_target,121,0.01123083521841056
5322,sub33,ling_word_target,122,-0.019343953289502273
5323,sub33,ling_word_target,123,0.05042996267230928
5324,sub33,ling_word_target,124,-0.06452174218246196
5325,sub33,ling_word_target,125,0.05726248168734061
5326,sub33,ling_word_target,126,0.024418209866095664
5327,sub33,ling_word_target,127,0.06437561267594587
5328,sub33,ling_word_target,128,0.01938755700642509
5329,sub33,ling_word_target,129,-0.01438590386774418
5330,sub33,ling_word_target,130,-0.029205563708290215
5331,sub33,ling_word_target,131,-0.02544147143382665
5332,sub33,ling_word_target,132,-0.06935174270812636
5333,sub33,ling_word_target,133,0.04610749357972606
5334,sub33,ling_word_target,134,-0.0015783391831755051
5335,sub33,ling_word_target,135,-0.016703340092882143
5336,sub33,ling_word_target,136,-0.0075799165801395405
5337,sub33,ling_word_target,137,-0.003186584454769464
5338,sub33,ling_word_target,138,-0.01629436862063354
5339,sub33,ling_word_target,139,0.01230033314015075
5340,sub33,ling_word_target,140,0.03832306524193951
5341,sub33,ling_word_target,141,-0.016135558101822663
5342,sub33,ling_word_target,142,-0.10107946922982189
5343,sub33,ling_word_target,143,-0.031354609081052406
5344,sub33,ling_word_target,144,0.06849366114484502
5345,sub33,ling_word_target,145,0.03127498408085362
5346,sub33,ling_word_target,146,-0.007228653905053424
5347,sub33,ling_word_target,147,-0.06427478403273094
5348,sub33,ling_word_target,148,0.019018821979002946
5349,sub33,ling_word_target,149,-0.015658852555263857
5350,sub33,ling_word_target,150,0.07252680328319148
5351,sub33,ling_word_target,151,-0.027359013223760425
5352,sub33,ling_word_target,152,-0.06271174361805479
5353,sub33,ling_word_target,153,-0.08349811901863578
5354,sub33,ling_word_target,154,-0.061888650699668875
5355,sub33,ling_word_target,155,-0.044177413278920226
5356,sub33,ling_word_target,156,-0.009901766074321704
5357,sub33,ling_word_target,157,-0.006687606177306274
5358,sub33,ling_word_target,158,0.006410687822004066
5359,sub33,ling_word_target,159,-0.04688231528845908
5360,sub33,ling_word_target,160,-0.010680638712884369
5361,sub33,ling_word_target,161,-0.09150540268873551
5362,sub33,ling_word_target,162,-0.0043746118219880415
5363,sub33,ling_word_target,163,0.030536982210131285
5364,sub33,ling_word_target,164,-0.02483109307121588
5365,sub33,ling_word_target,165,-0.01270007900319692
5366,sub33,ling_word_target,166,-0.046105830863668366
5367,sub33,ling_word_target,167,-0.04186240371345939
5368,sub33,ling_word_target,168,-0.08681084620075188
5369,sub33,ling_word_target,169,0.03498538075513294
5370,sub33,ling_word_target,170,0.03164304391075398
5371,sub33,ling_word_target,171,-0.006777702032770589
5372,sub33,ling_word_target,172,-0.0034680914391641495
5373,sub33,ling_word_target,173,-0.055015379024946624
5374,sub33,ling_word_target,174,0.03788312795711711
5375,sub33,ling_word_target,175,0.048601460836004286
5376,sub33,ling_word_target,176,-0.03530745162659592
5377,sub33,ling_word_target,177,0.01888858388670424
5378,sub33,ling_word_target,178,0.03339168836236791
5379,sub33,ling_word_target,179,-0.10786421823688465
5380,sub33,ling_word_target,180,-0.07978271173939622
5381,sub33,ling_word_target,181,-0.0564342498286007
5382,sub33,ling_word_target,182,0.049326421892193564
5383,sub33,ling_word_target,183,0.05760004219156371
5384,sub33,ling_word_target,184,0.011222156470111636
5385,sub33,ling_word_target,185,0.08373637935619932
5386,sub33,ling_word_target,186,-0.005013177312015858
5387,sub33,ling_word_target,187,0.04750077542618523
5388,sub33,ling_word_target,188,0.09145490657035703
5389,sub33,ling_word_target,189,0.013878761893216601
5390,sub33,ling_word_target,190,0.1340873377869318
5391,sub33,ling_word_target,191,-0.0368348492775365
5392,sub33,ling_word_target,192,9.254524674073269e-05
5393,sub33,ling_word_target,193,0.0976516424156542
5394,sub33,ling_word_target,194,0.027123106825420455
5395,sub33,ling_word_target,195,-0.0038875621550976836
5396,sub33,ling_word_target,196,0.07722827240588181
5397,sub33,ling_word_target,197,0.012639604689775685
5398,sub33,ling_word_target,198,-0.011695362171069874
5399,sub33,ling_word_target,199,0.03159709130937117
5400,sub34,ling_word_target,0,-0.03107695920864879
5401,sub34,ling_word_target,1,0.028506517830166028
5402,sub34,ling_word_target,2,0.030244590827824845
5403,sub34,ling_word_target,3,-0.022675784732956415
5404,sub34,ling_word_target,4,-0.014444768611646772
5405,sub34,ling_word_target,5,0.03026111816212015
5406,sub34,ling_word_target,6,-0.040995852504964916
5407,sub34,ling_word_target,7,-0.027880647139126514
5408,sub34,ling_word_target,8,0.06483640682915881
5409,sub34,ling_word_target,9,0.043927593735281455
5410,sub34,ling_word_target,10,-0.04497461690495722
5411,sub34,ling_word_target,11,0.009517659234459443
5412,sub34,ling_word_target,12,0.005847055882993282
5413,sub34,ling_word_target,13,-0.06209168597246513
5414,sub34,ling_word_target,14,-0.03261723763386739
5415,sub34,ling_word_target,15,0.06218829281391168
5416,sub34,ling_word_target,16,-0.03226676230054268
5417,sub34,ling_word_target,17,-0.008832814172788826
5418,sub34,ling_word_target,18,-0.07780944799377665
5419,sub34,ling_word_target,19,-0.06867374414680623
5420,sub34,ling_word_target,20,0.06518090274024302
5421,sub34,ling_word_target,21,-0.041230196055585845
5422,sub34,ling_word_target,22,0.01619545418562204
5423,sub34,ling_word_target,23,0.03812798559575064
5424,sub34,ling_word_target,24,-0.027409218964559404
5425,sub34,ling_word_target,25,-0.04957181856434678
5426,sub34,ling_word_target,26,0.04217420847350529
5427,sub34,ling_word_target,27,-0.01745362875935349
5428,sub34,ling_word_target,28,0.004854985121947548
5429,sub34,ling_word_target,29,0.01459930225376062
5430,sub34,ling_word_target,30,-0.031969617331919935
5431,sub34,ling_word_target,31,-0.03802908625973998
5432,sub34,ling_word_target,32,0.016771627028310723
5433,sub34,ling_word_target,33,-0.08498132954104491
5434,sub34,ling_word_target,34,-0.035538261584331
5435,sub34,ling_word_target,35,0.04374159425494979
5436,sub34,ling_word_target,36,0.061037814704110765
5437,sub34,ling_word_target,37,-0.0023357789830140726
5438,sub34,ling_word_target,38,-0.027154134188483725
5439,sub34,ling_word_target,39,-0.04580065180903218
5440,sub34,ling_word_target,40,-0.036194360488378506
5441,sub34,ling_word_target,41,-0.03787182405605159
5442,sub34,ling_word_target,42,0.052209175116897426
5443,sub34,ling_word_target,43,-0.04093371295455305
5444,sub34,ling_word_target,44,-0.004037204161356453
5445,sub34,ling_word_target,45,0.02737435600907625
5446,sub34,ling_word_target,46,0.03847843147737915
5447,sub34,ling_word_target,47,-0.06644411974864697
5448,sub34,ling_word_target,48,0.009563438557765608
5449,sub34,ling_word_target,49,-0.03146913748996185
5450,sub34,ling_word_target,50,-0.07311940477249325
5451,sub34,ling_word_target,51,-0.04065358681275811
5452,sub34,ling_word_target,52,-0.008776356846144742
5453,sub34,ling_word_target,53,-0.07957771688568642
5454,sub34,ling_word_target,54,-0.0331590591184536
5455,sub34,ling_word_target,55,0.026647192852730674
5456,sub34,ling_word_target,56,-0.028824850444969893
5457,sub34,ling_word_target,57,0.00037750300142661404
5458,sub34,ling_word_target,58,-0.008422855592074814
5459,sub34,ling_word_target,59,-0.04824728185008279
5460,sub34,ling_word_target,60,0.00015207128758869555
5461,sub34,ling_word_target,61,-0.04136267345056539
5462,sub34,ling_word_target,62,-0.04029856287310978
5463,sub34,ling_word_target,63,0.021828339818946673
5464,sub34,ling_word_target,64,0.003941746806634059
5465,sub34,ling_word_target,65,-0.010853241503443854
5466,sub34,ling_word_target,66,-0.03997275820269619
5467,sub34,ling_word_target,67,-0.02536029620774514
5468,sub34,ling_word_target,68,-0.022255539076862067
5469,sub34,ling_word_target,69,-0.06981110351356
5470,sub34,ling_word_target,70,-0.03525439606371974
5471,sub34,ling_word_target,71,0.0019765889101066095
5472,sub34,ling_word_target,72,-0.012331959219116628
5473,sub34,ling_word_target,73,-0.027886868253510527
5474,sub34,ling_word_target,74,0.02156200276197056
5475,sub34,ling_word_target,75,-0.03451266256878119
5476,sub34,ling_word_target,76,0.0013359370867582375
5477,sub34,ling_word_target,77,-0.0015452605719811347
5478,sub34,ling_word_target,78,-0.0349607540053533
5479,sub34,ling_word_target,79,-0.012522607958976202
5480,sub34,ling_word_target,80,0.060851704317449774
5481,sub34,ling_word_target,81,0.0354625098887853
5482,sub34,ling_word_target,82,-0.025640791214801856
5483,sub34,ling_word_target,83,-0.0046026401820591315
5484,sub34,ling_word_target,84,-0.09995646936533571
5485,sub34,ling_word_target,85,-0.017960438017458898
5486,sub34,ling_word_target,86,0.027683315124920116
5487,sub34,ling_word_target,87,-0.05975587965501019
5488,sub34,ling_word_target,88,-0.011839613587531028
5489,sub34,ling_word_target,89,-0.015417521506443767
5490,sub34,ling_word_target,90,0.03688810053230297
5491,sub34,ling_word_target,91,0.02719438333847319
5492,sub34,ling_word_target,92,0.004780650351131758
5493,sub34,ling_word_target,93,-0.02173999886064163
5494,sub34,ling_word_target,94,0.029602645126137913
5495,sub34,ling_word_target,95,0.007248554491611924
5496,sub34,ling_word_target,96,-0.028862411062811906
5497,sub34,ling_word_target,97,-0.019172674171114703
5498,sub34,ling_word_target,98,-0.03215693303666664
5499,sub34,ling_word_target,99,0.021980056914021183
5500,sub34,ling_word_target,100,0.01625094354631907
5501,sub34,ling_word_target,101,-0.04231804703888984
5502,sub34,ling_word_target,102,0.004797401888165979
5503,sub34,ling_word_target,103,0.0763932716859567
5504,sub34,ling_word_target,104,-0.013808963581377467
5505,sub34,ling_word_target,105,0.014207625682777638
5506,sub34,ling_word_target,106,-0.10317645807842118
5507,sub34,ling_word_target,107,-0.02018543575006356
5508,sub34,ling_word_target,108,-0.007920855616227372
5509,sub34,ling_word_target,109,0.033583236237376995
5510,sub34,ling_word_target,110,-0.06679190123730766
5511,sub34,ling_word_target,111,0.0591150907542899
5512,sub34,ling_word_target,112,-0.012856448324252675
5513,sub34,ling_word_target,113,0.006265141063616074
5514,sub34,ling_word_target,114,0.020817576044455506
5515,sub34,ling_word_target,115,-0.00582107358202707
5516,sub34,ling_word_target,116,-0.023214985502075937
5517,sub34,ling_word_target,117,0.02812752612090091
5518,sub34,ling_word_target,118,0.006197444917686843
5519,sub34,ling_word_target,119,-0.12966909422002673
5520,sub34,ling_word_target,120,0.01601477180424301
5521,sub34,ling_word_target,121,-0.038044315034063365
5522,sub34,ling_word_target,122,-0.011738849202348876
5523,sub34,ling_word_target,123,-0.023249019322885596
5524,sub34,ling_word_target,124,-0.001644633918488791
5525,sub34,ling_word_target,125,-0.005197801185721647
5526,sub34,ling_word_target,126,-0.043580260221584885
5527,sub34,ling_word_target,127,-0.045555644168446256
5528,sub34,ling_word_target,128,-0.02783674853646356
5529,sub34,ling_word_target,129,-0.04020161310313079
5530,sub34,ling_word_target,130,0.019166573880931598
5531,sub34,ling_word_target,131,0.04683486083891409
5532,sub34,ling_word_target,132,0.010597598646070105
5533,sub34,ling_word_target,133,0.0017064695441352381
5534,sub34,ling_word_target,134,-0.006890876166742087
5535,sub34,ling_word_target,135,0.0009188303392061383
5536,sub34,ling_word_target,136,-0.02269350557596854
5537,sub34,ling_word_target,137,0.013508477518673283
5538,sub34,ling_word_target,138,0.03747560411399803
5539,sub34,ling_word_target,139,-0.03256485888741829
5540,sub34,ling_word_target,140,-0.002418928200713618
5541,sub34,ling_word_target,141,0.039150846162201734
5542,sub34,ling_word_target,142,0.0077549468188973505
5543,sub34,ling_word_target,143,-0.060505597201370755
5544,sub34,ling_word_target,144,-0.003789205234097878
5545,sub34,ling_word_target,145,0.05742018885914985
5546,sub34,ling_word_target,146,-0.00830855069783983
5547,sub34,ling_word_target,147,-0.009029647982618754
5548,sub34,ling_word_target,148,0.008225732709811003
5549,sub34,ling_word_target,149,-0.0383988644273108
5550,sub34,ling_word_target,150,0.021250033786725717
5551,sub34,ling_word_target,151,0.03789542664615263
5552,sub34,ling_word_target,152,-0.02452014193326933
5553,sub34,ling_word_target,153,-0.02098984153175135
5554,sub34,ling_word_target,154,0.053176574398533155
5555,sub34,ling_word_target,155,-0.020459995197698
5556,sub34,ling_word_target,156,0.04306634120915856
5557,sub34,ling_word_target,157,0.021050799872899293
5558,sub34,ling_word_target,158,-0.03962816941525144
5559,sub34,ling_word_target,159,-0.005882283735974728
5560,sub34,ling_word_target,160,-0.02162019584530815
5561,sub34,ling_word_target,161,0.003881208859065393
5562,sub34,ling_word_target,162,0.05019106505654798
5563,sub34,ling_word_target,163,-0.017654699537935786
5564,sub34,ling_word_target,164,-0.03350140741727528
5565,sub34,ling_word_target,165,-0.06676501584705853
5566,sub34,ling_word_target,166,0.024064643933707823
5567,sub34,ling_word_target,167,0.0783066827679145
5568,sub34,ling_word_target,168,-0.038742819711065996
5569,sub34,ling_word_target,169,-0.029005180631744114
5570,sub34,ling_word_target,170,-0.013269365452397115
5571,sub34,ling_word_target,171,0.006875898952526948
5572,sub34,ling_word_target,172,-0.04434805159952628
5573,sub34,ling_word_target,173,-0.07288347628857907
5574,sub34,ling_word_target,174,0.021589148807032246
5575,sub34,ling_word_target,175,0.027176410284975767
5576,sub34,ling_word_target,176,0.02011080195083693
5577,sub34,ling_word_target,177,0.024540704207997047
5578,sub34,ling_word_target,178,-0.036047177775809375
5579,sub34,ling_word_target,179,0.028585747958253478
5580,sub34,ling_word_target,180,-0.02260703002031117
5581,sub34,ling_word_target,181,-0.019155472241769264
5582,sub34,ling_word_target,182,-0.02918811372893421
5583,sub34,ling_word_target,183,-0.009320418826725178
5584,sub34,ling_word_target,184,-0.048106372042482234
5585,sub34,ling_word_target,185,0.015619446383669702
5586,sub34,ling_word_target,186,0.025412387699006646
5587,sub34,ling_word_target,187,0.03455103353006286
5588,sub34,ling_word_target,188,-0.027362344073669716
5589,sub34,ling_word_target,189,0.02557207490716117
5590,sub34,ling_word_target,190,-0.07339072804021848
5591,sub34,ling_word_target,191,0.027728883782092914
5592,sub34,ling_word_target,192,0.01076471132648645
5593,sub34,ling_word_target,193,-0.010426202908165714
5594,sub34,ling_word_target,194,-0.034147328145446715
5595,sub34,ling_word_target,195,-0.02558563076528969
5596,sub34,ling_word_target,196,0.01821677098058086
5597,sub34,ling_word_target,197,0.016244086263550186
5598,sub34,ling_word_target,198,-0.04410712093786316
5599,sub34,ling_word_target,199,0.05270918287931827
5600,sub35,ling_word_target,0,-0.05490064693225271
5601,sub35,ling_word_target,1,0.05355799671867125
5602,sub35,ling_word_target,2,0.00840894493134315
5603,sub35,ling_word_target,3,0.08551615069400982
5604,sub35,ling_word_target,4,0.03164563430803118
5605,sub35,ling_word_target,5,0.04736074165076725
5606,sub35,ling_word_target,6,-0.1111572906991141
5607,sub35,ling_word_target,7,0.024960867610999377
5608,sub35,ling_word_target,8,-0.0029927425905516905
5609,sub35,ling_word_target,9,-0.025180439614306917
5610,sub35,ling_word_target,10,0.01902210846586204
5611,sub35,ling_word_target,11,0.08995107050930054
5612,sub35,ling_word_target,12,-0.010165880837433326
5613,sub35,ling_word_target,13,-0.0015496334108899017
5614,sub35,ling_word_target,14,0.05427150198378184
5615,sub35,ling_word_target,15,0.045592788305891016
5616,sub35,ling_word_target,16,-0.058447219209267175
5617,sub35,ling_word_target,17,-0.0803012974139077
5618,sub35,ling_word_target,18,0.1669331754747059
5619,sub35,ling_word_target,19,-0.004767041435798711
5620,sub35,ling_word_target,20,0.020369724717421954
5621,sub35,ling_word_target,21,-0.023635735212693822
5622,sub35,ling_word_target,22,-0.041677802834211436
5623,sub35,ling_word_target,23,-0.055616231225766366
5624,sub35,ling_word_target,24,-0.12255570801221273
5625,sub35,ling_word_target,25,0.05657448727105238
5626,sub35,ling_word_target,26,-0.027520503060913856
5627,sub35,ling_word_target,27,-0.001752051693569554
5628,sub35,ling_word_target,28,-0.00315901986011888
5629,sub35,ling_word_target,29,0.0651677018725421
5630,sub35,ling_word_target,30,0.01098500505735678
5631,sub35,ling_word_target,31,0.047881385989034596
5632,sub35,ling_word_target,32,0.07587559944429223
5633,sub35,ling_word_target,33,0.018945585869580773
5634,sub35,ling_word_target,34,-0.008317083101176343
5635,sub35,ling_word_target,35,0.013223091621396413
5636,sub35,ling_word_target,36,-0.009286538282166707
5637,sub35,ling_word_target,37,-0.019241837789702478
5638,sub35,ling_word_target,38,-0.016721010473581887
5639,sub35,ling_word_target,39,0.01807220569389577
5640,sub35,ling_word_target,40,-0.012609062455277868
5641,sub35,ling_word_target,41,-0.005344102356383438
5642,sub35,ling_word_target,42,-0.06201147171198613
5643,sub35,ling_word_target,43,0.02446920753223631
5644,sub35,ling_word_target,44,0.07582253928774418
5645,sub35,ling_word_target,45,-0.02516219551938127
5646,sub35,ling_word_target,46,-0.011740353083867484
5647,sub35,ling_word_target,47,0.018617585568180068
5648,sub35,ling_word_target,48,-0.006657418155882786
5649,sub35,ling_word_target,49,-0.0431710843744406
5650,sub35,ling_word_target,50,0.010390215275057273
5651,sub35,ling_word_target,51,0.057312533605875834
5652,sub35,ling_word_target,52,-0.0859146936677565
5653,sub35,ling_word_target,53,0.024261886105012818
5654,sub35,ling_word_target,54,0.006544672835886294
5655,sub35,ling_word_target,55,-0.06249289587132076
5656,sub35,ling_word_target,56,0.08826802088631891
5657,sub35,ling_word_target,57,0.01992830481237298
5658,sub35,ling_word_target,58,-0.0020368475084409313
5659,sub35,ling_word_target,59,-0.008889078898391878
5660,sub35,ling_word_target,60,-0.01956890063171897
5661,sub35,ling_word_target,61,-0.1114834096590015
5662,sub35,ling_word_target,62,-0.05286588333020777
5663,sub35,ling_word_target,63,-0.02753185260627533
5664,sub35,ling_word_target,64,-0.004630793550407886
5665,sub35,ling_word_target,65,0.007048243481580872
5666,sub35,ling_word_target,66,0.022079908385824326
5667,sub35,ling_word_target,67,0.02499909767736033
5668,sub35,ling_word_target,68,-0.07109115839079737
5669,sub35,ling_word_target,69,0.018837629565932098
5670,sub35,ling_word_target,70,0.06689082807434274
5671,sub35,ling_word_target,71,0.009055989568434022
5672,sub35,ling_word_target,72,0.057136589231599935
5673,sub35,ling_word_target,73,0.02321984460559325
5674,sub35,ling_word_target,74,-0.00943789991108458
5675,sub35,ling_word_target,75,0.024770820347159564
5676,sub35,ling_word_target,76,-0.052578583429414856
5677,sub35,ling_word_target,77,0.011725871666337704
5678,sub35,ling_word_target,78,-0.026121639466390064
5679,sub35,ling_word_target,79,-0.043487749027168225
5680,sub35,ling_word_target,80,-0.02438684743949386
5681,sub35,ling_word_target,81,-0.04490845522441835
5682,sub35,ling_word_target,82,0.0702235864944665
5683,sub35,ling_word_target,83,-0.01723039557926895
5684,sub35,ling_word_target,84,0.018563650073062484
5685,sub35,ling_word_target,85,-0.012778346768807259
5686,sub35,ling_word_target,86,0.004407279307013751
5687,sub35,ling_word_target,87,-0.02740360930127789
5688,sub35,ling_word_target,88,0.005006204486075359
5689,sub35,ling_word_target,89,0.015394760422808938
5690,sub35,ling_word_target,90,-0.004768368731371832
5691,sub35,ling_word_target,91,0.031293714478146904
5692,sub35,ling_word_target,92,0.035356980609175595
5693,sub35,ling_word_target,93,0.019028674543509615
5694,sub35,ling_word_target,94,0.009892722288996151
5695,sub35,ling_word_target,95,0.07974849941150144
5696,sub35,ling_word_target,96,-0.01038310067605726
5697,sub35,ling_word_target,97,-0.06469778012668231
5698,sub35,ling_word_target,98,-0.015087203796802734
5699,sub35,ling_word_target,99,-0.02913836555377663
5700,sub35,ling_word_target,100,0.11192477538276716
5701,sub35,ling_word_target,101,0.0006927003669384813
5702,sub35,ling_word_target,102,-0.05784203662046366
5703,sub35,ling_word_target,103,0.035226235051060685
5704,sub35,ling_word_target,104,0.08232475413800502
5705,sub35,ling_word_target,105,-0.00709159328667423
5706,sub35,ling_word_target,106,0.048793172357843216
5707,sub35,ling_word_target,107,0.00508476190480253
5708,sub35,ling_word_target,108,-0.03448193928060363
5709,sub35,ling_word_target,109,-0.004934925135735855
5710,sub35,ling_word_target,110,-0.027739425703582957
5711,sub35,ling_word_target,111,-0.040880578945669606
5712,sub35,ling_word_target,112,0.00197608060016303
5713,sub35,ling_word_target,113,-0.030196810665556465
5714,sub35,ling_word_target,114,0.035573798040270305
5715,sub35,ling_word_target,115,-0.002750826399906339
5716,sub35,ling_word_target,116,-0.002077216300932438
5717,sub35,ling_word_target,117,0.05133668302947941
5718,sub35,ling_word_target,118,0.024459553703390077
5719,sub35,ling_word_target,119,-0.014792534174211017
5720,sub35,ling_word_target,120,0.021514222551789974
5721,sub35,ling_word_target,121,-0.04441985458677176
5722,sub35,ling_word_target,122,0.03137092777269125
5723,sub35,ling_word_target,123,-0.03470110034303547
5724,sub35,ling_word_target,124,-0.03463846025670776
5725,sub35,ling_word_target,125,0.04109752665295614
5726,sub35,ling_word_target,126,-0.020695983069291633
5727,sub35,ling_word_target,127,-0.02918280449723678
5728,sub35,ling_word_target,128,0.04012915985663436
5729,sub35,ling_word_target,129,0.018812725983968034
5730,sub35,ling_word_target,130,-0.03771766264577202
5731,sub35,ling_word_target,131,0.038165332793376444
5732,sub35,ling_word_target,132,0.0027057757333864467
5733,sub35,ling_word_target,133,0.028097212504247404
5734,sub35,ling_word_target,134,-0.017797827806119024
5735,sub35,ling_word_target,135,-0.024823273104538558
5736,sub35,ling_word_target,136,-0.006497555423765233
5737,sub35,ling_word_target,137,-0.0022840576232340255
5738,sub35,ling_word_target,138,0.05131552486640976
5739,sub35,ling_word_target,139,-0.05189078990062162
5740,sub35,ling_word_target,140,-0.02168156509392534
5741,sub35,ling_word_target,141,-0.057126759207812815
5742,sub35,ling_word_target,142,0.07443051798632216
5743,sub35,ling_word_target,143,0.005529764215760441
5744,sub35,ling_word_target,144,-0.014038081139661134
5745,sub35,ling_word_target,145,-0.04826146694237519
5746,sub35,ling_word_target,146,-0.03333690073309216
5747,sub35,ling_word_target,147,0.031340327261828366
5748,sub35,ling_word_target,148,0.06375398942194238
5749,sub35,ling_word_target,149,-0.005137813053196097
5750,sub35,ling_word_target,150,0.004076357043242093
5751,sub35,ling_word_target,151,-0.0010204742569534476
5752,sub35,ling_word_target,152,0.13167707854111535
5753,sub35,ling_word_target,153,0.01853685535351487
5754,sub35,ling_word_target,154,0.029896803054356786
5755,sub35,ling_word_target,155,-0.06849022585647538
5756,sub35,ling_word_target,156,-0.03326725050628003
5757,sub35,ling_word_target,157,-0.0856161507792494
5758,sub35,ling_word_target,158,0.0026779354906733685
5759,sub35,ling_word_target,159,0.047546501440436435
5760,sub35,ling_word_target,160,0.012379810466507447
5761,sub35,ling_word_target,161,0.03725575414221508
5762,sub35,ling_word_target,162,-0.010172968697854522
5763,sub35,ling_word_target,163,0.10026978575560694
5764,sub35,ling_word_target,164,0.03403901709273103
5765,sub35,ling_word_target,165,-0.002877125081993599
5766,sub35,ling_word_target,166,0.009506480537698736
5767,sub35,ling_word_target,167,-0.004622131395944264
5768,sub35,ling_word_target,168,-0.0047338629294702795
5769,sub35,ling_word_target,169,-0.031411997762098874
5770,sub35,ling_word_target,170,0.02946253769227064
5771,sub35,ling_word_target,171,-0.027187710632759373
5772,sub35,ling_word_target,172,0.04099187111386539
5773,sub35,ling_word_target,173,-0.02022598862336649
5774,sub35,ling_word_target,174,-0.050898011826628224
5775,sub35,ling_word_target,175,-0.004782374327728304
5776,sub35,ling_word_target,176,0.049385846978895385
5777,sub35,ling_word_target,177,-0.0112509259761811
5778,sub35,ling_word_target,178,0.04043688983828644
5779,sub35,ling_word_target,179,0.08220746055910681
5780,sub35,ling_word_target,180,0.05160868146752852
5781,sub35,ling_word_target,181,-0.007270611052828521
5782,sub35,ling_word_target,182,-0.007027185128994979
5783,sub35,ling_word_target,183,-0.03302693414576864
5784,sub35,ling_word_target,184,-0.04787366598075736
5785,sub35,ling_word_target,185,-0.013090149171791639
5786,sub35,ling_word_target,186,0.01238570293367337
5787,sub35,ling_word_target,187,0.027749585420882333
5788,sub35,ling_word_target,188,-0.04585336262864054
5789,sub35,ling_word_target,189,0.01352646089180872
5790,sub35,ling_word_target,190,0.05924347208933509
5791,sub35,ling_word_target,191,0.03649308454669737
5792,sub35,ling_word_target,192,0.011110325395805391
5793,sub35,ling_word_target,193,0.028909011046282063
5794,sub35,ling_word_target,194,0.05315600598156396
5795,sub35,ling_word_target,195,0.009321587328663809
5796,sub35,ling_word_target,196,-0.03859435471115425
5797,sub35,ling_word_target,197,-0.01898628424710712
5798,sub35,ling_word_target,198,0.02441037252967814
5799,sub35,ling_word_target,199,-0.020969415485126954
5800,sub36,ling_word_target,0,0.06211253514966098
5801,sub36,ling_word_target,1,0.06940519857256264
5802,sub36,ling_word_target,2,0.03280849258301266
5803,sub36,ling_word_target,3,-0.04873978018589407
5804,sub36,ling_word_target,4,0.10537808994931684
5805,sub36,ling_word_target,5,0.020475281502120267
5806,sub36,ling_word_target,6,0.06556263671063518
5807,sub36,ling_word_target,7,0.03747667344561446
5808,sub36,ling_word_target,8,0.050292049500496615
5809,sub36,ling_word_target,9,0.041476647150233886
5810,sub36,ling_word_target,10,-0.021535784041035132
5811,sub36,ling_word_target,11,0.019156261965665392
5812,sub36,ling_word_target,12,0.040007758579356185
5813,sub36,ling_word_target,13,0.09089879658969803
5814,sub36,ling_word_target,14,0.1238687296492894
5815,sub36,ling_word_target,15,-0.03634920959130399
5816,sub36,ling_word_target,16,-0.03544649449284571
5817,sub36,ling_word_target,17,0.07654231876979099
5818,sub36,ling_word_target,18,0.03111947748770996
5819,sub36,ling_word_target,19,-0.015183851101729989
5820,sub36,ling_word_target,20,0.15592887958965224
5821,sub36,ling_word_target,21,0.03848748029777206
5822,sub36,ling_word_target,22,-0.04718329052305861
5823,sub36,ling_word_target,23,0.03690702089542479
5824,sub36,ling_word_target,24,-0.0009966765451971387
5825,sub36,ling_word_target,25,0.12072038458333251
5826,sub36,ling_word_target,26,0.009763425195033863
5827,sub36,ling_word_target,27,-0.018306687896254083
5828,sub36,ling_word_target,28,-0.0023802768967518513
5829,sub36,ling_word_target,29,0.01725861204931866
5830,sub36,ling_word_target,30,-0.0009868678880335501
5831,sub36,ling_word_target,31,-0.09296969609119082
5832,sub36,ling_word_target,32,0.008396781716824188
5833,sub36,ling_word_target,33,-0.03648813651226793
5834,sub36,ling_word_target,34,0.02200638586703259
5835,sub36,ling_word_target,35,0.06481833794851063
5836,sub36,ling_word_target,36,0.07347092824474577
5837,sub36,ling_word_target,37,0.2358484437255971
5838,sub36,ling_word_target,38,-0.07431407461056405
5839,sub36,ling_word_target,39,-0.11111635722918856
5840,sub36,ling_word_target,40,0.0050705311414156766
5841,sub36,ling_word_target,41,0.019987605496679713
5842,sub36,ling_word_target,42,0.03467382881325827
5843,sub36,ling_word_target,43,0.004813105300425649
5844,sub36,ling_word_target,44,0.0912797279347706
5845,sub36,ling_word_target,45,-0.012206762433445524
5846,sub36,ling_word_target,46,-0.03602820138130287
5847,sub36,ling_word_target,47,-0.018113793960819687
5848,sub36,ling_word_target,48,0.05386955247979209
5849,sub36,ling_word_target,49,-0.040807939656105616
5850,sub36,ling_word_target,50,-0.06116970427532111
5851,sub36,ling_word_target,51,-0.017011326186706727
5852,sub36,ling_word_target,52,-0.03066719465467723
5853,sub36,ling_word_target,53,0.010134981399179963
5854,sub36,ling_word_target,54,-0.10774713027939248
5855,sub36,ling_word_target,55,0.04401545001283179
5856,sub36,ling_word_target,56,0.049453833840397726
5857,sub36,ling_word_target,57,-0.022973012722674428
5858,sub36,ling_word_target,58,-9.959830298959793e-05
5859,sub36,ling_word_target,59,-0.05787404969834114
5860,sub36,ling_word_target,60,-0.03320285002215844
5861,sub36,ling_word_target,61,0.005203408470429025
5862,sub36,ling_word_target,62,-0.03800882148001127
5863,sub36,ling_word_target,63,-0.030610201005303633
5864,sub36,ling_word_target,64,0.015558189779310106
5865,sub36,ling_word_target,65,0.14854215803271595
5866,sub36,ling_word_target,66,-0.02637173090586128
5867,sub36,ling_word_target,67,-0.0030134287911944032
5868,sub36,ling_word_target,68,-0.019885576572370403
5869,sub36,ling_word_target,69,0.14839815265426062
5870,sub36,ling_word_target,70,0.02607372618419137
5871,sub36,ling_word_target,71,0.10545858351887545
5872,sub36,ling_word_target,72,0.051012300420956995
5873,sub36,ling_word_target,73,0.008988379957356478
5874,sub36,ling_word_target,74,0.03536169260270547
5875,sub36,ling_word_target,75,0.06379622376849062
5876,sub36,ling_word_target,76,0.10670969134447351
5877,sub36,ling_word_target,77,0.018049779115916497
5878,sub36,ling_word_target,78,0.07188048342390248
5879,sub36,ling_word_target,79,0.03589732393719423
5880,sub36,ling_word_target,80,0.005416802279791084
5881,sub36,ling_word_target,81,-0.06847763821087256
5882,sub36,ling_word_target,82,-0.01630005455417891
5883,sub36,ling_word_target,83,-0.08781559121698652
5884,sub36,ling_word_target,84,0.007164552335214496
5885,sub36,ling_word_target,85,0.020246152432611436
5886,sub36,ling_word_target,86,-0.06429380123949018
5887,sub36,ling_word_target,87,0.11941637116345002
5888,sub36,ling_word_target,88,-0.03324992773209358
5889,sub36,ling_word_target,89,-0.04391743357674614
5890,sub36,ling_word_target,90,0.0001476592423812634
5891,sub36,ling_word_target,91,0.010142838112790743
5892,sub36,ling_word_target,92,0.07295647617566264
5893,sub36,ling_word_target,93,0.08521780498265764
5894,sub36,ling_word_target,94,0.027120239369285377
5895,sub36,ling_word_target,95,-0.02926212236232238
5896,sub36,ling_word_target,96,-0.14654648976929313
5897,sub36,ling_word_target,97,0.05352204189754092
5898,sub36,ling_word_target,98,-0.0013999275307156316
5899,sub36,ling_word_target,99,0.04416682763584786
5900,sub36,ling_word_target,100,-0.012070546356101134
5901,sub36,ling_word_target,101,0.007401739553124442
5902,sub36,ling_word_target,102,0.03858006106235792
5903,sub36,ling_word_target,103,-0.05888006148401074
5904,sub36,ling_word_target,104,-0.02647735512446338
5905,sub36,ling_word_target,105,-0.046700297185995235
5906,sub36,ling_word_target,106,0.00214154139691863
5907,sub36,ling_word_target,107,0.020098415338538487
5908,sub36,ling_word_target,108,0.0003628254140325685
5909,sub36,ling_word_target,109,0.07219193739314422
5910,sub36,ling_word_target,110,-0.026683683517636215
5911,sub36,ling_word_target,111,0.015438911077773284
5912,sub36,ling_word_target,112,0.07447609038786182
5913,sub36,ling_word_target,113,0.06103266768767014
5914,sub36,ling_word_target,114,-0.02319339231307039
5915,sub36,ling_word_target,115,0.020678478756103316
5916,sub36,ling_word_target,116,0.10529795014027717
5917,sub36,ling_word_target,117,-0.02875283355890221
5918,sub36,ling_word_target,118,-0.17359584577165335
5919,sub36,ling_word_target,119,0.01368782372159329
5920,sub36,ling_word_target,120,-0.02724112216097062
5921,sub36,ling_word_target,121,0.04811361750506451
5922,sub36,ling_word_target,122,0.06623875050056996
5923,sub36,ling_word_target,123,0.06661762915327521
5924,sub36,ling_word_target,124,-0.023789289122691303
5925,sub36,ling_word_target,125,0.11817593286950072
5926,sub36,ling_word_target,126,0.040032946312404664
5927,sub36,ling_word_target,127,-0.018929654159095304
5928,sub36,ling_word_target,128,0.09679111672780501
5929,sub36,ling_word_target,129,0.020561366203301
5930,sub36,ling_word_target,130,0.0008529535212890851
5931,sub36,ling_word_target,131,0.01510805128875939
5932,sub36,ling_word_target,132,-0.11347694794207361
5933,sub36,ling_word_target,133,0.04412384866727152
5934,sub36,ling_word_target,134,-0.07047968042724585
5935,sub36,ling_word_target,135,0.1113111845104471
5936,sub36,ling_word_target,136,-0.04357054211395179
5937,sub36,ling_word_target,137,0.005942619415613966
5938,sub36,ling_word_target,138,-0.025327626510709755
5939,sub36,ling_word_target,139,-0.030338502293139002
5940,sub36,ling_word_target,140,-0.022288964748501165
5941,sub36,ling_word_target,141,0.07150099770911975
5942,sub36,ling_word_target,142,-0.03940453337272516
5943,sub36,ling_word_target,143,-0.10007355076064149
5944,sub36,ling_word_target,144,0.013011673884594071
5945,sub36,ling_word_target,145,-0.11910927210252976
5946,sub36,ling_word_target,146,0.03158235524159172
5947,sub36,ling_word_target,147,-0.004098546467778153
5948,sub36,ling_word_target,148,0.06026505871119238
5949,sub36,ling_word_target,149,-0.013946258064951004
5950,sub36,ling_word_target,150,0.06080475293602032
5951,sub36,ling_word_target,151,0.015984139682423824
5952,sub36,ling_word_target,152,-0.033435821821856414
5953,sub36,ling_word_target,153,-0.034700381787400106
5954,sub36,ling_word_target,154,0.08279712566023222
5955,sub36,ling_word_target,155,0.039850510203286275
5956,sub36,ling_word_target,156,0.029862859124130933
5957,sub36,ling_word_target,157,0.13063367133405085
5958,sub36,ling_word_target,158,0.15663418648966015
5959,sub36,ling_word_target,159,0.020083400872282945
5960,sub36,ling_word_target,160,0.08588104245121489
5961,sub36,ling_word_target,161,0.06830694316801637
5962,sub36,ling_word_target,162,0.07246118844975537
5963,sub36,ling_word_target,163,0.02955126298112622
5964,sub36,ling_word_target,164,-0.04462799064820501
5965,sub36,ling_word_target,165,-0.018892497290256865
5966,sub36,ling_word_target,166,-0.049302322275967675
5967,sub36,ling_word_target,167,-0.028441004703533113
5968,sub36,ling_word_target,168,-0.0017644235842979384
5969,sub36,ling_word_target,169,-0.1163804416756786
5970,sub36,ling_word_target,170,0.06442412771616311
5971,sub36,ling_word_target,171,-0.07017908211879614
5972,sub36,ling_word_target,172,-0.046964673428872686
5973,sub36,ling_word_target,173,0.012962726703560554
5974,sub36,ling_word_target,174,-0.0355772753990393
5975,sub36,ling_word_target,175,-0.13082401809014924
5976,sub36,ling_word_target,176,0.057384360617944816
5977,sub36,ling_word_target,177,0.05462640071083699
5978,sub36,ling_word_target,178,-0.025560835188037288
5979,sub36,ling_word_target,179,0.14849323798084804
5980,sub36,ling_word_target,180,-0.00038352181080370337
5981,sub36,ling_word_target,181,0.12151053849146384
5982,sub36,ling_word_target,182,0.12440376400432254
5983,sub36,ling_word_target,183,0.025179193200328395
5984,sub36,ling_word_target,184,0.017722247035756283
5985,sub36,ling_word_target,185,-0.034775962613236094
5986,sub36,ling_word_target,186,-0.030188414731778464
5987,sub36,ling_word_target,187,0.07724602345845877
5988,sub36,ling_word_target,188,-0.02720279994350112
5989,sub36,ling_word_target,189,0.053402805043242206
5990,sub36,ling_word_target,190,-0.0746686614320726
5991,sub36,ling_word_target,191,-0.0003358707810294418
5992,sub36,ling_word_target,192,0.13514002707962255
5993,sub36,ling_word_target,193,0.050930742386504815
5994,sub36,ling_word_target,194,0.135696480510409
5995,sub36,ling_word_target,195,-0.012196649122028183
5996,sub36,ling_word_target,196,0.014051397130945388
5997,sub36,ling_word_target,197,0.09030285022789976
5998,sub36,ling_word_target,198,0.0009981402062261473
5999,sub36,ling_word_target,199,-0.004071481674372022
6000,sub37,ling_word_target,0,-0.02963945558011237
6001,sub37,ling_word_target,1,-0.03931162783792749
6002,sub37,ling_word_target,2,-0.020063328694664692
6003,sub37,ling_word_target,3,-0.09104906985761255
6004,sub37,ling_word_target,4,0.03140324543164099
6005,sub37,ling_word_target,5,0.02918082111701628
6006,sub37,ling_word_target,6,0.057154193327992174
6007,sub37,ling_word_target,7,0.04925464809604567
6008,sub37,ling_word_target,8,0.01420126679572842
6009,sub37,ling_word_target,9,0.08622126464385475
6010,sub37,ling_word_target,10,0.002823023541553032
6011,sub37,ling_word_target,11,0.009404641584695677
6012,sub37,ling_word_target,12,0.011079874421889058
6013,sub37,ling_word_target,13,0.1464632270428099
6014,sub37,ling_word_target,14,-0.057615635899968036
6015,sub37,ling_word_target,15,0.005967904568934842
6016,sub37,ling_word_target,16,-0.04574993948452674
6017,sub37,ling_word_target,17,-0.06602682073608052
6018,sub37,ling_word_target,18,-0.020790560275510635
6019,sub37,ling_word_target,19,-0.042158715786454276
6020,sub37,ling_word_target,20,-0.04019913381558982
6021,sub37,ling_word_target,21,0.04078353720899277
6022,sub37,ling_word_target,22,-0.03330543645537781
6023,sub37,ling_word_target,23,-0.013363827901883884
6024,sub37,ling_word_target,24,0.017748053533974822
6025,sub37,ling_word_target,25,7.246731328237523e-05
6026,sub37,ling_word_target,26,0.05896172842720583
6027,sub37,ling_word_target,27,-0.06280634175940238
6028,sub37,ling_word_target,28,0.03166347227551709
6029,sub37,ling_word_target,29,-0.09467871948603378
6030,sub37,ling_word_target,30,-0.030021660027185117
6031,sub37,ling_word_target,31,0.04317882205306363
6032,sub37,ling_word_target,32,-0.09369550674467902
6033,sub37,ling_word_target,33,-0.03524075204298605
6034,sub37,ling_word_target,34,-0.012053630545044878
6035,sub37,ling_word_target,35,0.010565097061533009
6036,sub37,ling_word_target,36,0.14271742617708033
6037,sub37,ling_word_target,37,0.12861185065031475
6038,sub37,ling_word_target,38,0.10449399752302947
6039,sub37,ling_word_target,39,0.021549855199927637
6040,sub37,ling_word_target,40,-0.06363645234877426
6041,sub37,ling_word_target,41,-0.021907529841208116
6042,sub37,ling_word_target,42,-0.03329394930176172
6043,sub37,ling_word_target,43,0.006921814551617707
6044,sub37,ling_word_target,44,0.041519343027818116
6045,sub37,ling_word_target,45,-0.05199711204537767
6046,sub37,ling_word_target,46,-0.0018204155886869934
6047,sub37,ling_word_target,47,0.02673790503692076
6048,sub37,ling_word_target,48,-0.051186805500269994
6049,sub37,ling_word_target,49,-0.06258704892474956
6050,sub37,ling_word_target,50,-0.05590272732170328
6051,sub37,ling_word_target,51,0.01415071219031369
6052,sub37,ling_word_target,52,-0.011135247107797718
6053,sub37,ling_word_target,53,0.03851262554913683
6054,sub37,ling_word_target,54,0.015829839800551762
6055,sub37,ling_word_target,55,0.038340146598619375
6056,sub37,ling_word_target,56,-0.06193252683504265
6057,sub37,ling_word_target,57,0.025888952814216062
6058,sub37,ling_word_target,58,-0.03310585416815133
6059,sub37,ling_word_target,59,-0.03771690648675903
6060,sub37,ling_word_target,60,-0.01510098516746427
6061,sub37,ling_word_target,61,-0.04288764204817939
6062,sub37,ling_word_target,62,0.023964455015479447
6063,sub37,ling_word_target,63,0.05119033571675151
6064,sub37,ling_word_target,64,0.030676838876144533
6065,sub37,ling_word_target,65,0.06667423141947725
6066,sub37,ling_word_target,66,0.04567556816450673
6067,sub37,ling_word_target,67,0.0084404379463495
6068,sub37,ling_word_target,68,0.04480130438240023
6069,sub37,ling_word_target,69,-0.0023886973679249873
6070,sub37,ling_word_target,70,-0.06783307603359925
6071,sub37,ling_word_target,71,0.0035933469986665374
6072,sub37,ling_word_target,72,-0.01869562315328195
6073,sub37,ling_word_target,73,0.0962263234345998
6074,sub37,ling_word_target,74,0.02240870405427262
6075,sub37,ling_word_target,75,0.024818164981921628
6076,sub37,ling_word_target,76,-0.004943574172039716
6077,sub37,ling_word_target,77,0.05953231187879312
6078,sub37,ling_word_target,78,0.054430838794198806
6079,sub37,ling_word_target,79,0.07989766927381754
6080,sub37,ling_word_target,80,-0.012213422640075277
6081,sub37,ling_word_target,81,-0.07840197098412968
6082,sub37,ling_word_target,82,-0.014201357750870355
6083,sub37,ling_word_target,83,0.03581117309702176
6084,sub37,ling_word_target,84,-0.048100289891792845
6085,sub37,ling_word_target,85,0.06585547734356198
6086,sub37,ling_word_target,86,0.05230453407556665
6087,sub37,ling_word_target,87,0.05474229973635538
6088,sub37,ling_word_target,88,-0.0672985285905478
6089,sub37,ling_word_target,89,0.01735690321189786
6090,sub37,ling_word_target,90,-0.0012833395091841246
6091,sub37,ling_word_target,91,-0.013088467001019741
6092,sub37,ling_word_target,92,-0.004410200082729665
6093,sub37,ling_word_target,93,0.0943085605104879
6094,sub37,ling_word_target,94,0.030842839726714134
6095,sub37,ling_word_target,95,0.04646229796329418
6096,sub37,ling_word_target,96,0.01683926928872509
6097,sub37,ling_word_target,97,-0.042816509107804095
6098,sub37,ling_word_target,98,0.020410190035809586
6099,sub37,ling_word_target,99,0.013563964110021262
6100,sub37,ling_word_target,100,0.0008173945509340031
6101,sub37,ling_word_target,101,-0.04884588302546321
6102,sub37,ling_word_target,102,0.0732723845260355
6103,sub37,ling_word_target,103,-0.010757178982973684
6104,sub37,ling_word_target,104,0.06080129525144792
6105,sub37,ling_word_target,105,-0.06989025215977702
6106,sub37,ling_word_target,106,0.03994502823816048
6107,sub37,ling_word_target,107,0.009668559592032012
6108,sub37,ling_word_target,108,0.03004234859982514
6109,sub37,ling_word_target,109,0.05096315604942919
6110,sub37,ling_word_target,110,-0.08905222861018834
6111,sub37,ling_word_target,111,0.03167353090118086
6112,sub37,ling_word_target,112,0.03471240560324199
6113,sub37,ling_word_target,113,-0.019472874655381042
6114,sub37,ling_word_target,114,-0.02979479858786311
6115,sub37,ling_word_target,115,0.018508450305541622
6116,sub37,ling_word_target,116,0.028162518724360677
6117,sub37,ling_word_target,117,-0.015337429228706732
6118,sub37,ling_word_target,118,-0.037990333502939864
6119,sub37,ling_word_target,119,-0.040813779681825584
6120,sub37,ling_word_target,120,-0.04104887352291426
6121,sub37,ling_word_target,121,-0.06437775294436714
6122,sub37,ling_word_target,122,0.06663812909408195
6123,sub37,ling_word_target,123,-0.011665182535536387
6124,sub37,ling_word_target,124,-0.0614837787232619
6125,sub37,ling_word_target,125,-0.034521436939510146
6126,sub37,ling_word_target,126,0.06021645424954642
6127,sub37,ling_word_target,127,-0.030995538753240563
6128,sub37,ling_word_target,128,0.05174192883762052
6129,sub37,ling_word_target,129,-0.03172330436007903
6130,sub37,ling_word_target,130,-0.01828376603017337
6131,sub37,ling_word_target,131,0.055193006669734604
6132,sub37,ling_word_target,132,0.008747077976784704
6133,sub37,ling_word_target,133,0.09142637203406967
6134,sub37,ling_word_target,134,0.10036630310303397
6135,sub37,ling_word_target,135,0.01211222268830647
6136,sub37,ling_word_target,136,0.03655628032160491
6137,sub37,ling_word_target,137,-0.01363411553357457
6138,sub37,ling_word_target,138,-0.01104808099112735
6139,sub37,ling_word_target,139,0.03361679216927818
6140,sub37,ling_word_target,140,0.012228403281776842
6141,sub37,ling_word_target,141,-0.003765544141037589
6142,sub37,ling_word_target,142,-0.06397793907243095
6143,sub37,ling_word_target,143,-0.013322415061821467
6144,sub37,ling_word_target,144,-0.015790224134537033
6145,sub37,ling_word_target,145,-0.005617485683994657
6146,sub37,ling_word_target,146,-0.09093940680134398
6147,sub37,ling_word_target,147,-0.0135451714170278
6148,sub37,ling_word_target,148,0.012780171347382118
6149,sub37,ling_word_target,149,0.018526705347793663
6150,sub37,ling_word_target,150,-0.013572166424677266
6151,sub37,ling_word_target,151,-0.07693231646379699
6152,sub37,ling_word_target,152,0.04275582297606041
6153,sub37,ling_word_target,153,-0.0008206358699315218
6154,sub37,ling_word_target,154,-0.009495172617626299
6155,sub37,ling_word_target,155,0.00379498509689969
6156,sub37,ling_word_target,156,0.027286885049456675
6157,sub37,ling_word_target,157,0.022732689887661542
6158,sub37,ling_word_target,158,-0.05430456850974987
6159,sub37,ling_word_target,159,-0.09113978116335301
6160,sub37,ling_word_target,160,0.06576564637034887
6161,sub37,ling_word_target,161,0.045306286106194256
6162,sub37,ling_word_target,162,-0.04329921801347267
6163,sub37,ling_word_target,163,-0.03024882767392616
6164,sub37,ling_word_target,164,0.03446256367848215
6165,sub37,ling_word_target,165,0.022105312003057962
6166,sub37,ling_word_target,166,-0.06106354561069661
6167,sub37,ling_word_target,167,-0.0446115285990401
6168,sub37,ling_word_target,168,0.029325995653338488
6169,sub37,ling_word_target,169,0.05045136831867259
6170,sub37,ling_word_target,170,0.0531350220782898
6171,sub37,ling_word_target,171,0.01512274665092798
6172,sub37,ling_word_target,172,-0.051020609942033224
6173,sub37,ling_word_target,173,0.010997355293106425
6174,sub37,ling_word_target,174,-0.06949724869846763
6175,sub37,ling_word_target,175,0.007335923018927942
6176,sub37,ling_word_target,176,0.06550905988412538
6177,sub37,ling_word_target,177,0.0002365400530377518
6178,sub37,ling_word_target,178,-0.001138395432669756
6179,sub37,ling_word_target,179,0.08510926113740654
6180,sub37,ling_word_target,180,0.0027353463150654365
6181,sub37,ling_word_target,181,-0.016747796127193924
6182,sub37,ling_word_target,182,0.05627469877436863
6183,sub37,ling_word_target,183,-0.04849943183390311
6184,sub37,ling_word_target,184,0.0416799765121657
6185,sub37,ling_word_target,185,0.017396482823947703
6186,sub37,ling_word_target,186,0.00482374286575713
6187,sub37,ling_word_target,187,0.04699934727997622
6188,sub37,ling_word_target,188,-0.00985321979158318
6189,sub37,ling_word_target,189,0.02523108760370897
6190,sub37,ling_word_target,190,-0.04270390674305748
6191,sub37,ling_word_target,191,0.09369601380721018
6192,sub37,ling_word_target,192,0.02817021834977335
6193,sub37,ling_word_target,193,0.026461249534498237
6194,sub37,ling_word_target,194,0.016953914795902476
6195,sub37,ling_word_target,195,-0.031223363025977634
6196,sub37,ling_word_target,196,-0.06575590849917111
6197,sub37,ling_word_target,197,-0.07302327648165775
6198,sub37,ling_word_target,198,-0.08047494027386173
6199,sub37,ling_word_target,199,0.06097364731855627
6200,sub38,ling_word_target,0,-0.019773363429052483
6201,sub38,ling_word_target,1,0.02953345606876359
6202,sub38,ling_word_target,2,0.06277665872536549
6203,sub38,ling_word_target,3,-0.09245228036217659
6204,sub38,ling_word_target,4,0.06269710649486385
6205,sub38,ling_word_target,5,-0.07926330360544064
6206,sub38,ling_word_target,6,0.039569386716486785
6207,sub38,ling_word_target,7,0.04522112978182295
6208,sub38,ling_word_target,8,-0.023893062421305383
6209,sub38,ling_word_target,9,-0.10563948063573689
6210,sub38,ling_word_target,10,0.0687949932550476
6211,sub38,ling_word_target,11,-0.04158913813691263
6212,sub38,ling_word_target,12,-0.011717152007615046
6213,sub38,ling_word_target,13,0.04775956120690478
6214,sub38,ling_word_target,14,0.05319699446926175
6215,sub38,ling_word_target,15,0.05994222511350108
6216,sub38,ling_word_target,16,-0.06020780609443603
6217,sub38,ling_word_target,17,0.07791407757785679
6218,sub38,ling_word_target,18,0.011609928627351659
6219,sub38,ling_word_target,19,0.02124158213933791
6220,sub38,ling_word_target,20,0.1332196067989775
6221,sub38,ling_word_target,21,0.07266175451915974
6222,sub38,ling_word_target,22,0.019114074674581316
6223,sub38,ling_word_target,23,0.0021845524620767755
6224,sub38,ling_word_target,24,-0.011846093747409569
6225,sub38,ling_word_target,25,0.01679971831474324
6226,sub38,ling_word_target,26,-0.07358140843628444
6227,sub38,ling_word_target,27,-0.039214109570189275
6228,sub38,ling_word_target,28,0.06241268931346352
6229,sub38,ling_word_target,29,0.024755656339219015
6230,sub38,ling_word_target,30,0.011390642523631138
6231,sub38,ling_word_target,31,-0.018677286541900047
6232,sub38,ling_word_target,32,-0.020472664221926857
6233,sub38,ling_word_target,33,-0.02615964097508856
6234,sub38,ling_word_target,34,0.014967912733181475
6235,sub38,ling_word_target,35,-0.012917407843533135
6236,sub38,ling_word_target,36,-0.014815882635198495
6237,sub38,ling_word_target,37,-0.008072282094477348
6238,sub38,ling_word_target,38,0.022384012439232964
6239,sub38,ling_word_target,39,-0.053753152617905635
6240,sub38,ling_word_target,40,-0.061634140630270035
6241,sub38,ling_word_target,41,0.031494449690241094
6242,sub38,ling_word_target,42,0.017804563970262925
6243,sub38,ling_word_target,43,-0.04060876403927752
6244,sub38,ling_word_target,44,0.020084292541322185
6245,sub38,ling_word_target,45,0.07389979199927779
6246,sub38,ling_word_target,46,0.08726402846008487
6247,sub38,ling_word_target,47,-0.057414833263808945
6248,sub38,ling_word_target,48,-0.07294837928467045
6249,sub38,ling_word_target,49,-0.04384616108098468
6250,sub38,ling_word_target,50,-0.03149246054942407
6251,sub38,ling_word_target,51,0.03587073924871315
6252,sub38,ling_word_target,52,-0.014549783177066062
6253,sub38,ling_word_target,53,0.03597538679734038
6254,sub38,ling_word_target,54,-0.06313537795708747
6255,sub38,ling_word_target,55,0.03503193641922186
6256,sub38,ling_word_target,56,-0.008084916851523242
6257,sub38,ling_word_target,57,-0.03673946089454477
6258,sub38,ling_word_target,58,-0.002427606214991563
6259,sub38,ling_word_target,59,0.04731789740502191
6260,sub38,ling_word_target,60,-0.04133486679278597
6261,sub38,ling_word_target,61,-0.03033092063491714
6262,sub38,ling_word_target,62,-0.029723862567030034
6263,sub38,ling_word_target,63,0.003879268103325636
6264,sub38,ling_word_target,64,0.001865762359848554
6265,sub38,ling_word_target,65,-0.03074284644567458
6266,sub38,ling_word_target,66,-0.04806767021108271
6267,sub38,ling_word_target,67,0.004370634950928609
6268,sub38,ling_word_target,68,0.05042121622157119
6269,sub38,ling_word_target,69,0.03183194199003982
6270,sub38,ling_word_target,70,-0.11025619098698056
6271,sub38,ling_word_target,71,0.049236204812601055
6272,sub38,ling_word_target,72,0.0011260422434536223
6273,sub38,ling_word_target,73,-0.007852406295016528
6274,sub38,ling_word_target,74,-0.04077419152960867
6275,sub38,ling_word_target,75,0.0021324552199040816
6276,sub38,ling_word_target,76,0.016723517579617226
6277,sub38,ling_word_target,77,0.035375575124576925
6278,sub38,ling_word_target,78,-0.02274788430518052
6279,sub38,ling_word_target,79,0.039902671088248645
6280,sub38,ling_word_target,80,-0.13309863022338345
6281,sub38,ling_word_target,81,0.011163883083363047
6282,sub38,ling_word_target,82,-0.01487360044224885
6283,sub38,ling_word_target,83,-0.046117975993758734
6284,sub38,ling_word_target,84,-0.015802362273757822
6285,sub38,ling_word_target,85,0.020569372479198367
6286,sub38,ling_word_target,86,0.08726897753425876
6287,sub38,ling_word_target,87,0.038000342895362575
6288,sub38,ling_word_target,88,0.04580972309623446
6289,sub38,ling_word_target,89,0.0034402292869887352
6290,sub38,ling_word_target,90,-0.0906644531868703
6291,sub38,ling_word_target,91,-0.007782488695095214
6292,sub38,ling_word_target,92,0.05671431798610814
6293,sub38,ling_word_target,93,0.0038960438191256333
6294,sub38,ling_word_target,94,0.002937511444729606
6295,sub38,ling_word_target,95,0.030177793107714887
6296,sub38,ling_word_target,96,-0.04558275731158656
6297,sub38,ling_word_target,97,0.04729300999739536
6298,sub38,ling_word_target,98,0.05182351071820717
6299,sub38,ling_word_target,99,-0.013066692948069896
6300,sub38,ling_word_target,100,-0.027284888425041575
6301,sub38,ling_word_target,101,-0.07158533854143034
6302,sub38,ling_word_target,102,0.029728253793713504
6303,sub38,ling_word_target,103,-0.02365024624825908
6304,sub38,ling_word_target,104,0.015738346543397425
6305,sub38,ling_word_target,105,0.1111935772022585
6306,sub38,ling_word_target,106,-0.04456917288753038
6307,sub38,ling_word_target,107,0.02008610251092001
6308,sub38,ling_word_target,108,0.010635473010115411
6309,sub38,ling_word_target,109,-0.003138363566289343
6310,sub38,ling_word_target,110,0.06899222236620545
6311,sub38,ling_word_target,111,-0.014248148412809027
6312,sub38,ling_word_target,112,0.06067524174118342
6313,sub38,ling_word_target,113,-0.005738583806286641
6314,sub38,ling_word_target,114,0.0866729949653994
6315,sub38,ling_word_target,115,-0.019261130941369584
6316,sub38,ling_word_target,116,0.029936356467638543
6317,sub38,ling_word_target,117,-0.010939549502484599
6318,sub38,ling_word_target,118,-0.009044263643457425
6319,sub38,ling_word_target,119,0.07055715197718336
6320,sub38,ling_word_target,120,-0.055706216007694126
6321,sub38,ling_word_target,121,0.020801447431674672
6322,sub38,ling_word_target,122,0.03612142526299064
6323,sub38,ling_word_target,123,0.07308383988441865
6324,sub38,ling_word_target,124,0.030528114959113766
6325,sub38,ling_word_target,125,0.031147791139770883
6326,sub38,ling_word_target,126,0.025685899415304306
6327,sub38,ling_word_target,127,-0.04706427970839426
6328,sub38,ling_word_target,128,0.034588789742296254
6329,sub38,ling_word_target,129,0.009922983821263746
6330,sub38,ling_word_target,130,-0.06510474010106895
6331,sub38,ling_word_target,131,0.05666049406429613
6332,sub38,ling_word_target,132,-0.035265999785902745
6333,sub38,ling_word_target,133,-0.04073125276645063
6334,sub38,ling_word_target,134,-0.010247806176985367
6335,sub38,ling_word_target,135,0.004956781340147654
6336,sub38,ling_word_target,136,-0.008393380500937669
6337,sub38,ling_word_target,137,0.00594741124570136
6338,sub38,ling_word_target,138,-0.07812657312316071
6339,sub38,ling_word_target,139,-0.009434030361160261
6340,sub38,ling_word_target,140,-0.012639923012412724
6341,sub38,ling_word_target,141,-0.03830790674590761
6342,sub38,ling_word_target,142,-0.06592188687647613
6343,sub38,ling_word_target,143,-0.006085915855348478
6344,sub38,ling_word_target,144,-0.007191218571535118
6345,sub38,ling_word_target,145,0.027152798997032553
6346,sub38,ling_word_target,146,0.005091925503584628
6347,sub38,ling_word_target,147,-0.046387972908211526
6348,sub38,ling_word_target,148,0.0333764872019866
6349,sub38,ling_word_target,149,-0.011974983254462961
6350,sub38,ling_word_target,150,0.013577509123560783
6351,sub38,ling_word_target,151,-0.10775162175860505
6352,sub38,ling_word_target,152,-0.020773543455993235
6353,sub38,ling_word_target,153,-0.02582588527608865
6354,sub38,ling_word_target,154,0.044260162833460966
6355,sub38,ling_word_target,155,-0.026786727843504842
6356,sub38,ling_word_target,156,0.004830269220402408
6357,sub38,ling_word_target,157,-0.002378855288917636
6358,sub38,ling_word_target,158,-0.02629050270233767
6359,sub38,ling_word_target,159,0.012212296573712412
6360,sub38,ling_word_target,160,-0.024101811472405584
6361,sub38,ling_word_target,161,-0.01838844551358173
6362,sub38,ling_word_target,162,-0.018926417538338545
6363,sub38,ling_word_target,163,0.00043700339020621797
6364,sub38,ling_word_target,164,-0.03780086270121747
6365,sub38,ling_word_target,165,0.01633066923512522
6366,sub38,ling_word_target,166,0.04364741186353466
6367,sub38,ling_word_target,167,-0.0422909151378833
6368,sub38,ling_word_target,168,-0.0283250848204496
6369,sub38,ling_word_target,169,-0.06931697878333203
6370,sub38,ling_word_target,170,-0.049821613519464944
6371,sub38,ling_word_target,171,-0.09341583600270872
6372,sub38,ling_word_target,172,-0.02395648774192577
6373,sub38,ling_word_target,173,0.02614411605655127
6374,sub38,ling_word_target,174,0.005225142034904482
6375,sub38,ling_word_target,175,0.05440650864535065
6376,sub38,ling_word_target,176,-0.06303624092993126
6377,sub38,ling_word_target,177,-0.01770528917583054
6378,sub38,ling_word_target,178,-0.02528357432541894
6379,sub38,ling_word_target,179,0.01023559808604672
6380,sub38,ling_word_target,180,-0.011646365658623757
6381,sub38,ling_word_target,181,0.05118718045479603
6382,sub38,ling_word_target,182,0.05410522553639026
6383,sub38,ling_word_target,183,0.003901737916319992
6384,sub38,ling_word_target,184,0.07125605464876934
6385,sub38,ling_word_target,185,0.056584089939154425
6386,sub38,ling_word_target,186,0.008429123615883244
6387,sub38,ling_word_target,187,0.07403163874850001
6388,sub38,ling_word_target,188,-0.04245250107360736
6389,sub38,ling_word_target,189,-0.01737711379167149
6390,sub38,ling_word_target,190,-0.04550049614328135
6391,sub38,ling_word_target,191,0.026729305550582404
6392,sub38,ling_word_target,192,-0.018509114716504536
6393,sub38,ling_word_target,193,-0.024392240054104508
6394,sub38,ling_word_target,194,-0.025881636848630082
6395,sub38,ling_word_target,195,0.10484986856552826
6396,sub38,ling_word_target,196,0.002145615256602371
6397,sub38,ling_word_target,197,-0.006331993405151244
6398,sub38,ling_word_target,198,0.013442905713334381
6399,sub38,ling_word_target,199,0.03589141782930862
6400,sub39,ling_word_target,0,0.03507174527874209
6401,sub39,ling_word_target,1,0.06497447797454213
6402,sub39,ling_word_target,2,0.017617767672109753
6403,sub39,ling_word_target,3,-0.03785417945579417
6404,sub39,ling_word_target,4,-0.04481595306542649
6405,sub39,ling_word_target,5,-0.004996396077558324
6406,sub39,ling_word_target,6,-0.05250166417847542
6407,sub39,ling_word_target,7,0.007263300999792285
6408,sub39,ling_word_target,8,-0.0077281301338556875
6409,sub39,ling_word_target,9,-0.0009630571074548326
6410,sub39,ling_word_target,10,0.06655488015847075
6411,sub39,ling_word_target,11,0.08042206285001985
6412,sub39,ling_word_target,12,-0.026316248841367424
6413,sub39,ling_word_target,13,-0.02642766093263462
6414,sub39,ling_word_target,14,-0.033367317620426454
6415,sub39,ling_word_target,15,0.023042242248169795
6416,sub39,ling_word_target,16,-0.004055916000070806
6417,sub39,ling_word_target,17,0.016086970413970687
6418,sub39,ling_word_target,18,-0.007449720168392491
6419,sub39,ling_word_target,19,-0.05676138773047727
6420,sub39,ling_word_target,20,0.0422678289214904
6421,sub39,ling_word_target,21,0.025269576640287655
6422,sub39,ling_word_target,22,0.08769911442586256
6423,sub39,ling_word_target,23,-0.04119161286982429
6424,sub39,ling_word_target,24,-0.03279570228410419
6425,sub39,ling_word_target,25,-0.04887963894648137
6426,sub39,ling_word_target,26,0.04847042677507071
6427,sub39,ling_word_target,27,0.1281789140868693
6428,sub39,ling_word_target,28,-0.022430123982510115
6429,sub39,ling_word_target,29,-0.03593920465134622
6430,sub39,ling_word_target,30,0.029220063408868475
6431,sub39,ling_word_target,31,-0.019287005044299886
6432,sub39,ling_word_target,32,-0.002740267068261164
6433,sub39,ling_word_target,33,0.051388934744335035
6434,sub39,ling_word_target,34,-0.013379222906655067
6435,sub39,ling_word_target,35,-0.006746710162644209
6436,sub39,ling_word_target,36,-0.01429735609433016
6437,sub39,ling_word_target,37,-0.07910192890120249
6438,sub39,ling_word_target,38,0.048922106928676774
6439,sub39,ling_word_target,39,-0.010431721614582987
6440,sub39,ling_word_target,40,-0.017971552545403106
6441,sub39,ling_word_target,41,0.013226964505608714
6442,sub39,ling_word_target,42,-0.03319765701377808
6443,sub39,ling_word_target,43,0.10326308597448848
6444,sub39,ling_word_target,44,-0.03726690135895387
6445,sub39,ling_word_target,45,0.007648731256133913
6446,sub39,ling_word_target,46,0.05614553406363719
6447,sub39,ling_word_target,47,-0.0054034535865642285
6448,sub39,ling_word_target,48,-0.04426956672184915
6449,sub39,ling_word_target,49,-0.031112565603078794
6450,sub39,ling_word_target,50,-0.03849388238100972
6451,sub39,ling_word_target,51,-0.006511664799893297
6452,sub39,ling_word_target,52,-0.05937453826781732
6453,sub39,ling_word_target,53,-0.03653033820052601
6454,sub39,ling_word_target,54,0.008259872065052933
6455,sub39,ling_word_target,55,0.10207367577114272
6456,sub39,ling_word_target,56,0.034680037475203304
6457,sub39,ling_word_target,57,0.03477435029234652
6458,sub39,ling_word_target,58,-0.05807248617507959
6459,sub39,ling_word_target,59,-0.04182124826672682
6460,sub39,ling_word_target,60,0.010460172241327574
6461,sub39,ling_word_target,61,0.0324824100941217
6462,sub39,ling_word_target,62,-0.013089093255922602
6463,sub39,ling_word_target,63,-0.06956913855459686
6464,sub39,ling_word_target,64,-0.012086583950405265
6465,sub39,ling_word_target,65,0.00121533529872217
6466,sub39,ling_word_target,66,-0.029388357749023708
6467,sub39,ling_word_target,67,-0.03897841402304859
6468,sub39,ling_word_target,68,-0.06318125496258506
6469,sub39,ling_word_target,69,0.0380002307783014
6470,sub39,ling_word_target,70,0.0009012183797301972
6471,sub39,ling_word_target,71,0.041418761403855635
6472,sub39,ling_word_target,72,0.13079514770910108
6473,sub39,ling_word_target,73,0.026398253253267844
6474,sub39,ling_word_target,74,0.041410913059318266
6475,sub39,ling_word_target,75,-0.08818759185361498
6476,sub39,ling_word_target,76,-0.024163683375680842
6477,sub39,ling_word_target,77,-0.005862893819029101
6478,sub39,ling_word_target,78,-0.017539015442931957
6479,sub39,ling_word_target,79,0.016327977913670706
6480,sub39,ling_word_target,80,0.0336219989619969
6481,sub39,ling_word_target,81,-0.04217037239694468
6482,sub39,ling_word_target,82,-0.04957252625985881
6483,sub39,ling_word_target,83,-0.029706544105466037
6484,sub39,ling_word_target,84,0.07059026553163937
6485,sub39,ling_word_target,85,0.021979463840800424
6486,sub39,ling_word_target,86,-0.006793081562744532
6487,sub39,ling_word_target,87,-0.037234650040782885
6488,sub39,ling_word_target,88,0.019956880299081842
6489,sub39,ling_word_target,89,-0.01597179504043375
6490,sub39,ling_word_target,90,0.0046349810434492475
6491,sub39,ling_word_target,91,-0.03988168980337042
6492,sub39,ling_word_target,92,0.005536877279087324
6493,sub39,ling_word_target,93,-0.0316072754319529
6494,sub39,ling_word_target,94,0.013416829185968532
6495,sub39,ling_word_target,95,-0.037499172151242655
6496,sub39,ling_word_target,96,0.018776624110385713
6497,sub39,ling_word_target,97,-0.06792938197082402
6498,sub39,ling_word_target,98,-0.05471918969688303
6499,sub39,ling_word_target,99,-0.01167432587454534
6500,sub39,ling_word_target,100,0.031042620804358937
6501,sub39,ling_word_target,101,0.051641885084849286
6502,sub39,ling_word_target,102,0.05891265767007496
6503,sub39,ling_word_target,103,0.0863842591556072
6504,sub39,ling_word_target,104,-0.03208891244935667
6505,sub39,ling_word_target,105,0.043401823071708076
6506,sub39,ling_word_target,106,0.033170582298878495
6507,sub39,ling_word_target,107,0.02017389266011462
6508,sub39,ling_word_target,108,-0.08966990119204665
6509,sub39,ling_word_target,109,-0.004644143522304169
6510,sub39,ling_word_target,110,0.04792104811427581
6511,sub39,ling_word_target,111,0.02793563175745396
6512,sub39,ling_word_target,112,0.05034831578113054
6513,sub39,ling_word_target,113,0.07219986435253793
6514,sub39,ling_word_target,114,0.0744350261823784
6515,sub39,ling_word_target,115,0.01942234793100914
6516,sub39,ling_word_target,116,0.0031949465929561904
6517,sub39,ling_word_target,117,-0.07712522379923309
6518,sub39,ling_word_target,118,0.05150869579734001
6519,sub39,ling_word_target,119,-0.0585045403483342
6520,sub39,ling_word_target,120,-0.013323525064208606
6521,sub39,ling_word_target,121,-0.0030948452683081593
6522,sub39,ling_word_target,122,-0.044579475056424914
6523,sub39,ling_word_target,123,-0.01902091988491959
6524,sub39,ling_word_target,124,0.03439917496148617
6525,sub39,ling_word_target,125,-0.07164937243288816
6526,sub39,ling_word_target,126,-0.19575165357756577
6527,sub39,ling_word_target,127,0.03426355106773071
6528,sub39,ling_word_target,128,-0.07386232737986932
6529,sub39,ling_word_target,129,-0.024799984506731675
6530,sub39,ling_word_target,130,0.04229871181392907
6531,sub39,ling_word_target,131,0.05612799573423793
6532,sub39,ling_word_target,132,0.011775468911584541
6533,sub39,ling_word_target,133,0.02019460626454772
6534,sub39,ling_word_target,134,0.08157982745544913
6535,sub39,ling_word_target,135,0.034351085022789093
6536,sub39,ling_word_target,136,0.09833631769700059
6537,sub39,ling_word_target,137,0.028981344937411207
6538,sub39,ling_word_target,138,0.049448228585667414
6539,sub39,ling_word_target,139,0.00046440530645402647
6540,sub39,ling_word_target,140,0.04206628050300749
6541,sub39,ling_word_target,141,0.043923954643242044
6542,sub39,ling_word_target,142,0.04558245943351925
6543,sub39,ling_word_target,143,-0.05320679219547304
6544,sub39,ling_word_target,144,-0.015259203179168545
6545,sub39,ling_word_target,145,-0.014261097223502512
6546,sub39,ling_word_target,146,-0.06875230358649871
6547,sub39,ling_word_target,147,0.024190985471609115
6548,sub39,ling_word_target,148,0.013275706292037294
6549,sub39,ling_word_target,149,-0.03734950694708746
6550,sub39,ling_word_target,150,0.01638534582187414
6551,sub39,ling_word_target,151,-0.00419284174555031
6552,sub39,ling_word_target,152,-0.04816397850170148
6553,sub39,ling_word_target,153,-0.06834270304670778
6554,sub39,ling_word_target,154,-0.016549186570480053
6555,sub39,ling_word_target,155,0.05585781879301807
6556,sub39,ling_word_target,156,-0.009319666369097309
6557,sub39,ling_word_target,157,0.005490670890949427
6558,sub39,ling_word_target,158,-0.012483467474154644
6559,sub39,ling_word_target,159,-0.011867161613318713
6560,sub39,ling_word_target,160,0.05750509594923951
6561,sub39,ling_word_target,161,0.04494737626695188
6562,sub39,ling_word_target,162,-0.01897218135214986
6563,sub39,ling_word_target,163,0.04341626576145948
6564,sub39,ling_word_target,164,0.03398789438478672
6565,sub39,ling_word_target,165,-0.010308836890263682
6566,sub39,ling_word_target,166,0.03827923518013228
6567,sub39,ling_word_target,167,0.004811676850062926
6568,sub39,ling_word_target,168,0.04573186553477855
6569,sub39,ling_word_target,169,0.012571440004071727
6570,sub39,ling_word_target,170,0.093395354952851
6571,sub39,ling_word_target,171,0.031111461456809604
6572,sub39,ling_word_target,172,0.005992456671831216
6573,sub39,ling_word_target,173,-0.017263706533326168
6574,sub39,ling_word_target,174,0.010985259375357503
6575,sub39,ling_word_target,175,-0.013307723417526134
6576,sub39,ling_word_target,176,-0.022978866524791492
6577,sub39,ling_word_target,177,-0.019451845242906742
6578,sub39,ling_word_target,178,-0.038782864796752754
6579,sub39,ling_word_target,179,-0.05617679388083212
6580,sub39,ling_word_target,180,-0.028413214020177508
6581,sub39,ling_word_target,181,-0.046238873840108795
6582,sub39,ling_word_target,182,0.03385519714359865
6583,sub39,ling_word_target,183,0.04355864125897222
6584,sub39,ling_word_target,184,0.012358743265488577
6585,sub39,ling_word_target,185,0.023573980969160833
6586,sub39,ling_word_target,186,-0.01550769466314204
6587,sub39,ling_word_target,187,-0.03523123301811594
6588,sub39,ling_word_target,188,0.010831792754510083
6589,sub39,ling_word_target,189,-0.029952784069054342
6590,sub39,ling_word_target,190,0.038613137996990794
6591,sub39,ling_word_target,191,0.012970340313543643
6592,sub39,ling_word_target,192,-0.01879549238154725
6593,sub39,ling_word_target,193,-0.12133888660459145
6594,sub39,ling_word_target,194,0.07245069330410175
6595,sub39,ling_word_target,195,0.13860060858595996
6596,sub39,ling_word_target,196,0.007944350215837791
6597,sub39,ling_word_target,197,0.09684910436300913
6598,sub39,ling_word_target,198,0.03143481315059446
6599,sub39,ling_word_target,199,0.04761835799925424
6600,sub40,ling_word_target,0,0.03495302671572485
6601,sub40,ling_word_target,1,0.07050665644976072
6602,sub40,ling_word_target,2,0.04599560253167493
6603,sub40,ling_word_target,3,0.06684195125677063
6604,sub40,ling_word_target,4,-0.10281809905386806
6605,sub40,ling_word_target,5,-0.040201665787683256
6606,sub40,ling_word_target,6,0.014382060157920398
6607,sub40,ling_word_target,7,-0.03358023704153323
6608,sub40,ling_word_target,8,-0.04013917638309948
6609,sub40,ling_word_target,9,0.003325566739285969
6610,sub40,ling_word_target,10,6.788508239457032e-05
6611,sub40,ling_word_target,11,0.02244030973730784
6612,sub40,ling_word_target,12,0.04471251633251141
6613,sub40,ling_word_target,13,-0.012170792401799302
6614,sub40,ling_word_target,14,-0.04930886165626571
6615,sub40,ling_word_target,15,0.0596157961876431
6616,sub40,ling_word_target,16,0.004456232659713252
6617,sub40,ling_word_target,17,-0.03753564909015294
6618,sub40,ling_word_target,18,0.02987492271301587
6619,sub40,ling_word_target,19,0.0006232106701945817
6620,sub40,ling_word_target,20,-0.016310646997090835
6621,sub40,ling_word_target,21,-0.05332898109696592
6622,sub40,ling_word_target,22,-0.02224301360437147
6623,sub40,ling_word_target,23,-0.07810391207754618
6624,sub40,ling_word_target,24,0.013891305311800413
6625,sub40,ling_word_target,25,0.006942708021752923
6626,sub40,ling_word_target,26,0.023255064079625166
6627,sub40,ling_word_target,27,-0.022916271764800968
6628,sub40,ling_word_target,28,0.02585171781227742
6629,sub40,ling_word_target,29,-0.004194731161430573
6630,sub40,ling_word_target,30,-0.06822355725462884
6631,sub40,ling_word_target,31,0.015114955299315577
6632,sub40,ling_word_target,32,0.046999609478030065
6633,sub40,ling_word_target,33,0.015346160217218477
6634,sub40,ling_word_target,34,-0.01526870482340314
6635,sub40,ling_word_target,35,0.046498322598482904
6636,sub40,ling_word_target,36,-0.10107451715850022
6637,sub40,ling_word_target,37,-0.05133985730299098
6638,sub40,ling_word_target,38,-0.005260902813384036
6639,sub40,ling_word_target,39,-0.01582973927623504
6640,sub40,ling_word_target,40,-0.00831578496012668
6641,sub40,ling_word_target,41,0.04891504599299248
6642,sub40,ling_word_target,42,-0.009490575127399732
6643,sub40,ling_word_target,43,-0.03991188693320408
6644,sub40,ling_word_target,44,-0.018668179052416974
6645,sub40,ling_word_target,45,0.013925914265644728
6646,sub40,ling_word_target,46,-0.019620561203584307
6647,sub40,ling_word_target,47,-0.007408731388778954
6648,sub40,ling_word_target,48,0.12672398893072565
6649,sub40,ling_word_target,49,-0.02860468488272107
6650,sub40,ling_word_target,50,-0.028147659218682224
6651,sub40,ling_word_target,51,-0.04272429163657444
6652,sub40,ling_word_target,52,0.004853988148175081
6653,sub40,ling_word_target,53,0.024209273125338156
6654,sub40,ling_word_target,54,-0.0005962135142769173
6655,sub40,ling_word_target,55,0.07608154916351643
6656,sub40,ling_word_target,56,-0.029918173092531457
6657,sub40,ling_word_target,57,0.06835238171477682
6658,sub40,ling_word_target,58,-0.012701350108343145
6659,sub40,ling_word_target,59,0.06374099900769867
6660,sub40,ling_word_target,60,0.043912562952172884
6661,sub40,ling_word_target,61,-0.03663147771414554
6662,sub40,ling_word_target,62,-0.0017485325800428624
6663,sub40,ling_word_target,63,-0.00529921651101036
6664,sub40,ling_word_target,64,-0.028878281209754983
6665,sub40,ling_word_target,65,0.046179885484624095
6666,sub40,ling_word_target,66,-0.0033371993638489565
6667,sub40,ling_word_target,67,-0.06556727060978201
6668,sub40,ling_word_target,68,0.05487786946218855
6669,sub40,ling_word_target,69,-0.010570265971010505
6670,sub40,ling_word_target,70,-0.031546472262498876
6671,sub40,ling_word_target,71,-0.0218467483414608
6672,sub40,ling_word_target,72,-0.01031387550469111
6673,sub40,ling_word_target,73,-0.0765575192064117
6674,sub40,ling_word_target,74,-0.0342142573799156
6675,sub40,ling_word_target,75,0.013687518865502285
6676,sub40,ling_word_target,76,-0.037993192453265934
6677,sub40,ling_word_target,77,-0.06322599347969275
6678,sub40,ling_word_target,78,-0.04157932598431139
6679,sub40,ling_word_target,79,0.04195124315066753
6680,sub40,ling_word_target,80,0.017719934340719078
6681,sub40,ling_word_target,81,0.03210325712559981
6682,sub40,ling_word_target,82,-0.0006681014000585335
6683,sub40,ling_word_target,83,0.002540586063473353
6684,sub40,ling_word_target,84,0.0032518514407554725
6685,sub40,ling_word_target,85,-0.007937824343181582
6686,sub40,ling_word_target,86,0.00653164293217765
6687,sub40,ling_word_target,87,0.029500107617868452
6688,sub40,ling_word_target,88,-0.007423992034039428
6689,sub40,ling_word_target,89,-0.08216501935217294
6690,sub40,ling_word_target,90,-0.008500350629421083
6691,sub40,ling_word_target,91,0.02928212925785817
6692,sub40,ling_word_target,92,-0.04373753863016356
6693,sub40,ling_word_target,93,-0.06291292801251425
6694,sub40,ling_word_target,94,-0.04382617713569755
6695,sub40,ling_word_target,95,0.0024882097465920927
6696,sub40,ling_word_target,96,0.03626411970812148
6697,sub40,ling_word_target,97,-0.05370226978034656
6698,sub40,ling_word_target,98,-0.009855249842805506
6699,sub40,ling_word_target,99,-0.06811686768733784
6700,sub40,ling_word_target,100,0.01399611874346763
6701,sub40,ling_word_target,101,0.07961210241755445
6702,sub40,ling_word_target,102,0.08449973350880409
6703,sub40,ling_word_target,103,-0.12279795137641476
6704,sub40,ling_word_target,104,-0.038184244668777574
6705,sub40,ling_word_target,105,0.005262145992728211
6706,sub40,ling_word_target,106,-0.05896222243849406
6707,sub40,ling_word_target,107,0.0320813564385238
6708,sub40,ling_word_target,108,-0.0024572320178230978
6709,sub40,ling_word_target,109,-0.020846397311991137
6710,sub40,ling_word_target,110,-0.03458627981955632
6711,sub40,ling_word_target,111,-0.013339099771428501
6712,sub40,ling_word_target,112,0.0021948612685459704
6713,sub40,ling_word_target,113,-0.037369026678208114
6714,sub40,ling_word_target,114,-0.008366748719372824
6715,sub40,ling_word_target,115,-0.05494090301522401
6716,sub40,ling_word_target,116,0.048752444289010974
6717,sub40,ling_word_target,117,-0.038297613964648425
6718,sub40,ling_word_target,118,0.03978589973923369
6719,sub40,ling_word_target,119,-0.016546846280242933
6720,sub40,ling_word_target,120,0.07827539144592048
6721,sub40,ling_word_target,121,0.04409106420457128
6722,sub40,ling_word_target,122,0.0289766479235481
6723,sub40,ling_word_target,123,-0.00919243641399735
6724,sub40,ling_word_target,124,-0.037729711846575746
6725,sub40,ling_word_target,125,-0.0017280143005018824
6726,sub40,ling_word_target,126,-2.029423382906784e-05
6727,sub40,ling_word_target,127,-0.0005701235535984856
6728,sub40,ling_word_target,128,0.12095304740984844
6729,sub40,ling_word_target,129,0.00701606455743857
6730,sub40,ling_word_target,130,-0.04012872978494297
6731,sub40,ling_word_target,131,0.008583029550248563
6732,sub40,ling_word_target,132,-0.023129698888632064
6733,sub40,ling_word_target,133,0.08240948805958723
6734,sub40,ling_word_target,134,-0.019364255077337435
6735,sub40,ling_word_target,135,-0.045809240131410224
6736,sub40,ling_word_target,136,-0.013902895973740562
6737,sub40,ling_word_target,137,-0.03010104235076253
6738,sub40,ling_word_target,138,0.06314470339428492
6739,sub40,ling_word_target,139,0.057572817088585575
6740,sub40,ling_word_target,140,-0.08647821764854913
6741,sub40,ling_word_target,141,-0.012082327681464184
6742,sub40,ling_word_target,142,-0.0004335497205082269
6743,sub40,ling_word_target,143,-0.01878379587130612
6744,sub40,ling_word_target,144,-0.013871573707875512
6745,sub40,ling_word_target,145,0.0681791694719268
6746,sub40,ling_word_target,146,-0.0534302435534343
6747,sub40,ling_word_target,147,0.01254526680000279
6748,sub40,ling_word_target,148,-0.003288122103776553
6749,sub40,ling_word_target,149,0.05312138335638361
6750,sub40,ling_word_target,150,-0.042970491707435186
6751,sub40,ling_word_target,151,0.06528670570660076
6752,sub40,ling_word_target,152,-0.02852756979724632
6753,sub40,ling_word_target,153,0.07561919473021757
6754,sub40,ling_word_target,154,-0.11053851603581295
6755,sub40,ling_word_target,155,0.021637705639000224
6756,sub40,ling_word_target,156,0.08897819085103038
6757,sub40,ling_word_target,157,-0.05999453534036238
6758,sub40,ling_word_target,158,0.009076678899713827
6759,sub40,ling_word_target,159,-0.006201644109217489
6760,sub40,ling_word_target,160,-0.009532795311362542
6761,sub40,ling_word_target,161,-0.0028571760441869058
6762,sub40,ling_word_target,162,-0.025062258145713747
6763,sub40,ling_word_target,163,0.05670736349831963
6764,sub40,ling_word_target,164,0.006636884779003167
6765,sub40,ling_word_target,165,0.0038094478754698994
6766,sub40,ling_word_target,166,-0.004844242189603111
6767,sub40,ling_word_target,167,-0.029451924381777263
6768,sub40,ling_word_target,168,-0.0169789392808729
6769,sub40,ling_word_target,169,0.06811759642483106
6770,sub40,ling_word_target,170,0.016085471738887705
6771,sub40,ling_word_target,171,-0.023571080978603682
6772,sub40,ling_word_target,172,0.06191886996092863
6773,sub40,ling_word_target,173,-0.017122234070771947
6774,sub40,ling_word_target,174,0.0056862195933801525
6775,sub40,ling_word_target,175,-0.0271096731762448
6776,sub40,ling_word_target,176,-0.022446251427326713
6777,sub40,ling_word_target,177,-0.06614978025779177
6778,sub40,ling_word_target,178,0.10994914166527453
6779,sub40,ling_word_target,179,0.03757425959703824
6780,sub40,ling_word_target,180,0.02865418787898658
6781,sub40,ling_word_target,181,-0.038562763240852234
6782,sub40,ling_word_target,182,0.044620251729185045
6783,sub40,ling_word_target,183,-0.04345874584087176
6784,sub40,ling_word_target,184,0.03193698738747315
6785,sub40,ling_word_target,185,-0.04797829526039402
6786,sub40,ling_word_target,186,0.025330272390727757
6787,sub40,ling_word_target,187,0.00789014528742112
6788,sub40,ling_word_target,188,-0.006811700205462314
6789,sub40,ling_word_target,189,0.004836850928057608
6790,sub40,ling_word_target,190,-0.007799136576287017
6791,sub40,ling_word_target,191,0.04566074440588664
6792,sub40,ling_word_target,192,-0.04750329043391818
6793,sub40,ling_word_target,193,0.021903852359148802
6794,sub40,ling_word_target,194,0.00017522206319415566
6795,sub40,ling_word_target,195,-0.0017004888073950948
6796,sub40,ling_word_target,196,0.04096348117954624
6797,sub40,ling_word_target,197,-0.016130821192297935
6798,sub40,ling_word_target,198,0.024420737548362503
6799,sub40,ling_word_target,199,-0.003066417654097899
6800,sub41,ling_word_target,0,0.031520247438188695
6801,sub41,ling_word_target,1,0.07549265034723976
6802,sub41,ling_word_target,2,0.03871366054999351
6803,sub41,ling_word_target,3,-0.04025725590315966
6804,sub41,ling_word_target,4,-0.018913142602908828
6805,sub41,ling_word_target,5,0.007456784917683689
6806,sub41,ling_word_target,6,0.04966127360484544
6807,sub41,ling_word_target,7,-0.04142766023191047
6808,sub41,ling_word_target,8,-0.06793666156639172
6809,sub41,ling_word_target,9,0.027037413964648024
6810,sub41,ling_word_target,10,-0.007078188915659614
6811,sub41,ling_word_target,11,0.05938519364767936
6812,sub41,ling_word_target,12,0.04858978575317846
6813,sub41,ling_word_target,13,-0.042796606342781165
6814,sub41,ling_word_target,14,-0.01723434717015777
6815,sub41,ling_word_target,15,0.010392677030579268
6816,sub41,ling_word_target,16,-0.07391699841018788
6817,sub41,ling_word_target,17,0.03709526495701089
6818,sub41,ling_word_target,18,0.020196489931186314
6819,sub41,ling_word_target,19,0.00716305828825291
6820,sub41,ling_word_target,20,0.02428346784259065
6821,sub41,ling_word_target,21,-0.056776740060642
6822,sub41,ling_word_target,22,0.05633191981008741
6823,sub41,ling_word_target,23,-0.014757402124660727
6824,sub41,ling_word_target,24,0.006511642057782341
6825,sub41,ling_word_target,25,-0.027731458796666178
6826,sub41,ling_word_target,26,0.019772385295563258
6827,sub41,ling_word_target,27,-0.04421454498014687
6828,sub41,ling_word_target,28,0.03801403695861593
6829,sub41,ling_word_target,29,-0.024745780204499735
6830,sub41,ling_word_target,30,0.027120989599800895
6831,sub41,ling_word_target,31,-0.006852555375744603
6832,sub41,ling_word_target,32,0.04041282054932495
6833,sub41,ling_word_target,33,-0.01954855662727
6834,sub41,ling_word_target,34,-0.04045172478366956
6835,sub41,ling_word_target,35,-0.0022946964406575818
6836,sub41,ling_word_target,36,0.0498900030723378
6837,sub41,ling_word_target,37,-0.002115322967753147
6838,sub41,ling_word_target,38,0.024171543129421578
6839,sub41,ling_word_target,39,-0.01198116567079946
6840,sub41,ling_word_target,40,-0.050807617877846836
6841,sub41,ling_word_target,41,0.005772395410069831
6842,sub41,ling_word_target,42,0.029450307285364952
6843,sub41,ling_word_target,43,-0.019593123982286086
6844,sub41,ling_word_target,44,-0.020425169990316204
6845,sub41,ling_word_target,45,-0.04511746258765225
6846,sub41,ling_word_target,46,0.0020320941519262987
6847,sub41,ling_word_target,47,0.0048270325022411464
6848,sub41,ling_word_target,48,-0.06444321340734109
6849,sub41,ling_word_target,49,-0.026694347101763837
6850,sub41,ling_word_target,50,0.07521127408997082
6851,sub41,ling_word_target,51,-0.014827284092978833
6852,sub41,ling_word_target,52,0.008448245761073702
6853,sub41,ling_word_target,53,0.056759703139087604
6854,sub41,ling_word_target,54,0.004759863309534176
6855,sub41,ling_word_target,55,-0.03254712006293168
6856,sub41,ling_word_target,56,0.013908109221024456
6857,sub41,ling_word_target,57,0.03752491002405871
6858,sub41,ling_word_target,58,0.08438262488140495
6859,sub41,ling_word_target,59,-0.07744846604734573
6860,sub41,ling_word_target,60,0.038873437932762746
6861,sub41,ling_word_target,61,-0.055509723873103475
6862,sub41,ling_word_target,62,0.026291718002493126
6863,sub41,ling_word_target,63,-0.023923480686632734
6864,sub41,ling_word_target,64,0.03549432859112868
6865,sub41,ling_word_target,65,-0.026738289572998432
6866,sub41,ling_word_target,66,0.010804852128792015
6867,sub41,ling_word_target,67,0.016045944653860864
6868,sub41,ling_word_target,68,0.04737886479345853
6869,sub41,ling_word_target,69,-0.08807352743286126
6870,sub41,ling_word_target,70,-0.005573749572763077
6871,sub41,ling_word_target,71,-0.003845705536008032
6872,sub41,ling_word_target,72,-0.007174912466411412
6873,sub41,ling_word_target,73,-0.09420547772620512
6874,sub41,ling_word_target,74,0.004827867233892318
6875,sub41,ling_word_target,75,0.06955488472217712
6876,sub41,ling_word_target,76,-0.04681666492532509
6877,sub41,ling_word_target,77,0.008633031231174357
6878,sub41,ling_word_target,78,0.04879418298993608
6879,sub41,ling_word_target,79,-0.0906979608513131
6880,sub41,ling_word_target,80,0.03826072085020786
6881,sub41,ling_word_target,81,0.027700804650321143
6882,sub41,ling_word_target,82,0.048912476273088215
6883,sub41,ling_word_target,83,-0.037203968254837
6884,sub41,ling_word_target,84,0.013844400033332718
6885,sub41,ling_word_target,85,0.014102303446404476
6886,sub41,ling_word_target,86,-0.017487391474408774
6887,sub41,ling_word_target,87,0.0019735852871112375
6888,sub41,ling_word_target,88,0.016968779209342477
6889,sub41,ling_word_target,89,0.004975642069385225
6890,sub41,ling_word_target,90,-0.03055692679509973
6891,sub41,ling_word_target,91,-0.01084112044752972
6892,sub41,ling_word_target,92,0.06918336088572587
6893,sub41,ling_word_target,93,-0.0183559763373594
6894,sub41,ling_word_target,94,-0.02473218560677731
6895,sub41,ling_word_target,95,-0.07281878387336206
6896,sub41,ling_word_target,96,0.023180597930301295
6897,sub41,ling_word_target,97,-0.03078656768943155
6898,sub41,ling_word_target,98,0.01769260447548264
6899,sub41,ling_word_target,99,-0.043286872873982814
6900,sub41,ling_word_target,100,0.00946229771838476
6901,sub41,ling_word_target,101,-0.05656919409343389
6902,sub41,ling_word_target,102,-0.0804384046734059
6903,sub41,ling_word_target,103,-0.05402782731466745
6904,sub41,ling_word_target,104,0.05163079045420864
6905,sub41,ling_word_target,105,-0.03237630161210551
6906,sub41,ling_word_target,106,-0.024425753836817967
6907,sub41,ling_word_target,107,-0.03181552659329074
6908,sub41,ling_word_target,108,0.01944317392217961
6909,sub41,ling_word_target,109,-0.0381660210716143
6910,sub41,ling_word_target,110,0.0701483767309271
6911,sub41,ling_word_target,111,0.05349533573099783
6912,sub41,ling_word_target,112,-0.06986903654101209
6913,sub41,ling_word_target,113,-0.07288719757583625
6914,sub41,ling_word_target,114,0.06955847581371868
6915,sub41,ling_word_target,115,-0.02091383116428338
6916,sub41,ling_word_target,116,-0.01523790984800317
6917,sub41,ling_word_target,117,-0.05836856279056464
6918,sub41,ling_word_target,118,-0.006816069268554509
6919,sub41,ling_word_target,119,-0.09835498866042594
6920,sub41,ling_word_target,120,-0.07038513097995039
6921,sub41,ling_word_target,121,-0.01886257704938908
6922,sub41,ling_word_target,122,0.056167223179031764
6923,sub41,ling_word_target,123,0.04062158921502259
6924,sub41,ling_word_target,124,0.07640711171926017
6925,sub41,ling_word_target,125,0.015596423495021832
6926,sub41,ling_word_target,126,-0.05861708901948832
6927,sub41,ling_word_target,127,0.0208186734939005
6928,sub41,ling_word_target,128,0.021116050775655974
6929,sub41,ling_word_target,129,-0.08603574561264594
6930,sub41,ling_word_target,130,0.0250163242810067
6931,sub41,ling_word_target,131,0.030413085116890958
6932,sub41,ling_word_target,132,-0.004862601324920164
6933,sub41,ling_word_target,133,-0.17356129328172787
6934,sub41,ling_word_target,134,-0.056754229676325936
6935,sub41,ling_word_target,135,-0.006247844018252608
6936,sub41,ling_word_target,136,-0.01382893467861804
6937,sub41,ling_word_target,137,0.04160885841554794
6938,sub41,ling_word_target,138,0.02816556588806749
6939,sub41,ling_word_target,139,-0.018341802216590146
6940,sub41,ling_word_target,140,0.01832611650028632
6941,sub41,ling_word_target,141,-0.03364593852223031
6942,sub41,ling_word_target,142,-0.011800042947863996
6943,sub41,ling_word_target,143,-0.023282377651407157
6944,sub41,ling_word_target,144,0.02532258536318444
6945,sub41,ling_word_target,145,-0.008649922336512227
6946,sub41,ling_word_target,146,0.09016750554138557
6947,sub41,ling_word_target,147,-0.011215757073322513
6948,sub41,ling_word_target,148,0.07704984558841535
6949,sub41,ling_word_target,149,0.008704153317600929
6950,sub41,ling_word_target,150,0.05861818940798689
6951,sub41,ling_word_target,151,-0.021613148633956483
6952,sub41,ling_word_target,152,-0.0007361498349803498
6953,sub41,ling_word_target,153,-0.0032562888163483075
6954,sub41,ling_word_target,154,0.011800846082371485
6955,sub41,ling_word_target,155,-0.0637551374385175
6956,sub41,ling_word_target,156,0.003668818726017935
6957,sub41,ling_word_target,157,-0.0030056031938773264
6958,sub41,ling_word_target,158,-0.03199617134476284
6959,sub41,ling_word_target,159,0.04589497835585617
6960,sub41,ling_word_target,160,0.016416588266926935
6961,sub41,ling_word_target,161,0.0018151834996244466
6962,sub41,ling_word_target,162,0.07303458759905081
6963,sub41,ling_word_target,163,0.023919975506621935
6964,sub41,ling_word_target,164,0.003683388308800378
6965,sub41,ling_word_target,165,0.06584539086300047
6966,sub41,ling_word_target,166,0.024675871304978805
6967,sub41,ling_word_target,167,-0.034347870481838794
6968,sub41,ling_word_target,168,0.027199014959331146
6969,sub41,ling_word_target,169,0.019452150059848773
6970,sub41,ling_word_target,170,-0.13069360241204314
6971,sub41,ling_word_target,171,-0.0035998997702972563
6972,sub41,ling_word_target,172,-0.08388698252404247
6973,sub41,ling_word_target,173,0.02161909022725044
6974,sub41,ling_word_target,174,-0.019545760285190106
6975,sub41,ling_word_target,175,0.05554304951212961
6976,sub41,ling_word_target,176,0.05514884641696914
6977,sub41,ling_word_target,177,-0.04395470489077294
6978,sub41,ling_word_target,178,0.11875999878338563
6979,sub41,ling_word_target,179,0.05053115541506421
6980,sub41,ling_word_target,180,-0.012520896975627463
6981,sub41,ling_word_target,181,0.034819581156657925
6982,sub41,ling_word_target,182,0.006176714725487687
6983,sub41,ling_word_target,183,0.004746664563135883
6984,sub41,ling_word_target,184,-0.1447608096582625
6985,sub41,ling_word_target,185,0.03898173690342657
6986,sub41,ling_word_target,186,-0.05413458467631703
6987,sub41,ling_word_target,187,-0.026665823847340085
6988,sub41,ling_word_target,188,-0.03869064899834677
6989,sub41,ling_word_target,189,-0.05492030040197726
6990,sub41,ling_word_target,190,0.002553040198237267
6991,sub41,ling_word_target,191,0.0014885201697114677
6992,sub41,ling_word_target,192,-0.03496166403705293
6993,sub41,ling_word_target,193,-0.016854528420185
6994,sub41,ling_word_target,194,-0.026475270615319596
6995,sub41,ling_word_target,195,0.03303869118137018
6996,sub41,ling_word_target,196,0.09107122321439722
6997,sub41,ling_word_target,197,-0.10778049872354824
6998,sub41,ling_word_target,198,0.024705071789106074
6999,sub41,ling_word_target,199,0.07278973575529012
7000,sub42,ling_word_target,0,0.013375040501889845
7001,sub42,ling_word_target,1,0.11879322693977637
7002,sub42,ling_word_target,2,-0.060890502446608985
7003,sub42,ling_word_target,3,-0.11462142781696205
7004,sub42,ling_word_target,4,-0.08046445839482876
7005,sub42,ling_word_target,5,-0.06811929385605674
7006,sub42,ling_word_target,6,-0.12919574533657757
7007,sub42,ling_word_target,7,0.04145846619072307
7008,sub42,ling_word_target,8,-0.04666825981328553
7009,sub42,ling_word_target,9,-0.11961128313451778
7010,sub42,ling_word_target,10,0.04056784449231774
7011,sub42,ling_word_target,11,-0.03348935048988981
7012,sub42,ling_word_target,12,0.08093095261271607
7013,sub42,ling_word_target,13,0.07289362675487346
7014,sub42,ling_word_target,14,0.04171727546028397
7015,sub42,ling_word_target,15,-0.03926744799136442
7016,sub42,ling_word_target,16,0.03852973043694313
7017,sub42,ling_word_target,17,0.012430110507437513
7018,sub42,ling_word_target,18,0.08852170165483209
7019,sub42,ling_word_target,19,0.07865368953991474
7020,sub42,ling_word_target,20,-0.030664451546931912
7021,sub42,ling_word_target,21,0.09461344408920291
7022,sub42,ling_word_target,22,0.10209465161763356
7023,sub42,ling_word_target,23,-0.026697025992143058
7024,sub42,ling_word_target,24,0.011552179161352153
7025,sub42,ling_word_target,25,0.010153438483014799
7026,sub42,ling_word_target,26,-0.0541711634157656
7027,sub42,ling_word_target,27,0.018082107570056717
7028,sub42,ling_word_target,28,0.054344776520440174
7029,sub42,ling_word_target,29,0.010665481739489628
7030,sub42,ling_word_target,30,0.022799883089063888
7031,sub42,ling_word_target,31,-0.12801361421449772
7032,sub42,ling_word_target,32,0.093426873046467
7033,sub42,ling_word_target,33,-0.0619764321328087
7034,sub42,ling_word_target,34,0.09919762484965192
7035,sub42,ling_word_target,35,-0.01998910815119035
7036,sub42,ling_word_target,36,0.007932677809692206
7037,sub42,ling_word_target,37,-0.01676106035906744
7038,sub42,ling_word_target,38,-0.1668183363178277
7039,sub42,ling_word_target,39,0.05106149867265803
7040,sub42,ling_word_target,40,-0.0217009901079996
7041,sub42,ling_word_target,41,-0.017775593915115764
7042,sub42,ling_word_target,42,-0.04036957176673727
7043,sub42,ling_word_target,43,0.14156069764323972
7044,sub42,ling_word_target,44,0.06495243334379777
7045,sub42,ling_word_target,45,-0.021245247226807328
7046,sub42,ling_word_target,46,0.0005028702397531096
7047,sub42,ling_word_target,47,0.14493064604950212
7048,sub42,ling_word_target,48,-0.0429968191319619
7049,sub42,ling_word_target,49,0.07339846940708628
7050,sub42,ling_word_target,50,0.09649186126017423
7051,sub42,ling_word_target,51,-0.09817368809848012
7052,sub42,ling_word_target,52,0.03339291599225973
7053,sub42,ling_word_target,53,-0.039198439461831144
7054,sub42,ling_word_target,54,-0.05811293342013994
7055,sub42,ling_word_target,55,0.04968220275296626
7056,sub42,ling_word_target,56,-0.041041029492959916
7057,sub42,ling_word_target,57,0.05936272138389673
7058,sub42,ling_word_target,58,0.14431254746236183
7059,sub42,ling_word_target,59,0.07112591284687891
7060,sub42,ling_word_target,60,0.007022374045602924
7061,sub42,ling_word_target,61,-0.05439491414092737
7062,sub42,ling_word_target,62,0.0002168775463972165
7063,sub42,ling_word_target,63,0.05762545316695325
7064,sub42,ling_word_target,64,0.012008454942067861
7065,sub42,ling_word_target,65,-0.02820111327750249
7066,sub42,ling_word_target,66,-0.11017190263630901
7067,sub42,ling_word_target,67,-0.06333834782218596
7068,sub42,ling_word_target,68,0.02085614430469193
7069,sub42,ling_word_target,69,-0.058542443924971835
7070,sub42,ling_word_target,70,0.14600964804692892
7071,sub42,ling_word_target,71,0.14131861232779871
7072,sub42,ling_word_target,72,-0.10253485192239394
7073,sub42,ling_word_target,73,-0.01418775587788421
7074,sub42,ling_word_target,74,-0.06366472182361578
7075,sub42,ling_word_target,75,0.026529798585190688
7076,sub42,ling_word_target,76,0.08473159757333398
7077,sub42,ling_word_target,77,-0.11740615274948416
7078,sub42,ling_word_target,78,-0.02801726882558664
7079,sub42,ling_word_target,79,0.027122733470264955
7080,sub42,ling_word_target,80,0.0346160243585782
7081,sub42,ling_word_target,81,0.010594927917546241
7082,sub42,ling_word_target,82,0.0028752456588600683
7083,sub42,ling_word_target,83,0.05075236910464006
7084,sub42,ling_word_target,84,-0.03672030313757231
7085,sub42,ling_word_target,85,0.05760533091492915
7086,sub42,ling_word_target,86,0.007129764519627206
7087,sub42,ling_word_target,87,-0.026371972609364847
7088,sub42,ling_word_target,88,-0.05137762474811179
7089,sub42,ling_word_target,89,0.07312628407925387
7090,sub42,ling_word_target,90,0.029952981886770837
7091,sub42,ling_word_target,91,0.038485831154096414
7092,sub42,ling_word_target,92,-0.05066409039169791
7093,sub42,ling_word_target,93,-0.04355945707626198
7094,sub42,ling_word_target,94,0.0557192930209219
7095,sub42,ling_word_target,95,-0.10256062098743764
7096,sub42,ling_word_target,96,-0.09006893914180719
7097,sub42,ling_word_target,97,-0.015135358559434342
7098,sub42,ling_word_target,98,-0.00386124349604227
7099,sub42,ling_word_target,99,-0.056038036570722
7100,sub42,ling_word_target,100,0.09486605479670326
7101,sub42,ling_word_target,101,0.08446614227182685
7102,sub42,ling_word_target,102,-0.02751577700491807
7103,sub42,ling_word_target,103,-0.011874364862941002
7104,sub42,ling_word_target,104,0.031222447544816307
7105,sub42,ling_word_target,105,0.024188700398835597
7106,sub42,ling_word_target,106,-0.08743424038132176
7107,sub42,ling_word_target,107,0.049240256133395374
7108,sub42,ling_word_target,108,-0.03326652326137363
7109,sub42,ling_word_target,109,-0.03662033847147306
7110,sub42,ling_word_target,110,0.026706559997177713
7111,sub42,ling_word_target,111,0.08999192678691453
7112,sub42,ling_word_target,112,0.019037348544535586
7113,sub42,ling_word_target,113,0.03386774806731421
7114,sub42,ling_word_target,114,0.008915302565930412
7115,sub42,ling_word_target,115,-0.0010028342680085003
7116,sub42,ling_word_target,116,0.01758598261733847
7117,sub42,ling_word_target,117,0.09282957702173826
7118,sub42,ling_word_target,118,0.09949614684645844
7119,sub42,ling_word_target,119,0.027041513424158066
7120,sub42,ling_word_target,120,-0.0219791420237876
7121,sub42,ling_word_target,121,-0.092863465179041
7122,sub42,ling_word_target,122,0.07082517493071898
7123,sub42,ling_word_target,123,0.085015530600324
7124,sub42,ling_word_target,124,-0.044241745441866515
7125,sub42,ling_word_target,125,0.08086278668700363
7126,sub42,ling_word_target,126,0.012406416715291056
7127,sub42,ling_word_target,127,-0.028067064748136257
7128,sub42,ling_word_target,128,0.1090467880651608
7129,sub42,ling_word_target,129,0.06712754275896202
7130,sub42,ling_word_target,130,-0.04969837905804123
7131,sub42,ling_word_target,131,-0.007488935810122483
7132,sub42,ling_word_target,132,0.030466431581579478
7133,sub42,ling_word_target,133,0.005673073684384064
7134,sub42,ling_word_target,134,-0.06732488087261639
7135,sub42,ling_word_target,135,-0.061452066080050174
7136,sub42,ling_word_target,136,0.02388977889006035
7137,sub42,ling_word_target,137,0.025797705254248546
7138,sub42,ling_word_target,138,0.08016924567987019
7139,sub42,ling_word_target,139,0.10719424010283536
7140,sub42,ling_word_target,140,0.1030400146077616
7141,sub42,ling_word_target,141,-0.025719295820420863
7142,sub42,ling_word_target,142,0.08913082142011515
7143,sub42,ling_word_target,143,-0.0064572745159205995
7144,sub42,ling_word_target,144,0.023336595479499896
7145,sub42,ling_word_target,145,-0.00865881079759796
7146,sub42,ling_word_target,146,0.042898700425184434
7147,sub42,ling_word_target,147,-0.06831589848216481
7148,sub42,ling_word_target,148,-0.0553393367860644
7149,sub42,ling_word_target,149,-0.005691557520460083
7150,sub42,ling_word_target,150,0.1423265486016775
7151,sub42,ling_word_target,151,-0.01840298503089556
7152,sub42,ling_word_target,152,0.08222968591207708
7153,sub42,ling_word_target,153,-0.013797446231254909
7154,sub42,ling_word_target,154,-0.06548029997368655
7155,sub42,ling_word_target,155,0.12119781454338334
7156,sub42,ling_word_target,156,0.11331392100023975
7157,sub42,ling_word_target,157,0.060453650807414584
7158,sub42,ling_word_target,158,-0.024317400213062102
7159,sub42,ling_word_target,159,0.0275182739557537
7160,sub42,ling_word_target,160,-0.013320149310495731
7161,sub42,ling_word_target,161,0.051852843457403534
7162,sub42,ling_word_target,162,-0.11742959701518466
7163,sub42,ling_word_target,163,0.0003261322516615845
7164,sub42,ling_word_target,164,0.024202542497703323
7165,sub42,ling_word_target,165,0.029254881998285118
7166,sub42,ling_word_target,166,0.009285231360567154
7167,sub42,ling_word_target,167,0.09735826453829623
7168,sub42,ling_word_target,168,0.05037162874275092
7169,sub42,ling_word_target,169,-0.10434023709893714
7170,sub42,ling_word_target,170,0.005702514611257614
7171,sub42,ling_word_target,171,0.06343915314713074
7172,sub42,ling_word_target,172,0.057958770350669354
7173,sub42,ling_word_target,173,0.06562341700533639
7174,sub42,ling_word_target,174,0.03300798361777356
7175,sub42,ling_word_target,175,0.06922939411624737
7176,sub42,ling_word_target,176,0.002420043567873965
7177,sub42,ling_word_target,177,-0.012025651924746233
7178,sub42,ling_word_target,178,0.08084759202227944
7179,sub42,ling_word_target,179,-0.016830876806303657
7180,sub42,ling_word_target,180,-0.03923047763401476
7181,sub42,ling_word_target,181,-0.030464695686495694
7182,sub42,ling_word_target,182,-0.021729285268268887
7183,sub42,ling_word_target,183,-0.16270639970040268
7184,sub42,ling_word_target,184,0.004376740804507787
7185,sub42,ling_word_target,185,-0.001853915417712052
7186,sub42,ling_word_target,186,-0.03032481656887813
7187,sub42,ling_word_target,187,0.033337362276464846
7188,sub42,ling_word_target,188,0.04359863920136825
7189,sub42,ling_word_target,189,-0.056108123801470074
7190,sub42,ling_word_target,190,-0.14888561487710883
7191,sub42,ling_word_target,191,0.02785678291040292
7192,sub42,ling_word_target,192,-0.05659712260868527
7193,sub42,ling_word_target,193,-0.16234860464074868
7194,sub42,ling_word_target,194,0.008704758318451529
7195,sub42,ling_word_target,195,0.047017125586792385
7196,sub42,ling_word_target,196,-0.07858656133576723
7197,sub42,ling_word_target,197,0.06114739819095003
7198,sub42,ling_word_target,198,0.06054581951527658
7199,sub42,ling_word_target,199,-0.011302588891073988
7200,sub43,ling_word_target,0,-0.0029183751250335833
7201,sub43,ling_word_target,1,0.13244317844867978
7202,sub43,ling_word_target,2,-0.0737819522021205
7203,sub43,ling_word_target,3,-0.0277870281576907
7204,sub43,ling_word_target,4,0.000897713270086562
7205,sub43,ling_word_target,5,0.08839403188336643
7206,sub43,ling_word_target,6,-0.01695553834835946
7207,sub43,ling_word_target,7,0.009101205013040344
7208,sub43,ling_word_target,8,0.039455343097264964
7209,sub43,ling_word_target,9,0.03247818260884043
7210,sub43,ling_word_target,10,-0.05578589764548304
7211,sub43,ling_word_target,11,-0.06983623215064343
7212,sub43,ling_word_target,12,-0.026516042337405694
7213,sub43,ling_word_target,13,0.03706750202592008
7214,sub43,ling_word_target,14,-0.025281234026716032
7215,sub43,ling_word_target,15,0.08260718147191981
7216,sub43,ling_word_target,16,0.042958025084686116
7217,sub43,ling_word_target,17,0.02659144559035312
7218,sub43,ling_word_target,18,0.10826774258884977
7219,sub43,ling_word_target,19,-0.0014214043941712905
7220,sub43,ling_word_target,20,-0.03769564262830781
7221,sub43,ling_word_target,21,-0.07973733328461168
7222,sub43,ling_word_target,22,-0.0380324413587773
7223,sub43,ling_word_target,23,0.05559069123547008
7224,sub43,ling_word_target,24,-0.025841080968635563
7225,sub43,ling_word_target,25,-0.04137005818216377
7226,sub43,ling_word_target,26,-0.06968053040671832
7227,sub43,ling_word_target,27,0.02031602146669539
7228,sub43,ling_word_target,28,-0.03589162523716967
7229,sub43,ling_word_target,29,0.07231183686277219
7230,sub43,ling_word_target,30,0.06573908025114468
7231,sub43,ling_word_target,31,0.05762847783298861
7232,sub43,ling_word_target,32,0.07017070757007483
7233,sub43,ling_word_target,33,0.00013194362487377708
7234,sub43,ling_word_target,34,0.05990985532418875
7235,sub43,ling_word_target,35,-0.06808593631502034
7236,sub43,ling_word_target,36,0.016395667367224184
7237,sub43,ling_word_target,37,0.06211977995643792
7238,sub43,ling_word_target,38,0.01772498469324624
7239,sub43,ling_word_target,39,0.004614448007346516
7240,sub43,ling_word_target,40,-0.09181189429758893
7241,sub43,ling_word_target,41,0.08597899096055606
7242,sub43,ling_word_target,42,0.024284855698480406
7243,sub43,ling_word_target,43,0.11632130165434605
7244,sub43,ling_word_target,44,-0.02000925567978672
7245,sub43,ling_word_target,45,-0.07081376234731176
7246,sub43,ling_word_target,46,-0.016556533081238188
7247,sub43,ling_word_target,47,-0.023210590203628523
7248,sub43,ling_word_target,48,-0.021220296715564583
7249,sub43,ling_word_target,49,-0.09702194558647605
7250,sub43,ling_word_target,50,0.024038842477415518
7251,sub43,ling_word_target,51,0.010590342791239242
7252,sub43,ling_word_target,52,-0.009381689550167388
7253,sub43,ling_word_target,53,0.04932453072479671
7254,sub43,ling_word_target,54,0.002981654518304227
7255,sub43,ling_word_target,55,0.026315429291699173
7256,sub43,ling_word_target,56,0.03618295510393437
7257,sub43,ling_word_target,57,0.028897937203385123
7258,sub43,ling_word_target,58,-0.017777282413036943
7259,sub43,ling_word_target,59,0.00451792536649029
7260,sub43,ling_word_target,60,0.009587007108973632
7261,sub43,ling_word_target,61,-0.02107312317737704
7262,sub43,ling_word_target,62,0.05667775098094985
7263,sub43,ling_word_target,63,0.022191774060071882
7264,sub43,ling_word_target,64,0.011034730136536927
7265,sub43,ling_word_target,65,-0.019965079113837048
7266,sub43,ling_word_target,66,0.00275888075420266
7267,sub43,ling_word_target,67,0.007428626508102662
7268,sub43,ling_word_target,68,0.11344632510226922
7269,sub43,ling_word_target,69,0.024443991530307064
7270,sub43,ling_word_target,70,-0.022202296211958034
7271,sub43,ling_word_target,71,-0.021558074588273326
7272,sub43,ling_word_target,72,0.07204926711867574
7273,sub43,ling_word_target,73,-0.0015319446940290965
7274,sub43,ling_word_target,74,-0.05464825855237827
7275,sub43,ling_word_target,75,-0.06477664180218189
7276,sub43,ling_word_target,76,-0.02304625783816263
7277,sub43,ling_word_target,77,0.002462082844269023
7278,sub43,ling_word_target,78,-0.005417441105644436
7279,sub43,ling_word_target,79,0.11397584318003222
7280,sub43,ling_word_target,80,-0.03536867710095816
7281,sub43,ling_word_target,81,-0.017183964774484986
7282,sub43,ling_word_target,82,0.12100295356507236
7283,sub43,ling_word_target,83,0.0026597771668350934
7284,sub43,ling_word_target,84,-0.01702255909940539
7285,sub43,ling_word_target,85,-0.011338108838108728
7286,sub43,ling_word_target,86,-0.052252408564786613
7287,sub43,ling_word_target,87,-0.03199318148048468
7288,sub43,ling_word_target,88,-0.13274141183090574
7289,sub43,ling_word_target,89,-0.03604610232496818
7290,sub43,ling_word_target,90,-0.022140985029469002
7291,sub43,ling_word_target,91,-0.021140289502793317
7292,sub43,ling_word_target,92,-0.017793479595811703
7293,sub43,ling_word_target,93,-0.017638132395268156
7294,sub43,ling_word_target,94,-0.0693443871903266
7295,sub43,ling_word_target,95,0.0012994398560012895
7296,sub43,ling_word_target,96,-0.11527433363591318
7297,sub43,ling_word_target,97,-0.04158230082631404
7298,sub43,ling_word_target,98,-0.04048748511869961
7299,sub43,ling_word_target,99,-0.018908532225252656
7300,sub43,ling_word_target,100,0.008401869708970583
7301,sub43,ling_word_target,101,0.03751465351860366
7302,sub43,ling_word_target,102,-0.023565336647312928
7303,sub43,ling_word_target,103,0.010243040138678395
7304,sub43,ling_word_target,104,0.05441192393407812
7305,sub43,ling_word_target,105,-0.03216282725292523
7306,sub43,ling_word_target,106,-0.07227047709768232
7307,sub43,ling_word_target,107,-0.011641087685929953
7308,sub43,ling_word_target,108,0.09298989172860676
7309,sub43,ling_word_target,109,0.0011004626131410945
7310,sub43,ling_word_target,110,-0.03654296822755793
7311,sub43,ling_word_target,111,0.02381179613895093
7312,sub43,ling_word_target,112,0.035619375398069614
7313,sub43,ling_word_target,113,0.08917210353087852
7314,sub43,ling_word_target,114,0.0010917824296281934
7315,sub43,ling_word_target,115,-0.03090123823360293
7316,sub43,ling_word_target,116,0.05547071198647689
7317,sub43,ling_word_target,117,0.053662006234306316
7318,sub43,ling_word_target,118,-0.047793708523905194
7319,sub43,ling_word_target,119,0.015502052724226554
7320,sub43,ling_word_target,120,0.011468770090834966
7321,sub43,ling_word_target,121,0.04598536388272084
7322,sub43,ling_word_target,122,-0.07144072674479217
7323,sub43,ling_word_target,123,-0.041543224893502234
7324,sub43,ling_word_target,124,0.04739716018406481
7325,sub43,ling_word_target,125,-0.033525027726945975
7326,sub43,ling_word_target,126,-0.04027565820185409
7327,sub43,ling_word_target,127,0.06667433685930818
7328,sub43,ling_word_target,128,0.041431144098280366
7329,sub43,ling_word_target,129,-0.02451829310306828
7330,sub43,ling_word_target,130,0.08106609364678874
7331,sub43,ling_word_target,131,0.03319285923873637
7332,sub43,ling_word_target,132,-0.022424152615843178
7333,sub43,ling_word_target,133,0.07432188848974591
7334,sub43,ling_word_target,134,0.044064636558422625
7335,sub43,ling_word_target,135,-0.06852053177602772
7336,sub43,ling_word_target,136,-0.008217534054327728
7337,sub43,ling_word_target,137,0.023130248843717012
7338,sub43,ling_word_target,138,0.021147649128400926
7339,sub43,ling_word_target,139,-0.000858586661305887
7340,sub43,ling_word_target,140,-2.3307961841990124e-06
7341,sub43,ling_word_target,141,0.016341069367792355
7342,sub43,ling_word_target,142,0.006964214001835936
7343,sub43,ling_word_target,143,0.014501713647156512
7344,sub43,ling_word_target,144,-0.04990361197634885
7345,sub43,ling_word_target,145,0.04181992005215557
7346,sub43,ling_word_target,146,-0.00938313698278938
7347,sub43,ling_word_target,147,0.02359686089136272
7348,sub43,ling_word_target,148,0.07667527567830845
7349,sub43,ling_word_target,149,0.03749033392919687
7350,sub43,ling_word_target,150,-0.0219323068908067
7351,sub43,ling_word_target,151,0.003534557942482013
7352,sub43,ling_word_target,152,-0.07962389108000856
7353,sub43,ling_word_target,153,0.022839667263267166
7354,sub43,ling_word_target,154,-0.08544287575467423
7355,sub43,ling_word_target,155,-0.0647482906666365
7356,sub43,ling_word_target,156,-0.004295599723639964
7357,sub43,ling_word_target,157,-0.008962291562315684
7358,sub43,ling_word_target,158,0.022694502519828085
7359,sub43,ling_word_target,159,0.020159576875144778
7360,sub43,ling_word_target,160,0.0761424107901235
7361,sub43,ling_word_target,161,0.05417139410518966
7362,sub43,ling_word_target,162,-0.0020988470484962422
7363,sub43,ling_word_target,163,0.04662846990732347
7364,sub43,ling_word_target,164,-0.0693234473653843
7365,sub43,ling_word_target,165,0.005796479303868689
7366,sub43,ling_word_target,166,0.043334192686781334
7367,sub43,ling_word_target,167,0.010896387309446445
7368,sub43,ling_word_target,168,0.026793242565584387
7369,sub43,ling_word_target,169,0.022438102035176995
7370,sub43,ling_word_target,170,0.03274528353296104
7371,sub43,ling_word_target,171,0.08890171420700778
7372,sub43,ling_word_target,172,-0.09045814447322598
7373,sub43,ling_word_target,173,-0.047493365259627024
7374,sub43,ling_word_target,174,-0.010133159523750991
7375,sub43,ling_word_target,175,-0.0031606099141138332
7376,sub43,ling_word_target,176,0.004670579641541798
7377,sub43,ling_word_target,177,0.054159436052347736
7378,sub43,ling_word_target,178,0.05059908330302384
7379,sub43,ling_word_target,179,0.1154568752260078
7380,sub43,ling_word_target,180,-0.007923023352606924
7381,sub43,ling_word_target,181,0.007683766804899317
7382,sub43,ling_word_target,182,0.03307858845576008
7383,sub43,ling_word_target,183,0.028988478817261958
7384,sub43,ling_word_target,184,0.13614220178173683
7385,sub43,ling_word_target,185,0.08184776548083258
7386,sub43,ling_word_target,186,-0.009866051443933647
7387,sub43,ling_word_target,187,0.08175059736382423
7388,sub43,ling_word_target,188,0.06276193833404681
7389,sub43,ling_word_target,189,-0.00895982128866375
7390,sub43,ling_word_target,190,-0.014310161697453165
7391,sub43,ling_word_target,191,0.0003487815477529048
7392,sub43,ling_word_target,192,-0.061818813688619995
7393,sub43,ling_word_target,193,0.020447541173061634
7394,sub43,ling_word_target,194,0.04797772266690957
7395,sub43,ling_word_target,195,0.07442216738757869
7396,sub43,ling_word_target,196,-0.006319519718822802
7397,sub43,ling_word_target,197,0.0448173378199649
7398,sub43,ling_word_target,198,-0.008561314933916217
7399,sub43,ling_word_target,199,0.05974020653111866
7400,sub44,ling_word_target,0,0.0074901757656150566
7401,sub44,ling_word_target,1,0.05233884217547822
7402,sub44,ling_word_target,2,-0.1390111142289329
7403,sub44,ling_word_target,3,-0.04797796708551142
7404,sub44,ling_word_target,4,0.23948839388453616
7405,sub44,ling_word_target,5,-0.01786421861986154
7406,sub44,ling_word_target,6,0.02843661298614815
7407,sub44,ling_word_target,7,-0.01316406670730781
7408,sub44,ling_word_target,8,0.014913143441758262
7409,sub44,ling_word_target,9,-0.0482659786888725
7410,sub44,ling_word_target,10,0.03506521894535515
7411,sub44,ling_word_target,11,-0.0037389540626791215
7412,sub44,ling_word_target,12,-0.031839242853399424
7413,sub44,ling_word_target,13,-0.0005224220542866148
7414,sub44,ling_word_target,14,-0.06418734531477446
7415,sub44,ling_word_target,15,0.20538476452257481
7416,sub44,ling_word_target,16,0.21747408777520272
7417,sub44,ling_word_target,17,0.27179741035249017
7418,sub44,ling_word_target,18,-0.022094994111775946
7419,sub44,ling_word_target,19,0.04259530539975772
7420,sub44,ling_word_target,20,-0.0545143331352044
7421,sub44,ling_word_target,21,0.1320034940111176
7422,sub44,ling_word_target,22,0.13641947349156586
7423,sub44,ling_word_target,23,0.028175686366543957
7424,sub44,ling_word_target,24,0.03863156083907398
7425,sub44,ling_word_target,25,-0.03982370696899601
7426,sub44,ling_word_target,26,-0.058018373670029294
7427,sub44,ling_word_target,27,-0.06999769130507401
7428,sub44,ling_word_target,28,-0.025123416958142766
7429,sub44,ling_word_target,29,0.002260255307218227
7430,sub44,ling_word_target,30,-0.0534734565124219
7431,sub44,ling_word_target,31,-0.07027723182572382
7432,sub44,ling_word_target,32,0.09069537607684924
7433,sub44,ling_word_target,33,0.03043186547957497
7434,sub44,ling_word_target,34,0.11096784338142851
7435,sub44,ling_word_target,35,0.03269212970801877
7436,sub44,ling_word_target,36,0.0372120041369288
7437,sub44,ling_word_target,37,0.09291473453821973
7438,sub44,ling_word_target,38,-0.08156389763318811
7439,sub44,ling_word_target,39,-0.01899426085155118
7440,sub44,ling_word_target,40,0.005694966756636884
7441,sub44,ling_word_target,41,0.0019247387554312111
7442,sub44,ling_word_target,42,-0.10339067689084144
7443,sub44,ling_word_target,43,0.020491656078985947
7444,sub44,ling_word_target,44,0.01281496807688306
7445,sub44,ling_word_target,45,-0.02944653357447497
7446,sub44,ling_word_target,46,0.04218114570021822
7447,sub44,ling_word_target,47,-0.08015728300929138
7448,sub44,ling_word_target,48,0.1881419068286682
7449,sub44,ling_word_target,49,0.032050717231651774
7450,sub44,ling_word_target,50,-0.03603937591250975
7451,sub44,ling_word_target,51,0.013116330682341066
7452,sub44,ling_word_target,52,-0.01651963926281421
7453,sub44,ling_word_target,53,0.08594724839810262
7454,sub44,ling_word_target,54,-0.0468530139433329
7455,sub44,ling_word_target,55,-0.022532855656648212
7456,sub44,ling_word_target,56,0.047879386890121695
7457,sub44,ling_word_target,57,-0.058227839521724875
7458,sub44,ling_word_target,58,-0.03892092855680229
7459,sub44,ling_word_target,59,0.02476459716226943
7460,sub44,ling_word_target,60,-0.025206608360188253
7461,sub44,ling_word_target,61,-0.09635396139116825
7462,sub44,ling_word_target,62,-0.07569420291863177
7463,sub44,ling_word_target,63,0.07625916870427651
7464,sub44,ling_word_target,64,-0.0708135370887896
7465,sub44,ling_word_target,65,-0.002316338454859699
7466,sub44,ling_word_target,66,-0.09221559667434738
7467,sub44,ling_word_target,67,-0.09433752239039604
7468,sub44,ling_word_target,68,0.05220263594156136
7469,sub44,ling_word_target,69,-0.08664826095119375
7470,sub44,ling_word_target,70,0.004022337762391311
7471,sub44,ling_word_target,71,0.035846850057295085
7472,sub44,ling_word_target,72,-0.021675378225932695
7473,sub44,ling_word_target,73,-0.023995839972163927
7474,sub44,ling_word_target,74,0.029907503927956124
7475,sub44,ling_word_target,75,0.013701682662325911
7476,sub44,ling_word_target,76,-0.012688144751326224
7477,sub44,ling_word_target,77,0.061916470356036535
7478,sub44,ling_word_target,78,-0.04456720933415604
7479,sub44,ling_word_target,79,0.04271402465597707
7480,sub44,ling_word_target,80,0.07256863796735606
7481,sub44,ling_word_target,81,0.03810980438152232
7482,sub44,ling_word_target,82,-0.03484888306538469
7483,sub44,ling_word_target,83,0.0035638772890565977
7484,sub44,ling_word_target,84,-0.04016876234728331
7485,sub44,ling_word_target,85,0.00018626361037865386
7486,sub44,ling_word_target,86,0.08751879487803434
7487,sub44,ling_word_target,87,-0.025360830306614648
7488,sub44,ling_word_target,88,-0.042884888050271124
7489,sub44,ling_word_target,89,-0.0455835597933022
7490,sub44,ling_word_target,90,-0.039644079247011674
7491,sub44,ling_word_target,91,-0.029842746303464222
7492,sub44,ling_word_target,92,-0.08027682190125447
7493,sub44,ling_word_target,93,-0.0382470593797961
7494,sub44,ling_word_target,94,0.03212096069332981
7495,sub44,ling_word_target,95,-0.115234566456959
7496,sub44,ling_word_target,96,0.07521427508002945
7497,sub44,ling_word_target,97,0.00035261191383277704
7498,sub44,ling_word_target,98,-0.08572590505533043
7499,sub44,ling_word_target,99,0.07935276250919433
7500,sub44,ling_word_target,100,0.02435409343786363
7501,sub44,ling_word_target,101,-0.07251594177345377
7502,sub44,ling_word_target,102,0.012567632546058001
7503,sub44,ling_word_target,103,0.0007864582629304517
7504,sub44,ling_word_target,104,0.00824920188756332
7505,sub44,ling_word_target,105,0.12534394378678193
7506,sub44,ling_word_target,106,-0.07211545346188365
7507,sub44,ling_word_target,107,-0.048749129694606784
7508,sub44,ling_word_target,108,0.012186077718091857
7509,sub44,ling_word_target,109,0.036185169527922875
7510,sub44,ling_word_target,110,-0.06918719690528735
7511,sub44,ling_word_target,111,-0.005298563536569707
7512,sub44,ling_word_target,112,-0.06636981426501987
7513,sub44,ling_word_target,113,0.003646109394842159
7514,sub44,ling_word_target,114,-0.004926058564014677
7515,sub44,ling_word_target,115,-0.062434470012364095
7516,sub44,ling_word_target,116,0.03500059579599282
7517,sub44,ling_word_target,117,0.019889043442125286
7518,sub44,ling_word_target,118,-0.009712187106744308
7519,sub44,ling_word_target,119,0.003105607159918928
7520,sub44,ling_word_target,120,0.09243121406382457
7521,sub44,ling_word_target,121,-0.1411132986614268
7522,sub44,ling_word_target,122,0.033676091681745186
7523,sub44,ling_word_target,123,-0.07408717069199049
7524,sub44,ling_word_target,124,-0.029694825885709895
7525,sub44,ling_word_target,125,-0.03938466688706537
7526,sub44,ling_word_target,126,-0.02694765823241432
7527,sub44,ling_word_target,127,-0.013840709790130974
7528,sub44,ling_word_target,128,-0.04038423946410738
7529,sub44,ling_word_target,129,0.09124083097251422
7530,sub44,ling_word_target,130,0.018785460218073268
7531,sub44,ling_word_target,131,0.06908646253737914
7532,sub44,ling_word_target,132,0.0666501385101496
7533,sub44,ling_word_target,133,0.03782876696380351
7534,sub44,ling_word_target,134,-0.018955299062245898
7535,sub44,ling_word_target,135,-0.02549709126363574
7536,sub44,ling_word_target,136,-0.13351067716719622
7537,sub44,ling_word_target,137,-0.0006810855810231337
7538,sub44,ling_word_target,138,0.08299718283103032
7539,sub44,ling_word_target,139,0.026504540081126505
7540,sub44,ling_word_target,140,-0.013211033163100221
7541,sub44,ling_word_target,141,-0.04077397448574059
7542,sub44,ling_word_target,142,0.05414615738259121
7543,sub44,ling_word_target,143,-0.04868164458563252
7544,sub44,ling_word_target,144,0.07391988887325987
7545,sub44,ling_word_target,145,-0.09037467227288981
7546,sub44,ling_word_target,146,0.025990665230497093
7547,sub44,ling_word_target,147,-0.07559527722011185
7548,sub44,ling_word_target,148,0.031921368813776954
7549,sub44,ling_word_target,149,0.12764909728325502
7550,sub44,ling_word_target,150,-0.027526326179963142
7551,sub44,ling_word_target,151,0.021105448975502712
7552,sub44,ling_word_target,152,0.0710893340155059
7553,sub44,ling_word_target,153,0.14204454059992477
7554,sub44,ling_word_target,154,0.010320566481155698
7555,sub44,ling_word_target,155,-0.03984020151659549
7556,sub44,ling_word_target,156,-0.050925448779285454
7557,sub44,ling_word_target,157,-0.03002181537954292
7558,sub44,ling_word_target,158,-0.04821121467320722
7559,sub44,ling_word_target,159,-0.11926743243259867
7560,sub44,ling_word_target,160,0.027600624587786397
7561,sub44,ling_word_target,161,-0.060621828044456906
7562,sub44,ling_word_target,162,-0.016467624019810244
7563,sub44,ling_word_target,163,0.056761846383223166
7564,sub44,ling_word_target,164,-0.04941473344830063
7565,sub44,ling_word_target,165,-0.06460975158656004
7566,sub44,ling_word_target,166,0.015554948367006083
7567,sub44,ling_word_target,167,-0.047194095344112195
7568,sub44,ling_word_target,168,-0.0008455196642483248
7569,sub44,ling_word_target,169,-0.01672303403254132
7570,sub44,ling_word_target,170,-0.0982182891878277
7571,sub44,ling_word_target,171,-0.012281392846968326
7572,sub44,ling_word_target,172,-0.030295859310672853
7573,sub44,ling_word_target,173,0.020153271590554765
7574,sub44,ling_word_target,174,0.09895698429859673
7575,sub44,ling_word_target,175,-0.058980464563528553
7576,sub44,ling_word_target,176,-0.034515575957943835
7577,sub44,ling_word_target,177,0.011898835615647814
7578,sub44,ling_word_target,178,-0.0007066835089107154
7579,sub44,ling_word_target,179,0.05451619169919866
7580,sub44,ling_word_target,180,0.09634328444275389
7581,sub44,ling_word_target,181,0.15473250750201772
7582,sub44,ling_word_target,182,-0.07226194694250897
7583,sub44,ling_word_target,183,0.0514358538502455
7584,sub44,ling_word_target,184,-0.04796298515781241
7585,sub44,ling_word_target,185,0.14806688066949317
7586,sub44,ling_word_target,186,-0.013200084671845204
7587,sub44,ling_word_target,187,0.032503659549217606
7588,sub44,ling_word_target,188,-0.12645306549262303
7589,sub44,ling_word_target,189,-0.10056237699570493
7590,sub44,ling_word_target,190,0.06678799492157132
7591,sub44,ling_word_target,191,0.06732276122613834
7592,sub44,ling_word_target,192,-0.03588229589082079
7593,sub44,ling_word_target,193,-0.024878761450685745
7594,sub44,ling_word_target,194,-0.005793061177579061
7595,sub44,ling_word_target,195,0.025041745703790332
7596,sub44,ling_word_target,196,-0.004602438609153362
7597,sub44,ling_word_target,197,0.04150594169287565
7598,sub44,ling_word_target,198,0.010120409995512853
7599,sub44,ling_word_target,199,0.10258362275665198
7600,sub45,ling_word_target,0,0.003976838762770405
7601,sub45,ling_word_target,1,0.03387663337671634
7602,sub45,ling_word_target,2,-0.002505804718228499
7603,sub45,ling_word_target,3,0.014068007941565094
7604,sub45,ling_word_target,4,-0.008092880684740848
7605,sub45,ling_word_target,5,0.004475847112475333
7606,sub45,ling_word_target,6,0.013221079133776544
7607,sub45,ling_word_target,7,0.043034150529295226
7608,sub45,ling_word_target,8,-0.030582779067496315
7609,sub45,ling_word_target,9,-0.030203848249989527
7610,sub45,ling_word_target,10,0.015604086655350267
7611,sub45,ling_word_target,11,0.027881478113277482
7612,sub45,ling_word_target,12,0.05963398945269882
7613,sub45,ling_word_target,13,-0.011098535436600452
7614,sub45,ling_word_target,14,0.0026229284754833437
7615,sub45,ling_word_target,15,-0.004121703741758624
7616,sub45,ling_word_target,16,0.0018040463546971947
7617,sub45,ling_word_target,17,-0.032870310232366515
7618,sub45,ling_word_target,18,0.03695634635019791
7619,sub45,ling_word_target,19,-0.02354914610103967
7620,sub45,ling_word_target,20,0.017712809699190885
7621,sub45,ling_word_target,21,-0.001740852620059244
7622,sub45,ling_word_target,22,0.06936624760701664
7623,sub45,ling_word_target,23,-0.04204071214897997
7624,sub45,ling_word_target,24,-0.013101095027704958
7625,sub45,ling_word_target,25,-0.011862390576558371
7626,sub45,ling_word_target,26,0.05253450808031094
7627,sub45,ling_word_target,27,0.06086954263616751
7628,sub45,ling_word_target,28,-0.030030384663803766
7629,sub45,ling_word_target,29,0.001962522850611428
7630,sub45,ling_word_target,30,0.047667124736745774
7631,sub45,ling_word_target,31,-0.005624614322218719
7632,sub45,ling_word_target,32,-0.0047756771649211174
7633,sub45,ling_word_target,33,0.02560248442365001
7634,sub45,ling_word_target,34,-0.006274625732704158
7635,sub45,ling_word_target,35,-0.017266891371513483
7636,sub45,ling_word_target,36,-0.00015792415584458392
7637,sub45,ling_word_target,37,-0.005052656383815711
7638,sub45,ling_word_target,38,-0.007170277502054954
7639,sub45,ling_word_target,39,-0.029555222029405605
7640,sub45,ling_word_target,40,0.01181123828473773
7641,sub45,ling_word_target,41,-0.013821274835698432
7642,sub45,ling_word_target,42,0.004950567163179857
7643,sub45,ling_word_target,43,0.0942858406147654
7644,sub45,ling_word_target,44,-0.023672434331202988
7645,sub45,ling_word_target,45,0.04839274602627055
7646,sub45,ling_word_target,46,0.009135603771661898
7647,sub45,ling_word_target,47,0.017318397368074123
7648,sub45,ling_word_target,48,0.02700599867533416
7649,sub45,ling_word_target,49,-0.04580975150734244
7650,sub45,ling_word_target,50,-0.024941169818924646
7651,sub45,ling_word_target,51,0.02817584280952131
7652,sub45,ling_word_target,52,0.035083499519733774
7653,sub45,ling_word_target,53,-0.03635189256028471
7654,sub45,ling_word_target,54,0.002148000505285418
7655,sub45,ling_word_target,55,0.029262620620026613
7656,sub45,ling_word_target,56,0.038572497829132614
7657,sub45,ling_word_target,57,0.0885959057087835
7658,sub45,ling_word_target,58,-0.03167453447747873
7659,sub45,ling_word_target,59,0.03281142924226527
7660,sub45,ling_word_target,60,-0.015553860523150824
7661,sub45,ling_word_target,61,-0.011478822976263056
7662,sub45,ling_word_target,62,-0.0061481572659222855
7663,sub45,ling_word_target,63,-0.03667913292336193
7664,sub45,ling_word_target,64,0.015003985753192983
7665,sub45,ling_word_target,65,0.004889970113339049
7666,sub45,ling_word_target,66,0.04533049254847092
7667,sub45,ling_word_target,67,-0.05569320050814823
7668,sub45,ling_word_target,68,0.04558562562692769
7669,sub45,ling_word_target,69,0.0012030417893507215
7670,sub45,ling_word_target,70,-0.025027943230627816
7671,sub45,ling_word_target,71,0.008794434701209034
7672,sub45,ling_word_target,72,-0.0005145368514749537
7673,sub45,ling_word_target,73,0.002791324669638289
7674,sub45,ling_word_target,74,0.06174800414931833
7675,sub45,ling_word_target,75,0.009956576191667862
7676,sub45,ling_word_target,76,0.021003106225145212
7677,sub45,ling_word_target,77,0.0284878661612552
7678,sub45,ling_word_target,78,0.014234042915033664
7679,sub45,ling_word_target,79,-0.045417667345486884
7680,sub45,ling_word_target,80,0.00865276148490377
7681,sub45,ling_word_target,81,0.05973657708228083
7682,sub45,ling_word_target,82,-0.014781135243851072
7683,sub45,ling_word_target,83,-0.031016952368248876
7684,sub45,ling_word_target,84,0.03295785850000022
7685,sub45,ling_word_target,85,-0.01982438108548747
7686,sub45,ling_word_target,86,-0.05074275351152968
7687,sub45,ling_word_target,87,-0.040096855978066136
7688,sub45,ling_word_target,88,-0.03857900028127638
7689,sub45,ling_word_target,89,0.00845657041937076
7690,sub45,ling_word_target,90,-0.010304034885299435
7691,sub45,ling_word_target,91,-0.005137129519642345
7692,sub45,ling_word_target,92,-0.02851147609350197
7693,sub45,ling_word_target,93,0.02977362086331859
7694,sub45,ling_word_target,94,0.016087264334037878
7695,sub45,ling_word_target,95,-0.07367968008972743
7696,sub45,ling_word_target,96,0.005658272248669788
7697,sub45,ling_word_target,97,-0.01740257102327405
7698,sub45,ling_word_target,98,0.018116687856690822
7699,sub45,ling_word_target,99,0.06380197038988573
7700,sub45,ling_word_target,100,-0.036854631281308094
7701,sub45,ling_word_target,101,0.008481771410848658
7702,sub45,ling_word_target,102,-0.018940648458136845
7703,sub45,ling_word_target,103,0.04469853529863915
7704,sub45,ling_word_target,104,-0.004800632689008658
7705,sub45,ling_word_target,105,0.0030252359132891486
7706,sub45,ling_word_target,106,0.0683254108494454
7707,sub45,ling_word_target,107,-0.02178098724357349
7708,sub45,ling_word_target,108,0.029575636027608165
7709,sub45,ling_word_target,109,0.04855139488556606
7710,sub45,ling_word_target,110,-0.021179882313063475
7711,sub45,ling_word_target,111,0.0029291989670866994
7712,sub45,ling_word_target,112,-0.010784818344741475
7713,sub45,ling_word_target,113,0.033137063634407396
7714,sub45,ling_word_target,114,0.039988511751141494
7715,sub45,ling_word_target,115,0.09842765383516254
7716,sub45,ling_word_target,116,0.02513474522010874
7717,sub45,ling_word_target,117,0.009009209448036985
7718,sub45,ling_word_target,118,0.024531633247934205
7719,sub45,ling_word_target,119,0.0031328712410456584
7720,sub45,ling_word_target,120,0.010214581391345682
7721,sub45,ling_word_target,121,-0.038703484953347564
7722,sub45,ling_word_target,122,0.042202320250398384
7723,sub45,ling_word_target,123,0.057249530610626743
7724,sub45,ling_word_target,124,0.03755306352180548
7725,sub45,ling_word_target,125,0.0019383523891419484
7726,sub45,ling_word_target,126,-0.028830698465887424
7727,sub45,ling_word_target,127,0.023077087683126284
7728,sub45,ling_word_target,128,-0.024089983011564894
7729,sub45,ling_word_target,129,-0.03044234657240175
7730,sub45,ling_word_target,130,-0.0334198563310399
7731,sub45,ling_word_target,131,0.03503276161792518
7732,sub45,ling_word_target,132,-0.022888383951882453
7733,sub45,ling_word_target,133,-0.010619085066364855
7734,sub45,ling_word_target,134,-0.05016911418135664
7735,sub45,ling_word_target,135,0.03528966144334965
7736,sub45,ling_word_target,136,-0.016235720633261345
7737,sub45,ling_word_target,137,0.031488897095445216
7738,sub45,ling_word_target,138,-0.0064456448827542165
7739,sub45,ling_word_target,139,-0.04200764042206806
7740,sub45,ling_word_target,140,-0.033553084262187095
7741,sub45,ling_word_target,141,-0.06913196958345905
7742,sub45,ling_word_target,142,0.005732902190260656
7743,sub45,ling_word_target,143,0.03025486089733707
7744,sub45,ling_word_target,144,-0.0027452574287151425
7745,sub45,ling_word_target,145,-0.049107981708883995
7746,sub45,ling_word_target,146,0.034996171366792034
7747,sub45,ling_word_target,147,0.022753106397169542
7748,sub45,ling_word_target,148,0.010364151500237104
7749,sub45,ling_word_target,149,-0.0466697338885377
7750,sub45,ling_word_target,150,-0.01681595712089026
7751,sub45,ling_word_target,151,0.014492928288839808
7752,sub45,ling_word_target,152,0.04288286380121269
7753,sub45,ling_word_target,153,-0.012558138678313527
7754,sub45,ling_word_target,154,0.009616678163281087
7755,sub45,ling_word_target,155,0.023812421647274037
7756,sub45,ling_word_target,156,0.019321112159134422
7757,sub45,ling_word_target,157,0.010797329803517306
7758,sub45,ling_word_target,158,-0.034842999621882545
7759,sub45,ling_word_target,159,-0.04670713381552438
7760,sub45,ling_word_target,160,-0.04068713120591534
7761,sub45,ling_word_target,161,-0.0016531310100315847
7762,sub45,ling_word_target,162,0.00024582591973696993
7763,sub45,ling_word_target,163,-0.005368722306533546
7764,sub45,ling_word_target,164,-0.0028285824750025647
7765,sub45,ling_word_target,165,-0.013296934928789741
7766,sub45,ling_word_target,166,0.022285808260719044
7767,sub45,ling_word_target,167,-0.011383202597162028
7768,sub45,ling_word_target,168,-0.015240865770855573
7769,sub45,ling_word_target,169,0.023507485060129427
7770,sub45,ling_word_target,170,-0.010171748190582884
7771,sub45,ling_word_target,171,0.048372464593171724
7772,sub45,ling_word_target,172,0.025672062172497036
7773,sub45,ling_word_target,173,-0.015288629875324776
7774,sub45,ling_word_target,174,0.025020056462149422
7775,sub45,ling_word_target,175,-0.028756971501504608
7776,sub45,ling_word_target,176,0.03038140345392762
7777,sub45,ling_word_target,177,-0.04072729238413607
7778,sub45,ling_word_target,178,0.046543063644417286
7779,sub45,ling_word_target,179,-0.025311919391039633
7780,sub45,ling_word_target,180,-0.03907143797500198
7781,sub45,ling_word_target,181,-0.01502986663140246
7782,sub45,ling_word_target,182,0.00351455782580385
7783,sub45,ling_word_target,183,0.0182506042888596
7784,sub45,ling_word_target,184,0.005027239753668209
7785,sub45,ling_word_target,185,-0.02834057249345024
7786,sub45,ling_word_target,186,-0.028187942195121687
7787,sub45,ling_word_target,187,-0.020432018995570223
7788,sub45,ling_word_target,188,-0.025853505720490572
7789,sub45,ling_word_target,189,-7.373115234544402e-05
7790,sub45,ling_word_target,190,-0.019136558900252024
7791,sub45,ling_word_target,191,-0.006066252051426078
7792,sub45,ling_word_target,192,-0.024013288195513755
7793,sub45,ling_word_target,193,-0.005252474359825322
7794,sub45,ling_word_target,194,-0.00022390693900602824
7795,sub45,ling_word_target,195,0.008647049735902785
7796,sub45,ling_word_target,196,-0.01633354227012439
7797,sub45,ling_word_target,197,-0.04265623300111636
7798,sub45,ling_word_target,198,0.021536021543595418
7799,sub45,ling_word_target,199,-0.04708312120083116
7800,sub46,ling_word_target,0,0.021704165349549574
7801,sub46,ling_word_target,1,-0.017690624844473896
7802,sub46,ling_word_target,2,0.004180431032448948
7803,sub46,ling_word_target,3,0.022153822308841678
7804,sub46,ling_word_target,4,0.03514767024337566
7805,sub46,ling_word_target,5,-0.01547864708925785
7806,sub46,ling_word_target,6,0.004458397680082673
7807,sub46,ling_word_target,7,0.03512667961443922
7808,sub46,ling_word_target,8,-0.0023443065222644725
7809,sub46,ling_word_target,9,0.020682156443692982
7810,sub46,ling_word_target,10,-0.07712315259290671
7811,sub46,ling_word_target,11,0.0284174880841825
7812,sub46,ling_word_target,12,0.01092951295959827
7813,sub46,ling_word_target,13,-0.03930778873921621
7814,sub46,ling_word_target,14,-0.0008385014742902941
7815,sub46,ling_word_target,15,0.005284067259052997
7816,sub46,ling_word_target,16,0.02878265647046475
7817,sub46,ling_word_target,17,-0.010624004681706784
7818,sub46,ling_word_target,18,0.069292042128002
7819,sub46,ling_word_target,19,0.029777274392090377
7820,sub46,ling_word_target,20,-0.0598350079085916
7821,sub46,ling_word_target,21,0.01313580419813582
7822,sub46,ling_word_target,22,0.016525187871202895
7823,sub46,ling_word_target,23,0.06368379435638545
7824,sub46,ling_word_target,24,-0.009655422585317043
7825,sub46,ling_word_target,25,-0.006510274696871892
7826,sub46,ling_word_target,26,-0.014115268199459834
7827,sub46,ling_word_target,27,-0.044644677795788484
7828,sub46,ling_word_target,28,0.006146102614552847
7829,sub46,ling_word_target,29,-0.03238683783110927
7830,sub46,ling_word_target,30,0.05803906915604119
7831,sub46,ling_word_target,31,0.01517819543599261
7832,sub46,ling_word_target,32,0.02750793263798143
7833,sub46,ling_word_target,33,-0.0565087806135772
7834,sub46,ling_word_target,34,-0.024202370278265207
7835,sub46,ling_word_target,35,-0.013496636621702494
7836,sub46,ling_word_target,36,0.04040258635137365
7837,sub46,ling_word_target,37,-0.015011252049541481
7838,sub46,ling_word_target,38,-0.01463742860869726
7839,sub46,ling_word_target,39,-0.03198235997058851
7840,sub46,ling_word_target,40,0.028143853310701246
7841,sub46,ling_word_target,41,0.016148456728009113
7842,sub46,ling_word_target,42,0.0010922283464806922
7843,sub46,ling_word_target,43,0.022310443983265316
7844,sub46,ling_word_target,44,-0.03438407630132053
7845,sub46,ling_word_target,45,0.005320277754172974
7846,sub46,ling_word_target,46,0.018842960429890917
7847,sub46,ling_word_target,47,-0.015090235416858881
7848,sub46,ling_word_target,48,-0.036753047439047296
7849,sub46,ling_word_target,49,-0.07608029031381539
7850,sub46,ling_word_target,50,0.010333113031368855
7851,sub46,ling_word_target,51,-0.07678577538238379
7852,sub46,ling_word_target,52,0.00918345838554885
7853,sub46,ling_word_target,53,0.024772225237130976
7854,sub46,ling_word_target,54,0.03739557645209293
7855,sub46,ling_word_target,55,0.05523218357541003
7856,sub46,ling_word_target,56,0.03518156916585532
7857,sub46,ling_word_target,57,-0.012975042956418737
7858,sub46,ling_word_target,58,-0.030600032214123492
7859,sub46,ling_word_target,59,-0.0074475320969352
7860,sub46,ling_word_target,60,-0.05386901557849968
7861,sub46,ling_word_target,61,0.007558390118714139
7862,sub46,ling_word_target,62,-0.04720572699614441
7863,sub46,ling_word_target,63,-0.03266428794739043
7864,sub46,ling_word_target,64,0.029948326055626605
7865,sub46,ling_word_target,65,0.007210337101256063
7866,sub46,ling_word_target,66,-0.00045029546520343195
7867,sub46,ling_word_target,67,0.03594232574124362
7868,sub46,ling_word_target,68,0.01651394690724942
7869,sub46,ling_word_target,69,0.020774730958619234
7870,sub46,ling_word_target,70,0.006965760952307318
7871,sub46,ling_word_target,71,0.01738081107415641
7872,sub46,ling_word_target,72,0.036806370965506034
7873,sub46,ling_word_target,73,-0.003672478057600709
7874,sub46,ling_word_target,74,-0.03837953391364741
7875,sub46,ling_word_target,75,0.02456201152320781
7876,sub46,ling_word_target,76,0.03442712139942527
7877,sub46,ling_word_target,77,-0.012086956848096884
7878,sub46,ling_word_target,78,0.00020320752831228873
7879,sub46,ling_word_target,79,0.010707572756995763
7880,sub46,ling_word_target,80,0.00881080800224088
7881,sub46,ling_word_target,81,-0.021905119604158543
7882,sub46,ling_word_target,82,-0.016575966851413475
7883,sub46,ling_word_target,83,-0.013541406399869933
7884,sub46,ling_word_target,84,0.026098599413555964
7885,sub46,ling_word_target,85,-0.019965002261261154
7886,sub46,ling_word_target,86,0.014139302311713068
7887,sub46,ling_word_target,87,0.019473716005985815
7888,sub46,ling_word_target,88,-0.0203496934085151
7889,sub46,ling_word_target,89,0.016580321237876474
7890,sub46,ling_word_target,90,-0.030173226575840442
7891,sub46,ling_word_target,91,0.0329600043446381
7892,sub46,ling_word_target,92,0.011117644258938424
7893,sub46,ling_word_target,93,0.03635969746358676
7894,sub46,ling_word_target,94,0.011958925067945585
7895,sub46,ling_word_target,95,-0.01699755823050973
7896,sub46,ling_word_target,96,0.009720757624625381
7897,sub46,ling_word_target,97,-0.025473212245343005
7898,sub46,ling_word_target,98,-0.038691199813708374
7899,sub46,ling_word_target,99,0.04732232212993184
7900,sub46,ling_word_target,100,-0.0029632077170992344
7901,sub46,ling_word_target,101,0.0037926732774752267
7902,sub46,ling_word_target,102,0.0029988239028448027
7903,sub46,ling_word_target,103,0.028866136160827175
7904,sub46,ling_word_target,104,0.02156473708518752
7905,sub46,ling_word_target,105,0.0680719439040344
7906,sub46,ling_word_target,106,-0.07577073665288711
7907,sub46,ling_word_target,107,-0.0042750555462227205
7908,sub46,ling_word_target,108,-0.007076934760414862
7909,sub46,ling_word_target,109,-0.0007625847322111983
7910,sub46,ling_word_target,110,0.027498891358389614
7911,sub46,ling_word_target,111,-0.012472461142379683
7912,sub46,ling_word_target,112,-0.05954620136373308
7913,sub46,ling_word_target,113,-0.0762410158031205
7914,sub46,ling_word_target,114,-0.013268370538675255
7915,sub46,ling_word_target,115,0.007889027488850443
7916,sub46,ling_word_target,116,-0.00015358735402428767
7917,sub46,ling_word_target,117,-0.009568947544451758
7918,sub46,ling_word_target,118,-0.026559201935524156
7919,sub46,ling_word_target,119,0.014223411422925025
7920,sub46,ling_word_target,120,0.008105496116580967
7921,sub46,ling_word_target,121,0.04195203202996522
7922,sub46,ling_word_target,122,0.004018011087992735
7923,sub46,ling_word_target,123,0.018417816884716488
7924,sub46,ling_word_target,124,-0.0009635554079495446
7925,sub46,ling_word_target,125,0.017121949824720175
7926,sub46,ling_word_target,126,-0.02836128297725118
7927,sub46,ling_word_target,127,-0.010790338748812425
7928,sub46,ling_word_target,128,0.014743339098731417
7929,sub46,ling_word_target,129,0.015554425005246966
7930,sub46,ling_word_target,130,0.0632552960052287
7931,sub46,ling_word_target,131,-0.028666253239036835
7932,sub46,ling_word_target,132,0.030408035708329853
7933,sub46,ling_word_target,133,-0.019605209058884653
7934,sub46,ling_word_target,134,0.01003147379635552
7935,sub46,ling_word_target,135,-0.047682765545769015
7936,sub46,ling_word_target,136,0.01802747567967001
7937,sub46,ling_word_target,137,0.004320514390101743
7938,sub46,ling_word_target,138,0.037870272352372024
7939,sub46,ling_word_target,139,-0.0030453705038189834
7940,sub46,ling_word_target,140,0.03038874137920676
7941,sub46,ling_word_target,141,0.047681334796086994
7942,sub46,ling_word_target,142,0.0012071450996818083
7943,sub46,ling_word_target,143,0.07731892380891164
7944,sub46,ling_word_target,144,0.0037561782387772694
7945,sub46,ling_word_target,145,-0.04923499284342957
7946,sub46,ling_word_target,146,0.002367715571445607
7947,sub46,ling_word_target,147,0.024882988392534378
7948,sub46,ling_word_target,148,-0.0004713765646522659
7949,sub46,ling_word_target,149,0.026274230565765288
7950,sub46,ling_word_target,150,-0.025538252203840088
7951,sub46,ling_word_target,151,0.013585105044932357
7952,sub46,ling_word_target,152,0.028467038532983362
7953,sub46,ling_word_target,153,0.007057630342310029
7954,sub46,ling_word_target,154,-0.04406930660620041
7955,sub46,ling_word_target,155,0.03415719569586827
7956,sub46,ling_word_target,156,0.017085702401146388
7957,sub46,ling_word_target,157,0.02333970651035642
7958,sub46,ling_word_target,158,-0.02275151635232475
7959,sub46,ling_word_target,159,0.006056377121162379
7960,sub46,ling_word_target,160,-0.052316984001701594
7961,sub46,ling_word_target,161,-0.032230519683345414
7962,sub46,ling_word_target,162,0.03983388141967293
7963,sub46,ling_word_target,163,-0.06766345737514129
7964,sub46,ling_word_target,164,-0.05993992471702485
7965,sub46,ling_word_target,165,0.06813717911563417
7966,sub46,ling_word_target,166,-0.04203158291698403
7967,sub46,ling_word_target,167,-0.003660785156111218
7968,sub46,ling_word_target,168,-0.031765558161778513
7969,sub46,ling_word_target,169,-0.017123912748497498
7970,sub46,ling_word_target,170,-0.016824506388996272
7971,sub46,ling_word_target,171,-0.02417802019526607
7972,sub46,ling_word_target,172,0.06442077590235602
7973,sub46,ling_word_target,173,0.054798045363668536
7974,sub46,ling_word_target,174,0.011836591694595536
7975,sub46,ling_word_target,175,-0.04970760357402577
7976,sub46,ling_word_target,176,-0.00820282954039083
7977,sub46,ling_word_target,177,-0.0046989792628261496
7978,sub46,ling_word_target,178,0.09609395411241747
7979,sub46,ling_word_target,179,-0.044091401168132045
7980,sub46,ling_word_target,180,0.0030230974446876138
7981,sub46,ling_word_target,181,-0.009303834615346368
7982,sub46,ling_word_target,182,0.05792518145438828
7983,sub46,ling_word_target,183,-0.030964625956778596
7984,sub46,ling_word_target,184,0.005834890791569878
7985,sub46,ling_word_target,185,-0.009959043635788664
7986,sub46,ling_word_target,186,0.017826991682538068
7987,sub46,ling_word_target,187,-0.03291398553817222
7988,sub46,ling_word_target,188,-0.051803214146111526
7989,sub46,ling_word_target,189,-0.05255762887109524
7990,sub46,ling_word_target,190,-0.01615519728406962
7991,sub46,ling_word_target,191,-0.005455234015234429
7992,sub46,ling_word_target,192,0.020535886153861857
7993,sub46,ling_word_target,193,0.05659999514305063
7994,sub46,ling_word_target,194,-0.007426585081659031
7995,sub46,ling_word_target,195,0.060875179817011
7996,sub46,ling_word_target,196,-0.02319319437079269
7997,sub46,ling_word_target,197,0.05852071772511699
7998,sub46,ling_word_target,198,0.028476861221904116
7999,sub46,ling_word_target,199,-0.005511536729673938
8000,sub47,ling_word_target,0,0.0613582654081511
8001,sub47,ling_word_target,1,0.08495077216838182
8002,sub47,ling_word_target,2,0.01650523978779763
8003,sub47,ling_word_target,3,0.0460432582207888
8004,sub47,ling_word_target,4,-0.020392639212813746
8005,sub47,ling_word_target,5,-0.02906429326825343
8006,sub47,ling_word_target,6,0.08729920463170154
8007,sub47,ling_word_target,7,0.12103284960981261
8008,sub47,ling_word_target,8,-0.015069736499076926
8009,sub47,ling_word_target,9,0.0049647347628143
8010,sub47,ling_word_target,10,0.019900830905631158
8011,sub47,ling_word_target,11,-0.01162565230991004
8012,sub47,ling_word_target,12,-0.025112180818095062
8013,sub47,ling_word_target,13,-0.04746025972051696
8014,sub47,ling_word_target,14,-0.1540316156464285
8015,sub47,ling_word_target,15,-0.025353583916883676
8016,sub47,ling_word_target,16,-0.0755335266494337
8017,sub47,ling_word_target,17,0.07249869480251958
8018,sub47,ling_word_target,18,0.07495412978225782
8019,sub47,ling_word_target,19,-0.006915659576015991
8020,sub47,ling_word_target,20,-0.05116441802295176
8021,sub47,ling_word_target,21,0.002081157299191955
8022,sub47,ling_word_target,22,0.04842294774953914
8023,sub47,ling_word_target,23,0.032384351218385135
8024,sub47,ling_word_target,24,0.0111637601761413
8025,sub47,ling_word_target,25,0.01217636153355453
8026,sub47,ling_word_target,26,0.022460679213699663
8027,sub47,ling_word_target,27,0.019210452135000812
8028,sub47,ling_word_target,28,-0.027049690581401973
8029,sub47,ling_word_target,29,0.06611572615733459
8030,sub47,ling_word_target,30,0.0031265631260627407
8031,sub47,ling_word_target,31,0.03657683788653938
8032,sub47,ling_word_target,32,-0.058368605326754815
8033,sub47,ling_word_target,33,-0.1052824946703167
8034,sub47,ling_word_target,34,-0.0003694619859343457
8035,sub47,ling_word_target,35,-0.03435847190863622
8036,sub47,ling_word_target,36,0.02764086446955043
8037,sub47,ling_word_target,37,0.02370736774511032
8038,sub47,ling_word_target,38,0.04817658632835259
8039,sub47,ling_word_target,39,-0.015496576960562843
8040,sub47,ling_word_target,40,-0.0027249240034628794
8041,sub47,ling_word_target,41,0.06712178015749182
8042,sub47,ling_word_target,42,-0.02639791036255775
8043,sub47,ling_word_target,43,-0.045219295685091754
8044,sub47,ling_word_target,44,0.018017880911739295
8045,sub47,ling_word_target,45,-0.11311201549938504
8046,sub47,ling_word_target,46,0.05939111078622435
8047,sub47,ling_word_target,47,0.03867527624851307
8048,sub47,ling_word_target,48,-0.03561646460938286
8049,sub47,ling_word_target,49,0.03418260709891519
8050,sub47,ling_word_target,50,-0.0060692606314111785
8051,sub47,ling_word_target,51,0.029120284400398204
8052,sub47,ling_word_target,52,-0.03150737872840586
8053,sub47,ling_word_target,53,-0.15654348148587077
8054,sub47,ling_word_target,54,-0.03317889792677503
8055,sub47,ling_word_target,55,-0.006424431094690056
8056,sub47,ling_word_target,56,0.006915345172515702
8057,sub47,ling_word_target,57,0.014936764333000622
8058,sub47,ling_word_target,58,-0.0672077303645031
8059,sub47,ling_word_target,59,-0.0165240650093066
8060,sub47,ling_word_target,60,0.0030006650738115858
8061,sub47,ling_word_target,61,0.006220756393019817
8062,sub47,ling_word_target,62,0.023698765789140888
8063,sub47,ling_word_target,63,0.013164106602414584
8064,sub47,ling_word_target,64,0.10495308863630182
8065,sub47,ling_word_target,65,-0.041435176178307886
8066,sub47,ling_word_target,66,-0.02666770978446014
8067,sub47,ling_word_target,67,0.0008068874235873066
8068,sub47,ling_word_target,68,0.014912411956739632
8069,sub47,ling_word_target,69,-0.09870077106433979
8070,sub47,ling_word_target,70,-0.0776707935187727
8071,sub47,ling_word_target,71,-0.025368145773190555
8072,sub47,ling_word_target,72,0.014176684557940997
8073,sub47,ling_word_target,73,0.005238365388057038
8074,sub47,ling_word_target,74,0.07063308916808518
8075,sub47,ling_word_target,75,0.005351682029529527
8076,sub47,ling_word_target,76,-0.0602782284745994
8077,sub47,ling_word_target,77,0.014640276469496961
8078,sub47,ling_word_target,78,-0.0027872918441679924
8079,sub47,ling_word_target,79,0.03910276350750746
8080,sub47,ling_word_target,80,0.005243294792785611
8081,sub47,ling_word_target,81,-0.030897885761013544
8082,sub47,ling_word_target,82,-0.012235252616947858
8083,sub47,ling_word_target,83,-0.10644767162515904
8084,sub47,ling_word_target,84,-0.03269867917931601
8085,sub47,ling_word_target,85,-0.032276507647331976
8086,sub47,ling_word_target,86,0.053064916991647816
8087,sub47,ling_word_target,87,0.03408606349605518
8088,sub47,ling_word_target,88,0.025292048815692126
8089,sub47,ling_word_target,89,-0.03774622106779282
8090,sub47,ling_word_target,90,-0.05562081519959591
8091,sub47,ling_word_target,91,0.013199299041998418
8092,sub47,ling_word_target,92,0.0358400234396233
8093,sub47,ling_word_target,93,0.09929896816385496
8094,sub47,ling_word_target,94,0.05104732710680808
8095,sub47,ling_word_target,95,0.01346826557774342
8096,sub47,ling_word_target,96,0.04297962444488597
8097,sub47,ling_word_target,97,0.05332866141572719
8098,sub47,ling_word_target,98,0.009413892312897292
8099,sub47,ling_word_target,99,-0.0347098623093092
8100,sub47,ling_word_target,100,-0.0015694349293460643
8101,sub47,ling_word_target,101,-0.07614676298344726
8102,sub47,ling_word_target,102,0.019268541958425006
8103,sub47,ling_word_target,103,0.005450321717807175
8104,sub47,ling_word_target,104,0.03221935069526406
8105,sub47,ling_word_target,105,-0.010411822388718475
8106,sub47,ling_word_target,106,-0.0908987034562777
8107,sub47,ling_word_target,107,-0.059032235748798574
8108,sub47,ling_word_target,108,-0.03166525647413423
8109,sub47,ling_word_target,109,-0.04864636609293196
8110,sub47,ling_word_target,110,0.031146851727836364
8111,sub47,ling_word_target,111,-0.044623517968708615
8112,sub47,ling_word_target,112,-0.05538770019316746
8113,sub47,ling_word_target,113,-0.10942134566121534
8114,sub47,ling_word_target,114,0.014237577471321504
8115,sub47,ling_word_target,115,-0.0185391782843983
8116,sub47,ling_word_target,116,0.1062894294307392
8117,sub47,ling_word_target,117,0.008528361076072813
8118,sub47,ling_word_target,118,0.05673912638225874
8119,sub47,ling_word_target,119,0.026367806527055802
8120,sub47,ling_word_target,120,0.020944062787961907
8121,sub47,ling_word_target,121,0.08563485659297619
8122,sub47,ling_word_target,122,0.10138265790224496
8123,sub47,ling_word_target,123,-0.007675488352240294
8124,sub47,ling_word_target,124,0.009877241310748283
8125,sub47,ling_word_target,125,-0.02102219918083432
8126,sub47,ling_word_target,126,-0.05895859454184613
8127,sub47,ling_word_target,127,-0.008781580042410895
8128,sub47,ling_word_target,128,0.04868579130603182
8129,sub47,ling_word_target,129,0.018015480067971244
8130,sub47,ling_word_target,130,-0.055214831298714906
8131,sub47,ling_word_target,131,-0.01515596147417471
8132,sub47,ling_word_target,132,0.07468701019796779
8133,sub47,ling_word_target,133,-0.039896011377305515
8134,sub47,ling_word_target,134,-0.037992524786798244
8135,sub47,ling_word_target,135,0.04297493310909622
8136,sub47,ling_word_target,136,-0.028578353605969886
8137,sub47,ling_word_target,137,-0.04242866776005556
8138,sub47,ling_word_target,138,0.051017239580465466
8139,sub47,ling_word_target,139,-0.011915739898823169
8140,sub47,ling_word_target,140,-0.10123400648683135
8141,sub47,ling_word_target,141,0.0041893490105065385
8142,sub47,ling_word_target,142,-0.004587218322994077
8143,sub47,ling_word_target,143,-0.03249683726208608
8144,sub47,ling_word_target,144,0.0029552680523567756
8145,sub47,ling_word_target,145,-0.07700625053029928
8146,sub47,ling_word_target,146,-0.03241936334726953
8147,sub47,ling_word_target,147,-0.02692906907558587
8148,sub47,ling_word_target,148,0.05385929413808717
8149,sub47,ling_word_target,149,0.10149008223969817
8150,sub47,ling_word_target,150,0.06072836467941622
8151,sub47,ling_word_target,151,0.03828297440996933
8152,sub47,ling_word_target,152,0.1217915855000504
8153,sub47,ling_word_target,153,-0.06315008568837886
8154,sub47,ling_word_target,154,0.011592721764662372
8155,sub47,ling_word_target,155,0.001470311812823884
8156,sub47,ling_word_target,156,-0.039709618444892396
8157,sub47,ling_word_target,157,0.07518834926749318
8158,sub47,ling_word_target,158,0.0665903150590487
8159,sub47,ling_word_target,159,-0.0471903184924875
8160,sub47,ling_word_target,160,0.018921764592153067
8161,sub47,ling_word_target,161,0.0644820943358847
8162,sub47,ling_word_target,162,0.18304314941941657
8163,sub47,ling_word_target,163,-0.04323139187860766
8164,sub47,ling_word_target,164,0.030148132454436878
8165,sub47,ling_word_target,165,0.014930832504713712
8166,sub47,ling_word_target,166,0.05587631339458463
8167,sub47,ling_word_target,167,0.017659112492368786
8168,sub47,ling_word_target,168,0.024528035307798617
8169,sub47,ling_word_target,169,0.11274092137395486
8170,sub47,ling_word_target,170,-0.09298533627202069
8171,sub47,ling_word_target,171,0.08584787962902025
8172,sub47,ling_word_target,172,0.11488111628382183
8173,sub47,ling_word_target,173,0.032548627731194754
8174,sub47,ling_word_target,174,-0.004206861094810255
8175,sub47,ling_word_target,175,0.00424932628943947
8176,sub47,ling_word_target,176,0.025626106509315714
8177,sub47,ling_word_target,177,-0.07133257536685501
8178,sub47,ling_word_target,178,0.08093237633213461
8179,sub47,ling_word_target,179,-0.007467560831492376
8180,sub47,ling_word_target,180,-0.03749149841465229
8181,sub47,ling_word_target,181,0.06594756153030021
8182,sub47,ling_word_target,182,-0.06307848332524263
8183,sub47,ling_word_target,183,-0.0778999890470835
8184,sub47,ling_word_target,184,-0.06737257853497795
8185,sub47,ling_word_target,185,-0.07884708610568204
8186,sub47,ling_word_target,186,-0.0015818691398567755
8187,sub47,ling_word_target,187,0.008711365947055693
8188,sub47,ling_word_target,188,-0.023007304569172465
8189,sub47,ling_word_target,189,0.055385663178464765
8190,sub47,ling_word_target,190,-0.05476567964557024
8191,sub47,ling_word_target,191,0.06646903464708659
8192,sub47,ling_word_target,192,-0.038280742207320965
8193,sub47,ling_word_target,193,-0.008053657207782823
8194,sub47,ling_word_target,194,-0.010578512654763176
8195,sub47,ling_word_target,195,-0.004527145115413479
8196,sub47,ling_word_target,196,0.0951840075308258
8197,sub47,ling_word_target,197,0.01007430054985267
8198,sub47,ling_word_target,198,-0.0003690804743684664
8199,sub47,ling_word_target,199,0.06500788567924096
8200,sub48,ling_word_target,0,-0.04199310868975203
8201,sub48,ling_word_target,1,0.01768567055640403
8202,sub48,ling_word_target,2,-0.04306697606852784
8203,sub48,ling_word_target,3,-0.043966110043261036
8204,sub48,ling_word_target,4,-0.040780387171896186
8205,sub48,ling_word_target,5,-0.020232048704695273
8206,sub48,ling_word_target,6,-0.04976705844411089
8207,sub48,ling_word_target,7,0.03192748037893447
8208,sub48,ling_word_target,8,-0.08043593954646357
8209,sub48,ling_word_target,9,0.03183105149737733
8210,sub48,ling_word_target,10,-0.025220492571317886
8211,sub48,ling_word_target,11,0.018990309794952948
8212,sub48,ling_word_target,12,0.0007572328750037196
8213,sub48,ling_word_target,13,0.019080598495059487
8214,sub48,ling_word_target,14,0.011539736844692167
8215,sub48,ling_word_target,15,0.04553572715484767
8216,sub48,ling_word_target,16,-0.013469451807604081
8217,sub48,ling_word_target,17,0.036069430496337616
8218,sub48,ling_word_target,18,-0.05545058517390105
8219,sub48,ling_word_target,19,-0.035999737399274784
8220,sub48,ling_word_target,20,-0.0014217684553268376
8221,sub48,ling_word_target,21,0.007315786450727755
8222,sub48,ling_word_target,22,0.02741105610483214
8223,sub48,ling_word_target,23,-0.011219275952950422
8224,sub48,ling_word_target,24,-0.020603456064142323
8225,sub48,ling_word_target,25,0.03728393983173499
8226,sub48,ling_word_target,26,-0.02323992863944839
8227,sub48,ling_word_target,27,-0.035514774795038485
8228,sub48,ling_word_target,28,0.026011570583713492
8229,sub48,ling_word_target,29,0.034832051604659554
8230,sub48,ling_word_target,30,0.036855903791817475
8231,sub48,ling_word_target,31,0.0257566793746557
8232,sub48,ling_word_target,32,-0.023429879290558005
8233,sub48,ling_word_target,33,-0.004269625605782213
8234,sub48,ling_word_target,34,0.09387418413095432
8235,sub48,ling_word_target,35,0.04476069666569989
8236,sub48,ling_word_target,36,-0.07092165603812665
8237,sub48,ling_word_target,37,0.04300217627480263
8238,sub48,ling_word_target,38,-0.036826449737033036
8239,sub48,ling_word_target,39,0.030695882152155407
8240,sub48,ling_word_target,40,0.0877220015302578
8241,sub48,ling_word_target,41,0.05236457006635101
8242,sub48,ling_word_target,42,0.03469128377646309
8243,sub48,ling_word_target,43,-0.004979402268687247
8244,sub48,ling_word_target,44,-0.016838241264609605
8245,sub48,ling_word_target,45,0.04143223380497445
8246,sub48,ling_word_target,46,-0.04125972622997513
8247,sub48,ling_word_target,47,0.06318622789630868
8248,sub48,ling_word_target,48,-0.07148299266499472
8249,sub48,ling_word_target,49,0.07772511444614248
8250,sub48,ling_word_target,50,-0.05131540762832057
8251,sub48,ling_word_target,51,-0.03331470944510508
8252,sub48,ling_word_target,52,-0.037573172441842675
8253,sub48,ling_word_target,53,-0.0926407920488339
8254,sub48,ling_word_target,54,-0.01534031560981252
8255,sub48,ling_word_target,55,-0.029726380825020625
8256,sub48,ling_word_target,56,-0.026512319452008642
8257,sub48,ling_word_target,57,0.004372238745478478
8258,sub48,ling_word_target,58,0.0626136126586858
8259,sub48,ling_word_target,59,-0.003912910912634549
8260,sub48,ling_word_target,60,-0.06602041888296745
8261,sub48,ling_word_target,61,-0.02777544245878017
8262,sub48,ling_word_target,62,-0.007210035228023341
8263,sub48,ling_word_target,63,-0.04762122440858542
8264,sub48,ling_word_target,64,-0.005463248784289574
8265,sub48,ling_word_target,65,-0.028902350399727276
8266,sub48,ling_word_target,66,0.11650061511538895
8267,sub48,ling_word_target,67,-0.006452378813164306
8268,sub48,ling_word_target,68,0.04060846832400169
8269,sub48,ling_word_target,69,-0.03501359782756402
8270,sub48,ling_word_target,70,-0.024527687580694773
8271,sub48,ling_word_target,71,0.00849233943178164
8272,sub48,ling_word_target,72,0.06327752929097619
8273,sub48,ling_word_target,73,-0.038066126653087465
8274,sub48,ling_word_target,74,0.023142013036899212
8275,sub48,ling_word_target,75,0.011231769132682501
8276,sub48,ling_word_target,76,-0.021327822293117926
8277,sub48,ling_word_target,77,-0.03559487352684981
8278,sub48,ling_word_target,78,0.07048497891946114
8279,sub48,ling_word_target,79,-0.03036530387077005
8280,sub48,ling_word_target,80,-0.009185830155397754
8281,sub48,ling_word_target,81,-0.0027802050441717704
8282,sub48,ling_word_target,82,-0.002046369540278574
8283,sub48,ling_word_target,83,-0.047580304863983215
8284,sub48,ling_word_target,84,0.02242305833145511
8285,sub48,ling_word_target,85,-0.004512849248092826
8286,sub48,ling_word_target,86,-0.009526879996224407
8287,sub48,ling_word_target,87,-0.018402492248347762
8288,sub48,ling_word_target,88,-0.013463145118177467
8289,sub48,ling_word_target,89,0.015799508465629487
8290,sub48,ling_word_target,90,-0.07821015845257161
8291,sub48,ling_word_target,91,0.023077786704942392
8292,sub48,ling_word_target,92,0.027409547513328046
8293,sub48,ling_word_target,93,0.02983665563952693
8294,sub48,ling_word_target,94,-0.04290828259709763
8295,sub48,ling_word_target,95,0.007200156602534393
8296,sub48,ling_word_target,96,0.006471810501279246
8297,sub48,ling_word_target,97,0.004588927664918189
8298,sub48,ling_word_target,98,0.034920255863157966
8299,sub48,ling_word_target,99,0.009058157505904234
8300,sub48,ling_word_target,100,-0.033681673587178704
8301,sub48,ling_word_target,101,0.005335663071683136
8302,sub48,ling_word_target,102,0.011346018808098844
8303,sub48,ling_word_target,103,0.026577098658670795
8304,sub48,ling_word_target,104,-0.01988166582713596
8305,sub48,ling_word_target,105,0.01828522753814738
8306,sub48,ling_word_target,106,0.12750480078896245
8307,sub48,ling_word_target,107,-0.06270665423627551
8308,sub48,ling_word_target,108,0.014963344300354047
8309,sub48,ling_word_target,109,0.03222323838040654
8310,sub48,ling_word_target,110,-0.04783167822411596
8311,sub48,ling_word_target,111,-0.10623547383137943
8312,sub48,ling_word_target,112,-0.08780952524390283
8313,sub48,ling_word_target,113,-0.0005601937472264587
8314,sub48,ling_word_target,114,0.010487853466769868
8315,sub48,ling_word_target,115,0.04894820197059639
8316,sub48,ling_word_target,116,-0.08770398042533736
8317,sub48,ling_word_target,117,-0.08332668729094075
8318,sub48,ling_word_target,118,-0.02702828836644378
8319,sub48,ling_word_target,119,0.007250063623243136
8320,sub48,ling_word_target,120,0.026107132706591717
8321,sub48,ling_word_target,121,-0.012461736585779907
8322,sub48,ling_word_target,122,-0.057425569780100716
8323,sub48,ling_word_target,123,0.0005023252430743395
8324,sub48,ling_word_target,124,0.04931882372916017
8325,sub48,ling_word_target,125,0.0035120141219720817
8326,sub48,ling_word_target,126,-0.009935516560211414
8327,sub48,ling_word_target,127,0.015308758021575681
8328,sub48,ling_word_target,128,0.014571543384981121
8329,sub48,ling_word_target,129,-0.03180167311152565
8330,sub48,ling_word_target,130,0.029046013183320764
8331,sub48,ling_word_target,131,0.006614862631515616
8332,sub48,ling_word_target,132,0.07151570332563027
8333,sub48,ling_word_target,133,0.12463070258063783
8334,sub48,ling_word_target,134,-0.12572417768387725
8335,sub48,ling_word_target,135,0.040316851775433656
8336,sub48,ling_word_target,136,-0.023389287521116825
8337,sub48,ling_word_target,137,-0.05143136787459466
8338,sub48,ling_word_target,138,0.010488428702495453
8339,sub48,ling_word_target,139,0.01188101470343339
8340,sub48,ling_word_target,140,0.015685484903041197
8341,sub48,ling_word_target,141,-0.04384624590175392
8342,sub48,ling_word_target,142,-0.00616869235218906
8343,sub48,ling_word_target,143,-0.023272257645020927
8344,sub48,ling_word_target,144,0.0487286987978498
8345,sub48,ling_word_target,145,-0.024914727616977345
8346,sub48,ling_word_target,146,-0.03521591725853186
8347,sub48,ling_word_target,147,-0.03026508058061537
8348,sub48,ling_word_target,148,0.008182301507844622
8349,sub48,ling_word_target,149,0.0046715642789136
8350,sub48,ling_word_target,150,-0.01435628652202491
8351,sub48,ling_word_target,151,-0.041057058314677985
8352,sub48,ling_word_target,152,-0.0283270896657365
8353,sub48,ling_word_target,153,0.03755384943014472
8354,sub48,ling_word_target,154,0.031509923510385514
8355,sub48,ling_word_target,155,0.05436202204048909
8356,sub48,ling_word_target,156,-0.00940991152033702
8357,sub48,ling_word_target,157,0.04906142564943154
8358,sub48,ling_word_target,158,0.01666934091648683
8359,sub48,ling_word_target,159,0.01235294416058199
8360,sub48,ling_word_target,160,-0.028973489264029286
8361,sub48,ling_word_target,161,0.05769847125061116
8362,sub48,ling_word_target,162,-0.0019850779878585016
8363,sub48,ling_word_target,163,-0.023543141053637407
8364,sub48,ling_word_target,164,-0.0004044178705556961
8365,sub48,ling_word_target,165,-0.03192231764136204
8366,sub48,ling_word_target,166,0.003742831288453396
8367,sub48,ling_word_target,167,0.046540651599347733
8368,sub48,ling_word_target,168,-0.009485901868063449
8369,sub48,ling_word_target,169,-0.018226694323458106
8370,sub48,ling_word_target,170,-0.05423825915435624
8371,sub48,ling_word_target,171,0.008944875105213983
8372,sub48,ling_word_target,172,-0.013479096181078263
8373,sub48,ling_word_target,173,-0.029815679831438208
8374,sub48,ling_word_target,174,-0.11236918307832745
8375,sub48,ling_word_target,175,-0.04126327972517339
8376,sub48,ling_word_target,176,0.02074550318094453
8377,sub48,ling_word_target,177,-0.026628437846958713
8378,sub48,ling_word_target,178,0.018020176788225588
8379,sub48,ling_word_target,179,0.04173021179348664
8380,sub48,ling_word_target,180,0.05040084845010362
8381,sub48,ling_word_target,181,0.0006372741775128482
8382,sub48,ling_word_target,182,0.032629028917182355
8383,sub48,ling_word_target,183,0.02256155458540553
8384,sub48,ling_word_target,184,0.00404080150706184
8385,sub48,ling_word_target,185,0.012715561291016116
8386,sub48,ling_word_target,186,0.0009395679893195967
8387,sub48,ling_word_target,187,0.028822203104671
8388,sub48,ling_word_target,188,-0.017620428286355627
8389,sub48,ling_word_target,189,0.02481746520379661
8390,sub48,ling_word_target,190,-0.09548608882646702
8391,sub48,ling_word_target,191,0.038661721457912065
8392,sub48,ling_word_target,192,-0.016625605813519673
8393,sub48,ling_word_target,193,-0.051562896307533156
8394,sub48,ling_word_target,194,0.12077901318749125
8395,sub48,ling_word_target,195,0.04449283000075566
8396,sub48,ling_word_target,196,-0.01386114811564344
8397,sub48,ling_word_target,197,-0.12393849763702385
8398,sub48,ling_word_target,198,0.007925121129058356
8399,sub48,ling_word_target,199,0.02156484957011137
8400,sub49,ling_word_target,0,-0.026721606153383995
8401,sub49,ling_word_target,1,-0.07357743358394875
8402,sub49,ling_word_target,2,0.028056925634103877
8403,sub49,ling_word_target,3,0.07531568510439642
8404,sub49,ling_word_target,4,0.00646410790874225
8405,sub49,ling_word_target,5,-0.053134173230025866
8406,sub49,ling_word_target,6,0.034347109425354586
8407,sub49,ling_word_target,7,0.009256216145538449
8408,sub49,ling_word_target,8,0.06668005328754051
8409,sub49,ling_word_target,9,-0.014301757767204782
8410,sub49,ling_word_target,10,-0.0031994095507816753
8411,sub49,ling_word_target,11,0.024691746898664685
8412,sub49,ling_word_target,12,-0.009786839001926553
8413,sub49,ling_word_target,13,0.0427808491832944
8414,sub49,ling_word_target,14,-0.04311828733869369
8415,sub49,ling_word_target,15,-0.017619214017122353
8416,sub49,ling_word_target,16,-0.03041142734581296
8417,sub49,ling_word_target,17,-0.04999383056260363
8418,sub49,ling_word_target,18,0.07328842280740673
8419,sub49,ling_word_target,19,-0.05402263390841889
8420,sub49,ling_word_target,20,-0.020221972942065215
8421,sub49,ling_word_target,21,-0.07068040147756975
8422,sub49,ling_word_target,22,-0.05411675236838507
8423,sub49,ling_word_target,23,-0.0710539625704193
8424,sub49,ling_word_target,24,0.0190881055578058
8425,sub49,ling_word_target,25,-0.01613735209978677
8426,sub49,ling_word_target,26,0.004617780504336106
8427,sub49,ling_word_target,27,-0.038595715245001244
8428,sub49,ling_word_target,28,0.02599583420558472
8429,sub49,ling_word_target,29,-0.004551853802322227
8430,sub49,ling_word_target,30,-0.05411801755891846
8431,sub49,ling_word_target,31,-0.006459311117673058
8432,sub49,ling_word_target,32,-0.04754570894111822
8433,sub49,ling_word_target,33,-0.04887457646010002
8434,sub49,ling_word_target,34,-0.0033476181046492395
8435,sub49,ling_word_target,35,0.03283028114023265
8436,sub49,ling_word_target,36,0.05668685275943504
8437,sub49,ling_word_target,37,0.0008360533226661721
8438,sub49,ling_word_target,38,0.019705855862518405
8439,sub49,ling_word_target,39,0.0386791979146734
8440,sub49,ling_word_target,40,-0.13934752714764384
8441,sub49,ling_word_target,41,0.015542089142135658
8442,sub49,ling_word_target,42,0.008904686320796603
8443,sub49,ling_word_target,43,-0.023970321455842224
8444,sub49,ling_word_target,44,-0.0031136413783952807
8445,sub49,ling_word_target,45,0.06094646143051235
8446,sub49,ling_word_target,46,0.003315579032312682
8447,sub49,ling_word_target,47,0.005949053189920611
8448,sub49,ling_word_target,48,0.041236352465209646
8449,sub49,ling_word_target,49,0.002749790697276728
8450,sub49,ling_word_target,50,-0.005672519716289849
8451,sub49,ling_word_target,51,-0.033515231630755746
8452,sub49,ling_word_target,52,0.0354630752258518
8453,sub49,ling_word_target,53,-0.009224585725603744
8454,sub49,ling_word_target,54,0.036495767601033804
8455,sub49,ling_word_target,55,0.009159190608789301
8456,sub49,ling_word_target,56,0.037678937752568975
8457,sub49,ling_word_target,57,-0.024050172063155063
8458,sub49,ling_word_target,58,0.048580953608856295
8459,sub49,ling_word_target,59,0.056384087564517994
8460,sub49,ling_word_target,60,0.005453514913586477
8461,sub49,ling_word_target,61,0.10035535927408103
8462,sub49,ling_word_target,62,-0.046423731230424446
8463,sub49,ling_word_target,63,0.04171564083991329
8464,sub49,ling_word_target,64,0.04713497000888935
8465,sub49,ling_word_target,65,0.006396647930099639
8466,sub49,ling_word_target,66,0.008846255636474166
8467,sub49,ling_word_target,67,0.0030878271432294184
8468,sub49,ling_word_target,68,0.02695236444209175
8469,sub49,ling_word_target,69,0.021392136352172474
8470,sub49,ling_word_target,70,0.01156153613257737
8471,sub49,ling_word_target,71,0.02522648332567824
8472,sub49,ling_word_target,72,0.043501130343370775
8473,sub49,ling_word_target,73,-0.00688641294950812
8474,sub49,ling_word_target,74,0.028768786865877298
8475,sub49,ling_word_target,75,0.0955565366109431
8476,sub49,ling_word_target,76,0.16813784551416786
8477,sub49,ling_word_target,77,-0.004823053340812267
8478,sub49,ling_word_target,78,-0.07135702289155715
8479,sub49,ling_word_target,79,-0.01053322193389832
8480,sub49,ling_word_target,80,0.0014735706732595436
8481,sub49,ling_word_target,81,-0.06018145080855955
8482,sub49,ling_word_target,82,-0.027587542110477484
8483,sub49,ling_word_target,83,-0.07307315910560207
8484,sub49,ling_word_target,84,-0.06265260927993256
8485,sub49,ling_word_target,85,-0.002136851344272189
8486,sub49,ling_word_target,86,0.0018580888229646957
8487,sub49,ling_word_target,87,-0.0005518960324297917
8488,sub49,ling_word_target,88,-0.04983242460326243
8489,sub49,ling_word_target,89,0.05663422694268501
8490,sub49,ling_word_target,90,-0.0006171692754290184
8491,sub49,ling_word_target,91,0.05120912912995686
8492,sub49,ling_word_target,92,0.033912798358768266
8493,sub49,ling_word_target,93,0.021242251367252062
8494,sub49,ling_word_target,94,0.05650919680657409
8495,sub49,ling_word_target,95,0.01743212140597336
8496,sub49,ling_word_target,96,0.019345405450918018
8497,sub49,ling_word_target,97,0.018309934854343343
8498,sub49,ling_word_target,98,0.0988394198992847
8499,sub49,ling_word_target,99,0.008800921645873424
8500,sub49,ling_word_target,100,-0.031505200234610536
8501,sub49,ling_word_target,101,0.03134686224438858
8502,sub49,ling_word_target,102,-0.0523575765449887
8503,sub49,ling_word_target,103,-0.07566516601825615
8504,sub49,ling_word_target,104,-0.03685136688274821
8505,sub49,ling_word_target,105,0.0472709458273308
8506,sub49,ling_word_target,106,0.016900352522990953
8507,sub49,ling_word_target,107,-0.015041967376008929
8508,sub49,ling_word_target,108,-0.018420314690747928
8509,sub49,ling_word_target,109,-0.041869713313154734
8510,sub49,ling_word_target,110,0.04374009634443021
8511,sub49,ling_word_target,111,0.0016596899807848787
8512,sub49,ling_word_target,112,-0.04515207453674232
8513,sub49,ling_word_target,113,-0.05749553786455777
8514,sub49,ling_word_target,114,0.052600855569688604
8515,sub49,ling_word_target,115,0.08934102644263321
8516,sub49,ling_word_target,116,-0.025672943024139163
8517,sub49,ling_word_target,117,0.03197110970124614
8518,sub49,ling_word_target,118,0.10138451619832742
8519,sub49,ling_word_target,119,-0.0518777937064049
8520,sub49,ling_word_target,120,-0.01866703474938652
8521,sub49,ling_word_target,121,0.017702164053912083
8522,sub49,ling_word_target,122,0.002188138418639034
8523,sub49,ling_word_target,123,-0.028294752537839807
8524,sub49,ling_word_target,124,0.011958431016676778
8525,sub49,ling_word_target,125,-0.04081594373223599
8526,sub49,ling_word_target,126,0.026617451287218614
8527,sub49,ling_word_target,127,0.042955500694234955
8528,sub49,ling_word_target,128,0.013702949327281054
8529,sub49,ling_word_target,129,0.03339117135418607
8530,sub49,ling_word_target,130,0.039273612826074764
8531,sub49,ling_word_target,131,-0.011025238083369901
8532,sub49,ling_word_target,132,-0.03937602316440353
8533,sub49,ling_word_target,133,-0.03408141816822574
8534,sub49,ling_word_target,134,-0.022006932160065933
8535,sub49,ling_word_target,135,-0.046532955038939165
8536,sub49,ling_word_target,136,0.05565836915195663
8537,sub49,ling_word_target,137,0.021330996160894764
8538,sub49,ling_word_target,138,-0.10383434721238124
8539,sub49,ling_word_target,139,-0.07099789305788846
8540,sub49,ling_word_target,140,0.055814727019207575
8541,sub49,ling_word_target,141,0.05464648376596017
8542,sub49,ling_word_target,142,0.009104520923089327
8543,sub49,ling_word_target,143,0.036763078938110726
8544,sub49,ling_word_target,144,-0.06076298081393804
8545,sub49,ling_word_target,145,0.008837224464759225
8546,sub49,ling_word_target,146,0.01059665488343312
8547,sub49,ling_word_target,147,-0.0006972530406932067
8548,sub49,ling_word_target,148,-0.0035195294683255805
8549,sub49,ling_word_target,149,-0.009233334277434328
8550,sub49,ling_word_target,150,-0.004472981583944551
8551,sub49,ling_word_target,151,-0.01479712831454398
8552,sub49,ling_word_target,152,-0.027760901789147637
8553,sub49,ling_word_target,153,0.0028155065962877463
8554,sub49,ling_word_target,154,0.026750580248224704
8555,sub49,ling_word_target,155,0.06394446441985556
8556,sub49,ling_word_target,156,0.02101008740997641
8557,sub49,ling_word_target,157,0.025883566851367876
8558,sub49,ling_word_target,158,-0.05982848094646858
8559,sub49,ling_word_target,159,-5.2650009122709016e-05
8560,sub49,ling_word_target,160,-0.006285626283383677
8561,sub49,ling_word_target,161,-0.029267136810260493
8562,sub49,ling_word_target,162,-0.011128884831497664
8563,sub49,ling_word_target,163,0.07282644121452242
8564,sub49,ling_word_target,164,-0.011285647622104863
8565,sub49,ling_word_target,165,0.041936105163924
8566,sub49,ling_word_target,166,-0.03837349935460363
8567,sub49,ling_word_target,167,0.06679139764479389
8568,sub49,ling_word_target,168,0.02124329158009443
8569,sub49,ling_word_target,169,-0.03745583572992122
8570,sub49,ling_word_target,170,0.04673712096768883
8571,sub49,ling_word_target,171,0.026318456827968493
8572,sub49,ling_word_target,172,-0.021267375948592446
8573,sub49,ling_word_target,173,0.014972147935221032
8574,sub49,ling_word_target,174,0.00864934366108146
8575,sub49,ling_word_target,175,0.040469097790565164
8576,sub49,ling_word_target,176,-0.009019344272678342
8577,sub49,ling_word_target,177,-0.10648776480317915
8578,sub49,ling_word_target,178,-0.000658010110224027
8579,sub49,ling_word_target,179,0.06166733301775244
8580,sub49,ling_word_target,180,0.0005965066477754139
8581,sub49,ling_word_target,181,-0.021308985388242534
8582,sub49,ling_word_target,182,0.09029074434058906
8583,sub49,ling_word_target,183,-0.022849607831193955
8584,sub49,ling_word_target,184,-0.02533567025299039
8585,sub49,ling_word_target,185,0.043933878763091606
8586,sub49,ling_word_target,186,-0.02363993209958999
8587,sub49,ling_word_target,187,0.06286768044665314
8588,sub49,ling_word_target,188,0.04520083371487814
8589,sub49,ling_word_target,189,0.069293172957193
8590,sub49,ling_word_target,190,0.0772011195893004
8591,sub49,ling_word_target,191,-0.03611922315807749
8592,sub49,ling_word_target,192,0.07610146681699932
8593,sub49,ling_word_target,193,-0.0035068630523814493
8594,sub49,ling_word_target,194,0.04664603853424947
8595,sub49,ling_word_target,195,0.058103193119195616
8596,sub49,ling_word_target,196,0.05137935757419488
8597,sub49,ling_word_target,197,0.060046209631006625
8598,sub49,ling_word_target,198,0.01678649715429042
8599,sub49,ling_word_target,199,0.022709458150503233
8600,sub50,ling_word_target,0,0.003919821295368801
8601,sub50,ling_word_target,1,-0.003824537943268189
8602,sub50,ling_word_target,2,0.0008431979644897894
8603,sub50,ling_word_target,3,0.09844736277459791
8604,sub50,ling_word_target,4,-0.03111541536572907
8605,sub50,ling_word_target,5,-0.011593899014639437
8606,sub50,ling_word_target,6,0.05962305323620505
8607,sub50,ling_word_target,7,0.030807957445767174
8608,sub50,ling_word_target,8,0.032939850049658104
8609,sub50,ling_word_target,9,0.029166116090289827
8610,sub50,ling_word_target,10,0.04886580148936805
8611,sub50,ling_word_target,11,-0.019610778976592108
8612,sub50,ling_word_target,12,0.01090607533726596
8613,sub50,ling_word_target,13,-0.00346523605735409
8614,sub50,ling_word_target,14,-0.07110304032205948
8615,sub50,ling_word_target,15,0.058828270718350575
8616,sub50,ling_word_target,16,-0.001031084588218568
8617,sub50,ling_word_target,17,-0.008024768032163093
8618,sub50,ling_word_target,18,-0.045453193852094814
8619,sub50,ling_word_target,19,-0.015328497682627363
8620,sub50,ling_word_target,20,-0.04079053159727183
8621,sub50,ling_word_target,21,0.056801664607099046
8622,sub50,ling_word_target,22,-0.008363106522624493
8623,sub50,ling_word_target,23,0.004480796231531519
8624,sub50,ling_word_target,24,-0.03265319735743884
8625,sub50,ling_word_target,25,0.07686686208776869
8626,sub50,ling_word_target,26,-0.011004730556755044
8627,sub50,ling_word_target,27,0.015935480646485603
8628,sub50,ling_word_target,28,0.020751473334100132
8629,sub50,ling_word_target,29,-0.05821278914229108
8630,sub50,ling_word_target,30,0.03598796475147379
8631,sub50,ling_word_target,31,-0.08867850587657305
8632,sub50,ling_word_target,32,0.08102881199958814
8633,sub50,ling_word_target,33,0.059040943565491694
8634,sub50,ling_word_target,34,-0.013485037375797006
8635,sub50,ling_word_target,35,0.012563676427981658
8636,sub50,ling_word_target,36,0.016735671881402295
8637,sub50,ling_word_target,37,-0.05124609425470807
8638,sub50,ling_word_target,38,0.0546037414415349
8639,sub50,ling_word_target,39,0.016414882003281294
8640,sub50,ling_word_target,40,0.047150432058012615
8641,sub50,ling_word_target,41,-0.05704769529666042
8642,sub50,ling_word_target,42,0.06688665726448398
8643,sub50,ling_word_target,43,0.07528264746738705
8644,sub50,ling_word_target,44,0.06652004277004428
8645,sub50,ling_word_target,45,-0.009585754207108691
8646,sub50,ling_word_target,46,0.06853020765265092
8647,sub50,ling_word_target,47,0.03815844962516535
8648,sub50,ling_word_target,48,-0.014247006673133882
8649,sub50,ling_word_target,49,-0.009521943929157268
8650,sub50,ling_word_target,50,-0.01317715309477673
8651,sub50,ling_word_target,51,-0.034453595912085085
8652,sub50,ling_word_target,52,0.017016132188083684
8653,sub50,ling_word_target,53,-0.020569357802169643
8654,sub50,ling_word_target,54,-0.050879038099791225
8655,sub50,ling_word_target,55,-0.03489279721503346
8656,sub50,ling_word_target,56,0.0711592694598375
8657,sub50,ling_word_target,57,0.018785449835972735
8658,sub50,ling_word_target,58,0.054706153372769795
8659,sub50,ling_word_target,59,-0.10387432881073741
8660,sub50,ling_word_target,60,0.024436455048174148
8661,sub50,ling_word_target,61,-0.053985542259397376
8662,sub50,ling_word_target,62,-0.12685389518014212
8663,sub50,ling_word_target,63,0.011386378983341616
8664,sub50,ling_word_target,64,-0.027240391904007406
8665,sub50,ling_word_target,65,-0.04342003352615118
8666,sub50,ling_word_target,66,-0.008941433408691364
8667,sub50,ling_word_target,67,-0.06433313073912694
8668,sub50,ling_word_target,68,0.01833889966734869
8669,sub50,ling_word_target,69,0.01387660256094235
8670,sub50,ling_word_target,70,0.08465610980444385
8671,sub50,ling_word_target,71,0.013967240419819065
8672,sub50,ling_word_target,72,0.03898301173603864
8673,sub50,ling_word_target,73,0.0069414125501366004
8674,sub50,ling_word_target,74,0.020630584006284564
8675,sub50,ling_word_target,75,0.033419712069187466
8676,sub50,ling_word_target,76,-0.03865844913680523
8677,sub50,ling_word_target,77,-0.050387844264171075
8678,sub50,ling_word_target,78,0.010545182407384055
8679,sub50,ling_word_target,79,-0.03718347919358705
8680,sub50,ling_word_target,80,-0.0644963503246181
8681,sub50,ling_word_target,81,0.023168560973571048
8682,sub50,ling_word_target,82,0.005452242002203634
8683,sub50,ling_word_target,83,0.013588284418080422
8684,sub50,ling_word_target,84,-0.01652358537373744
8685,sub50,ling_word_target,85,0.00895801469304679
8686,sub50,ling_word_target,86,0.02427900770419815
8687,sub50,ling_word_target,87,-0.02147498102676147
8688,sub50,ling_word_target,88,-0.004510054160865133
8689,sub50,ling_word_target,89,0.014328190867448668
8690,sub50,ling_word_target,90,0.12679207641627901
8691,sub50,ling_word_target,91,0.06279012302439589
8692,sub50,ling_word_target,92,-0.019887064164122135
8693,sub50,ling_word_target,93,0.011135217461366139
8694,sub50,ling_word_target,94,-0.1561014289470038
8695,sub50,ling_word_target,95,0.0009891896535512664
8696,sub50,ling_word_target,96,-0.019239808158061783
8697,sub50,ling_word_target,97,0.06470433276262423
8698,sub50,ling_word_target,98,-0.007684170805263915
8699,sub50,ling_word_target,99,-0.0002677393595721876
8700,sub50,ling_word_target,100,-0.008589383482819492
8701,sub50,ling_word_target,101,-0.011306985919781952
8702,sub50,ling_word_target,102,0.031003976868062156
8703,sub50,ling_word_target,103,-0.029133221200948935
8704,sub50,ling_word_target,104,0.007805940607495538
8705,sub50,ling_word_target,105,0.03352820377499442
8706,sub50,ling_word_target,106,-0.0008632273608699971
8707,sub50,ling_word_target,107,0.11020577072031616
8708,sub50,ling_word_target,108,0.04064272312526733
8709,sub50,ling_word_target,109,-0.027297075630702217
8710,sub50,ling_word_target,110,0.05832766957342726
8711,sub50,ling_word_target,111,-0.05411376048885771
8712,sub50,ling_word_target,112,0.03290217648568615
8713,sub50,ling_word_target,113,0.03788497889488511
8714,sub50,ling_word_target,114,-0.03134823574617708
8715,sub50,ling_word_target,115,-0.0479587103473755
8716,sub50,ling_word_target,116,-0.09931839729746034
8717,sub50,ling_word_target,117,0.01609706769042588
8718,sub50,ling_word_target,118,-0.03357375727201055
8719,sub50,ling_word_target,119,0.04625590715621436
8720,sub50,ling_word_target,120,0.11899354750967203
8721,sub50,ling_word_target,121,-0.024028268212590635
8722,sub50,ling_word_target,122,0.03206611467042695
8723,sub50,ling_word_target,123,0.02485286877792169
8724,sub50,ling_word_target,124,0.056723118476483474
8725,sub50,ling_word_target,125,-0.04457776259852381
8726,sub50,ling_word_target,126,-0.006804186064096312
8727,sub50,ling_word_target,127,-0.05052692976067863
8728,sub50,ling_word_target,128,0.08240497672717108
8729,sub50,ling_word_target,129,0.022270866363200824
8730,sub50,ling_word_target,130,0.04405152097156052
8731,sub50,ling_word_target,131,0.012456111670376815
8732,sub50,ling_word_target,132,0.030670672145229227
8733,sub50,ling_word_target,133,0.025633646665630085
8734,sub50,ling_word_target,134,-0.04149771484069004
8735,sub50,ling_word_target,135,0.06213264609786145
8736,sub50,ling_word_target,136,0.09046931326599657
8737,sub50,ling_word_target,137,0.0956718134002136
8738,sub50,ling_word_target,138,0.0016980580207249278
8739,sub50,ling_word_target,139,0.017413389731611016
8740,sub50,ling_word_target,140,0.02131599557681729
8741,sub50,ling_word_target,141,-0.11215270739351407
8742,sub50,ling_word_target,142,0.06877117888007145
8743,sub50,ling_word_target,143,-0.00992428227545769
8744,sub50,ling_word_target,144,0.046464733687406286
8745,sub50,ling_word_target,145,0.016668744666520217
8746,sub50,ling_word_target,146,-0.015574233157337662
8747,sub50,ling_word_target,147,0.023938802923624367
8748,sub50,ling_word_target,148,-0.021253434523587314
8749,sub50,ling_word_target,149,-0.01929608811753972
8750,sub50,ling_word_target,150,0.0810567321233217
8751,sub50,ling_word_target,151,0.0017597450802874354
8752,sub50,ling_word_target,152,0.07151979979704037
8753,sub50,ling_word_target,153,-0.05618273766526775
8754,sub50,ling_word_target,154,0.0016911100625654097
8755,sub50,ling_word_target,155,-0.022761577207720585
8756,sub50,ling_word_target,156,0.08702403653029964
8757,sub50,ling_word_target,157,0.00432136498423274
8758,sub50,ling_word_target,158,-0.029016533353243952
8759,sub50,ling_word_target,159,-0.007177230655350912
8760,sub50,ling_word_target,160,-0.02264202244424478
8761,sub50,ling_word_target,161,0.017153378327843156
8762,sub50,ling_word_target,162,-0.07583558911404552
8763,sub50,ling_word_target,163,0.014509225016833757
8764,sub50,ling_word_target,164,-0.0165971848168762
8765,sub50,ling_word_target,165,0.07539337365959779
8766,sub50,ling_word_target,166,-0.036668084528828394
8767,sub50,ling_word_target,167,0.05657516806024022
8768,sub50,ling_word_target,168,-0.055723385130271336
8769,sub50,ling_word_target,169,-0.04225612554409459
8770,sub50,ling_word_target,170,-0.0633961986783651
8771,sub50,ling_word_target,171,0.026481606531755887
8772,sub50,ling_word_target,172,-0.009891443007761073
8773,sub50,ling_word_target,173,0.013283476827521842
8774,sub50,ling_word_target,174,0.020630955907707332
8775,sub50,ling_word_target,175,0.010619569127995662
8776,sub50,ling_word_target,176,0.039513819997983396
8777,sub50,ling_word_target,177,-0.021585454367146446
8778,sub50,ling_word_target,178,0.031249712369087704
8779,sub50,ling_word_target,179,0.09502720515683698
8780,sub50,ling_word_target,180,-0.0017386516723020236
8781,sub50,ling_word_target,181,-0.07250555345865128
8782,sub50,ling_word_target,182,0.005604651717562501
8783,sub50,ling_word_target,183,-0.05285854668556527
8784,sub50,ling_word_target,184,-0.025300420285696405
8785,sub50,ling_word_target,185,0.0419583653509018
8786,sub50,ling_word_target,186,-0.016456540323432484
8787,sub50,ling_word_target,187,-0.030715686203623607
8788,sub50,ling_word_target,188,0.019267139053974855
8789,sub50,ling_word_target,189,0.022683647796483557
8790,sub50,ling_word_target,190,-0.0037797368604334278
8791,sub50,ling_word_target,191,0.05152704009337807
8792,sub50,ling_word_target,192,-0.045558249944182574
8793,sub50,ling_word_target,193,0.046372545734371065
8794,sub50,ling_word_target,194,-0.034188749091546025
8795,sub50,ling_word_target,195,-0.0005168910972444734
8796,sub50,ling_word_target,196,0.06923019379690284
8797,sub50,ling_word_target,197,0.036365677573840224
8798,sub50,ling_word_target,198,0.02521997641431417
8799,sub50,ling_word_target,199,0.0321777746043864
8800,sub51,ling_word_target,0,0.004051520708999622
8801,sub51,ling_word_target,1,-0.018510692592405963
8802,sub51,ling_word_target,2,-0.08473898499316355
8803,sub51,ling_word_target,3,0.015606993428063622
8804,sub51,ling_word_target,4,-0.03133354588757235
8805,sub51,ling_word_target,5,-0.008182596349066717
8806,sub51,ling_word_target,6,-0.01654066133197067
8807,sub51,ling_word_target,7,0.05787805719174611
8808,sub51,ling_word_target,8,0.024054466720212553
8809,sub51,ling_word_target,9,-0.005008207459574307
8810,sub51,ling_word_target,10,0.04753794521401487
8811,sub51,ling_word_target,11,0.014594395326581498
8812,sub51,ling_word_target,12,-0.06388143106264017
8813,sub51,ling_word_target,13,0.04958582930052334
8814,sub51,ling_word_target,14,0.06452569364973673
8815,sub51,ling_word_target,15,0.027321823897065802
8816,sub51,ling_word_target,16,-0.0689585122880097
8817,sub51,ling_word_target,17,0.016808635595467313
8818,sub51,ling_word_target,18,-0.04419800100015024
8819,sub51,ling_word_target,19,-0.002228202679979317
8820,sub51,ling_word_target,20,-0.05461045021197007
8821,sub51,ling_word_target,21,0.0007273383633815678
8822,sub51,ling_word_target,22,-0.01839078682853083
8823,sub51,ling_word_target,23,-0.012684664484732015
8824,sub51,ling_word_target,24,-0.0067162236060651186
8825,sub51,ling_word_target,25,0.00031862669571672964
8826,sub51,ling_word_target,26,0.07286109663424221
8827,sub51,ling_word_target,27,-0.04656600820788946
8828,sub51,ling_word_target,28,-0.015567054352377046
8829,sub51,ling_word_target,29,-0.017757507819502
8830,sub51,ling_word_target,30,0.0027916742948366656
8831,sub51,ling_word_target,31,-0.0009740934708655546
8832,sub51,ling_word_target,32,-0.021125651768477693
8833,sub51,ling_word_target,33,-0.0411229891688995
8834,sub51,ling_word_target,34,-0.002578584274385965
8835,sub51,ling_word_target,35,-0.10224584476400099
8836,sub51,ling_word_target,36,-0.08331844270629316
8837,sub51,ling_word_target,37,-0.020264229910260566
8838,sub51,ling_word_target,38,-0.012489936473102748
8839,sub51,ling_word_target,39,-0.02532276222326219
8840,sub51,ling_word_target,40,0.0349260144875601
8841,sub51,ling_word_target,41,-0.04904253006361427
8842,sub51,ling_word_target,42,-0.043102914896721536
8843,sub51,ling_word_target,43,0.0025828069600081225
8844,sub51,ling_word_target,44,-0.05419013340472285
8845,sub51,ling_word_target,45,0.027980534278063983
8846,sub51,ling_word_target,46,0.02529380023493606
8847,sub51,ling_word_target,47,-0.0328886558374065
8848,sub51,ling_word_target,48,-0.007823386494500147
8849,sub51,ling_word_target,49,-0.017269580735501156
8850,sub51,ling_word_target,50,-0.022731131072338255
8851,sub51,ling_word_target,51,-0.025392703981213672
8852,sub51,ling_word_target,52,-0.0064656713180597375
8853,sub51,ling_word_target,53,-0.03547519849304267
8854,sub51,ling_word_target,54,0.004557287084467753
8855,sub51,ling_word_target,55,-0.11052728182863417
8856,sub51,ling_word_target,56,0.022644574081153734
8857,sub51,ling_word_target,57,-0.038097894267061484
8858,sub51,ling_word_target,58,0.008268794171561367
8859,sub51,ling_word_target,59,0.034236405353437895
8860,sub51,ling_word_target,60,-0.049210903586359434
8861,sub51,ling_word_target,61,0.01647557330611907
8862,sub51,ling_word_target,62,-0.0505912335290717
8863,sub51,ling_word_target,63,-0.02191305792948731
8864,sub51,ling_word_target,64,0.026849415855178742
8865,sub51,ling_word_target,65,-0.0448776209062923
8866,sub51,ling_word_target,66,-0.022705128293415474
8867,sub51,ling_word_target,67,-0.043282325460194414
8868,sub51,ling_word_target,68,0.0009990425795678172
8869,sub51,ling_word_target,69,0.02872621904071058
8870,sub51,ling_word_target,70,-0.021382531075819396
8871,sub51,ling_word_target,71,-0.012378683317572739
8872,sub51,ling_word_target,72,-0.044206136595426326
8873,sub51,ling_word_target,73,-0.005652224501767336
8874,sub51,ling_word_target,74,-0.009199315202105755
8875,sub51,ling_word_target,75,-0.028527015712600804
8876,sub51,ling_word_target,76,0.046343103010197804
8877,sub51,ling_word_target,77,-0.024546178224766027
8878,sub51,ling_word_target,78,-0.018827809748683266
8879,sub51,ling_word_target,79,0.04743201947003699
8880,sub51,ling_word_target,80,-0.028614643785060723
8881,sub51,ling_word_target,81,-0.012673948217909549
8882,sub51,ling_word_target,82,-0.04474068226196516
8883,sub51,ling_word_target,83,0.03953590509229926
8884,sub51,ling_word_target,84,-0.03675940877492415
8885,sub51,ling_word_target,85,0.010180315998266862
8886,sub51,ling_word_target,86,0.010557259786031122
8887,sub51,ling_word_target,87,0.010803964090411605
8888,sub51,ling_word_target,88,-0.0075552845630153685
8889,sub51,ling_word_target,89,0.06571191508279865
8890,sub51,ling_word_target,90,0.0031325523318622415
8891,sub51,ling_word_target,91,0.03459874036566523
8892,sub51,ling_word_target,92,0.01514798993788753
8893,sub51,ling_word_target,93,0.015007388590962246
8894,sub51,ling_word_target,94,0.07812834008149025
8895,sub51,ling_word_target,95,-0.003527786028832882
8896,sub51,ling_word_target,96,0.011240422435671952
8897,sub51,ling_word_target,97,0.0025464818918311156
8898,sub51,ling_word_target,98,0.0012632718485615804
8899,sub51,ling_word_target,99,0.02439706844814686
8900,sub51,ling_word_target,100,-0.06016890594323125
8901,sub51,ling_word_target,101,0.0010037429903550724
8902,sub51,ling_word_target,102,0.011529886760857252
8903,sub51,ling_word_target,103,-0.06838352787818015
8904,sub51,ling_word_target,104,-0.005407390448020588
8905,sub51,ling_word_target,105,0.012153312312775307
8906,sub51,ling_word_target,106,-0.0018936385906393569
8907,sub51,ling_word_target,107,0.04624303028180499
8908,sub51,ling_word_target,108,-0.055230128894546926
8909,sub51,ling_word_target,109,0.036527779202196325
8910,sub51,ling_word_target,110,-0.07821828646613206
8911,sub51,ling_word_target,111,0.03715194788902515
8912,sub51,ling_word_target,112,0.04476476397902965
8913,sub51,ling_word_target,113,-0.002425814797547747
8914,sub51,ling_word_target,114,-0.057416963421495076
8915,sub51,ling_word_target,115,0.08891209729484592
8916,sub51,ling_word_target,116,0.006578868937740893
8917,sub51,ling_word_target,117,-0.028176242736434685
8918,sub51,ling_word_target,118,-0.021490946542307834
8919,sub51,ling_word_target,119,-0.019679621874972738
8920,sub51,ling_word_target,120,-0.058429515580211956
8921,sub51,ling_word_target,121,0.015104168751003108
8922,sub51,ling_word_target,122,0.008023388110012866
8923,sub51,ling_word_target,123,-0.030368871935405613
8924,sub51,ling_word_target,124,0.005637531062768732
8925,sub51,ling_word_target,125,-0.04440256421129998
8926,sub51,ling_word_target,126,-0.011598280008761471
8927,sub51,ling_word_target,127,-0.007728016851528205
8928,sub51,ling_word_target,128,-0.03673481541276948
8929,sub51,ling_word_target,129,-0.0190556700859001
8930,sub51,ling_word_target,130,0.03299351404702147
8931,sub51,ling_word_target,131,-0.051897740094176824
8932,sub51,ling_word_target,132,-0.01510513387064849
8933,sub51,ling_word_target,133,0.0036055281267960257
8934,sub51,ling_word_target,134,0.00998436097955264
8935,sub51,ling_word_target,135,0.018139941227431282
8936,sub51,ling_word_target,136,-0.031975335823475254
8937,sub51,ling_word_target,137,0.02626677654799992
8938,sub51,ling_word_target,138,-0.014867601890450326
8939,sub51,ling_word_target,139,-0.013564818498418398
8940,sub51,ling_word_target,140,0.02103383047311124
8941,sub51,ling_word_target,141,-0.008986257471529258
8942,sub51,ling_word_target,142,0.038322331085910925
8943,sub51,ling_word_target,143,-0.0371125881799785
8944,sub51,ling_word_target,144,0.020986163222577278
8945,sub51,ling_word_target,145,-0.04316165420537619
8946,sub51,ling_word_target,146,-0.0211566702846676
8947,sub51,ling_word_target,147,-0.008000931560483485
8948,sub51,ling_word_target,148,-0.03803426838513548
8949,sub51,ling_word_target,149,0.026429094861867043
8950,sub51,ling_word_target,150,-0.015943917798076863
8951,sub51,ling_word_target,151,0.052282527317209816
8952,sub51,ling_word_target,152,-0.046115326456241564
8953,sub51,ling_word_target,153,-0.01585436676962474
8954,sub51,ling_word_target,154,-0.032199212311104085
8955,sub51,ling_word_target,155,0.017842908300753586
8956,sub51,ling_word_target,156,-0.057154698811711736
8957,sub51,ling_word_target,157,-0.014183770161331292
8958,sub51,ling_word_target,158,-0.004645479249573838
8959,sub51,ling_word_target,159,-0.0002977126089727505
8960,sub51,ling_word_target,160,0.0038152579726236364
8961,sub51,ling_word_target,161,-0.006785060365879448
8962,sub51,ling_word_target,162,0.039426396368560344
8963,sub51,ling_word_target,163,-0.03605344247499844
8964,sub51,ling_word_target,164,0.0006781165509112297
8965,sub51,ling_word_target,165,0.011948293243467287
8966,sub51,ling_word_target,166,-0.03794603463462556
8967,sub51,ling_word_target,167,0.023147496484771827
8968,sub51,ling_word_target,168,0.02443898309375219
8969,sub51,ling_word_target,169,0.0432227615223196
8970,sub51,ling_word_target,170,-0.011209474961562674
8971,sub51,ling_word_target,171,0.012386402728997593
8972,sub51,ling_word_target,172,-0.016569004300305595
8973,sub51,ling_word_target,173,-0.031928192329741575
8974,sub51,ling_word_target,174,-0.03305763710673352
8975,sub51,ling_word_target,175,-0.010947202108261429
8976,sub51,ling_word_target,176,-0.045718058340357186
8977,sub51,ling_word_target,177,0.06208921486757944
8978,sub51,ling_word_target,178,-0.023372243638986073
8979,sub51,ling_word_target,179,0.0028194618202508977
8980,sub51,ling_word_target,180,-0.01794344449787544
8981,sub51,ling_word_target,181,0.04610213492287376
8982,sub51,ling_word_target,182,0.05863305811541506
8983,sub51,ling_word_target,183,0.023314910689439746
8984,sub51,ling_word_target,184,0.0028491685237505195
8985,sub51,ling_word_target,185,-0.026460074238217106
8986,sub51,ling_word_target,186,0.015130916681160022
8987,sub51,ling_word_target,187,-0.011289764996960635
8988,sub51,ling_word_target,188,-0.06358458900732462
8989,sub51,ling_word_target,189,-0.005430803601815844
8990,sub51,ling_word_target,190,-0.0003626172411416551
8991,sub51,ling_word_target,191,0.042392607951946014
8992,sub51,ling_word_target,192,-0.011292462491893262
8993,sub51,ling_word_target,193,0.019431767579690673
8994,sub51,ling_word_target,194,0.007210791909002116
8995,sub51,ling_word_target,195,-0.017473070706058146
8996,sub51,ling_word_target,196,-0.011607660354863198
8997,sub51,ling_word_target,197,0.07811213670991064
8998,sub51,ling_word_target,198,-0.0006331188807006745
8999,sub51,ling_word_target,199,0.005697051517033793
9000,sub52,ling_word_target,0,0.027875329623190316
9001,sub52,ling_word_target,1,-0.031048247033298827
9002,sub52,ling_word_target,2,-0.04709749439115336
9003,sub52,ling_word_target,3,0.04232129668943785
9004,sub52,ling_word_target,4,-0.051033515458052764
9005,sub52,ling_word_target,5,-0.014969939492695386
9006,sub52,ling_word_target,6,0.004013932896991675
9007,sub52,ling_word_target,7,-0.017876612993904552
9008,sub52,ling_word_target,8,-0.0017867640118563862
9009,sub52,ling_word_target,9,0.006961292101011999
9010,sub52,ling_word_target,10,0.10632170784989943
9011,sub52,ling_word_target,11,-0.01791822751788999
9012,sub52,ling_word_target,12,0.0760137367126256
9013,sub52,ling_word_target,13,0.006139530789804442
9014,sub52,ling_word_target,14,0.03722142463990923
9015,sub52,ling_word_target,15,-0.05086529133402721
9016,sub52,ling_word_target,16,0.007784609955582402
9017,sub52,ling_word_target,17,-0.02038478496660301
9018,sub52,ling_word_target,18,0.010436157832457207
9019,sub52,ling_word_target,19,-0.03225741831231624
9020,sub52,ling_word_target,20,-0.008641820327840916
9021,sub52,ling_word_target,21,-0.029215088179201498
9022,sub52,ling_word_target,22,0.0024349214435269396
9023,sub52,ling_word_target,23,0.04657131281567292
9024,sub52,ling_word_target,24,0.024560400046189135
9025,sub52,ling_word_target,25,0.029091716293710046
9026,sub52,ling_word_target,26,0.012418737214925568
9027,sub52,ling_word_target,27,0.03933074467074336
9028,sub52,ling_word_target,28,-0.0077675268930165
9029,sub52,ling_word_target,29,-0.001832208528124059
9030,sub52,ling_word_target,30,0.07175078781210342
9031,sub52,ling_word_target,31,-0.02670121543236952
9032,sub52,ling_word_target,32,-0.04761786466161399
9033,sub52,ling_word_target,33,0.05255803092754542
9034,sub52,ling_word_target,34,0.011302425569526974
9035,sub52,ling_word_target,35,0.00294161519519969
9036,sub52,ling_word_target,36,-0.007282383360555684
9037,sub52,ling_word_target,37,0.06075444173879821
9038,sub52,ling_word_target,38,0.0046446578652740355
9039,sub52,ling_word_target,39,0.0012489574449747042
9040,sub52,ling_word_target,40,-0.04848447762151169
9041,sub52,ling_word_target,41,-0.014837936576683412
9042,sub52,ling_word_target,42,-0.012366079569059451
9043,sub52,ling_word_target,43,0.030315189501939416
9044,sub52,ling_word_target,44,0.027600516555114737
9045,sub52,ling_word_target,45,-0.02054774661266189
9046,sub52,ling_word_target,46,0.03588838319503483
9047,sub52,ling_word_target,47,0.037200586284162715
9048,sub52,ling_word_target,48,-0.02168697344883706
9049,sub52,ling_word_target,49,0.006161479286917206
9050,sub52,ling_word_target,50,-0.036303518362926356
9051,sub52,ling_word_target,51,0.040630322944669284
9052,sub52,ling_word_target,52,-0.011153879976705403
9053,sub52,ling_word_target,53,0.04665574127567549
9054,sub52,ling_word_target,54,0.029649118218114463
9055,sub52,ling_word_target,55,-0.04390181387092305
9056,sub52,ling_word_target,56,-0.04271393165975797
9057,sub52,ling_word_target,57,-0.04878446708652529
9058,sub52,ling_word_target,58,0.003955321807214186
9059,sub52,ling_word_target,59,-0.02880235600626944
9060,sub52,ling_word_target,60,-0.0023853001961471115
9061,sub52,ling_word_target,61,0.019096798293791642
9062,sub52,ling_word_target,62,0.03840916505256885
9063,sub52,ling_word_target,63,-0.044184186753025545
9064,sub52,ling_word_target,64,0.03227081266441257
9065,sub52,ling_word_target,65,-0.07896799931737654
9066,sub52,ling_word_target,66,-0.03866095349193668
9067,sub52,ling_word_target,67,-0.0341574526171409
9068,sub52,ling_word_target,68,0.011943146017141974
9069,sub52,ling_word_target,69,0.16165427571982058
9070,sub52,ling_word_target,70,-0.08012796646954778
9071,sub52,ling_word_target,71,-0.006680266818821167
9072,sub52,ling_word_target,72,0.020388810119588093
9073,sub52,ling_word_target,73,-0.062373207071425824
9074,sub52,ling_word_target,74,0.05432080999543572
9075,sub52,ling_word_target,75,-0.05910050178154088
9076,sub52,ling_word_target,76,0.021586450066440544
9077,sub52,ling_word_target,77,0.025202469987515273
9078,sub52,ling_word_target,78,-0.03903582571528098
9079,sub52,ling_word_target,79,-0.006229515645886896
9080,sub52,ling_word_target,80,-0.009816089729187643
9081,sub52,ling_word_target,81,0.05470996952538117
9082,sub52,ling_word_target,82,-0.027343356480119353
9083,sub52,ling_word_target,83,0.10614502114585503
9084,sub52,ling_word_target,84,0.07515244301166907
9085,sub52,ling_word_target,85,0.04655885720723724
9086,sub52,ling_word_target,86,0.05315526291361486
9087,sub52,ling_word_target,87,0.02210661030119644
9088,sub52,ling_word_target,88,0.0230288443754494
9089,sub52,ling_word_target,89,-0.03692518587851887
9090,sub52,ling_word_target,90,0.028934856181827992
9091,sub52,ling_word_target,91,-0.004669344143370779
9092,sub52,ling_word_target,92,0.03624166381320049
9093,sub52,ling_word_target,93,-0.11556425697198645
9094,sub52,ling_word_target,94,0.0027238795347761698
9095,sub52,ling_word_target,95,0.0483641864735581
9096,sub52,ling_word_target,96,-0.013719539638617887
9097,sub52,ling_word_target,97,0.047631412790384006
9098,sub52,ling_word_target,98,0.009148753211299411
9099,sub52,ling_word_target,99,0.04402323314344328
9100,sub52,ling_word_target,100,-0.038790936638271316
9101,sub52,ling_word_target,101,-0.04125419153602406
9102,sub52,ling_word_target,102,0.00807604215185327
9103,sub52,ling_word_target,103,-0.12420701707086754
9104,sub52,ling_word_target,104,-0.023526153088748173
9105,sub52,ling_word_target,105,-0.017129273026370555
9106,sub52,ling_word_target,106,0.05818552646561775
9107,sub52,ling_word_target,107,-0.008509185548894205
9108,sub52,ling_word_target,108,0.07435602439291192
9109,sub52,ling_word_target,109,0.10184739145341459
9110,sub52,ling_word_target,110,-0.019650436626696223
9111,sub52,ling_word_target,111,0.09716944299761106
9112,sub52,ling_word_target,112,0.011536564552534316
9113,sub52,ling_word_target,113,0.021394521239029945
9114,sub52,ling_word_target,114,0.164994375711009
9115,sub52,ling_word_target,115,-0.006229255890939096
9116,sub52,ling_word_target,116,0.010625276373887153
9117,sub52,ling_word_target,117,0.04276027594375456
9118,sub52,ling_word_target,118,0.010452059567084268
9119,sub52,ling_word_target,119,0.03497808647863264
9120,sub52,ling_word_target,120,-0.002508071210446456
9121,sub52,ling_word_target,121,-0.035844574053240444
9122,sub52,ling_word_target,122,0.07339209232037762
9123,sub52,ling_word_target,123,-0.017927300012467284
9124,sub52,ling_word_target,124,-0.07894479145627675
9125,sub52,ling_word_target,125,0.008845087887705862
9126,sub52,ling_word_target,126,-0.04136077391162326
9127,sub52,ling_word_target,127,-0.04463053692731858
9128,sub52,ling_word_target,128,-0.015576135231467485
9129,sub52,ling_word_target,129,0.02377379734407527
9130,sub52,ling_word_target,130,-0.00026760601250080214
9131,sub52,ling_word_target,131,0.010314959798006625
9132,sub52,ling_word_target,132,0.05510546524919107
9133,sub52,ling_word_target,133,0.04533033413825783
9134,sub52,ling_word_target,134,-0.018943039281324854
9135,sub52,ling_word_target,135,0.08002197333981263
9136,sub52,ling_word_target,136,-0.015156707981694733
9137,sub52,ling_word_target,137,0.04281031818357753
9138,sub52,ling_word_target,138,-0.013540721264258739
9139,sub52,ling_word_target,139,0.010187003463405673
9140,sub52,ling_word_target,140,0.019432192564116758
9141,sub52,ling_word_target,141,-0.01395699816360704
9142,sub52,ling_word_target,142,-0.012486876479655252
9143,sub52,ling_word_target,143,0.10210887950659044
9144,sub52,ling_word_target,144,-0.010930522338413712
9145,sub52,ling_word_target,145,-0.04888005316874919
9146,sub52,ling_word_target,146,-0.015574584285983158
9147,sub52,ling_word_target,147,-0.02642902378192462
9148,sub52,ling_word_target,148,0.01701358680554464
9149,sub52,ling_word_target,149,-0.010986762078532945
9150,sub52,ling_word_target,150,-0.025897804798438947
9151,sub52,ling_word_target,151,-0.032099741854419266
9152,sub52,ling_word_target,152,-0.04683780171404928
9153,sub52,ling_word_target,153,-0.02080696929237791
9154,sub52,ling_word_target,154,0.005157606109539852
9155,sub52,ling_word_target,155,-0.0046593014989673
9156,sub52,ling_word_target,156,-0.02093281107549842
9157,sub52,ling_word_target,157,0.02045232150941147
9158,sub52,ling_word_target,158,-0.008555141674623045
9159,sub52,ling_word_target,159,-0.048332204500398865
9160,sub52,ling_word_target,160,-0.01287584091730322
9161,sub52,ling_word_target,161,-0.017403202689451888
9162,sub52,ling_word_target,162,0.05771889730092737
9163,sub52,ling_word_target,163,-0.01138563701468068
9164,sub52,ling_word_target,164,0.030326476738189678
9165,sub52,ling_word_target,165,-0.010972895607680097
9166,sub52,ling_word_target,166,0.010834235443147409
9167,sub52,ling_word_target,167,-0.008577733752989569
9168,sub52,ling_word_target,168,-0.05326293429167454
9169,sub52,ling_word_target,169,0.016152552636324514
9170,sub52,ling_word_target,170,-0.055510074386482804
9171,sub52,ling_word_target,171,0.03924967724281361
9172,sub52,ling_word_target,172,0.02008989140536829
9173,sub52,ling_word_target,173,-0.011613658651758226
9174,sub52,ling_word_target,174,-0.00011856085487273115
9175,sub52,ling_word_target,175,0.055551047195336344
9176,sub52,ling_word_target,176,0.032884494747401835
9177,sub52,ling_word_target,177,0.031066115691830768
9178,sub52,ling_word_target,178,0.06853597692109667
9179,sub52,ling_word_target,179,0.027177910694126544
9180,sub52,ling_word_target,180,-0.0494950776198229
9181,sub52,ling_word_target,181,-0.016594249278300856
9182,sub52,ling_word_target,182,-0.06211531560218413
9183,sub52,ling_word_target,183,-0.01749126700592783
9184,sub52,ling_word_target,184,0.055330639754976
9185,sub52,ling_word_target,185,-0.005256346314070953
9186,sub52,ling_word_target,186,-0.004711564564672436
9187,sub52,ling_word_target,187,0.017916788017121866
9188,sub52,ling_word_target,188,-0.05609125518658019
9189,sub52,ling_word_target,189,-0.025978953129034556
9190,sub52,ling_word_target,190,-0.003482955101698845
9191,sub52,ling_word_target,191,0.015425948452176631
9192,sub52,ling_word_target,192,-0.04702981294337714
9193,sub52,ling_word_target,193,0.024891750352050587
9194,sub52,ling_word_target,194,0.02554741354718814
9195,sub52,ling_word_target,195,0.05697163932790718
9196,sub52,ling_word_target,196,-0.004608263416637271
9197,sub52,ling_word_target,197,0.00645698379294626
9198,sub52,ling_word_target,198,-0.027065892013666878
9199,sub52,ling_word_target,199,-0.0010936732717387898
9200,sub53,ling_word_target,0,-0.09058389750483822
9201,sub53,ling_word_target,1,-0.053511080332802656
9202,sub53,ling_word_target,2,0.011027352091803787
9203,sub53,ling_word_target,3,0.010625441445211768
9204,sub53,ling_word_target,4,0.03848983573818245
9205,sub53,ling_word_target,5,-0.0755111979819396
9206,sub53,ling_word_target,6,-0.01426892507670836
9207,sub53,ling_word_target,7,0.049633734695597044
9208,sub53,ling_word_target,8,-0.0044564893637929065
9209,sub53,ling_word_target,9,0.005726915668996784
9210,sub53,ling_word_target,10,-0.03963401418983216
9211,sub53,ling_word_target,11,0.021488545495573053
9212,sub53,ling_word_target,12,-0.03091157697241948
9213,sub53,ling_word_target,13,-0.038497205473618845
9214,sub53,ling_word_target,14,-0.04205122973700891
9215,sub53,ling_word_target,15,0.022367936011824404
9216,sub53,ling_word_target,16,0.011228529843428082
9217,sub53,ling_word_target,17,-0.006465980031245833
9218,sub53,ling_word_target,18,0.03386352331839402
9219,sub53,ling_word_target,19,-0.029233743164900405
9220,sub53,ling_word_target,20,-0.03638879163494967
9221,sub53,ling_word_target,21,0.009546138060591406
9222,sub53,ling_word_target,22,-0.0064380446389660844
9223,sub53,ling_word_target,23,9.000015045566696e-07
9224,sub53,ling_word_target,24,-0.019171587219408346
9225,sub53,ling_word_target,25,0.014849256097522382
9226,sub53,ling_word_target,26,-0.001597580679533461
9227,sub53,ling_word_target,27,-0.021829515028099915
9228,sub53,ling_word_target,28,0.031068705762071727
9229,sub53,ling_word_target,29,-0.025587538016538215
9230,sub53,ling_word_target,30,0.01909787079729686
9231,sub53,ling_word_target,31,0.006967284434560335
9232,sub53,ling_word_target,32,0.05453385241642084
9233,sub53,ling_word_target,33,-0.020133587990214058
9234,sub53,ling_word_target,34,-0.04612276810580254
9235,sub53,ling_word_target,35,-0.03687075233773183
9236,sub53,ling_word_target,36,-0.040896148667379305
9237,sub53,ling_word_target,37,-0.031372816204031095
9238,sub53,ling_word_target,38,0.005439881507497257
9239,sub53,ling_word_target,39,-0.0009288975831012754
9240,sub53,ling_word_target,40,-0.01507035196892328
9241,sub53,ling_word_target,41,-0.03553841027588486
9242,sub53,ling_word_target,42,0.019473760972118965
9243,sub53,ling_word_target,43,-0.04959602533882169
9244,sub53,ling_word_target,44,-0.039069396014964064
9245,sub53,ling_word_target,45,0.04090116402807079
9246,sub53,ling_word_target,46,0.0330561954047609
9247,sub53,ling_word_target,47,-0.052520467977843106
9248,sub53,ling_word_target,48,0.016921910983837215
9249,sub53,ling_word_target,49,-0.026017454872171806
9250,sub53,ling_word_target,50,-0.03127905351462806
9251,sub53,ling_word_target,51,-0.01281083197735463
9252,sub53,ling_word_target,52,-0.07544469981658486
9253,sub53,ling_word_target,53,0.0006343245265331185
9254,sub53,ling_word_target,54,-0.007717038793336586
9255,sub53,ling_word_target,55,-0.028084891983652983
9256,sub53,ling_word_target,56,-0.001976896891478541
9257,sub53,ling_word_target,57,-0.08389722862747857
9258,sub53,ling_word_target,58,0.047473595474131304
9259,sub53,ling_word_target,59,-0.03896608927431012
9260,sub53,ling_word_target,60,0.02166673380798655
9261,sub53,ling_word_target,61,0.02861621837052863
9262,sub53,ling_word_target,62,0.0007951533627702889
9263,sub53,ling_word_target,63,0.017792416497515826
9264,sub53,ling_word_target,64,0.031108337534864063
9265,sub53,ling_word_target,65,-0.026295060799838267
9266,sub53,ling_word_target,66,-0.004700222616061653
9267,sub53,ling_word_target,67,0.03745997784523127
9268,sub53,ling_word_target,68,-0.05218416135632898
9269,sub53,ling_word_target,69,0.006121948746494869
9270,sub53,ling_word_target,70,0.01052808225753036
9271,sub53,ling_word_target,71,0.011619685476010716
9272,sub53,ling_word_target,72,-0.023304231163795396
9273,sub53,ling_word_target,73,0.013249916965026835
9274,sub53,ling_word_target,74,-0.010704326728869652
9275,sub53,ling_word_target,75,-0.07118584221857091
9276,sub53,ling_word_target,76,-0.012654330390950803
9277,sub53,ling_word_target,77,-0.02086809496150437
9278,sub53,ling_word_target,78,0.03942447220112741
9279,sub53,ling_word_target,79,0.027118534772251773
9280,sub53,ling_word_target,80,-0.04073631805962486
9281,sub53,ling_word_target,81,0.016446865773571077
9282,sub53,ling_word_target,82,-0.014022793014766834
9283,sub53,ling_word_target,83,-0.05473705310601095
9284,sub53,ling_word_target,84,0.0017672121947188892
9285,sub53,ling_word_target,85,0.04394930684676111
9286,sub53,ling_word_target,86,-0.04174195535333899
9287,sub53,ling_word_target,87,-0.008140592739983056
9288,sub53,ling_word_target,88,-0.05941625514839619
9289,sub53,ling_word_target,89,-0.018236254065131494
9290,sub53,ling_word_target,90,0.011653618237295302
9291,sub53,ling_word_target,91,-0.018153724015087955
9292,sub53,ling_word_target,92,-0.024930124226623728
9293,sub53,ling_word_target,93,-0.000511059301884861
9294,sub53,ling_word_target,94,-0.03715888586081727
9295,sub53,ling_word_target,95,-0.010296945846191606
9296,sub53,ling_word_target,96,0.01262877857037691
9297,sub53,ling_word_target,97,-0.0038391706576449886
9298,sub53,ling_word_target,98,-0.02843987660591642
9299,sub53,ling_word_target,99,-0.022829795596527345
9300,sub53,ling_word_target,100,0.06451960634622309
9301,sub53,ling_word_target,101,0.02101568347137096
9302,sub53,ling_word_target,102,0.05601254860836064
9303,sub53,ling_word_target,103,0.03283714116135105
9304,sub53,ling_word_target,104,-0.006542406495575731
9305,sub53,ling_word_target,105,0.03707728838495406
9306,sub53,ling_word_target,106,-0.037455167020720326
9307,sub53,ling_word_target,107,0.004753268771383792
9308,sub53,ling_word_target,108,0.054920361567212146
9309,sub53,ling_word_target,109,-0.05153425737890935
9310,sub53,ling_word_target,110,0.0461604961540701
9311,sub53,ling_word_target,111,0.0122786538612907
9312,sub53,ling_word_target,112,-0.015079931718211537
9313,sub53,ling_word_target,113,0.015861491873710352
9314,sub53,ling_word_target,114,-0.02763288504681729
9315,sub53,ling_word_target,115,-0.006999385203251069
9316,sub53,ling_word_target,116,0.006276299078995531
9317,sub53,ling_word_target,117,-0.01532212997688815
9318,sub53,ling_word_target,118,-0.004519262574451148
9319,sub53,ling_word_target,119,0.041402612485472244
9320,sub53,ling_word_target,120,0.028214398280741064
9321,sub53,ling_word_target,121,0.0018783482353832894
9322,sub53,ling_word_target,122,-0.021114342277764122
9323,sub53,ling_word_target,123,-0.004021327623704355
9324,sub53,ling_word_target,124,0.016728875937008874
9325,sub53,ling_word_target,125,0.008712024133739178
9326,sub53,ling_word_target,126,-0.04043778304498366
9327,sub53,ling_word_target,127,0.04507930690605912
9328,sub53,ling_word_target,128,-0.019812667162795002
9329,sub53,ling_word_target,129,0.04758523762549432
9330,sub53,ling_word_target,130,0.007199603757957962
9331,sub53,ling_word_target,131,-0.033373533626496664
9332,sub53,ling_word_target,132,0.02786515095083853
9333,sub53,ling_word_target,133,0.0139755836374292
9334,sub53,ling_word_target,134,-0.05107728121367369
9335,sub53,ling_word_target,135,0.012820069001431443
9336,sub53,ling_word_target,136,0.023029245269837524
9337,sub53,ling_word_target,137,0.045130085692369454
9338,sub53,ling_word_target,138,-0.06825893445202535
9339,sub53,ling_word_target,139,-0.01455185259587381
9340,sub53,ling_word_target,140,0.021476112805467653
9341,sub53,ling_word_target,141,0.014719814320451942
9342,sub53,ling_word_target,142,-0.012647709154364929
9343,sub53,ling_word_target,143,-0.010156555767009775
9344,sub53,ling_word_target,144,-0.04660120592109848
9345,sub53,ling_word_target,145,0.07506369379102093
9346,sub53,ling_word_target,146,0.010784914725445157
9347,sub53,ling_word_target,147,0.04818555869104554
9348,sub53,ling_word_target,148,-0.0053038078348998695
9349,sub53,ling_word_target,149,0.018868241851569236
9350,sub53,ling_word_target,150,-0.07946211250289162
9351,sub53,ling_word_target,151,-0.06700439301021847
9352,sub53,ling_word_target,152,0.014391785466148315
9353,sub53,ling_word_target,153,0.0022292378572814245
9354,sub53,ling_word_target,154,0.02116889316612437
9355,sub53,ling_word_target,155,0.03132536735741206
9356,sub53,ling_word_target,156,0.03825048079795929
9357,sub53,ling_word_target,157,-0.05001410374200226
9358,sub53,ling_word_target,158,-0.03207317509839397
9359,sub53,ling_word_target,159,0.022932343288875712
9360,sub53,ling_word_target,160,0.020629956096205656
9361,sub53,ling_word_target,161,0.012549148562315949
9362,sub53,ling_word_target,162,0.05867636635990809
9363,sub53,ling_word_target,163,-0.014333082958057913
9364,sub53,ling_word_target,164,0.05403871575723487
9365,sub53,ling_word_target,165,-0.006479016447537452
9366,sub53,ling_word_target,166,-0.03217463731476553
9367,sub53,ling_word_target,167,0.007175096156864005
9368,sub53,ling_word_target,168,-0.07486448417346746
9369,sub53,ling_word_target,169,0.024672528121493884
9370,sub53,ling_word_target,170,-0.026492049243898762
9371,sub53,ling_word_target,171,-0.028131090136276703
9372,sub53,ling_word_target,172,0.028844049819818137
9373,sub53,ling_word_target,173,0.009083486606419479
9374,sub53,ling_word_target,174,0.014270719783494264
9375,sub53,ling_word_target,175,-0.016255655405740137
9376,sub53,ling_word_target,176,-0.007738240932611942
9377,sub53,ling_word_target,177,0.04040757002799888
9378,sub53,ling_word_target,178,0.055586660696305884
9379,sub53,ling_word_target,179,0.029725551004299775
9380,sub53,ling_word_target,180,0.06612563806036509
9381,sub53,ling_word_target,181,0.02616332955045966
9382,sub53,ling_word_target,182,-0.018426132988216586
9383,sub53,ling_word_target,183,-0.03568221066174235
9384,sub53,ling_word_target,184,0.03417898628125886
9385,sub53,ling_word_target,185,-0.006844636198487487
9386,sub53,ling_word_target,186,0.07591807802319404
9387,sub53,ling_word_target,187,0.025020796737426666
9388,sub53,ling_word_target,188,-0.013171235603629568
9389,sub53,ling_word_target,189,0.04485009434175715
9390,sub53,ling_word_target,190,0.02960647621880678
9391,sub53,ling_word_target,191,0.019350315708765022
9392,sub53,ling_word_target,192,0.0029595177617332182
9393,sub53,ling_word_target,193,-0.006795953278111497
9394,sub53,ling_word_target,194,-0.03342667423727322
9395,sub53,ling_word_target,195,0.0314586869016093
9396,sub53,ling_word_target,196,0.00507638539059026
9397,sub53,ling_word_target,197,0.038266954514179136
9398,sub53,ling_word_target,198,-0.033053640278845386
9399,sub53,ling_word_target,199,0.00783890425435174
9400,sub55,ling_word_target,0,-0.1578883301582758
9401,sub55,ling_word_target,1,-0.06173191314012961
9402,sub55,ling_word_target,2,0.07254655208599146
9403,sub55,ling_word_target,3,-0.01604318953850167
9404,sub55,ling_word_target,4,0.11473625813259923
9405,sub55,ling_word_target,5,-0.013700377451703598
9406,sub55,ling_word_target,6,-0.020574551853670874
9407,sub55,ling_word_target,7,-0.028594422377944347
9408,sub55,ling_word_target,8,-0.002016010594225947
9409,sub55,ling_word_target,9,0.010941717517232063
9410,sub55,ling_word_target,10,-0.009580646451026652
9411,sub55,ling_word_target,11,0.030739147690041616
9412,sub55,ling_word_target,12,-0.11346832999975971
9413,sub55,ling_word_target,13,-0.018910814886899083
9414,sub55,ling_word_target,14,0.04591689200816289
9415,sub55,ling_word_target,15,-0.015031830239831208
9416,sub55,ling_word_target,16,-0.1321576552044833
9417,sub55,ling_word_target,17,-0.029883122803435448
9418,sub55,ling_word_target,18,0.042379921188789124
9419,sub55,ling_word_target,19,-0.051181007958320104
9420,sub55,ling_word_target,20,0.02410007167566781
9421,sub55,ling_word_target,21,0.01766129783295857
9422,sub55,ling_word_target,22,-0.002850103469535603
9423,sub55,ling_word_target,23,-0.10435433866741335
9424,sub55,ling_word_target,24,-0.09288622931160016
9425,sub55,ling_word_target,25,-0.028262694959818792
9426,sub55,ling_word_target,26,0.013996532300288142
9427,sub55,ling_word_target,27,-0.029333439783937754
9428,sub55,ling_word_target,28,-0.03243508672979822
9429,sub55,ling_word_target,29,-0.02247621159667637
9430,sub55,ling_word_target,30,-0.06192981301781428
9431,sub55,ling_word_target,31,-0.024406620598334185
9432,sub55,ling_word_target,32,-0.040535360072978616
9433,sub55,ling_word_target,33,0.006546676529222826
9434,sub55,ling_word_target,34,0.14038749363988515
9435,sub55,ling_word_target,35,0.012337563983904313
9436,sub55,ling_word_target,36,-0.015332722119216302
9437,sub55,ling_word_target,37,0.040821509308040606
9438,sub55,ling_word_target,38,0.01850463039205448
9439,sub55,ling_word_target,39,-0.0387841081931851
9440,sub55,ling_word_target,40,-0.07660923099117024
9441,sub55,ling_word_target,41,0.05583754074169039
9442,sub55,ling_word_target,42,0.03945867200814173
9443,sub55,ling_word_target,43,-0.06751358169069899
9444,sub55,ling_word_target,44,-0.06232474796271096
9445,sub55,ling_word_target,45,-0.012665665368423605
9446,sub55,ling_word_target,46,-0.05359260975911989
9447,sub55,ling_word_target,47,0.09030775377049452
9448,sub55,ling_word_target,48,-0.16989056641754371
9449,sub55,ling_word_target,49,-0.0354817230252888
9450,sub55,ling_word_target,50,-0.019892998913044205
9451,sub55,ling_word_target,51,0.008770417038738808
9452,sub55,ling_word_target,52,-0.02238723573359502
9453,sub55,ling_word_target,53,0.07600836785497174
9454,sub55,ling_word_target,54,-0.010756909114715971
9455,sub55,ling_word_target,55,0.0482433119342278
9456,sub55,ling_word_target,56,-0.05015378042643172
9457,sub55,ling_word_target,57,-0.14673570320024942
9458,sub55,ling_word_target,58,-0.00012151705722507378
9459,sub55,ling_word_target,59,0.01582492723093916
9460,sub55,ling_word_target,60,-0.0795745008122536
9461,sub55,ling_word_target,61,0.047854444982582844
9462,sub55,ling_word_target,62,-0.0700929631883306
9463,sub55,ling_word_target,63,-0.06887328131802213
9464,sub55,ling_word_target,64,-0.0787524217096314
9465,sub55,ling_word_target,65,-0.08484613114949228
9466,sub55,ling_word_target,66,-0.02639668508368139
9467,sub55,ling_word_target,67,0.033508214027427013
9468,sub55,ling_word_target,68,0.030193469844567136
9469,sub55,ling_word_target,69,0.001473362283957414
9470,sub55,ling_word_target,70,0.0365131440253295
9471,sub55,ling_word_target,71,0.0269688730871153
9472,sub55,ling_word_target,72,-0.03582784816357361
9473,sub55,ling_word_target,73,-0.07980714332335083
9474,sub55,ling_word_target,74,0.05501241365956983
9475,sub55,ling_word_target,75,0.0545896732731813
9476,sub55,ling_word_target,76,0.057181183667437546
9477,sub55,ling_word_target,77,-0.12597871648022527
9478,sub55,ling_word_target,78,0.09363161663781457
9479,sub55,ling_word_target,79,0.0029945309350717974
9480,sub55,ling_word_target,80,0.012423939360879245
9481,sub55,ling_word_target,81,0.05681651025575076
9482,sub55,ling_word_target,82,-0.03179070861360416
9483,sub55,ling_word_target,83,-0.14758147341097766
9484,sub55,ling_word_target,84,-0.04025407737309407
9485,sub55,ling_word_target,85,0.04524675480961855
9486,sub55,ling_word_target,86,0.04068243540147334
9487,sub55,ling_word_target,87,0.011764999213942003
9488,sub55,ling_word_target,88,0.011979972312556195
9489,sub55,ling_word_target,89,-0.013464586971677307
9490,sub55,ling_word_target,90,-0.03167004588948228
9491,sub55,ling_word_target,91,0.02037075181802869
9492,sub55,ling_word_target,92,-0.025454632868087874
9493,sub55,ling_word_target,93,-0.03640526347625766
9494,sub55,ling_word_target,94,0.02638396339190992
9495,sub55,ling_word_target,95,-0.08938744221218149
9496,sub55,ling_word_target,96,-0.09631743882079513
9497,sub55,ling_word_target,97,-0.057176730295613626
9498,sub55,ling_word_target,98,-0.10186192698288639
9499,sub55,ling_word_target,99,0.033734313447464886
9500,sub55,ling_word_target,100,0.015455753131795945
9501,sub55,ling_word_target,101,0.05728029929474979
9502,sub55,ling_word_target,102,0.04134122084491257
9503,sub55,ling_word_target,103,-0.059208574186350095
9504,sub55,ling_word_target,104,0.019345305161934622
9505,sub55,ling_word_target,105,0.001039001403026817
9506,sub55,ling_word_target,106,-0.0585137104205501
9507,sub55,ling_word_target,107,-0.019377626221536548
9508,sub55,ling_word_target,108,-0.03230268252387101
9509,sub55,ling_word_target,109,0.002838818846700162
9510,sub55,ling_word_target,110,0.10109602832388392
9511,sub55,ling_word_target,111,0.03339474715815692
9512,sub55,ling_word_target,112,0.04573642269079666
9513,sub55,ling_word_target,113,-0.0009173445067218803
9514,sub55,ling_word_target,114,-0.06505437694884582
9515,sub55,ling_word_target,115,-0.000586107558383587
9516,sub55,ling_word_target,116,0.03416017748198522
9517,sub55,ling_word_target,117,0.0860554408057397
9518,sub55,ling_word_target,118,-0.010276077918139176
9519,sub55,ling_word_target,119,0.15990591771555682
9520,sub55,ling_word_target,120,0.028858848521163678
9521,sub55,ling_word_target,121,0.029261318713712646
9522,sub55,ling_word_target,122,0.00404464098383246
9523,sub55,ling_word_target,123,-0.008015065496392686
9524,sub55,ling_word_target,124,0.008680774022662777
9525,sub55,ling_word_target,125,-0.03406008768467139
9526,sub55,ling_word_target,126,-0.004286446229036892
9527,sub55,ling_word_target,127,0.011667027011838227
9528,sub55,ling_word_target,128,0.011710298932399022
9529,sub55,ling_word_target,129,-0.05905745071219618
9530,sub55,ling_word_target,130,0.04085038357591718
9531,sub55,ling_word_target,131,-0.1273650847975692
9532,sub55,ling_word_target,132,0.0037234495467370157
9533,sub55,ling_word_target,133,0.07829935093799778
9534,sub55,ling_word_target,134,-0.09420984495865961
9535,sub55,ling_word_target,135,-0.0345760053858517
9536,sub55,ling_word_target,136,-0.05181443764424204
9537,sub55,ling_word_target,137,-0.012622882378959694
9538,sub55,ling_word_target,138,-0.046593752428684035
9539,sub55,ling_word_target,139,0.014608415901030836
9540,sub55,ling_word_target,140,0.022885299030448128
9541,sub55,ling_word_target,141,0.00620395034102028
9542,sub55,ling_word_target,142,0.03909086864396351
9543,sub55,ling_word_target,143,0.04469978582103434
9544,sub55,ling_word_target,144,0.09076870252201134
9545,sub55,ling_word_target,145,-0.026541124895440846
9546,sub55,ling_word_target,146,0.04263314479050518
9547,sub55,ling_word_target,147,0.02228984573040738
9548,sub55,ling_word_target,148,0.013973982195127268
9549,sub55,ling_word_target,149,-0.019130386605401173
9550,sub55,ling_word_target,150,0.008365809386922801
9551,sub55,ling_word_target,151,0.020878641277569426
9552,sub55,ling_word_target,152,-0.026950804079626165
9553,sub55,ling_word_target,153,0.028215310349370366
9554,sub55,ling_word_target,154,-0.045729897980361485
9555,sub55,ling_word_target,155,0.023342274651891294
9556,sub55,ling_word_target,156,-0.0007668981380223492
9557,sub55,ling_word_target,157,-0.033701939007807734
9558,sub55,ling_word_target,158,-0.01800182390949313
9559,sub55,ling_word_target,159,-0.030456170089991016
9560,sub55,ling_word_target,160,-0.08950973377212038
9561,sub55,ling_word_target,161,0.010890524328262659
9562,sub55,ling_word_target,162,0.008694058091711376
9563,sub55,ling_word_target,163,0.06686849341763726
9564,sub55,ling_word_target,164,-0.1411648008518763
9565,sub55,ling_word_target,165,0.02245372618823514
9566,sub55,ling_word_target,166,-0.04791795020008543
9567,sub55,ling_word_target,167,-0.019336021118064994
9568,sub55,ling_word_target,168,0.05480428278469639
9569,sub55,ling_word_target,169,0.06931552214534599
9570,sub55,ling_word_target,170,-0.024479582071576602
9571,sub55,ling_word_target,171,0.10005466169516827
9572,sub55,ling_word_target,172,0.0014783012009193805
9573,sub55,ling_word_target,173,-0.06822512163192603
9574,sub55,ling_word_target,174,0.015558740513613974
9575,sub55,ling_word_target,175,0.07412856911715673
9576,sub55,ling_word_target,176,0.015700343015439197
9577,sub55,ling_word_target,177,-0.029785260190659586
9578,sub55,ling_word_target,178,-0.06117629170072149
9579,sub55,ling_word_target,179,0.0564003827431555
9580,sub55,ling_word_target,180,0.011886850001604417
9581,sub55,ling_word_target,181,-0.1365313196217664
9582,sub55,ling_word_target,182,-0.026973458880762555
9583,sub55,ling_word_target,183,0.02312993126750258
9584,sub55,ling_word_target,184,0.00788969125013522
9585,sub55,ling_word_target,185,0.011900571791604456
9586,sub55,ling_word_target,186,0.01046013156952416
9587,sub55,ling_word_target,187,0.04056463513997186
9588,sub55,ling_word_target,188,0.020639240108278726
9589,sub55,ling_word_target,189,0.004668736701705335
9590,sub55,ling_word_target,190,-0.11801849812496726
9591,sub55,ling_word_target,191,-0.04147510625580801
9592,sub55,ling_word_target,192,0.01883206019039926
9593,sub55,ling_word_target,193,0.012942113788970097
9594,sub55,ling_word_target,194,0.017477329215475585
9595,sub55,ling_word_target,195,-0.016089075085108862
9596,sub55,ling_word_target,196,-0.03327486285847431
9597,sub55,ling_word_target,197,-0.05330945081560044
9598,sub55,ling_word_target,198,-0.10491201407076052
9599,sub55,ling_word_target,199,-0.05831404015782406
9600,sub56,ling_word_target,0,-0.06483919397557195
9601,sub56,ling_word_target,1,0.0026265639887501882
9602,sub56,ling_word_target,2,0.06698588055423128
9603,sub56,ling_word_target,3,-0.014896130787402236
9604,sub56,ling_word_target,4,-0.1433172557350402
9605,sub56,ling_word_target,5,0.05796560031265076
9606,sub56,ling_word_target,6,0.08185301997729565
9607,sub56,ling_word_target,7,-0.05940732773784553
9608,sub56,ling_word_target,8,-0.05968506222753424
9609,sub56,ling_word_target,9,0.0009478403263973225
9610,sub56,ling_word_target,10,-0.06413444289884357
9611,sub56,ling_word_target,11,0.040271989880937886
9612,sub56,ling_word_target,12,-0.050188530457587
9613,sub56,ling_word_target,13,-0.04706814427928419
9614,sub56,ling_word_target,14,0.040712747143595414
9615,sub56,ling_word_target,15,-0.02645603483204325
9616,sub56,ling_word_target,16,0.028277809240794136
9617,sub56,ling_word_target,17,-0.007363571755547651
9618,sub56,ling_word_target,18,-0.07133437722046812
9619,sub56,ling_word_target,19,0.014236742382684908
9620,sub56,ling_word_target,20,0.029815640117507366
9621,sub56,ling_word_target,21,-0.0721598153673764
9622,sub56,ling_word_target,22,-0.05641035230238358
9623,sub56,ling_word_target,23,-0.06586537442309333
9624,sub56,ling_word_target,24,-0.029747408320005064
9625,sub56,ling_word_target,25,-0.004779394853922034
9626,sub56,ling_word_target,26,0.06640021140498395
9627,sub56,ling_word_target,27,0.03016978861854291
9628,sub56,ling_word_target,28,0.06509483998790845
9629,sub56,ling_word_target,29,0.027585985795069417
9630,sub56,ling_word_target,30,0.09245410772413276
9631,sub56,ling_word_target,31,-0.029410270768229895
9632,sub56,ling_word_target,32,-0.04445958836971091
9633,sub56,ling_word_target,33,-0.05713866072387339
9634,sub56,ling_word_target,34,-0.023947284218494506
9635,sub56,ling_word_target,35,-0.02883769098220412
9636,sub56,ling_word_target,36,-0.09422117235566035
9637,sub56,ling_word_target,37,0.036488066413414635
9638,sub56,ling_word_target,38,-0.15912514000737923
9639,sub56,ling_word_target,39,-0.013883658178332222
9640,sub56,ling_word_target,40,0.09705096067168355
9641,sub56,ling_word_target,41,-0.00632771617302208
9642,sub56,ling_word_target,42,-0.06142252917304657
9643,sub56,ling_word_target,43,-0.056619637695541104
9644,sub56,ling_word_target,44,-0.00775387531830551
9645,sub56,ling_word_target,45,-0.09816918561958635
9646,sub56,ling_word_target,46,-0.05586618195710967
9647,sub56,ling_word_target,47,-0.03021211327131745
9648,sub56,ling_word_target,48,0.02510838302534203
9649,sub56,ling_word_target,49,0.012282499522176773
9650,sub56,ling_word_target,50,0.03340218730208937
9651,sub56,ling_word_target,51,0.07088221044793128
9652,sub56,ling_word_target,52,0.06064909025227599
9653,sub56,ling_word_target,53,-0.01704247894762072
9654,sub56,ling_word_target,54,0.0928857020794836
9655,sub56,ling_word_target,55,-0.014349424567603972
9656,sub56,ling_word_target,56,-0.2971131096316475
9657,sub56,ling_word_target,57,-0.059315048644434445
9658,sub56,ling_word_target,58,0.004129241608120312
9659,sub56,ling_word_target,59,-0.0330099256432306
9660,sub56,ling_word_target,60,-0.03428473212295894
9661,sub56,ling_word_target,61,0.13984805670458175
9662,sub56,ling_word_target,62,-0.008234299831580354
9663,sub56,ling_word_target,63,-0.021688845721923623
9664,sub56,ling_word_target,64,-0.03820860831210249
9665,sub56,ling_word_target,65,0.012944758287290912
9666,sub56,ling_word_target,66,0.1673549498532323
9667,sub56,ling_word_target,67,-0.039989049490615734
9668,sub56,ling_word_target,68,-0.009903607439990273
9669,sub56,ling_word_target,69,0.09002574102642022
9670,sub56,ling_word_target,70,0.019039906770745928
9671,sub56,ling_word_target,71,0.02799560658801605
9672,sub56,ling_word_target,72,0.04619637114468059
9673,sub56,ling_word_target,73,0.047875683166386754
9674,sub56,ling_word_target,74,-0.09412232061625467
9675,sub56,ling_word_target,75,-0.05627856587292221
9676,sub56,ling_word_target,76,0.03190612952477558
9677,sub56,ling_word_target,77,0.05192958011214234
9678,sub56,ling_word_target,78,0.020705771183896663
9679,sub56,ling_word_target,79,-0.02332566064125474
9680,sub56,ling_word_target,80,-0.040596062000718636
9681,sub56,ling_word_target,81,0.06239831670647627
9682,sub56,ling_word_target,82,0.006136925171383051
9683,sub56,ling_word_target,83,0.06592175098842325
9684,sub56,ling_word_target,84,0.0462716195609125
9685,sub56,ling_word_target,85,-0.0757446854812185
9686,sub56,ling_word_target,86,0.03159039727468637
9687,sub56,ling_word_target,87,0.08617674064139492
9688,sub56,ling_word_target,88,-0.006377700756476804
9689,sub56,ling_word_target,89,-0.059066325397906856
9690,sub56,ling_word_target,90,-0.13687136784425957
9691,sub56,ling_word_target,91,0.05144510164782795
9692,sub56,ling_word_target,92,-0.01618883870743375
9693,sub56,ling_word_target,93,0.005716974345975012
9694,sub56,ling_word_target,94,0.11426507351161157
9695,sub56,ling_word_target,95,-0.01961591688706152
9696,sub56,ling_word_target,96,-0.01166975766325452
9697,sub56,ling_word_target,97,-0.08749366962522237
9698,sub56,ling_word_target,98,-0.017542884752529863
9699,sub56,ling_word_target,99,-0.12614791884251944
9700,sub56,ling_word_target,100,-0.017296406866982993
9701,sub56,ling_word_target,101,0.12630062289063582
9702,sub56,ling_word_target,102,0.02006552726793233
9703,sub56,ling_word_target,103,0.05227420028317445
9704,sub56,ling_word_target,104,-0.15489413216657053
9705,sub56,ling_word_target,105,0.06872866277972965
9706,sub56,ling_word_target,106,0.08494568541361741
9707,sub56,ling_word_target,107,0.036964367027135965
9708,sub56,ling_word_target,108,-0.027479156111169772
9709,sub56,ling_word_target,109,0.04224722722095243
9710,sub56,ling_word_target,110,-0.05884646633963359
9711,sub56,ling_word_target,111,-0.018465451219378346
9712,sub56,ling_word_target,112,0.012278316990732712
9713,sub56,ling_word_target,113,0.04064142890276013
9714,sub56,ling_word_target,114,0.022407189179771882
9715,sub56,ling_word_target,115,-0.027665961118914634
9716,sub56,ling_word_target,116,-0.0018715745151042483
9717,sub56,ling_word_target,117,-0.017347727608282838
9718,sub56,ling_word_target,118,-0.0005710864924873298
9719,sub56,ling_word_target,119,0.014358926745376458
9720,sub56,ling_word_target,120,-0.1026409604348655
9721,sub56,ling_word_target,121,-0.11296965114064611
9722,sub56,ling_word_target,122,0.002881211753724115
9723,sub56,ling_word_target,123,0.037817693538668394
9724,sub56,ling_word_target,124,0.024089593735812573
9725,sub56,ling_word_target,125,0.010383194402430905
9726,sub56,ling_word_target,126,0.02461742530642499
9727,sub56,ling_word_target,127,0.07895248656431407
9728,sub56,ling_word_target,128,0.046772052047776055
9729,sub56,ling_word_target,129,-0.04970272749291506
9730,sub56,ling_word_target,130,-0.042797356946575806
9731,sub56,ling_word_target,131,-0.009429065151994502
9732,sub56,ling_word_target,132,-0.09690766637830876
9733,sub56,ling_word_target,133,0.03261421023870901
9734,sub56,ling_word_target,134,-0.047863224603962855
9735,sub56,ling_word_target,135,0.027258489641686996
9736,sub56,ling_word_target,136,-0.06952458129228194
9737,sub56,ling_word_target,137,0.03297383431921873
9738,sub56,ling_word_target,138,0.0648450234972045
9739,sub56,ling_word_target,139,0.04145412548072137
9740,sub56,ling_word_target,140,0.01749311579703997
9741,sub56,ling_word_target,141,-0.0041286694304558755
9742,sub56,ling_word_target,142,0.05210284681745582
9743,sub56,ling_word_target,143,-0.12051942415532862
9744,sub56,ling_word_target,144,-0.0790556559808284
9745,sub56,ling_word_target,145,0.07393030269030777
9746,sub56,ling_word_target,146,-0.020698091510937818
9747,sub56,ling_word_target,147,-0.10025921518180406
9748,sub56,ling_word_target,148,-0.060117227920300415
9749,sub56,ling_word_target,149,0.028238152157419025
9750,sub56,ling_word_target,150,0.020838296464544156
9751,sub56,ling_word_target,151,-0.038079808875635245
9752,sub56,ling_word_target,152,-0.006047712494718286
9753,sub56,ling_word_target,153,-0.04249631315289359
9754,sub56,ling_word_target,154,-0.062374059713427944
9755,sub56,ling_word_target,155,0.05419162971954968
9756,sub56,ling_word_target,156,0.0004030082118804179
9757,sub56,ling_word_target,157,-0.06514769845310622
9758,sub56,ling_word_target,158,-0.06048192811074566
9759,sub56,ling_word_target,159,-0.029687821612598447
9760,sub56,ling_word_target,160,0.04133473903619092
9761,sub56,ling_word_target,161,0.023469943549244403
9762,sub56,ling_word_target,162,0.060288884245378455
9763,sub56,ling_word_target,163,0.11397778080567021
9764,sub56,ling_word_target,164,-0.006446385809408522
9765,sub56,ling_word_target,165,0.021154859891949884
9766,sub56,ling_word_target,166,0.06228473762531391
9767,sub56,ling_word_target,167,0.0069354905908366755
9768,sub56,ling_word_target,168,0.030601433781724124
9769,sub56,ling_word_target,169,-0.031617573180716035
9770,sub56,ling_word_target,170,0.09779899163800498
9771,sub56,ling_word_target,171,0.05969944102545739
9772,sub56,ling_word_target,172,-0.07988230986847789
9773,sub56,ling_word_target,173,-0.045221344092773355
9774,sub56,ling_word_target,174,-0.023168369601632214
9775,sub56,ling_word_target,175,-0.00560029584941388
9776,sub56,ling_word_target,176,-0.019476058842037212
9777,sub56,ling_word_target,177,0.029872733357118365
9778,sub56,ling_word_target,178,0.07270119319134717
9779,sub56,ling_word_target,179,-0.03401951053242293
9780,sub56,ling_word_target,180,-0.0297007486773131
9781,sub56,ling_word_target,181,0.02170864115641471
9782,sub56,ling_word_target,182,-0.06128796336454102
9783,sub56,ling_word_target,183,0.03789162656454399
9784,sub56,ling_word_target,184,0.05801291080871529
9785,sub56,ling_word_target,185,0.01525573669879948
9786,sub56,ling_word_target,186,-0.19693622791849313
9787,sub56,ling_word_target,187,-0.09265307498292802
9788,sub56,ling_word_target,188,-0.08065728804639304
9789,sub56,ling_word_target,189,0.04538375066531482
9790,sub56,ling_word_target,190,-0.050459933643072594
9791,sub56,ling_word_target,191,0.10051420586820828
9792,sub56,ling_word_target,192,-0.010662698322251307
9793,sub56,ling_word_target,193,0.02010601926353556
9794,sub56,ling_word_target,194,-0.017115737365158236
9795,sub56,ling_word_target,195,0.03194012910065109
9796,sub56,ling_word_target,196,0.11578136105203776
9797,sub56,ling_word_target,197,-0.035219547075045314
9798,sub56,ling_word_target,198,0.0060693939063637715
9799,sub56,ling_word_target,199,-0.0576824904660414
9800,sub57,ling_word_target,0,0.000936732673329866
9801,sub57,ling_word_target,1,-0.012829941627202588
9802,sub57,ling_word_target,2,0.04836610421175072
9803,sub57,ling_word_target,3,-0.005641482136959513
9804,sub57,ling_word_target,4,-0.018745376330878673
9805,sub57,ling_word_target,5,0.0780282726108805
9806,sub57,ling_word_target,6,0.052719185284139575
9807,sub57,ling_word_target,7,0.039852434862804056
9808,sub57,ling_word_target,8,-0.017401777578556016
9809,sub57,ling_word_target,9,-0.001944407680956743
9810,sub57,ling_word_target,10,-0.011315947076512293
9811,sub57,ling_word_target,11,0.06428711275018843
9812,sub57,ling_word_target,12,0.024197322764069287
9813,sub57,ling_word_target,13,0.002930601651587777
9814,sub57,ling_word_target,14,-0.04104474471083287
9815,sub57,ling_word_target,15,-0.07026037823007565
9816,sub57,ling_word_target,16,0.10711902929460218
9817,sub57,ling_word_target,17,0.057452127229851074
9818,sub57,ling_word_target,18,-0.016332091731864604
9819,sub57,ling_word_target,19,0.0015045397273293515
9820,sub57,ling_word_target,20,-0.008712033691941623
9821,sub57,ling_word_target,21,-0.05522352524902777
9822,sub57,ling_word_target,22,-0.011700508290489431
9823,sub57,ling_word_target,23,0.016158857951270093
9824,sub57,ling_word_target,24,-0.0006828940367868236
9825,sub57,ling_word_target,25,0.030456446337676416
9826,sub57,ling_word_target,26,-0.026607961040681374
9827,sub57,ling_word_target,27,0.03660940321079639
9828,sub57,ling_word_target,28,0.049915286969051655
9829,sub57,ling_word_target,29,0.0627105045562679
9830,sub57,ling_word_target,30,0.040047493630500086
9831,sub57,ling_word_target,31,-0.0338220974584065
9832,sub57,ling_word_target,32,0.04529810900662095
9833,sub57,ling_word_target,33,-0.007142657276681002
9834,sub57,ling_word_target,34,0.03085797987671064
9835,sub57,ling_word_target,35,-0.0019451930943840071
9836,sub57,ling_word_target,36,0.016932145937255214
9837,sub57,ling_word_target,37,0.0034948685267201253
9838,sub57,ling_word_target,38,0.06043915656601715
9839,sub57,ling_word_target,39,-0.0038636970170018367
9840,sub57,ling_word_target,40,0.007617714697207332
9841,sub57,ling_word_target,41,0.03893432249176644
9842,sub57,ling_word_target,42,0.01716713198807913
9843,sub57,ling_word_target,43,0.07067518987931845
9844,sub57,ling_word_target,44,-0.017255995069659594
9845,sub57,ling_word_target,45,-0.029359400357966327
9846,sub57,ling_word_target,46,0.003830808634242945
9847,sub57,ling_word_target,47,0.002640676422352875
9848,sub57,ling_word_target,48,0.006769342848721135
9849,sub57,ling_word_target,49,0.0035605789800576527
9850,sub57,ling_word_target,50,-0.10318948602296463
9851,sub57,ling_word_target,51,-0.07120495420464486
9852,sub57,ling_word_target,52,0.06741057151366182
9853,sub57,ling_word_target,53,0.019790935448718506
9854,sub57,ling_word_target,54,0.01827348713172273
9855,sub57,ling_word_target,55,-0.02265665924766935
9856,sub57,ling_word_target,56,0.008796781679845548
9857,sub57,ling_word_target,57,-0.028063075937824544
9858,sub57,ling_word_target,58,-0.03570803014586905
9859,sub57,ling_word_target,59,0.023881357217122676
9860,sub57,ling_word_target,60,-0.04430825801508669
9861,sub57,ling_word_target,61,-0.03851166715481392
9862,sub57,ling_word_target,62,-0.036405515791034924
9863,sub57,ling_word_target,63,-0.03734389405309859
9864,sub57,ling_word_target,64,-0.00012286214099077733
9865,sub57,ling_word_target,65,-0.013048604993988125
9866,sub57,ling_word_target,66,0.09182818714507004
9867,sub57,ling_word_target,67,0.045052945740471806
9868,sub57,ling_word_target,68,-0.018820370599379556
9869,sub57,ling_word_target,69,-0.011295008671620962
9870,sub57,ling_word_target,70,-0.0055830980754616255
9871,sub57,ling_word_target,71,0.0483349955865964
9872,sub57,ling_word_target,72,-0.02756399148081883
9873,sub57,ling_word_target,73,0.023558088833965707
9874,sub57,ling_word_target,74,0.04384755378256997
9875,sub57,ling_word_target,75,0.02338066174233084
9876,sub57,ling_word_target,76,-0.06524150104994064
9877,sub57,ling_word_target,77,-0.014002497145549936
9878,sub57,ling_word_target,78,0.02192619396218626
9879,sub57,ling_word_target,79,0.0037980592026914724
9880,sub57,ling_word_target,80,-0.15005322510592894
9881,sub57,ling_word_target,81,-0.034843120911343145
9882,sub57,ling_word_target,82,-0.03242361376409485
9883,sub57,ling_word_target,83,-0.03666434293191511
9884,sub57,ling_word_target,84,0.004104278732766631
9885,sub57,ling_word_target,85,0.0060793178239202175
9886,sub57,ling_word_target,86,-0.005413850855728265
9887,sub57,ling_word_target,87,-0.019868734906067134
9888,sub57,ling_word_target,88,0.028166908696273325
9889,sub57,ling_word_target,89,0.02423805346163913
9890,sub57,ling_word_target,90,-0.012337472996312677
9891,sub57,ling_word_target,91,-0.010055759300300966
9892,sub57,ling_word_target,92,0.019795500905613547
9893,sub57,ling_word_target,93,-0.06493968381607568
9894,sub57,ling_word_target,94,-0.01285693671963951
9895,sub57,ling_word_target,95,-0.03370936045168321
9896,sub57,ling_word_target,96,-0.00937184021541722
9897,sub57,ling_word_target,97,-0.005231977422872997
9898,sub57,ling_word_target,98,-0.04830734191833031
9899,sub57,ling_word_target,99,-0.00035598349287794797
9900,sub57,ling_word_target,100,0.003305010836086439
9901,sub57,ling_word_target,101,0.012413160867230513
9902,sub57,ling_word_target,102,-0.058367911384333164
9903,sub57,ling_word_target,103,-0.011691694003854117
9904,sub57,ling_word_target,104,-0.004709930473967139
9905,sub57,ling_word_target,105,0.03308063197264171
9906,sub57,ling_word_target,106,0.04059159178344849
9907,sub57,ling_word_target,107,-0.003133623480731873
9908,sub57,ling_word_target,108,0.01375604699634902
9909,sub57,ling_word_target,109,0.013889008950627084
9910,sub57,ling_word_target,110,0.02832061569115815
9911,sub57,ling_word_target,111,0.012157754460545187
9912,sub57,ling_word_target,112,-0.0020764803914198773
9913,sub57,ling_word_target,113,0.013121252770754361
9914,sub57,ling_word_target,114,0.002438746128839155
9915,sub57,ling_word_target,115,0.06555341863340118
9916,sub57,ling_word_target,116,0.025305961584521076
9917,sub57,ling_word_target,117,-0.06115525186047606
9918,sub57,ling_word_target,118,0.026153839598797433
9919,sub57,ling_word_target,119,0.000629456673184171
9920,sub57,ling_word_target,120,0.02177014956848699
9921,sub57,ling_word_target,121,-0.019239663114147525
9922,sub57,ling_word_target,122,0.00111643753000408
9923,sub57,ling_word_target,123,0.008262167304874102
9924,sub57,ling_word_target,124,0.005983164018474528
9925,sub57,ling_word_target,125,-0.04518723789915599
9926,sub57,ling_word_target,126,-0.03338668499283662
9927,sub57,ling_word_target,127,0.010420295868669657
9928,sub57,ling_word_target,128,-0.014336100615451038
9929,sub57,ling_word_target,129,0.04216212077054861
9930,sub57,ling_word_target,130,0.03443669422811497
9931,sub57,ling_word_target,131,0.004549836896593461
9932,sub57,ling_word_target,132,0.038387983562772766
9933,sub57,ling_word_target,133,-0.0030621755683539853
9934,sub57,ling_word_target,134,0.004445904999495057
9935,sub57,ling_word_target,135,0.023028115029485513
9936,sub57,ling_word_target,136,-0.04910755817947096
9937,sub57,ling_word_target,137,-0.08850141966364086
9938,sub57,ling_word_target,138,-0.05365242128092229
9939,sub57,ling_word_target,139,0.039064931970466794
9940,sub57,ling_word_target,140,0.06469325102095276
9941,sub57,ling_word_target,141,0.030202217860289978
9942,sub57,ling_word_target,142,0.05800232718357626
9943,sub57,ling_word_target,143,-0.0011784566145493552
9944,sub57,ling_word_target,144,0.029552990015474154
9945,sub57,ling_word_target,145,0.022047668043960474
9946,sub57,ling_word_target,146,-0.05640444533181701
9947,sub57,ling_word_target,147,0.03392834617461886
9948,sub57,ling_word_target,148,0.0013984654548584137
9949,sub57,ling_word_target,149,-0.023948335625002492
9950,sub57,ling_word_target,150,0.02346228517187998
9951,sub57,ling_word_target,151,0.04128597584749544
9952,sub57,ling_word_target,152,-0.03531074713889487
9953,sub57,ling_word_target,153,-0.027526172771806277
9954,sub57,ling_word_target,154,0.0205478714144972
9955,sub57,ling_word_target,155,0.03677742711047497
9956,sub57,ling_word_target,156,0.01670754594110451
9957,sub57,ling_word_target,157,0.026222286251351232
9958,sub57,ling_word_target,158,0.03811619185779669
9959,sub57,ling_word_target,159,-0.005062501541465338
9960,sub57,ling_word_target,160,0.03180146127087347
9961,sub57,ling_word_target,161,0.14025713622707123
9962,sub57,ling_word_target,162,0.013512188893707018
9963,sub57,ling_word_target,163,-0.009255125046920156
9964,sub57,ling_word_target,164,-0.05312092021409324
9965,sub57,ling_word_target,165,-0.007428191270815921
9966,sub57,ling_word_target,166,-0.07254995258743097
9967,sub57,ling_word_target,167,0.05469119654069583
9968,sub57,ling_word_target,168,-0.06473836584037915
9969,sub57,ling_word_target,169,0.06373799496595553
9970,sub57,ling_word_target,170,0.07264077944795953
9971,sub57,ling_word_target,171,0.004309994970797758
9972,sub57,ling_word_target,172,0.02131872361201021
9973,sub57,ling_word_target,173,-0.01924437459997034
9974,sub57,ling_word_target,174,-0.01592418970754585
9975,sub57,ling_word_target,175,0.03772511024902542
9976,sub57,ling_word_target,176,-0.011041416708789066
9977,sub57,ling_word_target,177,-0.018088087427150012
9978,sub57,ling_word_target,178,-0.03758421391924229
9979,sub57,ling_word_target,179,0.04434358921882437
9980,sub57,ling_word_target,180,-0.01670260816705487
9981,sub57,ling_word_target,181,-0.013582304004320549
9982,sub57,ling_word_target,182,0.058111004415517566
9983,sub57,ling_word_target,183,0.02313370835563309
9984,sub57,ling_word_target,184,0.023307022057850523
9985,sub57,ling_word_target,185,-0.010646866329960808
9986,sub57,ling_word_target,186,-0.12707589439481978
9987,sub57,ling_word_target,187,0.0357783641518875
9988,sub57,ling_word_target,188,0.014147812335403187
9989,sub57,ling_word_target,189,-0.029188784099103204
9990,sub57,ling_word_target,190,-0.0727623030868964
9991,sub57,ling_word_target,191,0.003046930110603449
9992,sub57,ling_word_target,192,-0.08711825581925253
9993,sub57,ling_word_target,193,-0.010864977866092033
9994,sub57,ling_word_target,194,-0.05955514028996242
9995,sub57,ling_word_target,195,0.09431860727229306
9996,sub57,ling_word_target,196,0.01484711573685663
9997,sub57,ling_word_target,197,0.011063359975489535
9998,sub57,ling_word_target,198,-0.006357929579354301
9999,sub57,ling_word_target,199,0.017567362316364448
10000,sub58,ling_word_target,0,0.03423978101601652
10001,sub58,ling_word_target,1,0.07128417782414788
10002,sub58,ling_word_target,2,0.01628055910550452
10003,sub58,ling_word_target,3,-0.009804577465618915
10004,sub58,ling_word_target,4,0.04239816706438177
10005,sub58,ling_word_target,5,0.01943687505459182
10006,sub58,ling_word_target,6,-0.033135854787156444
10007,sub58,ling_word_target,7,0.13294034617800918
10008,sub58,ling_word_target,8,0.0009754789652588385
10009,sub58,ling_word_target,9,-0.015894702088749792
10010,sub58,ling_word_target,10,0.057909661332206555
10011,sub58,ling_word_target,11,0.024506714492617473
10012,sub58,ling_word_target,12,0.006977942153357932
10013,sub58,ling_word_target,13,0.027907580886477747
10014,sub58,ling_word_target,14,-0.001914684880489989
10015,sub58,ling_word_target,15,0.02985344524873388
10016,sub58,ling_word_target,16,-0.048044788086210134
10017,sub58,ling_word_target,17,0.009064262119425546
10018,sub58,ling_word_target,18,-0.02481322006816056
10019,sub58,ling_word_target,19,0.056018583344455315
10020,sub58,ling_word_target,20,-0.03284773123116097
10021,sub58,ling_word_target,21,0.03075988448414245
10022,sub58,ling_word_target,22,0.009145423625586051
10023,sub58,ling_word_target,23,0.04428813055693127
10024,sub58,ling_word_target,24,0.013021455542002914
10025,sub58,ling_word_target,25,0.013513423989745579
10026,sub58,ling_word_target,26,0.00994375458159946
10027,sub58,ling_word_target,27,0.09524833115013484
10028,sub58,ling_word_target,28,0.0033966399011944037
10029,sub58,ling_word_target,29,-0.03379539487792293
10030,sub58,ling_word_target,30,0.05008943837725382
10031,sub58,ling_word_target,31,-0.02093729357628038
10032,sub58,ling_word_target,32,0.032081101859396735
10033,sub58,ling_word_target,33,0.04711594107774251
10034,sub58,ling_word_target,34,0.040229920389206114
10035,sub58,ling_word_target,35,-0.04190772675216538
10036,sub58,ling_word_target,36,-0.09285139444451496
10037,sub58,ling_word_target,37,0.02985862585104023
10038,sub58,ling_word_target,38,0.027183636359971265
10039,sub58,ling_word_target,39,-0.006880879524817706
10040,sub58,ling_word_target,40,0.008115876717900372
10041,sub58,ling_word_target,41,-0.009280208809091266
10042,sub58,ling_word_target,42,-0.0035402078272407955
10043,sub58,ling_word_target,43,-0.01344147188361326
10044,sub58,ling_word_target,44,-0.025230421017645898
10045,sub58,ling_word_target,45,0.04387700954652387
10046,sub58,ling_word_target,46,0.03437372473746188
10047,sub58,ling_word_target,47,-0.05686530524924724
10048,sub58,ling_word_target,48,-0.07785878264340701
10049,sub58,ling_word_target,49,-0.09866908243840115
10050,sub58,ling_word_target,50,-0.04383234638936517
10051,sub58,ling_word_target,51,-0.04824762988915889
10052,sub58,ling_word_target,52,0.0008127009247976413
10053,sub58,ling_word_target,53,0.08078431014089779
10054,sub58,ling_word_target,54,0.035853110098479836
10055,sub58,ling_word_target,55,0.003518455198630122
10056,sub58,ling_word_target,56,0.06430169472732457
10057,sub58,ling_word_target,57,-0.0026155445277238737
10058,sub58,ling_word_target,58,0.0677467029992074
10059,sub58,ling_word_target,59,0.04979227555669187
10060,sub58,ling_word_target,60,-0.06096454876678983
10061,sub58,ling_word_target,61,0.06465912289970187
10062,sub58,ling_word_target,62,-0.050930391885583785
10063,sub58,ling_word_target,63,0.008976069933907845
10064,sub58,ling_word_target,64,-0.03611356085760083
10065,sub58,ling_word_target,65,-0.0054906798021103105
10066,sub58,ling_word_target,66,0.07062816077886283
10067,sub58,ling_word_target,67,0.009226068209215125
10068,sub58,ling_word_target,68,-0.019659345498642625
10069,sub58,ling_word_target,69,-0.04539163888726771
10070,sub58,ling_word_target,70,-0.10179557192759195
10071,sub58,ling_word_target,71,-0.01428810597676438
10072,sub58,ling_word_target,72,-0.04341346566307254
10073,sub58,ling_word_target,73,-0.02162780044046124
10074,sub58,ling_word_target,74,0.04636265171757793
10075,sub58,ling_word_target,75,-0.03673013094058387
10076,sub58,ling_word_target,76,0.05312010350090867
10077,sub58,ling_word_target,77,0.06525720458836448
10078,sub58,ling_word_target,78,0.016564381846376472
10079,sub58,ling_word_target,79,0.05896812896780189
10080,sub58,ling_word_target,80,0.024301685119950647
10081,sub58,ling_word_target,81,-0.053958842553362814
10082,sub58,ling_word_target,82,0.022119554923261345
10083,sub58,ling_word_target,83,0.028951697467002283
10084,sub58,ling_word_target,84,-0.019287542833378173
10085,sub58,ling_word_target,85,0.047435676733317056
10086,sub58,ling_word_target,86,-0.04978797242048656
10087,sub58,ling_word_target,87,0.02606411353696186
10088,sub58,ling_word_target,88,-0.033991836954850266
10089,sub58,ling_word_target,89,0.023317495509098576
10090,sub58,ling_word_target,90,0.05945885835052308
10091,sub58,ling_word_target,91,-0.011853215652845263
10092,sub58,ling_word_target,92,0.03491120055226204
10093,sub58,ling_word_target,93,0.0022863222376196144
10094,sub58,ling_word_target,94,-0.031276211637603725
10095,sub58,ling_word_target,95,0.001987719296212486
10096,sub58,ling_word_target,96,0.029697103906870942
10097,sub58,ling_word_target,97,-0.021703024207549076
10098,sub58,ling_word_target,98,-0.05536580270557491
10099,sub58,ling_word_target,99,-0.006437362411185812
10100,sub58,ling_word_target,100,0.04726462783256182
10101,sub58,ling_word_target,101,-0.010147756200974474
10102,sub58,ling_word_target,102,-0.005921153450223612
10103,sub58,ling_word_target,103,-0.006572620213611912
10104,sub58,ling_word_target,104,-0.015407232318217688
10105,sub58,ling_word_target,105,0.032591919992949255
10106,sub58,ling_word_target,106,-0.07763026389418207
10107,sub58,ling_word_target,107,-0.03113434486145292
10108,sub58,ling_word_target,108,2.333983283368053e-05
10109,sub58,ling_word_target,109,-0.007876166239927634
10110,sub58,ling_word_target,110,-0.15130559385358916
10111,sub58,ling_word_target,111,-0.05364479444412863
10112,sub58,ling_word_target,112,-0.06345149744735493
10113,sub58,ling_word_target,113,-0.033325765441404316
10114,sub58,ling_word_target,114,-0.018199933855793594
10115,sub58,ling_word_target,115,-0.08993505559503498
10116,sub58,ling_word_target,116,0.06650932615257521
10117,sub58,ling_word_target,117,-0.042606346101488585
10118,sub58,ling_word_target,118,-0.0781027066636916
10119,sub58,ling_word_target,119,0.011368381973585239
10120,sub58,ling_word_target,120,0.052323562152554966
10121,sub58,ling_word_target,121,0.008358671452536062
10122,sub58,ling_word_target,122,-0.020397227639159608
10123,sub58,ling_word_target,123,-0.03841624991853328
10124,sub58,ling_word_target,124,-0.06348254463032886
10125,sub58,ling_word_target,125,-0.009285610828664675
10126,sub58,ling_word_target,126,0.009938021196388404
10127,sub58,ling_word_target,127,-0.02945904120601469
10128,sub58,ling_word_target,128,-0.01258942233899824
10129,sub58,ling_word_target,129,0.012536086189369949
10130,sub58,ling_word_target,130,4.6162958736677575e-06
10131,sub58,ling_word_target,131,0.006804686851412925
10132,sub58,ling_word_target,132,0.07071807313865981
10133,sub58,ling_word_target,133,-0.013114566044818953
10134,sub58,ling_word_target,134,0.04970643828374833
10135,sub58,ling_word_target,135,0.0006833419583984939
10136,sub58,ling_word_target,136,0.029993128666979205
10137,sub58,ling_word_target,137,-0.039902929440674244
10138,sub58,ling_word_target,138,0.0339961469950741
10139,sub58,ling_word_target,139,0.024944064237700642
10140,sub58,ling_word_target,140,0.01610740431149049
10141,sub58,ling_word_target,141,-0.033027781164643145
10142,sub58,ling_word_target,142,-0.06014100348433647
10143,sub58,ling_word_target,143,0.0010725115888148317
10144,sub58,ling_word_target,144,0.015287266485262314
10145,sub58,ling_word_target,145,-0.0015634896450788813
10146,sub58,ling_word_target,146,0.0018188185561912637
10147,sub58,ling_word_target,147,-0.036088918346155296
10148,sub58,ling_word_target,148,-0.010693192832042484
10149,sub58,ling_word_target,149,-0.01706629364937107
10150,sub58,ling_word_target,150,0.023121359355499072
10151,sub58,ling_word_target,151,0.0005178593451599597
10152,sub58,ling_word_target,152,0.009742586505370117
10153,sub58,ling_word_target,153,0.06383396324991143
10154,sub58,ling_word_target,154,0.020283077527579293
10155,sub58,ling_word_target,155,0.021356203806925142
10156,sub58,ling_word_target,156,0.01789039526455137
10157,sub58,ling_word_target,157,-0.0055826288769440175
10158,sub58,ling_word_target,158,0.06464157102267691
10159,sub58,ling_word_target,159,0.004432468364565575
10160,sub58,ling_word_target,160,0.06504179924256458
10161,sub58,ling_word_target,161,0.016040813380825986
10162,sub58,ling_word_target,162,-0.03515358631873588
10163,sub58,ling_word_target,163,-0.05321643995384021
10164,sub58,ling_word_target,164,-0.0013493399505313981
10165,sub58,ling_word_target,165,0.023169523524971477
10166,sub58,ling_word_target,166,0.045301365177702446
10167,sub58,ling_word_target,167,0.0017822023368640012
10168,sub58,ling_word_target,168,0.054352444566626266
10169,sub58,ling_word_target,169,0.014814911235108192
10170,sub58,ling_word_target,170,-0.018150534908595705
10171,sub58,ling_word_target,171,0.042167604401544274
10172,sub58,ling_word_target,172,0.0017478127607040061
10173,sub58,ling_word_target,173,-0.03825279681960798
10174,sub58,ling_word_target,174,0.07367133467940352
10175,sub58,ling_word_target,175,0.023265231428301975
10176,sub58,ling_word_target,176,-0.036992143381075954
10177,sub58,ling_word_target,177,0.025387894479035552
10178,sub58,ling_word_target,178,0.045604171581461767
10179,sub58,ling_word_target,179,0.030845348585846585
10180,sub58,ling_word_target,180,0.02712165267017079
10181,sub58,ling_word_target,181,0.014542870299018122
10182,sub58,ling_word_target,182,0.001260911873053418
10183,sub58,ling_word_target,183,-0.037973139360583996
10184,sub58,ling_word_target,184,0.07152700221848346
10185,sub58,ling_word_target,185,0.026083475869233232
10186,sub58,ling_word_target,186,0.021390904229881044
10187,sub58,ling_word_target,187,-0.03453092352872105
10188,sub58,ling_word_target,188,-0.07905071671489128
10189,sub58,ling_word_target,189,-0.012723571041140245
10190,sub58,ling_word_target,190,0.025195087483402205
10191,sub58,ling_word_target,191,-0.005922362350921957
10192,sub58,ling_word_target,192,0.06779435874606538
10193,sub58,ling_word_target,193,-0.010405658007458542
10194,sub58,ling_word_target,194,-0.03941755404599118
10195,sub58,ling_word_target,195,-0.03387745558672859
10196,sub58,ling_word_target,196,-0.05072009618606128
10197,sub58,ling_word_target,197,0.11497440245380149
10198,sub58,ling_word_target,198,-0.04804679733372896
10199,sub58,ling_word_target,199,-0.06827932343994753
10200,sub59,ling_word_target,0,0.1104131522045336
10201,sub59,ling_word_target,1,-0.008749434835452255
10202,sub59,ling_word_target,2,-0.013228086906488837
10203,sub59,ling_word_target,3,0.027170929417786916
10204,sub59,ling_word_target,4,0.0751759157292815
10205,sub59,ling_word_target,5,0.0814018865237043
10206,sub59,ling_word_target,6,0.019317591553571864
10207,sub59,ling_word_target,7,-0.24716812784577102
10208,sub59,ling_word_target,8,-0.08050296282029722
10209,sub59,ling_word_target,9,-0.04491202602134407
10210,sub59,ling_word_target,10,0.0021731420380309914
10211,sub59,ling_word_target,11,0.020063023572101234
10212,sub59,ling_word_target,12,-0.08267926168618328
10213,sub59,ling_word_target,13,0.05150225392055487
10214,sub59,ling_word_target,14,0.00745754684303226
10215,sub59,ling_word_target,15,-0.0167737323221788
10216,sub59,ling_word_target,16,0.07946545317138226
10217,sub59,ling_word_target,17,-0.07483221327668942
10218,sub59,ling_word_target,18,0.09276812584108077
10219,sub59,ling_word_target,19,0.22336298214418354
10220,sub59,ling_word_target,20,0.012252459038534575
10221,sub59,ling_word_target,21,0.019661651187278334
10222,sub59,ling_word_target,22,0.07387673353947272
10223,sub59,ling_word_target,23,-0.04882466666273647
10224,sub59,ling_word_target,24,0.015515865295295975
10225,sub59,ling_word_target,25,-0.06022020579034448
10226,sub59,ling_word_target,26,0.03334464271592767
10227,sub59,ling_word_target,27,0.03218308183813378
10228,sub59,ling_word_target,28,-0.03629196906508657
10229,sub59,ling_word_target,29,-0.013013783662481036
10230,sub59,ling_word_target,30,-0.06942688135490574
10231,sub59,ling_word_target,31,0.13650487484246315
10232,sub59,ling_word_target,32,-0.01334129775768602
10233,sub59,ling_word_target,33,0.04854239593552155
10234,sub59,ling_word_target,34,-0.0675017635892247
10235,sub59,ling_word_target,35,-0.014608021983299758
10236,sub59,ling_word_target,36,-0.03143967963346117
10237,sub59,ling_word_target,37,0.023936851798723558
10238,sub59,ling_word_target,38,-0.023844387883442987
10239,sub59,ling_word_target,39,0.07371549255718099
10240,sub59,ling_word_target,40,0.09364048638140195
10241,sub59,ling_word_target,41,-0.05847332438374468
10242,sub59,ling_word_target,42,-0.015494499788716224
10243,sub59,ling_word_target,43,-0.025715358298630746
10244,sub59,ling_word_target,44,-0.007482510465910999
10245,sub59,ling_word_target,45,-0.06768393334217478
10246,sub59,ling_word_target,46,0.03244672835215477
10247,sub59,ling_word_target,47,-0.0023909799362645903
10248,sub59,ling_word_target,48,0.01170427540430026
10249,sub59,ling_word_target,49,-0.20354808077901962
10250,sub59,ling_word_target,50,-0.02757668412910746
10251,sub59,ling_word_target,51,0.02066049949268445
10252,sub59,ling_word_target,52,0.0006421249941491443
10253,sub59,ling_word_target,53,-0.02062811142343225
10254,sub59,ling_word_target,54,0.049633877811211105
10255,sub59,ling_word_target,55,-0.03228003302250883
10256,sub59,ling_word_target,56,0.13373279206636396
10257,sub59,ling_word_target,57,-0.007332812365647664
10258,sub59,ling_word_target,58,0.009407216073350636
10259,sub59,ling_word_target,59,0.03997454339562974
10260,sub59,ling_word_target,60,-0.040324096366017796
10261,sub59,ling_word_target,61,0.014187644036993895
10262,sub59,ling_word_target,62,-0.05090194452534223
10263,sub59,ling_word_target,63,-0.008936253380772313
10264,sub59,ling_word_target,64,-0.02184901677221706
10265,sub59,ling_word_target,65,0.0699799111659121
10266,sub59,ling_word_target,66,-0.029436680893684265
10267,sub59,ling_word_target,67,0.055337274296515686
10268,sub59,ling_word_target,68,0.031064674164329696
10269,sub59,ling_word_target,69,-0.06943834278467095
10270,sub59,ling_word_target,70,0.00513100173205645
10271,sub59,ling_word_target,71,-0.08539991656368044
10272,sub59,ling_word_target,72,0.004472067021439117
10273,sub59,ling_word_target,73,-0.04797714449851634
10274,sub59,ling_word_target,74,-0.076984695992912
10275,sub59,ling_word_target,75,0.010585071953105261
10276,sub59,ling_word_target,76,0.059861474578197016
10277,sub59,ling_word_target,77,-0.024437517696612072
10278,sub59,ling_word_target,78,-0.07053571236513599
10279,sub59,ling_word_target,79,0.06407746661990983
10280,sub59,ling_word_target,80,-0.03155997181263975
10281,sub59,ling_word_target,81,0.009673913269089464
10282,sub59,ling_word_target,82,0.019818607298404206
10283,sub59,ling_word_target,83,-0.012992188934829292
10284,sub59,ling_word_target,84,-0.05621806740761265
10285,sub59,ling_word_target,85,0.017460847695732362
10286,sub59,ling_word_target,86,-0.051828622897992956
10287,sub59,ling_word_target,87,0.00949299550559054
10288,sub59,ling_word_target,88,0.004333667743819599
10289,sub59,ling_word_target,89,0.11939122058721476
10290,sub59,ling_word_target,90,-0.04722004834693548
10291,sub59,ling_word_target,91,-0.03938636266944392
10292,sub59,ling_word_target,92,0.06275343371757874
10293,sub59,ling_word_target,93,-0.03306077149228079
10294,sub59,ling_word_target,94,0.07073745934327476
10295,sub59,ling_word_target,95,0.12028629307541706
10296,sub59,ling_word_target,96,0.0775956293712773
10297,sub59,ling_word_target,97,0.0005354128808358208
10298,sub59,ling_word_target,98,-0.017780242583457926
10299,sub59,ling_word_target,99,-0.04816445109450553
10300,sub59,ling_word_target,100,0.029687601256059543
10301,sub59,ling_word_target,101,0.058881517786091915
10302,sub59,ling_word_target,102,-0.020417975074426668
10303,sub59,ling_word_target,103,-0.058571952022129024
10304,sub59,ling_word_target,104,0.0073493447233738875
10305,sub59,ling_word_target,105,0.014803891873845015
10306,sub59,ling_word_target,106,-0.05842452695472987
10307,sub59,ling_word_target,107,0.053009234911783124
10308,sub59,ling_word_target,108,0.026784609306594504
10309,sub59,ling_word_target,109,-0.014003176048443592
10310,sub59,ling_word_target,110,0.13084259208522905
10311,sub59,ling_word_target,111,0.0023993549906027884
10312,sub59,ling_word_target,112,0.03917514508398084
10313,sub59,ling_word_target,113,0.08092531471872164
10314,sub59,ling_word_target,114,0.08762489799821031
10315,sub59,ling_word_target,115,0.0858767403958916
10316,sub59,ling_word_target,116,-0.03395174858894938
10317,sub59,ling_word_target,117,0.01390007433623275
10318,sub59,ling_word_target,118,-0.011677286791369333
10319,sub59,ling_word_target,119,-0.04124975301928096
10320,sub59,ling_word_target,120,0.06618023113934118
10321,sub59,ling_word_target,121,0.044869468421854054
10322,sub59,ling_word_target,122,-0.04783806944165766
10323,sub59,ling_word_target,123,0.051033071763884885
10324,sub59,ling_word_target,124,-0.0455791870881896
10325,sub59,ling_word_target,125,0.010841159009368245
10326,sub59,ling_word_target,126,0.060758560047322746
10327,sub59,ling_word_target,127,0.006406452168651631
10328,sub59,ling_word_target,128,0.044518667051444076
10329,sub59,ling_word_target,129,-0.018199604480341906
10330,sub59,ling_word_target,130,0.034777517610493525
10331,sub59,ling_word_target,131,0.044832831859419366
10332,sub59,ling_word_target,132,0.04393726865254715
10333,sub59,ling_word_target,133,-0.008857901221438104
10334,sub59,ling_word_target,134,0.08320901981858354
10335,sub59,ling_word_target,135,-0.05932780975173645
10336,sub59,ling_word_target,136,0.03825785926341228
10337,sub59,ling_word_target,137,-0.06031102633139191
10338,sub59,ling_word_target,138,-0.07070686224346157
10339,sub59,ling_word_target,139,-0.03723251433566034
10340,sub59,ling_word_target,140,-0.06458125889217048
10341,sub59,ling_word_target,141,0.004933694043111841
10342,sub59,ling_word_target,142,0.07016668136811201
10343,sub59,ling_word_target,143,-0.021400338427821755
10344,sub59,ling_word_target,144,-0.09366799508948173
10345,sub59,ling_word_target,145,-0.07996696062481329
10346,sub59,ling_word_target,146,-0.023529856464314068
10347,sub59,ling_word_target,147,0.027126942947550976
10348,sub59,ling_word_target,148,0.14044376104927356
10349,sub59,ling_word_target,149,-0.06487356117561868
10350,sub59,ling_word_target,150,0.009876158252174803
10351,sub59,ling_word_target,151,-0.003848533452046394
10352,sub59,ling_word_target,152,0.03408762842691396
10353,sub59,ling_word_target,153,0.03261591980895171
10354,sub59,ling_word_target,154,-0.020057930231784954
10355,sub59,ling_word_target,155,0.15388479763766794
10356,sub59,ling_word_target,156,-0.040659836507061155
10357,sub59,ling_word_target,157,-0.027316097194633484
10358,sub59,ling_word_target,158,0.09828465424200297
10359,sub59,ling_word_target,159,-0.08295979460594208
10360,sub59,ling_word_target,160,0.08730554325284298
10361,sub59,ling_word_target,161,0.029650756511917717
10362,sub59,ling_word_target,162,-0.03434948999818481
10363,sub59,ling_word_target,163,-0.00668778090618044
10364,sub59,ling_word_target,164,0.018656184154042642
10365,sub59,ling_word_target,165,-0.02270137804568573
10366,sub59,ling_word_target,166,0.043569020924603824
10367,sub59,ling_word_target,167,-0.06656907830959025
10368,sub59,ling_word_target,168,-0.027528377477116596
10369,sub59,ling_word_target,169,-0.09535630754650017
10370,sub59,ling_word_target,170,-0.058029159854253144
10371,sub59,ling_word_target,171,-0.004998170744953292
10372,sub59,ling_word_target,172,0.028469169216516876
10373,sub59,ling_word_target,173,0.060289474751859806
10374,sub59,ling_word_target,174,0.05660839507445963
10375,sub59,ling_word_target,175,-0.034269096326881805
10376,sub59,ling_word_target,176,0.04634560085588356
10377,sub59,ling_word_target,177,0.0009373861751540443
10378,sub59,ling_word_target,178,0.03273044742340948
10379,sub59,ling_word_target,179,-0.008065439340700715
10380,sub59,ling_word_target,180,0.008622049989347173
10381,sub59,ling_word_target,181,0.025156797340328725
10382,sub59,ling_word_target,182,-0.0427272315374559
10383,sub59,ling_word_target,183,0.00363299346440936
10384,sub59,ling_word_target,184,-0.020697275349262745
10385,sub59,ling_word_target,185,-0.01231851284811225
10386,sub59,ling_word_target,186,-0.022867650531795895
10387,sub59,ling_word_target,187,0.02522715047648252
10388,sub59,ling_word_target,188,-0.09671230782345806
10389,sub59,ling_word_target,189,0.05890587619065858
10390,sub59,ling_word_target,190,-0.09262265872161855
10391,sub59,ling_word_target,191,0.1057633350974022
10392,sub59,ling_word_target,192,-0.08003400535378544
10393,sub59,ling_word_target,193,0.022983514688065462
10394,sub59,ling_word_target,194,-0.013377330505393588
10395,sub59,ling_word_target,195,-0.026899624714002784
10396,sub59,ling_word_target,196,0.014455396099719917
10397,sub59,ling_word_target,197,0.055770032838753536
10398,sub59,ling_word_target,198,-0.05689049472243442
10399,sub59,ling_word_target,199,0.15877692028956006
10400,sub60,ling_word_target,0,0.06697800746750703
10401,sub60,ling_word_target,1,-0.06554882195871736
10402,sub60,ling_word_target,2,-0.003738895556984182
10403,sub60,ling_word_target,3,-0.015447151231358378
10404,sub60,ling_word_target,4,0.0833892358295013
10405,sub60,ling_word_target,5,0.09164566830232235
10406,sub60,ling_word_target,6,-0.02963787992894316
10407,sub60,ling_word_target,7,0.09404314022517644
10408,sub60,ling_word_target,8,0.04150535391686479
10409,sub60,ling_word_target,9,-0.01598013894468476
10410,sub60,ling_word_target,10,-0.006163491060452495
10411,sub60,ling_word_target,11,-0.08325497321876121
10412,sub60,ling_word_target,12,-0.02402924373636803
10413,sub60,ling_word_target,13,-0.029801489061996502
10414,sub60,ling_word_target,14,0.012080487129055227
10415,sub60,ling_word_target,15,-0.027325225900233154
10416,sub60,ling_word_target,16,0.007162391759611922
10417,sub60,ling_word_target,17,-0.004675812358918392
10418,sub60,ling_word_target,18,0.04678669137603504
10419,sub60,ling_word_target,19,-0.02263420582513662
10420,sub60,ling_word_target,20,0.017372643531707154
10421,sub60,ling_word_target,21,-0.04483029025024022
10422,sub60,ling_word_target,22,0.033805761947074534
10423,sub60,ling_word_target,23,0.03554599211206906
10424,sub60,ling_word_target,24,0.028548385676650113
10425,sub60,ling_word_target,25,0.045695774432101294
10426,sub60,ling_word_target,26,-0.06747889625672154
10427,sub60,ling_word_target,27,0.05063035340289897
10428,sub60,ling_word_target,28,0.025952880016896832
10429,sub60,ling_word_target,29,-0.025141986224150373
10430,sub60,ling_word_target,30,0.01863743231218544
10431,sub60,ling_word_target,31,0.08853942542876626
10432,sub60,ling_word_target,32,0.04961107947738394
10433,sub60,ling_word_target,33,0.021686708111512416
10434,sub60,ling_word_target,34,0.06845902267126538
10435,sub60,ling_word_target,35,0.006566659910216123
10436,sub60,ling_word_target,36,0.08986974090922577
10437,sub60,ling_word_target,37,0.029770088841131904
10438,sub60,ling_word_target,38,-0.01033879871973498
10439,sub60,ling_word_target,39,-0.05858580289062465
10440,sub60,ling_word_target,40,0.13606100488045914
10441,sub60,ling_word_target,41,-0.01695262839895824
10442,sub60,ling_word_target,42,-0.005482134941946233
10443,sub60,ling_word_target,43,0.02318020639679751
10444,sub60,ling_word_target,44,-0.03997145223370743
10445,sub60,ling_word_target,45,-0.025395916246145976
10446,sub60,ling_word_target,46,0.019767412770064958
10447,sub60,ling_word_target,47,0.06501498574322158
10448,sub60,ling_word_target,48,0.018134109268338396
10449,sub60,ling_word_target,49,0.054339680742549704
10450,sub60,ling_word_target,50,-0.004237899263993339
10451,sub60,ling_word_target,51,0.05758098704038271
10452,sub60,ling_word_target,52,-0.0010104526542159512
10453,sub60,ling_word_target,53,0.07425146280365616
10454,sub60,ling_word_target,54,-0.05330835164869601
10455,sub60,ling_word_target,55,0.03812227234433854
10456,sub60,ling_word_target,56,0.05836925274367862
10457,sub60,ling_word_target,57,-0.037739803261311045
10458,sub60,ling_word_target,58,0.008967939672229279
10459,sub60,ling_word_target,59,-0.061207147035718446
10460,sub60,ling_word_target,60,0.040768617223516636
10461,sub60,ling_word_target,61,0.012989441404402146
10462,sub60,ling_word_target,62,0.05383070084226193
10463,sub60,ling_word_target,63,0.03415015631339319
10464,sub60,ling_word_target,64,0.03445677723355959
10465,sub60,ling_word_target,65,-0.02864427324676268
10466,sub60,ling_word_target,66,-0.08013992619153251
10467,sub60,ling_word_target,67,-0.019563594824582763
10468,sub60,ling_word_target,68,-0.031928796899666004
10469,sub60,ling_word_target,69,-0.0162622250324806
10470,sub60,ling_word_target,70,0.0037502850167046263
10471,sub60,ling_word_target,71,-0.012648917235120825
10472,sub60,ling_word_target,72,-0.016272187306733077
10473,sub60,ling_word_target,73,0.06828072420368546
10474,sub60,ling_word_target,74,0.0031768472829473574
10475,sub60,ling_word_target,75,-0.04085528421871277
10476,sub60,ling_word_target,76,-0.04329190562178887
10477,sub60,ling_word_target,77,0.0522459851878233
10478,sub60,ling_word_target,78,0.059495072055756805
10479,sub60,ling_word_target,79,-0.019949166443539265
10480,sub60,ling_word_target,80,-0.007282821637927331
10481,sub60,ling_word_target,81,0.09037274934228659
10482,sub60,ling_word_target,82,-0.046806344118234006
10483,sub60,ling_word_target,83,-0.05957956865204357
10484,sub60,ling_word_target,84,0.04451886998901316
10485,sub60,ling_word_target,85,-0.02959808087912275
10486,sub60,ling_word_target,86,-0.0006054655051650683
10487,sub60,ling_word_target,87,-0.03298333282806126
10488,sub60,ling_word_target,88,-0.05394791001573275
10489,sub60,ling_word_target,89,0.013528886976311019
10490,sub60,ling_word_target,90,-0.004816939013615345
10491,sub60,ling_word_target,91,-0.007098187773920523
10492,sub60,ling_word_target,92,0.04350254412530753
10493,sub60,ling_word_target,93,0.03177876749690365
10494,sub60,ling_word_target,94,0.06366342378176937
10495,sub60,ling_word_target,95,-0.07199000236061162
10496,sub60,ling_word_target,96,0.015645195827187604
10497,sub60,ling_word_target,97,0.017216055813613393
10498,sub60,ling_word_target,98,-0.01952105271507534
10499,sub60,ling_word_target,99,-0.06054918189224214
10500,sub60,ling_word_target,100,-0.07758850001493144
10501,sub60,ling_word_target,101,0.014235414813524918
10502,sub60,ling_word_target,102,-0.08536961915338351
10503,sub60,ling_word_target,103,0.03496834163190604
10504,sub60,ling_word_target,104,0.049282048132422075
10505,sub60,ling_word_target,105,-0.07208907701958363
10506,sub60,ling_word_target,106,-0.012818631815171625
10507,sub60,ling_word_target,107,0.07200257326899338
10508,sub60,ling_word_target,108,-0.06825537548846683
10509,sub60,ling_word_target,109,-0.031185719993136334
10510,sub60,ling_word_target,110,0.0008947430135633315
10511,sub60,ling_word_target,111,-0.003385809650768518
10512,sub60,ling_word_target,112,0.11514213467476778
10513,sub60,ling_word_target,113,0.09365197322269073
10514,sub60,ling_word_target,114,0.03173287893490743
10515,sub60,ling_word_target,115,-0.05097384811762547
10516,sub60,ling_word_target,116,0.031841706605698725
10517,sub60,ling_word_target,117,-0.044059083317839205
10518,sub60,ling_word_target,118,-0.03424092376796187
10519,sub60,ling_word_target,119,0.03996477582391491
10520,sub60,ling_word_target,120,-0.010380786710866268
10521,sub60,ling_word_target,121,0.025474667804327396
10522,sub60,ling_word_target,122,0.012373375602329666
10523,sub60,ling_word_target,123,0.010494655764902867
10524,sub60,ling_word_target,124,-0.006588545134711386
10525,sub60,ling_word_target,125,0.0015928716913255424
10526,sub60,ling_word_target,126,0.043757131284392695
10527,sub60,ling_word_target,127,-0.007345516426688451
10528,sub60,ling_word_target,128,0.03502327427494759
10529,sub60,ling_word_target,129,0.005637590729382566
10530,sub60,ling_word_target,130,-0.02081454760330298
10531,sub60,ling_word_target,131,-0.015206953937807986
10532,sub60,ling_word_target,132,-0.1049746303245117
10533,sub60,ling_word_target,133,0.05917093345493573
10534,sub60,ling_word_target,134,0.06943215705351719
10535,sub60,ling_word_target,135,0.03242882210347222
10536,sub60,ling_word_target,136,-0.04130985867216673
10537,sub60,ling_word_target,137,0.04563683547653708
10538,sub60,ling_word_target,138,-0.001061868811051386
10539,sub60,ling_word_target,139,0.05565746270713715
10540,sub60,ling_word_target,140,0.0224498440094516
10541,sub60,ling_word_target,141,-0.0243606069781438
10542,sub60,ling_word_target,142,0.019681762824466674
10543,sub60,ling_word_target,143,-0.008242749291684679
10544,sub60,ling_word_target,144,0.04356290812183897
10545,sub60,ling_word_target,145,-0.006002222474797218
10546,sub60,ling_word_target,146,0.030140042507236224
10547,sub60,ling_word_target,147,0.044424110654327185
10548,sub60,ling_word_target,148,-0.005345617659220801
10549,sub60,ling_word_target,149,0.053163339038657394
10550,sub60,ling_word_target,150,-0.03222277410566318
10551,sub60,ling_word_target,151,-0.01357703375129966
10552,sub60,ling_word_target,152,0.02276589613330953
10553,sub60,ling_word_target,153,-0.06265473216668623
10554,sub60,ling_word_target,154,-0.021112744444195322
10555,sub60,ling_word_target,155,0.04284331499539643
10556,sub60,ling_word_target,156,-0.02193940110837932
10557,sub60,ling_word_target,157,0.010203048489753938
10558,sub60,ling_word_target,158,0.05510416477920338
10559,sub60,ling_word_target,159,0.018146959755764535
10560,sub60,ling_word_target,160,-0.010562981239538397
10561,sub60,ling_word_target,161,0.0006072051620709155
10562,sub60,ling_word_target,162,0.03164345313558464
10563,sub60,ling_word_target,163,-0.0051705239396802926
10564,sub60,ling_word_target,164,0.12973710270823852
10565,sub60,ling_word_target,165,0.012429900553431777
10566,sub60,ling_word_target,166,-0.004580170444784681
10567,sub60,ling_word_target,167,-0.004350687414914689
10568,sub60,ling_word_target,168,-0.031832170998471326
10569,sub60,ling_word_target,169,0.013352300354825942
10570,sub60,ling_word_target,170,-0.028132790415043483
10571,sub60,ling_word_target,171,-0.058506976798235515
10572,sub60,ling_word_target,172,-0.04809754873420053
10573,sub60,ling_word_target,173,-0.004399907948865668
10574,sub60,ling_word_target,174,0.04199942875235507
10575,sub60,ling_word_target,175,0.021508077494030033
10576,sub60,ling_word_target,176,0.0646300975721596
10577,sub60,ling_word_target,177,-0.024319318183875005
10578,sub60,ling_word_target,178,0.005557407573396808
10579,sub60,ling_word_target,179,0.02354288154399675
10580,sub60,ling_word_target,180,0.018262725406202638
10581,sub60,ling_word_target,181,0.012868818089265186
10582,sub60,ling_word_target,182,-0.040153007140123646
10583,sub60,ling_word_target,183,-0.05649342068986005
10584,sub60,ling_word_target,184,0.0815590182071937
10585,sub60,ling_word_target,185,-0.11180373195711925
10586,sub60,ling_word_target,186,0.05282880681525945
10587,sub60,ling_word_target,187,-0.07280677622772733
10588,sub60,ling_word_target,188,0.037251442306852484
10589,sub60,ling_word_target,189,0.038270894552125366
10590,sub60,ling_word_target,190,-0.05809763445166041
10591,sub60,ling_word_target,191,0.02842101557985692
10592,sub60,ling_word_target,192,-0.023429049221027842
10593,sub60,ling_word_target,193,-0.043346567808271765
10594,sub60,ling_word_target,194,0.0017110736609744976
10595,sub60,ling_word_target,195,0.025178511816497065
10596,sub60,ling_word_target,196,0.06945254508512248
10597,sub60,ling_word_target,197,-0.0023671548348609866
10598,sub60,ling_word_target,198,-0.040108359457475345
10599,sub60,ling_word_target,199,-0.006498817988381457
10600,sub61,ling_word_target,0,0.10408021675931282
10601,sub61,ling_word_target,1,0.07236892340876037
10602,sub61,ling_word_target,2,0.06866239562811102
10603,sub61,ling_word_target,3,-0.023269625397072512
10604,sub61,ling_word_target,4,0.06963159366886061
10605,sub61,ling_word_target,5,-0.07383258899620317
10606,sub61,ling_word_target,6,-0.017874324478133655
10607,sub61,ling_word_target,7,-0.032048821922612346
10608,sub61,ling_word_target,8,0.04445779857199272
10609,sub61,ling_word_target,9,-0.032248831171239646
10610,sub61,ling_word_target,10,0.02692173330075667
10611,sub61,ling_word_target,11,0.02702498430422838
10612,sub61,ling_word_target,12,-0.044192048401557396
10613,sub61,ling_word_target,13,0.022063720083889137
10614,sub61,ling_word_target,14,-0.04428711999640383
10615,sub61,ling_word_target,15,-0.08080518567505883
10616,sub61,ling_word_target,16,-0.1421524484983986
10617,sub61,ling_word_target,17,0.05981508095965931
10618,sub61,ling_word_target,18,0.04511767489515157
10619,sub61,ling_word_target,19,-0.02242835502431265
10620,sub61,ling_word_target,20,-0.029858879758058936
10621,sub61,ling_word_target,21,-0.013305401846608384
10622,sub61,ling_word_target,22,-0.039395796660409134
10623,sub61,ling_word_target,23,0.030032632567917234
10624,sub61,ling_word_target,24,0.09380378171986047
10625,sub61,ling_word_target,25,0.02330360349802772
10626,sub61,ling_word_target,26,0.20262588639424603
10627,sub61,ling_word_target,27,0.025585675110480575
10628,sub61,ling_word_target,28,0.06261095565290631
10629,sub61,ling_word_target,29,0.02863647107847175
10630,sub61,ling_word_target,30,-0.024297346684844467
10631,sub61,ling_word_target,31,0.033417007553498405
10632,sub61,ling_word_target,32,-0.12402043353304311
10633,sub61,ling_word_target,33,0.10290760391562954
10634,sub61,ling_word_target,34,0.02259313910058142
10635,sub61,ling_word_target,35,-0.006317722702717851
10636,sub61,ling_word_target,36,0.047477073485411934
10637,sub61,ling_word_target,37,0.027296192031798422
10638,sub61,ling_word_target,38,0.03780390841101086
10639,sub61,ling_word_target,39,-0.04863368326402932
10640,sub61,ling_word_target,40,-0.00040846104493393005
10641,sub61,ling_word_target,41,0.00171915884406931
10642,sub61,ling_word_target,42,0.014942710340940918
10643,sub61,ling_word_target,43,-0.03392625002250109
10644,sub61,ling_word_target,44,0.04298402973144186
10645,sub61,ling_word_target,45,0.011444609073068263
10646,sub61,ling_word_target,46,0.04751103346250633
10647,sub61,ling_word_target,47,0.02186859321458263
10648,sub61,ling_word_target,48,0.010449308848949639
10649,sub61,ling_word_target,49,0.050585382143117495
10650,sub61,ling_word_target,50,-0.049122926768454235
10651,sub61,ling_word_target,51,-0.040870697061150665
10652,sub61,ling_word_target,52,-0.004837462266645517
10653,sub61,ling_word_target,53,-0.01512683948219947
10654,sub61,ling_word_target,54,-0.035405362584653696
10655,sub61,ling_word_target,55,0.022355523776480566
10656,sub61,ling_word_target,56,-0.06001957497753253
10657,sub61,ling_word_target,57,-0.016500968473006604
10658,sub61,ling_word_target,58,-0.0008564790665508895
10659,sub61,ling_word_target,59,-0.009726973290764386
10660,sub61,ling_word_target,60,0.007752050419573545
10661,sub61,ling_word_target,61,0.06485339844189436
10662,sub61,ling_word_target,62,-0.00687383281712879
10663,sub61,ling_word_target,63,0.0786352577780976
10664,sub61,ling_word_target,64,-0.021894312086341596
10665,sub61,ling_word_target,65,0.02276667516821114
10666,sub61,ling_word_target,66,0.02787713421547994
10667,sub61,ling_word_target,67,0.006959956099200495
10668,sub61,ling_word_target,68,-0.04081741644601851
10669,sub61,ling_word_target,69,0.021243564933019887
10670,sub61,ling_word_target,70,0.046573746588324874
10671,sub61,ling_word_target,71,0.12270336697310638
10672,sub61,ling_word_target,72,0.005803118510969505
10673,sub61,ling_word_target,73,0.024951012984755674
10674,sub61,ling_word_target,74,0.05096236352921302
10675,sub61,ling_word_target,75,-0.030391880417132876
10676,sub61,ling_word_target,76,0.07480763802466861
10677,sub61,ling_word_target,77,-0.04435152235951535
10678,sub61,ling_word_target,78,0.04645573958610651
10679,sub61,ling_word_target,79,0.011469033113070695
10680,sub61,ling_word_target,80,-0.018230006684944816
10681,sub61,ling_word_target,81,0.0502999805505193
10682,sub61,ling_word_target,82,0.09630421972745747
10683,sub61,ling_word_target,83,-0.03304870606162938
10684,sub61,ling_word_target,84,0.0926345689913926
10685,sub61,ling_word_target,85,0.050065785476084555
10686,sub61,ling_word_target,86,0.011678374998755119
10687,sub61,ling_word_target,87,0.0036416824747090167
10688,sub61,ling_word_target,88,-0.030237869535972857
10689,sub61,ling_word_target,89,0.04996585325299053
10690,sub61,ling_word_target,90,0.04451889307920015
10691,sub61,ling_word_target,91,0.026652305128617687
10692,sub61,ling_word_target,92,-0.002204193250239208
10693,sub61,ling_word_target,93,-0.041436264559322755
10694,sub61,ling_word_target,94,-0.020789802331237985
10695,sub61,ling_word_target,95,-0.0034033733748737452
10696,sub61,ling_word_target,96,-0.01106818112460633
10697,sub61,ling_word_target,97,0.07561148596179885
10698,sub61,ling_word_target,98,0.01698535252577583
10699,sub61,ling_word_target,99,-0.030812890966318923
10700,sub61,ling_word_target,100,0.04597242376678361
10701,sub61,ling_word_target,101,0.08328454078685218
10702,sub61,ling_word_target,102,-0.006924434061985809
10703,sub61,ling_word_target,103,-0.0006454646456727403
10704,sub61,ling_word_target,104,0.014432021018190667
10705,sub61,ling_word_target,105,0.051510504513257296
10706,sub61,ling_word_target,106,0.020553954641155454
10707,sub61,ling_word_target,107,0.061401957323624266
10708,sub61,ling_word_target,108,0.06116435360586317
10709,sub61,ling_word_target,109,0.025722085274224003
10710,sub61,ling_word_target,110,-0.09363675861058429
10711,sub61,ling_word_target,111,-0.01681878548188561
10712,sub61,ling_word_target,112,-0.002206047243026792
10713,sub61,ling_word_target,113,-0.011867780578620524
10714,sub61,ling_word_target,114,0.04091154332802198
10715,sub61,ling_word_target,115,-0.00858121518675858
10716,sub61,ling_word_target,116,0.024812894836691128
10717,sub61,ling_word_target,117,0.019453328134826316
10718,sub61,ling_word_target,118,0.01692900481684933
10719,sub61,ling_word_target,119,-0.03139085134484097
10720,sub61,ling_word_target,120,-0.016929489463397427
10721,sub61,ling_word_target,121,-0.03789612806152589
10722,sub61,ling_word_target,122,-0.07329857674768853
10723,sub61,ling_word_target,123,0.004555604241250949
10724,sub61,ling_word_target,124,-0.058414703764403234
10725,sub61,ling_word_target,125,0.027220445220463723
10726,sub61,ling_word_target,126,0.019007543775461513
10727,sub61,ling_word_target,127,-0.056295979679893395
10728,sub61,ling_word_target,128,-0.13988434022471144
10729,sub61,ling_word_target,129,0.028254149617401088
10730,sub61,ling_word_target,130,0.0059054338802159
10731,sub61,ling_word_target,131,0.00513834597496906
10732,sub61,ling_word_target,132,0.024780000060683125
10733,sub61,ling_word_target,133,0.004443740258130246
10734,sub61,ling_word_target,134,-0.02598693547577849
10735,sub61,ling_word_target,135,-0.04087970806737788
10736,sub61,ling_word_target,136,-0.003407346429564725
10737,sub61,ling_word_target,137,0.005649524540132138
10738,sub61,ling_word_target,138,-0.05667281519018472
10739,sub61,ling_word_target,139,-0.02867595484640301
10740,sub61,ling_word_target,140,0.02222450524216265
10741,sub61,ling_word_target,141,0.017499623161635176
10742,sub61,ling_word_target,142,-0.009565691815770756
10743,sub61,ling_word_target,143,-0.0642080212552795
10744,sub61,ling_word_target,144,-0.0004438197465895744
10745,sub61,ling_word_target,145,0.017012028812911327
10746,sub61,ling_word_target,146,0.0381458848138161
10747,sub61,ling_word_target,147,-0.0028564015295401398
10748,sub61,ling_word_target,148,-0.037167758983495815
10749,sub61,ling_word_target,149,0.024102811163661256
10750,sub61,ling_word_target,150,0.020890763541755522
10751,sub61,ling_word_target,151,0.016185949829718622
10752,sub61,ling_word_target,152,-0.04270910471447245
10753,sub61,ling_word_target,153,0.010972125356291879
10754,sub61,ling_word_target,154,0.03145157935700859
10755,sub61,ling_word_target,155,0.04269877678457696
10756,sub61,ling_word_target,156,0.00021718111488389774
10757,sub61,ling_word_target,157,0.014055874704465052
10758,sub61,ling_word_target,158,-0.048406510440699324
10759,sub61,ling_word_target,159,-0.009258380010625017
10760,sub61,ling_word_target,160,-0.04372700403613447
10761,sub61,ling_word_target,161,-0.039428645816874275
10762,sub61,ling_word_target,162,0.002420236449899505
10763,sub61,ling_word_target,163,-0.0014905944567127753
10764,sub61,ling_word_target,164,-0.027765645804238043
10765,sub61,ling_word_target,165,-0.035389648837407923
10766,sub61,ling_word_target,166,-0.03999749159956499
10767,sub61,ling_word_target,167,-0.004163040177549445
10768,sub61,ling_word_target,168,0.0004289856840559907
10769,sub61,ling_word_target,169,0.07695512670034511
10770,sub61,ling_word_target,170,-0.01509760107038146
10771,sub61,ling_word_target,171,-0.03825220603156645
10772,sub61,ling_word_target,172,0.007597535280498559
10773,sub61,ling_word_target,173,0.05113719677407255
10774,sub61,ling_word_target,174,0.02282128523369368
10775,sub61,ling_word_target,175,-0.09513790326683716
10776,sub61,ling_word_target,176,0.038995009171733964
10777,sub61,ling_word_target,177,-0.011191811650049146
10778,sub61,ling_word_target,178,0.06542890877418156
10779,sub61,ling_word_target,179,0.07817276659326637
10780,sub61,ling_word_target,180,0.03560382596816293
10781,sub61,ling_word_target,181,-0.03175288155026841
10782,sub61,ling_word_target,182,0.09493135195525322
10783,sub61,ling_word_target,183,-0.04684502114125805
10784,sub61,ling_word_target,184,0.016801304368306465
10785,sub61,ling_word_target,185,-0.00418520180352655
10786,sub61,ling_word_target,186,-0.021176282598759213
10787,sub61,ling_word_target,187,-0.024341325090602512
10788,sub61,ling_word_target,188,-0.0695469050334285
10789,sub61,ling_word_target,189,-0.01901683475460003
10790,sub61,ling_word_target,190,0.0401454788626154
10791,sub61,ling_word_target,191,0.023152961312733023
10792,sub61,ling_word_target,192,0.004058529407114284
10793,sub61,ling_word_target,193,0.035491134985256134
10794,sub61,ling_word_target,194,-0.060043120887538805
10795,sub61,ling_word_target,195,-0.02878985732084483
10796,sub61,ling_word_target,196,-0.018437144616596225
10797,sub61,ling_word_target,197,0.0079967478202722
10798,sub61,ling_word_target,198,0.04561459590485445
10799,sub61,ling_word_target,199,0.02269576344592457
10800,sub62,ling_word_target,0,-0.06351523544266875
10801,sub62,ling_word_target,1,-0.027616454637475505
10802,sub62,ling_word_target,2,0.07469288703515771
10803,sub62,ling_word_target,3,0.15305899706671566
10804,sub62,ling_word_target,4,0.003096093227847751
10805,sub62,ling_word_target,5,-0.015527662687651085
10806,sub62,ling_word_target,6,-0.0016751511625429647
10807,sub62,ling_word_target,7,-0.09200748404787033
10808,sub62,ling_word_target,8,-0.003815362321324637
10809,sub62,ling_word_target,9,0.05378241610907307
10810,sub62,ling_word_target,10,-0.008168165590921754
10811,sub62,ling_word_target,11,0.0187023285458142
10812,sub62,ling_word_target,12,-0.02549709379902433
10813,sub62,ling_word_target,13,0.019564484900817643
10814,sub62,ling_word_target,14,-0.03275450663312455
10815,sub62,ling_word_target,15,-0.030922996665815314
10816,sub62,ling_word_target,16,-0.032361675660848424
10817,sub62,ling_word_target,17,0.04487938777274778
10818,sub62,ling_word_target,18,0.029875710769750114
10819,sub62,ling_word_target,19,0.059950003321742905
10820,sub62,ling_word_target,20,0.04111289949323058
10821,sub62,ling_word_target,21,0.057846001554434735
10822,sub62,ling_word_target,22,-0.0374644802791747
10823,sub62,ling_word_target,23,0.041738975507115764
10824,sub62,ling_word_target,24,-0.030779065294970927
10825,sub62,ling_word_target,25,0.004333147892396238
10826,sub62,ling_word_target,26,-0.05229169557370759
10827,sub62,ling_word_target,27,0.03077087052901597
10828,sub62,ling_word_target,28,-0.044068145130273066
10829,sub62,ling_word_target,29,-0.03599791399434184
10830,sub62,ling_word_target,30,0.04734337303157097
10831,sub62,ling_word_target,31,0.07728354976488941
10832,sub62,ling_word_target,32,-0.003937199307148894
10833,sub62,ling_word_target,33,0.05161425798205057
10834,sub62,ling_word_target,34,-0.0005050952233724268
10835,sub62,ling_word_target,35,-0.05631756259145154
10836,sub62,ling_word_target,36,-0.01808992615132141
10837,sub62,ling_word_target,37,0.0016624860275725733
10838,sub62,ling_word_target,38,-0.015270971779622375
10839,sub62,ling_word_target,39,0.03961043639108597
10840,sub62,ling_word_target,40,0.015341991628635657
10841,sub62,ling_word_target,41,-0.00015369721776058848
10842,sub62,ling_word_target,42,0.10132900187115422
10843,sub62,ling_word_target,43,-0.1048969450875819
10844,sub62,ling_word_target,44,-0.06905285386608886
10845,sub62,ling_word_target,45,0.015953025161018215
10846,sub62,ling_word_target,46,0.002848089772338076
10847,sub62,ling_word_target,47,-0.008991574089825208
10848,sub62,ling_word_target,48,0.033267140237496044
10849,sub62,ling_word_target,49,-0.015883168892746047
10850,sub62,ling_word_target,50,-0.05552872313665134
10851,sub62,ling_word_target,51,-0.003430192783899989
10852,sub62,ling_word_target,52,0.03444422012290804
10853,sub62,ling_word_target,53,0.030548047317327787
10854,sub62,ling_word_target,54,0.0021150385641996567
10855,sub62,ling_word_target,55,0.046715241077920994
10856,sub62,ling_word_target,56,0.05521657580315867
10857,sub62,ling_word_target,57,-0.020212054951351907
10858,sub62,ling_word_target,58,-0.028659970508820073
10859,sub62,ling_word_target,59,0.04142618593465935
10860,sub62,ling_word_target,60,-0.05560325237877983
10861,sub62,ling_word_target,61,0.005792874954213614
10862,sub62,ling_word_target,62,0.1294437314971951
10863,sub62,ling_word_target,63,0.05754863160156963
10864,sub62,ling_word_target,64,0.0009816272630077019
10865,sub62,ling_word_target,65,-0.019357565106135673
10866,sub62,ling_word_target,66,0.03688746371441987
10867,sub62,ling_word_target,67,0.035451164166866334
10868,sub62,ling_word_target,68,-0.002905017214157798
10869,sub62,ling_word_target,69,0.003989942249619295
10870,sub62,ling_word_target,70,0.047854145174664554
10871,sub62,ling_word_target,71,0.0364288604229869
10872,sub62,ling_word_target,72,0.019307485636036237
10873,sub62,ling_word_target,73,-0.05446807845948144
10874,sub62,ling_word_target,74,0.059317308203846564
10875,sub62,ling_word_target,75,0.062129622603645046
10876,sub62,ling_word_target,76,-0.10280627182392295
10877,sub62,ling_word_target,77,0.006742443431283531
10878,sub62,ling_word_target,78,0.08613757031146846
10879,sub62,ling_word_target,79,0.004169648459966016
10880,sub62,ling_word_target,80,0.027903235201361683
10881,sub62,ling_word_target,81,0.010762100790418363
10882,sub62,ling_word_target,82,0.1419548185159285
10883,sub62,ling_word_target,83,-0.034853493699039256
10884,sub62,ling_word_target,84,-0.007695085442397461
10885,sub62,ling_word_target,85,0.09360521383655226
10886,sub62,ling_word_target,86,0.03826688760212813
10887,sub62,ling_word_target,87,-0.05931039667744352
10888,sub62,ling_word_target,88,-0.0658882684117797
10889,sub62,ling_word_target,89,0.038727196252211445
10890,sub62,ling_word_target,90,0.15706554705712858
10891,sub62,ling_word_target,91,0.04024020392275353
10892,sub62,ling_word_target,92,-0.004694840295607538
10893,sub62,ling_word_target,93,-0.03930819241418261
10894,sub62,ling_word_target,94,0.04172819966975888
10895,sub62,ling_word_target,95,-0.03185159090219222
10896,sub62,ling_word_target,96,0.024777446027387483
10897,sub62,ling_word_target,97,-0.012112833451330261
10898,sub62,ling_word_target,98,0.022763513194084515
10899,sub62,ling_word_target,99,-0.0678963419799893
10900,sub62,ling_word_target,100,0.03827830318411347
10901,sub62,ling_word_target,101,-0.03769821478929636
10902,sub62,ling_word_target,102,0.04153999165591669
10903,sub62,ling_word_target,103,0.03373206084894307
10904,sub62,ling_word_target,104,-0.027453689239443958
10905,sub62,ling_word_target,105,-0.011805610874133789
10906,sub62,ling_word_target,106,-0.05120537912653352
10907,sub62,ling_word_target,107,0.006887912360022353
10908,sub62,ling_word_target,108,0.05892874287260706
10909,sub62,ling_word_target,109,0.02923277756703654
10910,sub62,ling_word_target,110,-0.005772609828578503
10911,sub62,ling_word_target,111,-0.06925233001192553
10912,sub62,ling_word_target,112,0.08129325001435356
10913,sub62,ling_word_target,113,-0.03945491175413947
10914,sub62,ling_word_target,114,-0.04418692571344014
10915,sub62,ling_word_target,115,0.05236103558142098
10916,sub62,ling_word_target,116,-0.01807301532649298
10917,sub62,ling_word_target,117,0.019672917876217808
10918,sub62,ling_word_target,118,-0.05948539351616728
10919,sub62,ling_word_target,119,-0.02793569340577585
10920,sub62,ling_word_target,120,-0.026145644570227937
10921,sub62,ling_word_target,121,-0.03925094787292206
10922,sub62,ling_word_target,122,-0.05566071606310964
10923,sub62,ling_word_target,123,-0.030283024288354655
10924,sub62,ling_word_target,124,0.014549949227815887
10925,sub62,ling_word_target,125,-0.03562768181138125
10926,sub62,ling_word_target,126,0.013442870215567145
10927,sub62,ling_word_target,127,0.06468502694963055
10928,sub62,ling_word_target,128,-0.0807141969890552
10929,sub62,ling_word_target,129,-0.009237820902116814
10930,sub62,ling_word_target,130,0.03208572793371271
10931,sub62,ling_word_target,131,0.015406142235149913
10932,sub62,ling_word_target,132,0.038269402829193645
10933,sub62,ling_word_target,133,0.027053778967571357
10934,sub62,ling_word_target,134,-0.0002549481307610285
10935,sub62,ling_word_target,135,-0.0015237000885286551
10936,sub62,ling_word_target,136,0.10949294928184657
10937,sub62,ling_word_target,137,-0.034871427127363734
10938,sub62,ling_word_target,138,-0.11585425317890886
10939,sub62,ling_word_target,139,-0.05786032624042654
10940,sub62,ling_word_target,140,0.036915476339929275
10941,sub62,ling_word_target,141,0.02986146843690685
10942,sub62,ling_word_target,142,-0.006542817665853299
10943,sub62,ling_word_target,143,-0.01605967292457688
10944,sub62,ling_word_target,144,0.04766471812673454
10945,sub62,ling_word_target,145,-0.07895599628184649
10946,sub62,ling_word_target,146,-0.05940430506846976
10947,sub62,ling_word_target,147,0.07164990043298128
10948,sub62,ling_word_target,148,0.04366837906771796
10949,sub62,ling_word_target,149,0.015461513773158662
10950,sub62,ling_word_target,150,-0.058961150030808276
10951,sub62,ling_word_target,151,0.047156553181587305
10952,sub62,ling_word_target,152,0.07339847187143603
10953,sub62,ling_word_target,153,0.004765063876749311
10954,sub62,ling_word_target,154,-0.018250852230325732
10955,sub62,ling_word_target,155,0.016088638963364845
10956,sub62,ling_word_target,156,0.13178781024206143
10957,sub62,ling_word_target,157,0.01381021768098918
10958,sub62,ling_word_target,158,0.007880839682104707
10959,sub62,ling_word_target,159,0.015026857343106874
10960,sub62,ling_word_target,160,-0.00882165657665442
10961,sub62,ling_word_target,161,-0.0123812863293334
10962,sub62,ling_word_target,162,-0.018787533052147597
10963,sub62,ling_word_target,163,0.02732287660800026
10964,sub62,ling_word_target,164,0.002660641037952171
10965,sub62,ling_word_target,165,0.08870781035015354
10966,sub62,ling_word_target,166,-0.07170515814187398
10967,sub62,ling_word_target,167,0.042766702670640755
10968,sub62,ling_word_target,168,0.02555262290724841
10969,sub62,ling_word_target,169,0.12134687106825218
10970,sub62,ling_word_target,170,0.017842220012920653
10971,sub62,ling_word_target,171,0.10476489476648752
10972,sub62,ling_word_target,172,-0.029097324577965367
10973,sub62,ling_word_target,173,-0.08303084091752078
10974,sub62,ling_word_target,174,0.004037016835242848
10975,sub62,ling_word_target,175,0.015945155463268166
10976,sub62,ling_word_target,176,-0.005390953136430192
10977,sub62,ling_word_target,177,0.039076434381977936
10978,sub62,ling_word_target,178,0.03327623832169847
10979,sub62,ling_word_target,179,-0.023457708929708318
10980,sub62,ling_word_target,180,-0.06748956445679877
10981,sub62,ling_word_target,181,0.009037905238503226
10982,sub62,ling_word_target,182,0.04238673860649054
10983,sub62,ling_word_target,183,0.01532697579223335
10984,sub62,ling_word_target,184,0.009986132990468506
10985,sub62,ling_word_target,185,-0.03975172022238932
10986,sub62,ling_word_target,186,0.04011570147485186
10987,sub62,ling_word_target,187,-0.029416757316479268
10988,sub62,ling_word_target,188,-0.08991690485615556
10989,sub62,ling_word_target,189,-0.02459663973930582
10990,sub62,ling_word_target,190,-0.014050688690714398
10991,sub62,ling_word_target,191,-0.00317395273723636
10992,sub62,ling_word_target,192,0.04584443815635927
10993,sub62,ling_word_target,193,0.051263749954943046
10994,sub62,ling_word_target,194,0.004534311771850556
10995,sub62,ling_word_target,195,0.06895121582378227
10996,sub62,ling_word_target,196,0.006330851027740141
10997,sub62,ling_word_target,197,0.06939074476707904
10998,sub62,ling_word_target,198,-0.006607324150839
10999,sub62,ling_word_target,199,0.053099701950199626
11000,sub64,ling_word_target,0,0.04571115036777923
11001,sub64,ling_word_target,1,0.11607374822535356
11002,sub64,ling_word_target,2,-0.02897177993281138
11003,sub64,ling_word_target,3,-0.007116881979501013
11004,sub64,ling_word_target,4,0.005470092121681036
11005,sub64,ling_word_target,5,0.013409517209355886
11006,sub64,ling_word_target,6,0.035813491798021076
11007,sub64,ling_word_target,7,-0.07948562720131541
11008,sub64,ling_word_target,8,-0.0703292369626741
11009,sub64,ling_word_target,9,0.029763189983553737
11010,sub64,ling_word_target,10,0.02877512461118967
11011,sub64,ling_word_target,11,-0.018693655647755682
11012,sub64,ling_word_target,12,0.04393887438256054
11013,sub64,ling_word_target,13,-0.055715429548524105
11014,sub64,ling_word_target,14,-0.06681124178637672
11015,sub64,ling_word_target,15,-0.07858590218702312
11016,sub64,ling_word_target,16,0.03834814453338851
11017,sub64,ling_word_target,17,0.03202749085395391
11018,sub64,ling_word_target,18,0.01766969303488021
11019,sub64,ling_word_target,19,0.018374490122925306
11020,sub64,ling_word_target,20,-0.04181933886407203
11021,sub64,ling_word_target,21,0.0019087351481591236
11022,sub64,ling_word_target,22,0.08165616730166628
11023,sub64,ling_word_target,23,0.09448310138552223
11024,sub64,ling_word_target,24,-0.07550385367327947
11025,sub64,ling_word_target,25,0.00018021548436114007
11026,sub64,ling_word_target,26,0.04061334947082967
11027,sub64,ling_word_target,27,-0.055528118721885275
11028,sub64,ling_word_target,28,0.07269442295283571
11029,sub64,ling_word_target,29,-0.02355705668878689
11030,sub64,ling_word_target,30,-0.0009753594650436668
11031,sub64,ling_word_target,31,0.03500127467042527
11032,sub64,ling_word_target,32,-0.023463701689894468
11033,sub64,ling_word_target,33,0.03555689639657645
11034,sub64,ling_word_target,34,0.10825084703494894
11035,sub64,ling_word_target,35,0.0364133643898985
11036,sub64,ling_word_target,36,0.010115069645648832
11037,sub64,ling_word_target,37,-0.010944939801832617
11038,sub64,ling_word_target,38,-0.00033827291941426003
11039,sub64,ling_word_target,39,-0.00937095789631156
11040,sub64,ling_word_target,40,-0.01556744221550173
11041,sub64,ling_word_target,41,0.010171316370989602
11042,sub64,ling_word_target,42,-0.003044290209319354
11043,sub64,ling_word_target,43,0.09010562985175481
11044,sub64,ling_word_target,44,0.04109309619360454
11045,sub64,ling_word_target,45,-0.088896287798974
11046,sub64,ling_word_target,46,-0.026481053859106783
11047,sub64,ling_word_target,47,0.089141859128525
11048,sub64,ling_word_target,48,0.014460841559078844
11049,sub64,ling_word_target,49,-0.00483550213160755
11050,sub64,ling_word_target,50,-0.03100112601811542
11051,sub64,ling_word_target,51,-0.057459178261864474
11052,sub64,ling_word_target,52,0.05525597782238115
11053,sub64,ling_word_target,53,-0.04213653671908182
11054,sub64,ling_word_target,54,0.025011244740246807
11055,sub64,ling_word_target,55,-0.05377968997545823
11056,sub64,ling_word_target,56,0.0054238649396299195
11057,sub64,ling_word_target,57,-0.021582092663641073
11058,sub64,ling_word_target,58,0.007881725556792073
11059,sub64,ling_word_target,59,-0.0524111865661482
11060,sub64,ling_word_target,60,-0.09780093115108986
11061,sub64,ling_word_target,61,0.046689696056332775
11062,sub64,ling_word_target,62,0.056241314907944116
11063,sub64,ling_word_target,63,-0.00940454147216107
11064,sub64,ling_word_target,64,0.07357616400952185
11065,sub64,ling_word_target,65,0.027157517279511458
11066,sub64,ling_word_target,66,-0.001394733312800454
11067,sub64,ling_word_target,67,0.013655841956724892
11068,sub64,ling_word_target,68,-0.0159064571980906
11069,sub64,ling_word_target,69,0.026234936597485013
11070,sub64,ling_word_target,70,-0.07289023804664524
11071,sub64,ling_word_target,71,0.02985794987724989
11072,sub64,ling_word_target,72,0.05698496014615657
11073,sub64,ling_word_target,73,0.09082078097735288
11074,sub64,ling_word_target,74,-0.040753579663970294
11075,sub64,ling_word_target,75,-0.10209142695781867
11076,sub64,ling_word_target,76,0.04573546666673649
11077,sub64,ling_word_target,77,-0.023849181905427178
11078,sub64,ling_word_target,78,-0.058899971773721374
11079,sub64,ling_word_target,79,0.07720449855967884
11080,sub64,ling_word_target,80,0.05076714958581402
11081,sub64,ling_word_target,81,-0.0016104148580431358
11082,sub64,ling_word_target,82,-0.04185346855681645
11083,sub64,ling_word_target,83,0.015059822728945889
11084,sub64,ling_word_target,84,-0.006019368077747281
11085,sub64,ling_word_target,85,0.029412631380955574
11086,sub64,ling_word_target,86,0.06474740233188284
11087,sub64,ling_word_target,87,0.048048277982884344
11088,sub64,ling_word_target,88,0.042643953739359905
11089,sub64,ling_word_target,89,0.08874082380035761
11090,sub64,ling_word_target,90,-0.06126669390757925
11091,sub64,ling_word_target,91,0.03851039418080079
11092,sub64,ling_word_target,92,-0.027409189499775968
11093,sub64,ling_word_target,93,-0.0014354792618995736
11094,sub64,ling_word_target,94,-0.023359715308177233
11095,sub64,ling_word_target,95,0.00981158033965859
11096,sub64,ling_word_target,96,0.005286332568263932
11097,sub64,ling_word_target,97,-0.02383568028142178
11098,sub64,ling_word_target,98,-0.022730246072405088
11099,sub64,ling_word_target,99,0.013472633324898653
11100,sub64,ling_word_target,100,-0.019580614636595686
11101,sub64,ling_word_target,101,-0.029034788228603788
11102,sub64,ling_word_target,102,0.007538661430614272
11103,sub64,ling_word_target,103,-0.007877019957636372
11104,sub64,ling_word_target,104,-0.03132520371589861
11105,sub64,ling_word_target,105,0.04086280686750795
11106,sub64,ling_word_target,106,-0.005315176448832974
11107,sub64,ling_word_target,107,-0.011336292565165003
11108,sub64,ling_word_target,108,-0.0808241801868541
11109,sub64,ling_word_target,109,-0.1032057898865368
11110,sub64,ling_word_target,110,0.004977511726778303
11111,sub64,ling_word_target,111,0.029238586013020054
11112,sub64,ling_word_target,112,0.03851858684639071
11113,sub64,ling_word_target,113,0.01618087440048655
11114,sub64,ling_word_target,114,-0.02307674480422598
11115,sub64,ling_word_target,115,-0.06359951787293096
11116,sub64,ling_word_target,116,-0.10323148994323365
11117,sub64,ling_word_target,117,0.1156937595658881
11118,sub64,ling_word_target,118,-0.005802302689238177
11119,sub64,ling_word_target,119,0.020818365911579935
11120,sub64,ling_word_target,120,0.09822373084759126
11121,sub64,ling_word_target,121,0.0055988206751757365
11122,sub64,ling_word_target,122,0.04747104361695387
11123,sub64,ling_word_target,123,-0.06265468110907665
11124,sub64,ling_word_target,124,0.004294307464494066
11125,sub64,ling_word_target,125,0.04777420621499951
11126,sub64,ling_word_target,126,-0.0923288463615079
11127,sub64,ling_word_target,127,-0.05280172658379382
11128,sub64,ling_word_target,128,0.04221591147719738
11129,sub64,ling_word_target,129,0.0031403252002210943
11130,sub64,ling_word_target,130,0.006819450889129603
11131,sub64,ling_word_target,131,0.04139110805978289
11132,sub64,ling_word_target,132,0.012361546863164442
11133,sub64,ling_word_target,133,-0.03762004179706881
11134,sub64,ling_word_target,134,0.002951934999450974
11135,sub64,ling_word_target,135,-0.020910402699330942
11136,sub64,ling_word_target,136,-0.01046106498977178
11137,sub64,ling_word_target,137,-0.03542917946942909
11138,sub64,ling_word_target,138,-0.022945616570158554
11139,sub64,ling_word_target,139,0.01838438891549547
11140,sub64,ling_word_target,140,0.010397985029287972
11141,sub64,ling_word_target,141,0.06351039986226212
11142,sub64,ling_word_target,142,0.00941313093191825
11143,sub64,ling_word_target,143,0.03134549662504489
11144,sub64,ling_word_target,144,-0.07183017442891279
11145,sub64,ling_word_target,145,0.02633240759839096
11146,sub64,ling_word_target,146,0.04325146525166617
11147,sub64,ling_word_target,147,-0.021179335368487266
11148,sub64,ling_word_target,148,-0.07000641863934103
11149,sub64,ling_word_target,149,0.05909094773661562
11150,sub64,ling_word_target,150,-0.058249578721416596
11151,sub64,ling_word_target,151,0.02279872041869569
11152,sub64,ling_word_target,152,0.04515496462910903
11153,sub64,ling_word_target,153,-0.0022588712992566806
11154,sub64,ling_word_target,154,-0.03486879437830182
11155,sub64,ling_word_target,155,0.05676010723222925
11156,sub64,ling_word_target,156,0.022444814939393844
11157,sub64,ling_word_target,157,0.027232815731423592
11158,sub64,ling_word_target,158,0.02703007129194002
11159,sub64,ling_word_target,159,0.056772266880938976
11160,sub64,ling_word_target,160,0.038237206401199604
11161,sub64,ling_word_target,161,0.008518673724652575
11162,sub64,ling_word_target,162,0.011155130290367993
11163,sub64,ling_word_target,163,0.06813400292404778
11164,sub64,ling_word_target,164,0.037934083091545244
11165,sub64,ling_word_target,165,0.04318232753321801
11166,sub64,ling_word_target,166,-0.03045089899151679
11167,sub64,ling_word_target,167,-0.021620680669943104
11168,sub64,ling_word_target,168,0.0110373461200106
11169,sub64,ling_word_target,169,0.10031206252614557
11170,sub64,ling_word_target,170,-0.00898406835320227
11171,sub64,ling_word_target,171,-0.03336934510950548
11172,sub64,ling_word_target,172,0.0008119887451655694
11173,sub64,ling_word_target,173,0.029050093492249022
11174,sub64,ling_word_target,174,0.08984006424627447
11175,sub64,ling_word_target,175,0.10172459047654217
11176,sub64,ling_word_target,176,-0.009654192263117176
11177,sub64,ling_word_target,177,0.019103852728336406
11178,sub64,ling_word_target,178,0.03434647800725848
11179,sub64,ling_word_target,179,0.04713544923477104
11180,sub64,ling_word_target,180,0.04153894675545582
11181,sub64,ling_word_target,181,-0.024993034693354392
11182,sub64,ling_word_target,182,0.04260784223479641
11183,sub64,ling_word_target,183,-0.051837891807138645
11184,sub64,ling_word_target,184,0.021254102066094013
11185,sub64,ling_word_target,185,0.00268617913701379
11186,sub64,ling_word_target,186,-0.07514268307442752
11187,sub64,ling_word_target,187,-0.010284531725203435
11188,sub64,ling_word_target,188,-0.006587834245393787
11189,sub64,ling_word_target,189,0.23582314952284272
11190,sub64,ling_word_target,190,0.0044751316033767
11191,sub64,ling_word_target,191,-0.03239991702523924
11192,sub64,ling_word_target,192,0.019700616089892865
11193,sub64,ling_word_target,193,-6.3927920189644026e-06
11194,sub64,ling_word_target,194,0.04655666247709615
11195,sub64,ling_word_target,195,-0.0655960331342577
11196,sub64,ling_word_target,196,0.082310413049881
11197,sub64,ling_word_target,197,-0.025838891344355765
11198,sub64,ling_word_target,198,-0.05584705113262719
11199,sub64,ling_word_target,199,-0.025595756903282613
11200,sub65,ling_word_target,0,0.06973202608890633
11201,sub65,ling_word_target,1,-0.005567042039744057
11202,sub65,ling_word_target,2,-0.009188492524645304
11203,sub65,ling_word_target,3,-0.0075690960967246
11204,sub65,ling_word_target,4,0.0394785609221777
11205,sub65,ling_word_target,5,0.014171800436267389
11206,sub65,ling_word_target,6,-0.0220956168764095
11207,sub65,ling_word_target,7,0.010815200413393554
11208,sub65,ling_word_target,8,-0.06364340971384959
11209,sub65,ling_word_target,9,0.008341984343003553
11210,sub65,ling_word_target,10,-0.019226974693635948
11211,sub65,ling_word_target,11,0.002856398495805277
11212,sub65,ling_word_target,12,0.012537097472910595
11213,sub65,ling_word_target,13,0.033525498275845445
11214,sub65,ling_word_target,14,0.012307271970821484
11215,sub65,ling_word_target,15,0.05573727904508387
11216,sub65,ling_word_target,16,0.0023042510459705882
11217,sub65,ling_word_target,17,0.02141203905772252
11218,sub65,ling_word_target,18,-0.010141697801199565
11219,sub65,ling_word_target,19,0.033768497463449135
11220,sub65,ling_word_target,20,0.021304429033924897
11221,sub65,ling_word_target,21,0.017397424015305432
11222,sub65,ling_word_target,22,-0.017162422139127134
11223,sub65,ling_word_target,23,-0.022198848745671955
11224,sub65,ling_word_target,24,-0.0641981417198824
11225,sub65,ling_word_target,25,-0.0034310772679914817
11226,sub65,ling_word_target,26,-0.016405369797692547
11227,sub65,ling_word_target,27,0.028890570972304304
11228,sub65,ling_word_target,28,0.0008897007441719548
11229,sub65,ling_word_target,29,0.02286229818324349
11230,sub65,ling_word_target,30,0.027719040914614183
11231,sub65,ling_word_target,31,-0.014364059698751937
11232,sub65,ling_word_target,32,-0.0025430699115788834
11233,sub65,ling_word_target,33,-0.0029343400987848966
11234,sub65,ling_word_target,34,-0.00399882145372128
11235,sub65,ling_word_target,35,-0.031395942944658445
11236,sub65,ling_word_target,36,0.01819933388194974
11237,sub65,ling_word_target,37,-0.04671040788272586
11238,sub65,ling_word_target,38,0.1021525452369584
11239,sub65,ling_word_target,39,-0.01106602870542239
11240,sub65,ling_word_target,40,0.0010236020592432518
11241,sub65,ling_word_target,41,-0.012582593616290839
11242,sub65,ling_word_target,42,-0.005928830251138598
11243,sub65,ling_word_target,43,0.003213048683600249
11244,sub65,ling_word_target,44,-0.003285290671041126
11245,sub65,ling_word_target,45,-0.028923545908167394
11246,sub65,ling_word_target,46,-0.058919918594496655
11247,sub65,ling_word_target,47,0.01911414543179736
11248,sub65,ling_word_target,48,-0.018806472269562884
11249,sub65,ling_word_target,49,0.006410884593029968
11250,sub65,ling_word_target,50,0.018911175614094923
11251,sub65,ling_word_target,51,-0.00564837010382198
11252,sub65,ling_word_target,52,-0.0021852861963469624
11253,sub65,ling_word_target,53,0.04307672709577843
11254,sub65,ling_word_target,54,0.013412191568073354
11255,sub65,ling_word_target,55,-0.009162008549189278
11256,sub65,ling_word_target,56,-0.03191086793843038
11257,sub65,ling_word_target,57,-0.02598603470337605
11258,sub65,ling_word_target,58,-0.006581342757144886
11259,sub65,ling_word_target,59,-0.011289635968386495
11260,sub65,ling_word_target,60,0.0004608344669200872
11261,sub65,ling_word_target,61,-0.04439257924439256
11262,sub65,ling_word_target,62,0.006597727096002677
11263,sub65,ling_word_target,63,0.009957769842764204
11264,sub65,ling_word_target,64,-0.04562376133361316
11265,sub65,ling_word_target,65,-0.01766648775514705
11266,sub65,ling_word_target,66,0.043889841135780476
11267,sub65,ling_word_target,67,0.0016996130394834835
11268,sub65,ling_word_target,68,-0.0210467045956476
11269,sub65,ling_word_target,69,0.012090631716471224
11270,sub65,ling_word_target,70,-0.01914428413150405
11271,sub65,ling_word_target,71,-0.004974384501308509
11272,sub65,ling_word_target,72,0.01388709516627569
11273,sub65,ling_word_target,73,-0.00548196645195172
11274,sub65,ling_word_target,74,0.0235030639141218
11275,sub65,ling_word_target,75,0.009517178071093561
11276,sub65,ling_word_target,76,-0.06832503773110721
11277,sub65,ling_word_target,77,0.00025263615446966003
11278,sub65,ling_word_target,78,-0.01684024935711908
11279,sub65,ling_word_target,79,-0.029410763639734213
11280,sub65,ling_word_target,80,-0.02609600481183655
11281,sub65,ling_word_target,81,-0.01633179501650812
11282,sub65,ling_word_target,82,0.014114678259691342
11283,sub65,ling_word_target,83,-0.08071888506447515
11284,sub65,ling_word_target,84,-0.05671246189034343
11285,sub65,ling_word_target,85,0.019463692052860262
11286,sub65,ling_word_target,86,0.010792747101396253
11287,sub65,ling_word_target,87,-0.031639112527553005
11288,sub65,ling_word_target,88,-0.06487311980245113
11289,sub65,ling_word_target,89,0.015541912146351934
11290,sub65,ling_word_target,90,-0.047052040570111295
11291,sub65,ling_word_target,91,-0.013978040941535493
11292,sub65,ling_word_target,92,-0.010025046201924268
11293,sub65,ling_word_target,93,0.040664775101213045
11294,sub65,ling_word_target,94,0.0012773532471032246
11295,sub65,ling_word_target,95,-0.043368455461270244
11296,sub65,ling_word_target,96,0.03275618438842673
11297,sub65,ling_word_target,97,-0.017868055966894655
11298,sub65,ling_word_target,98,-0.02183240728332221
11299,sub65,ling_word_target,99,-0.0001071907590773633
11300,sub65,ling_word_target,100,-0.044858920718091985
11301,sub65,ling_word_target,101,0.010781959658229605
11302,sub65,ling_word_target,102,-0.02003552533984784
11303,sub65,ling_word_target,103,-0.0199472145851967
11304,sub65,ling_word_target,104,-0.02564662263511366
11305,sub65,ling_word_target,105,-0.049748897568020825
11306,sub65,ling_word_target,106,-0.031689927838925616
11307,sub65,ling_word_target,107,-0.06810131378040574
11308,sub65,ling_word_target,108,-0.020743258089644723
11309,sub65,ling_word_target,109,-0.008009321422503067
11310,sub65,ling_word_target,110,0.06623262190466704
11311,sub65,ling_word_target,111,-0.024169433984638174
11312,sub65,ling_word_target,112,-0.03548020656534682
11313,sub65,ling_word_target,113,0.007886096325906351
11314,sub65,ling_word_target,114,-0.04390943136927126
11315,sub65,ling_word_target,115,-0.05297524914133625
11316,sub65,ling_word_target,116,0.005720298954078449
11317,sub65,ling_word_target,117,-0.0018541424886884567
11318,sub65,ling_word_target,118,-0.04671212508546465
11319,sub65,ling_word_target,119,0.014011865162066183
11320,sub65,ling_word_target,120,0.012751017189392406
11321,sub65,ling_word_target,121,0.03507545530328662
11322,sub65,ling_word_target,122,0.020208166883274717
11323,sub65,ling_word_target,123,0.01571680830467322
11324,sub65,ling_word_target,124,-0.008577587580441456
11325,sub65,ling_word_target,125,0.048312733898706835
11326,sub65,ling_word_target,126,-2.4108808293614847e-05
11327,sub65,ling_word_target,127,-0.04641651752910052
11328,sub65,ling_word_target,128,-0.003938009180932374
11329,sub65,ling_word_target,129,0.019315445372488856
11330,sub65,ling_word_target,130,0.0017265642285923142
11331,sub65,ling_word_target,131,-0.043031524906413245
11332,sub65,ling_word_target,132,-0.03880256312678075
11333,sub65,ling_word_target,133,-0.01888918705739797
11334,sub65,ling_word_target,134,-0.06281367054979084
11335,sub65,ling_word_target,135,0.04687978205776139
11336,sub65,ling_word_target,136,0.0018426455227784023
11337,sub65,ling_word_target,137,0.01264344626320407
11338,sub65,ling_word_target,138,-0.023976419330822483
11339,sub65,ling_word_target,139,8.051926632680962e-05
11340,sub65,ling_word_target,140,-0.006255852111026923
11341,sub65,ling_word_target,141,-0.0673170368199917
11342,sub65,ling_word_target,142,-0.0056322852962159805
11343,sub65,ling_word_target,143,0.022145664291766433
11344,sub65,ling_word_target,144,-0.03627090940860135
11345,sub65,ling_word_target,145,-0.0017909987347045008
11346,sub65,ling_word_target,146,0.007975744723709603
11347,sub65,ling_word_target,147,0.0032793027785378184
11348,sub65,ling_word_target,148,0.011969524312004844
11349,sub65,ling_word_target,149,-0.015167989113638595
11350,sub65,ling_word_target,150,0.028237810654178994
11351,sub65,ling_word_target,151,-0.045202775760965416
11352,sub65,ling_word_target,152,-0.003523244654563379
11353,sub65,ling_word_target,153,0.012606755714343124
11354,sub65,ling_word_target,154,0.004368644227967432
11355,sub65,ling_word_target,155,0.05906437409442781
11356,sub65,ling_word_target,156,-0.0964067323682126
11357,sub65,ling_word_target,157,0.012049043658769439
11358,sub65,ling_word_target,158,-0.0007020571892346181
11359,sub65,ling_word_target,159,0.003325635242234646
11360,sub65,ling_word_target,160,0.01593447110487252
11361,sub65,ling_word_target,161,0.00025244487712950645
11362,sub65,ling_word_target,162,0.024880245642251407
11363,sub65,ling_word_target,163,0.0169578298436091
11364,sub65,ling_word_target,164,0.018831629539895825
11365,sub65,ling_word_target,165,-0.0371264592387348
11366,sub65,ling_word_target,166,0.024838496941089246
11367,sub65,ling_word_target,167,-0.036413621586475854
11368,sub65,ling_word_target,168,0.02346968420578733
11369,sub65,ling_word_target,169,-0.04027490895825544
11370,sub65,ling_word_target,170,-0.03109193222129931
11371,sub65,ling_word_target,171,0.05181690352274593
11372,sub65,ling_word_target,172,-0.006257261378108828
11373,sub65,ling_word_target,173,0.08571179181638211
11374,sub65,ling_word_target,174,-0.009933131027108784
11375,sub65,ling_word_target,175,-0.03300905122671151
11376,sub65,ling_word_target,176,-0.0021156451005547093
11377,sub65,ling_word_target,177,-0.012276946682434599
11378,sub65,ling_word_target,178,-0.0004135730576585514
11379,sub65,ling_word_target,179,-0.023734186842178574
11380,sub65,ling_word_target,180,0.0026000527202621106
11381,sub65,ling_word_target,181,0.0015089090790653542
11382,sub65,ling_word_target,182,-0.037030796169116524
11383,sub65,ling_word_target,183,-0.05406528336516965
11384,sub65,ling_word_target,184,0.02556163773635796
11385,sub65,ling_word_target,185,-0.02297849300385134
11386,sub65,ling_word_target,186,0.006342292889216203
11387,sub65,ling_word_target,187,0.014786101447797859
11388,sub65,ling_word_target,188,0.052371336817573715
11389,sub65,ling_word_target,189,-0.028532934109912318
11390,sub65,ling_word_target,190,-0.012461455192444602
11391,sub65,ling_word_target,191,-0.03197743928637644
11392,sub65,ling_word_target,192,0.04030116485936983
11393,sub65,ling_word_target,193,0.043519550596917526
11394,sub65,ling_word_target,194,0.003475719510238506
11395,sub65,ling_word_target,195,0.06683825661852841
11396,sub65,ling_word_target,196,0.025697688688678267
11397,sub65,ling_word_target,197,-0.0038832964475323493
11398,sub65,ling_word_target,198,0.0072130236540317244
11399,sub65,ling_word_target,199,0.005202992608165325
11400,sub66,ling_word_target,0,0.006387246548498003
11401,sub66,ling_word_target,1,0.0025750913623141087
11402,sub66,ling_word_target,2,-0.06769251274581793
11403,sub66,ling_word_target,3,-0.01777781579852144
11404,sub66,ling_word_target,4,-0.014314452540059919
11405,sub66,ling_word_target,5,0.01899333411366182
11406,sub66,ling_word_target,6,0.07311566965352194
11407,sub66,ling_word_target,7,0.007193578560091341
11408,sub66,ling_word_target,8,0.06871341100822417
11409,sub66,ling_word_target,9,-0.0014177723240696716
11410,sub66,ling_word_target,10,-0.004134020423382685
11411,sub66,ling_word_target,11,-0.023077592175480548
11412,sub66,ling_word_target,12,-0.011447160267176766
11413,sub66,ling_word_target,13,-0.011604521476502204
11414,sub66,ling_word_target,14,0.10078125099174487
11415,sub66,ling_word_target,15,-0.037997807315583915
11416,sub66,ling_word_target,16,-0.020856477281441712
11417,sub66,ling_word_target,17,-0.01730121136368609
11418,sub66,ling_word_target,18,-0.021282190661553343
11419,sub66,ling_word_target,19,0.059638195893847404
11420,sub66,ling_word_target,20,0.010001837999783202
11421,sub66,ling_word_target,21,0.011999331788606068
11422,sub66,ling_word_target,22,-0.02377078118586862
11423,sub66,ling_word_target,23,0.031655241700792494
11424,sub66,ling_word_target,24,0.05298428487199121
11425,sub66,ling_word_target,25,-0.0029596104741663504
11426,sub66,ling_word_target,26,-0.11211969296639826
11427,sub66,ling_word_target,27,0.0077749652949881285
11428,sub66,ling_word_target,28,-0.030060940310387668
11429,sub66,ling_word_target,29,-0.010101480615519211
11430,sub66,ling_word_target,30,-0.031442523693342626
11431,sub66,ling_word_target,31,0.04355057555702033
11432,sub66,ling_word_target,32,-0.02269942224616889
11433,sub66,ling_word_target,33,-0.0014056280950633067
11434,sub66,ling_word_target,34,-0.032423464296038096
11435,sub66,ling_word_target,35,0.0433650620685858
11436,sub66,ling_word_target,36,-0.06633345625267849
11437,sub66,ling_word_target,37,-0.041042885963908614
11438,sub66,ling_word_target,38,-0.01735889499475982
11439,sub66,ling_word_target,39,0.012174272635101234
11440,sub66,ling_word_target,40,0.02103081523936163
11441,sub66,ling_word_target,41,-0.08435047749793416
11442,sub66,ling_word_target,42,-0.03919050364441982
11443,sub66,ling_word_target,43,-0.01989481130109616
11444,sub66,ling_word_target,44,-0.02292245961778496
11445,sub66,ling_word_target,45,-0.04868098312655479
11446,sub66,ling_word_target,46,-0.04204033082517162
11447,sub66,ling_word_target,47,-0.03125970572149364
11448,sub66,ling_word_target,48,0.0047090572439298815
11449,sub66,ling_word_target,49,0.032561915938977476
11450,sub66,ling_word_target,50,0.01386185558405819
11451,sub66,ling_word_target,51,-0.016996507985537354
11452,sub66,ling_word_target,52,0.03785433504521037
11453,sub66,ling_word_target,53,-0.010992699126878737
11454,sub66,ling_word_target,54,-0.06437135717014278
11455,sub66,ling_word_target,55,-0.019183677981469853
11456,sub66,ling_word_target,56,0.0247554263287137
11457,sub66,ling_word_target,57,0.006289877943583681
11458,sub66,ling_word_target,58,-0.017637733728893726
11459,sub66,ling_word_target,59,-0.04947092497917704
11460,sub66,ling_word_target,60,-0.04258616721217022
11461,sub66,ling_word_target,61,-0.021655420667443533
11462,sub66,ling_word_target,62,0.023363456740297356
11463,sub66,ling_word_target,63,-0.07401816607472578
11464,sub66,ling_word_target,64,-0.03544577056300108
11465,sub66,ling_word_target,65,0.023672264611283435
11466,sub66,ling_word_target,66,-0.01778649717096618
11467,sub66,ling_word_target,67,-0.029035629833920263
11468,sub66,ling_word_target,68,-0.05416793354754464
11469,sub66,ling_word_target,69,0.007510531023238872
11470,sub66,ling_word_target,70,0.03612257291604167
11471,sub66,ling_word_target,71,-0.007893240373222742
11472,sub66,ling_word_target,72,0.02456425146387087
11473,sub66,ling_word_target,73,0.057566947042485626
11474,sub66,ling_word_target,74,0.006705746421676321
11475,sub66,ling_word_target,75,0.00257486193289325
11476,sub66,ling_word_target,76,0.046960944649485185
11477,sub66,ling_word_target,77,0.013942408795684334
11478,sub66,ling_word_target,78,-0.01327054710958882
11479,sub66,ling_word_target,79,0.018204182810640915
11480,sub66,ling_word_target,80,-0.06650779885152346
11481,sub66,ling_word_target,81,-0.0320018953114609
11482,sub66,ling_word_target,82,-0.032278463207311106
11483,sub66,ling_word_target,83,-0.023723915794908585
11484,sub66,ling_word_target,84,-0.0625125406677564
11485,sub66,ling_word_target,85,-0.023205904207685504
11486,sub66,ling_word_target,86,-0.017842224646474576
11487,sub66,ling_word_target,87,0.010439653764211408
11488,sub66,ling_word_target,88,-0.012106686805169803
11489,sub66,ling_word_target,89,0.03149161747126733
11490,sub66,ling_word_target,90,0.013353982432356113
11491,sub66,ling_word_target,91,-0.011045752423114185
11492,sub66,ling_word_target,92,0.02660831833740694
11493,sub66,ling_word_target,93,-0.05730210793449158
11494,sub66,ling_word_target,94,0.01943415772495588
11495,sub66,ling_word_target,95,-0.007349371963568664
11496,sub66,ling_word_target,96,0.02488639041158929
11497,sub66,ling_word_target,97,-0.029698323135289712
11498,sub66,ling_word_target,98,0.008278365626349732
11499,sub66,ling_word_target,99,0.014207606929148329
11500,sub66,ling_word_target,100,0.03880505930933284
11501,sub66,ling_word_target,101,0.011528356918004908
11502,sub66,ling_word_target,102,-0.04519034788673641
11503,sub66,ling_word_target,103,0.045677511858415155
11504,sub66,ling_word_target,104,0.040496032441923506
11505,sub66,ling_word_target,105,0.015571149833295538
11506,sub66,ling_word_target,106,-0.0684345013415885
11507,sub66,ling_word_target,107,0.015885963544657794
11508,sub66,ling_word_target,108,-0.030067430022392608
11509,sub66,ling_word_target,109,-0.03452620610879887
11510,sub66,ling_word_target,110,-0.01895990662508549
11511,sub66,ling_word_target,111,0.01246787741287934
11512,sub66,ling_word_target,112,-0.02418230693001857
11513,sub66,ling_word_target,113,0.02211172816508443
11514,sub66,ling_word_target,114,0.0650999252614872
11515,sub66,ling_word_target,115,-0.06394974250489699
11516,sub66,ling_word_target,116,-0.04219259911888009
11517,sub66,ling_word_target,117,0.025263650283046998
11518,sub66,ling_word_target,118,-0.011571545284233474
11519,sub66,ling_word_target,119,0.002339875335319929
11520,sub66,ling_word_target,120,-0.023964043516478805
11521,sub66,ling_word_target,121,0.0065468719660933036
11522,sub66,ling_word_target,122,-0.006772447838681616
11523,sub66,ling_word_target,123,0.0011835782883925473
11524,sub66,ling_word_target,124,-0.031303518507949525
11525,sub66,ling_word_target,125,-0.047701039086865134
11526,sub66,ling_word_target,126,0.00016275846801897374
11527,sub66,ling_word_target,127,0.022174707489498825
11528,sub66,ling_word_target,128,-0.02414132512429025
11529,sub66,ling_word_target,129,0.030782866371316775
11530,sub66,ling_word_target,130,0.023303658080245315
11531,sub66,ling_word_target,131,0.038501876184164334
11532,sub66,ling_word_target,132,-0.02806564041925652
11533,sub66,ling_word_target,133,0.018247265600428463
11534,sub66,ling_word_target,134,0.005008278917356523
11535,sub66,ling_word_target,135,0.04248974347439331
11536,sub66,ling_word_target,136,-0.030081075197083328
11537,sub66,ling_word_target,137,0.014209277120332237
11538,sub66,ling_word_target,138,0.0014976326702031179
11539,sub66,ling_word_target,139,-0.05125277134720769
11540,sub66,ling_word_target,140,-0.03192063137695738
11541,sub66,ling_word_target,141,-0.009670065729440076
11542,sub66,ling_word_target,142,0.06501970075918531
11543,sub66,ling_word_target,143,0.060067309849945474
11544,sub66,ling_word_target,144,-0.06290463703363793
11545,sub66,ling_word_target,145,-0.029422872924271683
11546,sub66,ling_word_target,146,0.0028139566589636166
11547,sub66,ling_word_target,147,-0.05405815379348998
11548,sub66,ling_word_target,148,-0.002383775524886954
11549,sub66,ling_word_target,149,-0.03498821793430941
11550,sub66,ling_word_target,150,-0.00613843419568807
11551,sub66,ling_word_target,151,-0.03748354601667376
11552,sub66,ling_word_target,152,0.0695276701982591
11553,sub66,ling_word_target,153,0.04786138081494547
11554,sub66,ling_word_target,154,-0.0076476395558347145
11555,sub66,ling_word_target,155,0.01904418874513077
11556,sub66,ling_word_target,156,0.004515885948403903
11557,sub66,ling_word_target,157,-0.036132208430744626
11558,sub66,ling_word_target,158,0.01014284006756641
11559,sub66,ling_word_target,159,0.04183599926478222
11560,sub66,ling_word_target,160,-0.07438760624987624
11561,sub66,ling_word_target,161,-0.007913187907856976
11562,sub66,ling_word_target,162,-0.004974719462587247
11563,sub66,ling_word_target,163,0.0197008303086385
11564,sub66,ling_word_target,164,0.03311887644280518
11565,sub66,ling_word_target,165,-0.11265870415476557
11566,sub66,ling_word_target,166,-0.02224285676022085
11567,sub66,ling_word_target,167,-0.01987070975278353
11568,sub66,ling_word_target,168,-0.05017723459928265
11569,sub66,ling_word_target,169,0.004962878860504771
11570,sub66,ling_word_target,170,0.011245584697582833
11571,sub66,ling_word_target,171,-0.05384361632911394
11572,sub66,ling_word_target,172,0.008587891311778326
11573,sub66,ling_word_target,173,-0.006507568055109369
11574,sub66,ling_word_target,174,0.040887571623471834
11575,sub66,ling_word_target,175,0.012279820948423717
11576,sub66,ling_word_target,176,-0.03569441148422702
11577,sub66,ling_word_target,177,0.013151350704331632
11578,sub66,ling_word_target,178,-0.05375838569344818
11579,sub66,ling_word_target,179,-0.011749427718439712
11580,sub66,ling_word_target,180,-0.002860524112801464
11581,sub66,ling_word_target,181,0.026713580298665603
11582,sub66,ling_word_target,182,0.02085508014484609
11583,sub66,ling_word_target,183,-0.0048223631382801665
11584,sub66,ling_word_target,184,0.022735696123727396
11585,sub66,ling_word_target,185,0.06315300689183635
11586,sub66,ling_word_target,186,-0.020986537700627025
11587,sub66,ling_word_target,187,-0.008781301823625066
11588,sub66,ling_word_target,188,0.04784018271642048
11589,sub66,ling_word_target,189,-0.015946161292334973
11590,sub66,ling_word_target,190,0.03473674840152355
11591,sub66,ling_word_target,191,-0.04035864075869825
11592,sub66,ling_word_target,192,-0.01151311794323184
11593,sub66,ling_word_target,193,0.005736461995170352
11594,sub66,ling_word_target,194,-0.02744167597321024
11595,sub66,ling_word_target,195,-0.04870959425611308
11596,sub66,ling_word_target,196,-0.03630913350462978
11597,sub66,ling_word_target,197,0.00574849890879292
11598,sub66,ling_word_target,198,-0.036161765350627664
11599,sub66,ling_word_target,199,0.03448488270744416
11600,sub67,ling_word_target,0,-0.01736924013884377
11601,sub67,ling_word_target,1,0.01232518883769203
11602,sub67,ling_word_target,2,-0.029398689677660052
11603,sub67,ling_word_target,3,0.016107197178688807
11604,sub67,ling_word_target,4,0.0657536644443525
11605,sub67,ling_word_target,5,-0.0322950818061678
11606,sub67,ling_word_target,6,-0.0564891952847875
11607,sub67,ling_word_target,7,0.048766386606350194
11608,sub67,ling_word_target,8,0.1038067614652761
11609,sub67,ling_word_target,9,0.07340875171332138
11610,sub67,ling_word_target,10,0.005502941450650689
11611,sub67,ling_word_target,11,-0.011954135784900427
11612,sub67,ling_word_target,12,0.021736505367372445
11613,sub67,ling_word_target,13,0.013162918639236508
11614,sub67,ling_word_target,14,0.00407750725164014
11615,sub67,ling_word_target,15,0.041933740746825224
11616,sub67,ling_word_target,16,-0.06806247043945184
11617,sub67,ling_word_target,17,0.06445964763941275
11618,sub67,ling_word_target,18,0.05662745476934684
11619,sub67,ling_word_target,19,-0.006304779985578836
11620,sub67,ling_word_target,20,-0.05599803024860038
11621,sub67,ling_word_target,21,0.016980854179248377
11622,sub67,ling_word_target,22,-0.004285622509468629
11623,sub67,ling_word_target,23,0.043020827190147944
11624,sub67,ling_word_target,24,-0.013497440184569245
11625,sub67,ling_word_target,25,0.02814631038043461
11626,sub67,ling_word_target,26,0.06166339156352142
11627,sub67,ling_word_target,27,0.04597596445564898
11628,sub67,ling_word_target,28,0.01599510410835511
11629,sub67,ling_word_target,29,-0.022196838914317906
11630,sub67,ling_word_target,30,-0.04830107696062294
11631,sub67,ling_word_target,31,-0.04017672090533356
11632,sub67,ling_word_target,32,0.00795522419931323
11633,sub67,ling_word_target,33,0.004859110838844263
11634,sub67,ling_word_target,34,0.02640349375584731
11635,sub67,ling_word_target,35,-0.03351579151251852
11636,sub67,ling_word_target,36,-0.028506732801606587
11637,sub67,ling_word_target,37,0.024655255264782974
11638,sub67,ling_word_target,38,0.01179190976907373
11639,sub67,ling_word_target,39,0.001574633680730605
11640,sub67,ling_word_target,40,-0.018203424643276706
11641,sub67,ling_word_target,41,-0.029670507911092686
11642,sub67,ling_word_target,42,-0.054114054781132244
11643,sub67,ling_word_target,43,0.01617294698602444
11644,sub67,ling_word_target,44,-0.009913587410236822
11645,sub67,ling_word_target,45,-0.000869036455013466
11646,sub67,ling_word_target,46,-0.05617446853405539
11647,sub67,ling_word_target,47,0.015143514725443282
11648,sub67,ling_word_target,48,0.0071636784092478124
11649,sub67,ling_word_target,49,0.07096148415633038
11650,sub67,ling_word_target,50,0.03274812991143368
11651,sub67,ling_word_target,51,-0.0024155471496724273
11652,sub67,ling_word_target,52,-0.07236040326169514
11653,sub67,ling_word_target,53,-0.018036877870309574
11654,sub67,ling_word_target,54,0.06371120832315204
11655,sub67,ling_word_target,55,-0.013937280887887827
11656,sub67,ling_word_target,56,0.03909120747855476
11657,sub67,ling_word_target,57,-0.043589520065625255
11658,sub67,ling_word_target,58,-0.12166674149622338
11659,sub67,ling_word_target,59,-0.015817390540253544
11660,sub67,ling_word_target,60,0.0409228945470837
11661,sub67,ling_word_target,61,0.01614620755022352
11662,sub67,ling_word_target,62,-0.009783614933452308
11663,sub67,ling_word_target,63,0.000521936828753597
11664,sub67,ling_word_target,64,-0.01750090135930248
11665,sub67,ling_word_target,65,0.016710665568115717
11666,sub67,ling_word_target,66,0.03310625905117101
11667,sub67,ling_word_target,67,-0.03178784529395822
11668,sub67,ling_word_target,68,0.021196970016643654
11669,sub67,ling_word_target,69,0.026530303820635256
11670,sub67,ling_word_target,70,-0.0042918124969883575
11671,sub67,ling_word_target,71,0.006241242799772971
11672,sub67,ling_word_target,72,0.02449723956464966
11673,sub67,ling_word_target,73,-0.000875781805693606
11674,sub67,ling_word_target,74,0.10935231789345184
11675,sub67,ling_word_target,75,0.01582115340324525
11676,sub67,ling_word_target,76,-0.019519784433805927
11677,sub67,ling_word_target,77,0.008017860590033767
11678,sub67,ling_word_target,78,0.006744222857999048
11679,sub67,ling_word_target,79,0.06975479775744563
11680,sub67,ling_word_target,80,0.007693709461515392
11681,sub67,ling_word_target,81,-0.001996967677015256
11682,sub67,ling_word_target,82,-0.07896567721221047
11683,sub67,ling_word_target,83,-0.05087933444251907
11684,sub67,ling_word_target,84,0.02401610156769868
11685,sub67,ling_word_target,85,0.014753293464512667
11686,sub67,ling_word_target,86,0.11982438069624302
11687,sub67,ling_word_target,87,-0.06450552029587676
11688,sub67,ling_word_target,88,-0.0034977040678080473
11689,sub67,ling_word_target,89,-0.030194509375266226
11690,sub67,ling_word_target,90,0.13959680947604955
11691,sub67,ling_word_target,91,-0.001932317308741587
11692,sub67,ling_word_target,92,0.01616334237130049
11693,sub67,ling_word_target,93,0.022157223482811926
11694,sub67,ling_word_target,94,0.029059256271026554
11695,sub67,ling_word_target,95,0.009971604035403052
11696,sub67,ling_word_target,96,-0.013817853251552383
11697,sub67,ling_word_target,97,-0.022106914171524078
11698,sub67,ling_word_target,98,-0.010286036642165932
11699,sub67,ling_word_target,99,0.06695344386979628
11700,sub67,ling_word_target,100,0.05922549149101352
11701,sub67,ling_word_target,101,-0.05853905857664489
11702,sub67,ling_word_target,102,0.023001156701525447
11703,sub67,ling_word_target,103,0.06351976424399083
11704,sub67,ling_word_target,104,-0.004468332768469483
11705,sub67,ling_word_target,105,0.030013814543023456
11706,sub67,ling_word_target,106,-0.006545386178485632
11707,sub67,ling_word_target,107,-0.03584951662434014
11708,sub67,ling_word_target,108,0.02838941252673514
11709,sub67,ling_word_target,109,-0.009216310367668035
11710,sub67,ling_word_target,110,-0.025123593179920946
11711,sub67,ling_word_target,111,0.0002528483082805452
11712,sub67,ling_word_target,112,-0.06526463630522895
11713,sub67,ling_word_target,113,0.01239731808315598
11714,sub67,ling_word_target,114,0.048489275867994786
11715,sub67,ling_word_target,115,0.03219217243096519
11716,sub67,ling_word_target,116,0.032398696444710634
11717,sub67,ling_word_target,117,-0.0013215336798712766
11718,sub67,ling_word_target,118,-0.06767617571389514
11719,sub67,ling_word_target,119,0.029695456151371816
11720,sub67,ling_word_target,120,-0.030762031949939116
11721,sub67,ling_word_target,121,0.05095550244298746
11722,sub67,ling_word_target,122,0.0439188090823723
11723,sub67,ling_word_target,123,-0.09793377411693416
11724,sub67,ling_word_target,124,0.002554052158547126
11725,sub67,ling_word_target,125,-0.011443242135923494
11726,sub67,ling_word_target,126,-0.0499728204019446
11727,sub67,ling_word_target,127,0.024947336888279454
11728,sub67,ling_word_target,128,0.041957140984732896
11729,sub67,ling_word_target,129,0.008999809710612944
11730,sub67,ling_word_target,130,0.01812641843781602
11731,sub67,ling_word_target,131,-0.009710466932410951
11732,sub67,ling_word_target,132,-0.007199431911349785
11733,sub67,ling_word_target,133,-0.040985645589665845
11734,sub67,ling_word_target,134,-0.00418553611160306
11735,sub67,ling_word_target,135,-0.013577984037964612
11736,sub67,ling_word_target,136,-0.04674321703076339
11737,sub67,ling_word_target,137,-0.00805469004343058
11738,sub67,ling_word_target,138,0.08821978008635263
11739,sub67,ling_word_target,139,-0.06393611230965943
11740,sub67,ling_word_target,140,0.05449638078931538
11741,sub67,ling_word_target,141,-0.056482219664185075
11742,sub67,ling_word_target,142,-0.06037568064499383
11743,sub67,ling_word_target,143,-0.013385153701857659
11744,sub67,ling_word_target,144,0.05024528915678219
11745,sub67,ling_word_target,145,-0.013053065067103204
11746,sub67,ling_word_target,146,0.022301498001377294
11747,sub67,ling_word_target,147,0.006394925402915518
11748,sub67,ling_word_target,148,-0.005324251417941828
11749,sub67,ling_word_target,149,-0.04674927658873555
11750,sub67,ling_word_target,150,0.05804532002960039
11751,sub67,ling_word_target,151,-0.0005955583837467609
11752,sub67,ling_word_target,152,-0.014336981071018731
11753,sub67,ling_word_target,153,0.0021182181734357465
11754,sub67,ling_word_target,154,0.023096330701436563
11755,sub67,ling_word_target,155,0.03036375496765196
11756,sub67,ling_word_target,156,-0.005848180750274118
11757,sub67,ling_word_target,157,0.1007150768456265
11758,sub67,ling_word_target,158,0.05571318580894847
11759,sub67,ling_word_target,159,-0.03739266256615974
11760,sub67,ling_word_target,160,0.022014132505690117
11761,sub67,ling_word_target,161,-0.0010980615082806864
11762,sub67,ling_word_target,162,0.016003749277947805
11763,sub67,ling_word_target,163,0.023133077460021592
11764,sub67,ling_word_target,164,-0.019258104101609504
11765,sub67,ling_word_target,165,0.055048943012284864
11766,sub67,ling_word_target,166,0.05036262060289121
11767,sub67,ling_word_target,167,0.05922307611284035
11768,sub67,ling_word_target,168,0.05756900365345217
11769,sub67,ling_word_target,169,-0.020676462237117083
11770,sub67,ling_word_target,170,0.004009597943242188
11771,sub67,ling_word_target,171,-0.010926933173489077
11772,sub67,ling_word_target,172,0.03684425983603639
11773,sub67,ling_word_target,173,0.03460772599131896
11774,sub67,ling_word_target,174,0.04553780416386841
11775,sub67,ling_word_target,175,-0.024832414378310085
11776,sub67,ling_word_target,176,0.014805882935924096
11777,sub67,ling_word_target,177,0.04339753981887362
11778,sub67,ling_word_target,178,-0.05987452199754581
11779,sub67,ling_word_target,179,0.002856769295430139
11780,sub67,ling_word_target,180,0.03553683744623883
11781,sub67,ling_word_target,181,0.013343732790110016
11782,sub67,ling_word_target,182,-0.023488202757178507
11783,sub67,ling_word_target,183,-0.023467949496812288
11784,sub67,ling_word_target,184,-0.00913303757757884
11785,sub67,ling_word_target,185,0.009560350519478124
11786,sub67,ling_word_target,186,-0.015040617671167891
11787,sub67,ling_word_target,187,-0.03938945207827058
11788,sub67,ling_word_target,188,0.04853702106381855
11789,sub67,ling_word_target,189,0.015830684118372976
11790,sub67,ling_word_target,190,-0.04953254501471944
11791,sub67,ling_word_target,191,0.039086354905301955
11792,sub67,ling_word_target,192,0.02118696297907682
11793,sub67,ling_word_target,193,-0.0399113566138427
11794,sub67,ling_word_target,194,-0.0008305480562906237
11795,sub67,ling_word_target,195,0.05794712621570834
11796,sub67,ling_word_target,196,-0.013582380743351512
11797,sub67,ling_word_target,197,0.02860387209234803
11798,sub67,ling_word_target,198,-0.019547093877399068
11799,sub67,ling_word_target,199,0.003592474785763495
11800,sub68,ling_word_target,0,0.0675667907066364
11801,sub68,ling_word_target,1,-0.03193346592010299
11802,sub68,ling_word_target,2,0.014272085234975872
11803,sub68,ling_word_target,3,-0.0901281259055567
11804,sub68,ling_word_target,4,-0.13453020352839598
11805,sub68,ling_word_target,5,0.014681927143644401
11806,sub68,ling_word_target,6,-0.01998480859203795
11807,sub68,ling_word_target,7,0.06212798216589838
11808,sub68,ling_word_target,8,-0.012228123215583522
11809,sub68,ling_word_target,9,0.05000354630510587
11810,sub68,ling_word_target,10,0.11424640504289788
11811,sub68,ling_word_target,11,0.11016670015768498
11812,sub68,ling_word_target,12,-0.04259966613369125
11813,sub68,ling_word_target,13,0.09594063732649902
11814,sub68,ling_word_target,14,0.027322707457990376
11815,sub68,ling_word_target,15,-0.09536784746422508
11816,sub68,ling_word_target,16,0.0717178429914861
11817,sub68,ling_word_target,17,-0.007305113565425067
11818,sub68,ling_word_target,18,0.022264880741129544
11819,sub68,ling_word_target,19,-0.005184969484375054
11820,sub68,ling_word_target,20,-0.08034715320159273
11821,sub68,ling_word_target,21,0.04720497410117607
11822,sub68,ling_word_target,22,0.050953291725300075
11823,sub68,ling_word_target,23,0.07748569066718886
11824,sub68,ling_word_target,24,0.017078205878806745
11825,sub68,ling_word_target,25,0.03717656841393304
11826,sub68,ling_word_target,26,0.060083590448139906
11827,sub68,ling_word_target,27,-0.011264004512498366
11828,sub68,ling_word_target,28,0.05459198475439792
11829,sub68,ling_word_target,29,0.04295181234969713
11830,sub68,ling_word_target,30,0.007110926108656679
11831,sub68,ling_word_target,31,0.01174617241230534
11832,sub68,ling_word_target,32,-0.05550191934889894
11833,sub68,ling_word_target,33,-0.040887824159584606
11834,sub68,ling_word_target,34,-0.053150844803683345
11835,sub68,ling_word_target,35,0.04349825514057592
11836,sub68,ling_word_target,36,0.14891353303623137
11837,sub68,ling_word_target,37,-0.15312341775472377
11838,sub68,ling_word_target,38,0.018233753649390484
11839,sub68,ling_word_target,39,-0.004760605597691947
11840,sub68,ling_word_target,40,0.07712278663651992
11841,sub68,ling_word_target,41,0.06880765573164073
11842,sub68,ling_word_target,42,0.023982175319308303
11843,sub68,ling_word_target,43,0.005209804578667337
11844,sub68,ling_word_target,44,0.03167094350580575
11845,sub68,ling_word_target,45,-0.05992729524016057
11846,sub68,ling_word_target,46,-0.019441222414598617
11847,sub68,ling_word_target,47,-0.034501215707322945
11848,sub68,ling_word_target,48,-0.019373377575803732
11849,sub68,ling_word_target,49,-0.02356230887943497
11850,sub68,ling_word_target,50,0.05933770197576342
11851,sub68,ling_word_target,51,-0.005755622811816506
11852,sub68,ling_word_target,52,-0.011814579819950259
11853,sub68,ling_word_target,53,0.021418916204045797
11854,sub68,ling_word_target,54,-0.06388458729082859
11855,sub68,ling_word_target,55,-0.04122688633508353
11856,sub68,ling_word_target,56,-0.015976054761274644
11857,sub68,ling_word_target,57,-0.036317434236820295
11858,sub68,ling_word_target,58,0.0005781021614273469
11859,sub68,ling_word_target,59,0.02204017465716242
11860,sub68,ling_word_target,60,0.027893665655709464
11861,sub68,ling_word_target,61,0.07209347266458242
11862,sub68,ling_word_target,62,0.0018336286758459833
11863,sub68,ling_word_target,63,-0.02624929321867245
11864,sub68,ling_word_target,64,0.01026617923430758
11865,sub68,ling_word_target,65,-0.03716516039092027
11866,sub68,ling_word_target,66,-0.026680410280710474
11867,sub68,ling_word_target,67,0.028444041775408848
11868,sub68,ling_word_target,68,-0.08049013814170584
11869,sub68,ling_word_target,69,0.0180474368870024
11870,sub68,ling_word_target,70,-0.05602980094691706
11871,sub68,ling_word_target,71,-0.012852017779757504
11872,sub68,ling_word_target,72,0.008798540986122141
11873,sub68,ling_word_target,73,0.022028011263040624
11874,sub68,ling_word_target,74,0.09303500140625541
11875,sub68,ling_word_target,75,-0.031430768756385404
11876,sub68,ling_word_target,76,-0.0182422729183303
11877,sub68,ling_word_target,77,0.011750083390563631
11878,sub68,ling_word_target,78,0.0165702982892513
11879,sub68,ling_word_target,79,-0.04752485159729291
11880,sub68,ling_word_target,80,-0.011640821265823251
11881,sub68,ling_word_target,81,-0.07914276417794615
11882,sub68,ling_word_target,82,0.0011007845487422516
11883,sub68,ling_word_target,83,-0.04866934334364839
11884,sub68,ling_word_target,84,0.03465013943550397
11885,sub68,ling_word_target,85,0.06763464079208877
11886,sub68,ling_word_target,86,-0.0002688027634811011
11887,sub68,ling_word_target,87,0.05957231224379693
11888,sub68,ling_word_target,88,-0.04091401035123214
11889,sub68,ling_word_target,89,0.19319103547568037
11890,sub68,ling_word_target,90,0.007077806891352471
11891,sub68,ling_word_target,91,-0.03599806947540104
11892,sub68,ling_word_target,92,-0.09164732480631903
11893,sub68,ling_word_target,93,0.029498068855862654
11894,sub68,ling_word_target,94,0.005596008278364859
11895,sub68,ling_word_target,95,0.020000387390897767
11896,sub68,ling_word_target,96,0.013819442091405348
11897,sub68,ling_word_target,97,-0.07127736009891814
11898,sub68,ling_word_target,98,-0.09451332529248108
11899,sub68,ling_word_target,99,0.08358484479782613
11900,sub68,ling_word_target,100,0.018777864388385582
11901,sub68,ling_word_target,101,-0.026900004864730098
11902,sub68,ling_word_target,102,-0.017091106910456934
11903,sub68,ling_word_target,103,-0.006395314791520207
11904,sub68,ling_word_target,104,0.020650141203426755
11905,sub68,ling_word_target,105,0.0003302610149218077
11906,sub68,ling_word_target,106,-0.11113295105827757
11907,sub68,ling_word_target,107,-0.061745301965380056
11908,sub68,ling_word_target,108,-0.03499173491482383
11909,sub68,ling_word_target,109,-0.0486756752118048
11910,sub68,ling_word_target,110,-0.033366191377058235
11911,sub68,ling_word_target,111,-0.0007049513976644918
11912,sub68,ling_word_target,112,0.10825490771691405
11913,sub68,ling_word_target,113,0.06840012989708726
11914,sub68,ling_word_target,114,-0.014294936485436335
11915,sub68,ling_word_target,115,0.02360104419603947
11916,sub68,ling_word_target,116,0.0026873404164429447
11917,sub68,ling_word_target,117,0.10306193909725583
11918,sub68,ling_word_target,118,0.06720407163355531
11919,sub68,ling_word_target,119,0.12897439322412788
11920,sub68,ling_word_target,120,0.01830567181611423
11921,sub68,ling_word_target,121,-0.03529737587916891
11922,sub68,ling_word_target,122,0.027069035117144386
11923,sub68,ling_word_target,123,-0.024764240708513505
11924,sub68,ling_word_target,124,0.02384310782840585
11925,sub68,ling_word_target,125,0.04365287533882516
11926,sub68,ling_word_target,126,0.04614111219542904
11927,sub68,ling_word_target,127,0.03768347934345159
11928,sub68,ling_word_target,128,-0.025188206966847863
11929,sub68,ling_word_target,129,-0.075191255484163
11930,sub68,ling_word_target,130,0.010431516859510812
11931,sub68,ling_word_target,131,0.0010084955272333669
11932,sub68,ling_word_target,132,0.07843502476049033
11933,sub68,ling_word_target,133,-0.04727870197332834
11934,sub68,ling_word_target,134,-0.005583887301420178
11935,sub68,ling_word_target,135,-0.10735610642570768
11936,sub68,ling_word_target,136,-0.010105337121616782
11937,sub68,ling_word_target,137,0.03664125159013838
11938,sub68,ling_word_target,138,0.008018213994260427
11939,sub68,ling_word_target,139,0.09370877145818093
11940,sub68,ling_word_target,140,-0.06418494616386829
11941,sub68,ling_word_target,141,-0.02010621630397657
11942,sub68,ling_word_target,142,0.002804231860540593
11943,sub68,ling_word_target,143,0.0404605688455305
11944,sub68,ling_word_target,144,-0.07951970954075403
11945,sub68,ling_word_target,145,-0.00025652217034579343
11946,sub68,ling_word_target,146,-0.0007151561910469496
11947,sub68,ling_word_target,147,-0.10857073112380466
11948,sub68,ling_word_target,148,-0.018108890266628448
11949,sub68,ling_word_target,149,-0.11185349332652247
11950,sub68,ling_word_target,150,0.039036760807498495
11951,sub68,ling_word_target,151,-0.018487609169053378
11952,sub68,ling_word_target,152,-0.03568339644842785
11953,sub68,ling_word_target,153,-0.05145203604177814
11954,sub68,ling_word_target,154,0.053167286665262964
11955,sub68,ling_word_target,155,0.07343161664316722
11956,sub68,ling_word_target,156,0.024037462540755936
11957,sub68,ling_word_target,157,-0.052182544812786745
11958,sub68,ling_word_target,158,-0.13715384517531778
11959,sub68,ling_word_target,159,-0.005655511241300986
11960,sub68,ling_word_target,160,-0.014520175701846801
11961,sub68,ling_word_target,161,-0.021803438947355633
11962,sub68,ling_word_target,162,0.023877536710512962
11963,sub68,ling_word_target,163,0.03390210449402145
11964,sub68,ling_word_target,164,-0.05689800760721568
11965,sub68,ling_word_target,165,0.09490847113567791
11966,sub68,ling_word_target,166,-0.0029123529950319327
11967,sub68,ling_word_target,167,0.06613253668690677
11968,sub68,ling_word_target,168,0.1234493850952773
11969,sub68,ling_word_target,169,-0.035943461292978277
11970,sub68,ling_word_target,170,-0.00039454956752827113
11971,sub68,ling_word_target,171,0.08330260823442556
11972,sub68,ling_word_target,172,-0.02831942148810606
11973,sub68,ling_word_target,173,-0.03287291388741934
11974,sub68,ling_word_target,174,0.13352840893193038
11975,sub68,ling_word_target,175,-0.025643428501210597
11976,sub68,ling_word_target,176,0.013274455378222964
11977,sub68,ling_word_target,177,0.05899672768590441
11978,sub68,ling_word_target,178,-0.030390517539458324
11979,sub68,ling_word_target,179,0.029730824303255972
11980,sub68,ling_word_target,180,0.05497053573634822
11981,sub68,ling_word_target,181,-0.027357279947142668
11982,sub68,ling_word_target,182,-0.0835328730456757
11983,sub68,ling_word_target,183,0.013830295613899063
11984,sub68,ling_word_target,184,0.04627563158092747
11985,sub68,ling_word_target,185,0.040337096368593915
11986,sub68,ling_word_target,186,-0.02788816836973176
11987,sub68,ling_word_target,187,-0.033198921851447585
11988,sub68,ling_word_target,188,-0.015209420368593301
11989,sub68,ling_word_target,189,0.05029815120859505
11990,sub68,ling_word_target,190,-0.010124453735106911
11991,sub68,ling_word_target,191,-0.05785318495778808
11992,sub68,ling_word_target,192,-0.02154877373448804
11993,sub68,ling_word_target,193,0.002433201416090596
11994,sub68,ling_word_target,194,-0.017244094142995135
11995,sub68,ling_word_target,195,0.04051633080921662
11996,sub68,ling_word_target,196,-0.0038718664221689503
11997,sub68,ling_word_target,197,0.14930945887881808
11998,sub68,ling_word_target,198,-0.014427180785287706
11999,sub68,ling_word_target,199,0.031218030257207728
12000,sub69,ling_word_target,0,-0.02802480837351887
12001,sub69,ling_word_target,1,0.058861680342596104
12002,sub69,ling_word_target,2,0.004430108163313162
12003,sub69,ling_word_target,3,-0.07814178011402709
12004,sub69,ling_word_target,4,-0.014887179279430597
12005,sub69,ling_word_target,5,-0.00745049209021093
12006,sub69,ling_word_target,6,-0.0026401589648638933
12007,sub69,ling_word_target,7,-0.05937369686291115
12008,sub69,ling_word_target,8,-0.10566680327227178
12009,sub69,ling_word_target,9,-0.029753139644269018
12010,sub69,ling_word_target,10,0.010011559784779293
12011,sub69,ling_word_target,11,0.07974384638998301
12012,sub69,ling_word_target,12,0.025555568641017788
12013,sub69,ling_word_target,13,0.018454693246315056
12014,sub69,ling_word_target,14,-0.02037302693945307
12015,sub69,ling_word_target,15,0.09341990023997994
12016,sub69,ling_word_target,16,-0.020145123234071166
12017,sub69,ling_word_target,17,0.030856814978795482
12018,sub69,ling_word_target,18,-0.06575650071923761
12019,sub69,ling_word_target,19,-0.05369640106858308
12020,sub69,ling_word_target,20,0.08201321917804771
12021,sub69,ling_word_target,21,-0.057273132185423126
12022,sub69,ling_word_target,22,-0.04335638725642126
12023,sub69,ling_word_target,23,-0.044237567836920885
12024,sub69,ling_word_target,24,0.09776424576715755
12025,sub69,ling_word_target,25,-0.17299340024806872
12026,sub69,ling_word_target,26,0.027885342988240136
12027,sub69,ling_word_target,27,0.08477930055148776
12028,sub69,ling_word_target,28,0.028324217521220548
12029,sub69,ling_word_target,29,-0.11183471690222675
12030,sub69,ling_word_target,30,-0.026028956992169703
12031,sub69,ling_word_target,31,-0.04320892754304262
12032,sub69,ling_word_target,32,0.08356012557764605
12033,sub69,ling_word_target,33,-0.10168970845481441
12034,sub69,ling_word_target,34,0.03249656150110913
12035,sub69,ling_word_target,35,0.02564571601924187
12036,sub69,ling_word_target,36,0.029734582919345987
12037,sub69,ling_word_target,37,-0.06586435346610707
12038,sub69,ling_word_target,38,0.097891052543724
12039,sub69,ling_word_target,39,-0.028566853415566806
12040,sub69,ling_word_target,40,-0.034026141251159714
12041,sub69,ling_word_target,41,-0.09965037352448183
12042,sub69,ling_word_target,42,-0.04804487475987353
12043,sub69,ling_word_target,43,0.02229145134204593
12044,sub69,ling_word_target,44,-0.036725316816894504
12045,sub69,ling_word_target,45,0.0022832934475052694
12046,sub69,ling_word_target,46,0.030708117443749103
12047,sub69,ling_word_target,47,0.01584382974861889
12048,sub69,ling_word_target,48,0.044014522879244684
12049,sub69,ling_word_target,49,-0.008921567047792518
12050,sub69,ling_word_target,50,0.022048319148129505
12051,sub69,ling_word_target,51,-0.02528461568521599
12052,sub69,ling_word_target,52,0.024977312613069853
12053,sub69,ling_word_target,53,-0.005508311004590846
12054,sub69,ling_word_target,54,-0.03863191630154905
12055,sub69,ling_word_target,55,-0.036990056176327134
12056,sub69,ling_word_target,56,0.03635554628004712
12057,sub69,ling_word_target,57,-0.005184997590605041
12058,sub69,ling_word_target,58,-0.013822541538502368
12059,sub69,ling_word_target,59,-0.016678042867994142
12060,sub69,ling_word_target,60,0.10057420852642986
12061,sub69,ling_word_target,61,0.01064727989935955
12062,sub69,ling_word_target,62,0.0871039233536279
12063,sub69,ling_word_target,63,0.04887787592813093
12064,sub69,ling_word_target,64,0.0203973267858418
12065,sub69,ling_word_target,65,0.002844318715278055
12066,sub69,ling_word_target,66,-0.02198180874752688
12067,sub69,ling_word_target,67,-0.0552420618527188
12068,sub69,ling_word_target,68,0.14281688154793737
12069,sub69,ling_word_target,69,0.04682400135740254
12070,sub69,ling_word_target,70,0.05359297162899279
12071,sub69,ling_word_target,71,-0.04248108939761407
12072,sub69,ling_word_target,72,0.010849850783970038
12073,sub69,ling_word_target,73,0.11589417006527647
12074,sub69,ling_word_target,74,-0.030348212043028493
12075,sub69,ling_word_target,75,0.006905370769239824
12076,sub69,ling_word_target,76,-0.09295579075691882
12077,sub69,ling_word_target,77,0.004241457182838313
12078,sub69,ling_word_target,78,-0.04152756572148779
12079,sub69,ling_word_target,79,0.0243169539084956
12080,sub69,ling_word_target,80,0.013381472680636542
12081,sub69,ling_word_target,81,-0.05000150414257275
12082,sub69,ling_word_target,82,-0.09649493738956753
12083,sub69,ling_word_target,83,-0.027424693462059134
12084,sub69,ling_word_target,84,0.050716481744574056
12085,sub69,ling_word_target,85,-0.11162540085516558
12086,sub69,ling_word_target,86,0.07584887520764991
12087,sub69,ling_word_target,87,-0.025127728754993008
12088,sub69,ling_word_target,88,0.09360240882861205
12089,sub69,ling_word_target,89,0.0920047258180878
12090,sub69,ling_word_target,90,-0.08806506175301362
12091,sub69,ling_word_target,91,0.09637409038076035
12092,sub69,ling_word_target,92,0.08087226701852805
12093,sub69,ling_word_target,93,0.06288596617115659
12094,sub69,ling_word_target,94,-0.029483017558335635
12095,sub69,ling_word_target,95,0.022749505522536035
12096,sub69,ling_word_target,96,0.03680124936594212
12097,sub69,ling_word_target,97,0.02850209133547632
12098,sub69,ling_word_target,98,-0.08864360190873077
12099,sub69,ling_word_target,99,-0.03833281072921695
12100,sub69,ling_word_target,100,0.09867632310481572
12101,sub69,ling_word_target,101,0.008315427308067268
12102,sub69,ling_word_target,102,-0.02982775099326075
12103,sub69,ling_word_target,103,-0.11352341573568976
12104,sub69,ling_word_target,104,0.04170344024456621
12105,sub69,ling_word_target,105,-0.048137570427353935
12106,sub69,ling_word_target,106,0.03647228490476793
12107,sub69,ling_word_target,107,0.011121378889551874
12108,sub69,ling_word_target,108,-0.01936624818615805
12109,sub69,ling_word_target,109,-0.010554966625807311
12110,sub69,ling_word_target,110,-0.022580440524244343
12111,sub69,ling_word_target,111,0.0236067594973123
12112,sub69,ling_word_target,112,0.03513213516986208
12113,sub69,ling_word_target,113,-0.045025584039779014
12114,sub69,ling_word_target,114,-0.049206651548762574
12115,sub69,ling_word_target,115,0.03603967283611911
12116,sub69,ling_word_target,116,0.05664203525338094
12117,sub69,ling_word_target,117,0.08123686429910071
12118,sub69,ling_word_target,118,0.000903457727021372
12119,sub69,ling_word_target,119,0.12595063259734052
12120,sub69,ling_word_target,120,0.04165959711944286
12121,sub69,ling_word_target,121,-0.02320843442828252
12122,sub69,ling_word_target,122,0.019226655002574252
12123,sub69,ling_word_target,123,-0.07672336376742332
12124,sub69,ling_word_target,124,-0.001909635486516241
12125,sub69,ling_word_target,125,0.04508855693979845
12126,sub69,ling_word_target,126,-0.02270858806862118
12127,sub69,ling_word_target,127,-0.10968640739074176
12128,sub69,ling_word_target,128,-0.08986350207327284
12129,sub69,ling_word_target,129,0.08223347697555203
12130,sub69,ling_word_target,130,0.04315578407597066
12131,sub69,ling_word_target,131,0.06439990429626939
12132,sub69,ling_word_target,132,0.08319119660926778
12133,sub69,ling_word_target,133,0.013077528579215196
12134,sub69,ling_word_target,134,-0.012410003341928232
12135,sub69,ling_word_target,135,-0.04653612903778819
12136,sub69,ling_word_target,136,0.016580827625564742
12137,sub69,ling_word_target,137,-0.05768567651307665
12138,sub69,ling_word_target,138,0.031028490357011145
12139,sub69,ling_word_target,139,-0.008966099421688944
12140,sub69,ling_word_target,140,0.023439641658436653
12141,sub69,ling_word_target,141,0.10330702396965846
12142,sub69,ling_word_target,142,0.042503828437222786
12143,sub69,ling_word_target,143,-0.06666930524853519
12144,sub69,ling_word_target,144,-0.12636992565781688
12145,sub69,ling_word_target,145,-0.054749106737537946
12146,sub69,ling_word_target,146,0.023534144015394234
12147,sub69,ling_word_target,147,0.0350953135583369
12148,sub69,ling_word_target,148,-0.05588193935796652
12149,sub69,ling_word_target,149,-0.011575383624329902
12150,sub69,ling_word_target,150,0.02088927791381434
12151,sub69,ling_word_target,151,0.03675514965684724
12152,sub69,ling_word_target,152,0.012659157688086677
12153,sub69,ling_word_target,153,-0.0817605363995786
12154,sub69,ling_word_target,154,0.056272664152763247
12155,sub69,ling_word_target,155,0.09544887109043107
12156,sub69,ling_word_target,156,0.03518161914089524
12157,sub69,ling_word_target,157,-0.012521043385146143
12158,sub69,ling_word_target,158,-0.002075547010245609
12159,sub69,ling_word_target,159,-0.011901742534740628
12160,sub69,ling_word_target,160,0.10168314306787016
12161,sub69,ling_word_target,161,0.0024747634200498097
12162,sub69,ling_word_target,162,0.02601022602903028
12163,sub69,ling_word_target,163,0.002993396898086401
12164,sub69,ling_word_target,164,-0.03524897078639102
12165,sub69,ling_word_target,165,-0.012533871064338595
12166,sub69,ling_word_target,166,0.03079904387976458
12167,sub69,ling_word_target,167,0.03069030442611639
12168,sub69,ling_word_target,168,-0.060515778240814534
12169,sub69,ling_word_target,169,0.09140720275309176
12170,sub69,ling_word_target,170,0.20322478355606372
12171,sub69,ling_word_target,171,0.008901116125212083
12172,sub69,ling_word_target,172,0.057433666258141766
12173,sub69,ling_word_target,173,0.16623681010358218
12174,sub69,ling_word_target,174,-0.02698109205180237
12175,sub69,ling_word_target,175,0.1279130893978711
12176,sub69,ling_word_target,176,0.03907952566463448
12177,sub69,ling_word_target,177,-0.04263532089712005
12178,sub69,ling_word_target,178,-0.01127195100526545
12179,sub69,ling_word_target,179,-0.012588807210295663
12180,sub69,ling_word_target,180,-0.022216989204898008
12181,sub69,ling_word_target,181,0.052641862940426984
12182,sub69,ling_word_target,182,-0.03777569352069873
12183,sub69,ling_word_target,183,0.0010754489219957073
12184,sub69,ling_word_target,184,0.025499182287960786
12185,sub69,ling_word_target,185,0.07502167252187733
12186,sub69,ling_word_target,186,-0.016407580684305152
12187,sub69,ling_word_target,187,-0.0723145052935306
12188,sub69,ling_word_target,188,-0.013014504045268941
12189,sub69,ling_word_target,189,0.03263301094248482
12190,sub69,ling_word_target,190,0.008704625792736145
12191,sub69,ling_word_target,191,0.1370581781569296
12192,sub69,ling_word_target,192,-0.04684713746882603
12193,sub69,ling_word_target,193,0.030089881205742786
12194,sub69,ling_word_target,194,-0.08151784887854673
12195,sub69,ling_word_target,195,-0.08377404596446282
12196,sub69,ling_word_target,196,0.08528283866730689
12197,sub69,ling_word_target,197,0.05136950341250601
12198,sub69,ling_word_target,198,0.06058279619556524
12199,sub69,ling_word_target,199,-0.05108822710727706
12200,sub70,ling_word_target,0,0.006010012537487391
12201,sub70,ling_word_target,1,0.02849197947196955
12202,sub70,ling_word_target,2,-0.022049371918973215
12203,sub70,ling_word_target,3,0.021778421829414217
12204,sub70,ling_word_target,4,-0.08683999732642751
12205,sub70,ling_word_target,5,0.020898001734067164
12206,sub70,ling_word_target,6,-0.01264786178281641
12207,sub70,ling_word_target,7,-0.01807388308001744
12208,sub70,ling_word_target,8,0.14854817219815258
12209,sub70,ling_word_target,9,0.017464189495417122
12210,sub70,ling_word_target,10,-0.0032406754731240657
12211,sub70,ling_word_target,11,-0.04500017622918159
12212,sub70,ling_word_target,12,0.00412794841965147
12213,sub70,ling_word_target,13,0.010702626464128125
12214,sub70,ling_word_target,14,0.04005816101387966
12215,sub70,ling_word_target,15,-0.014556967041821524
12216,sub70,ling_word_target,16,-0.0157311056720412
12217,sub70,ling_word_target,17,-0.030933272473601992
12218,sub70,ling_word_target,18,0.10843580903413923
12219,sub70,ling_word_target,19,0.037938938163079444
12220,sub70,ling_word_target,20,0.006139926178226902
12221,sub70,ling_word_target,21,-0.0389276698976108
12222,sub70,ling_word_target,22,0.07545819487690653
12223,sub70,ling_word_target,23,-0.04142382203506543
12224,sub70,ling_word_target,24,-0.021053976149533506
12225,sub70,ling_word_target,25,0.055486103478646055
12226,sub70,ling_word_target,26,-0.015067551000293866
12227,sub70,ling_word_target,27,-0.023218132187019257
12228,sub70,ling_word_target,28,0.021441103393746976
12229,sub70,ling_word_target,29,0.008838748830066976
12230,sub70,ling_word_target,30,0.039657179059467855
12231,sub70,ling_word_target,31,0.03798246953708578
12232,sub70,ling_word_target,32,0.007809559886051585
12233,sub70,ling_word_target,33,0.08583600627337576
12234,sub70,ling_word_target,34,-0.05244602033768759
12235,sub70,ling_word_target,35,-0.025883956999031118
12236,sub70,ling_word_target,36,0.01173918937046811
12237,sub70,ling_word_target,37,0.04418497268544549
12238,sub70,ling_word_target,38,0.06893491350529211
12239,sub70,ling_word_target,39,0.00012361427724726025
12240,sub70,ling_word_target,40,-0.018141196481958683
12241,sub70,ling_word_target,41,-0.0011589340737497773
12242,sub70,ling_word_target,42,0.013575721155474662
12243,sub70,ling_word_target,43,-0.036479953899610375
12244,sub70,ling_word_target,44,-0.11351828145836415
12245,sub70,ling_word_target,45,-0.035298267934379284
12246,sub70,ling_word_target,46,0.10815916890473558
12247,sub70,ling_word_target,47,0.015684819988091132
12248,sub70,ling_word_target,48,0.03251006068948101
12249,sub70,ling_word_target,49,-0.0042909909180650135
12250,sub70,ling_word_target,50,-0.007050106367853377
12251,sub70,ling_word_target,51,-0.001969605124203504
12252,sub70,ling_word_target,52,0.039280648907704524
12253,sub70,ling_word_target,53,0.03371207560500635
12254,sub70,ling_word_target,54,-0.07940542954053142
12255,sub70,ling_word_target,55,-0.06862392769936783
12256,sub70,ling_word_target,56,-0.0611113730736468
12257,sub70,ling_word_target,57,0.04634755320659233
12258,sub70,ling_word_target,58,0.08844536366644788
12259,sub70,ling_word_target,59,-0.003932281654651085
12260,sub70,ling_word_target,60,-5.059540795089488e-05
12261,sub70,ling_word_target,61,-0.020945942228182128
12262,sub70,ling_word_target,62,0.10542527470743136
12263,sub70,ling_word_target,63,-0.034270831655195795
12264,sub70,ling_word_target,64,-0.056594391613843796
12265,sub70,ling_word_target,65,-0.04110219578009911
12266,sub70,ling_word_target,66,-0.007424021652386259
12267,sub70,ling_word_target,67,0.09524933242386696
12268,sub70,ling_word_target,68,0.11630502465808742
12269,sub70,ling_word_target,69,-0.0418149457997058
12270,sub70,ling_word_target,70,-0.03797666792228398
12271,sub70,ling_word_target,71,0.014021539361157218
12272,sub70,ling_word_target,72,0.023213727301614754
12273,sub70,ling_word_target,73,-0.06005388666020681
12274,sub70,ling_word_target,74,0.11712917945713124
12275,sub70,ling_word_target,75,-0.011442474602700108
12276,sub70,ling_word_target,76,-0.017331035417814552
12277,sub70,ling_word_target,77,-0.07725396846125471
12278,sub70,ling_word_target,78,0.03042186027712049
12279,sub70,ling_word_target,79,-0.052857722890872774
12280,sub70,ling_word_target,80,0.08399779684044166
12281,sub70,ling_word_target,81,0.041628281004469976
12282,sub70,ling_word_target,82,-0.02876013321816731
12283,sub70,ling_word_target,83,-0.020894312924874044
12284,sub70,ling_word_target,84,0.00934784824502856
12285,sub70,ling_word_target,85,0.04713609928620763
12286,sub70,ling_word_target,86,-0.03671013564151593
12287,sub70,ling_word_target,87,-0.130238193353443
12288,sub70,ling_word_target,88,-0.008664093940062009
12289,sub70,ling_word_target,89,0.038449442964131955
12290,sub70,ling_word_target,90,-0.03668984443568899
12291,sub70,ling_word_target,91,-0.08721766611611487
12292,sub70,ling_word_target,92,-0.021060683735548605
12293,sub70,ling_word_target,93,0.06659285028088478
12294,sub70,ling_word_target,94,0.005154787840640915
12295,sub70,ling_word_target,95,-0.004292478285353747
12296,sub70,ling_word_target,96,-0.033767933228408216
12297,sub70,ling_word_target,97,-0.05941045575035277
12298,sub70,ling_word_target,98,0.1590073073342075
12299,sub70,ling_word_target,99,0.0028342238774001272
12300,sub70,ling_word_target,100,-0.04474369005112218
12301,sub70,ling_word_target,101,-0.018898985233347092
12302,sub70,ling_word_target,102,-0.02561656000133729
12303,sub70,ling_word_target,103,-0.10584089028649582
12304,sub70,ling_word_target,104,0.002412235836804951
12305,sub70,ling_word_target,105,-0.004704523691983723
12306,sub70,ling_word_target,106,-0.0702435857840121
12307,sub70,ling_word_target,107,-0.11726024842733436
12308,sub70,ling_word_target,108,-0.015521626472877074
12309,sub70,ling_word_target,109,0.09627679968962463
12310,sub70,ling_word_target,110,0.03751238607387095
12311,sub70,ling_word_target,111,-0.010400468242297258
12312,sub70,ling_word_target,112,-0.013428464062397078
12313,sub70,ling_word_target,113,-0.012533736716278223
12314,sub70,ling_word_target,114,0.09220886384832312
12315,sub70,ling_word_target,115,0.09511525187294376
12316,sub70,ling_word_target,116,0.05865732686955511
12317,sub70,ling_word_target,117,-0.03548702703901281
12318,sub70,ling_word_target,118,-0.056546339008582115
12319,sub70,ling_word_target,119,-0.011532494464303844
12320,sub70,ling_word_target,120,0.022175767495762402
12321,sub70,ling_word_target,121,0.04398565494357545
12322,sub70,ling_word_target,122,-0.011260474845076605
12323,sub70,ling_word_target,123,-0.10397774663814001
12324,sub70,ling_word_target,124,0.062413830181294185
12325,sub70,ling_word_target,125,-0.00869728964395414
12326,sub70,ling_word_target,126,0.04299308517365341
12327,sub70,ling_word_target,127,0.06089982396811609
12328,sub70,ling_word_target,128,-0.019973227098958317
12329,sub70,ling_word_target,129,-0.06896039641603878
12330,sub70,ling_word_target,130,0.053987323259332656
12331,sub70,ling_word_target,131,0.007519098241720752
12332,sub70,ling_word_target,132,-0.05064990757740498
12333,sub70,ling_word_target,133,-0.04766970767763176
12334,sub70,ling_word_target,134,0.06340939137005112
12335,sub70,ling_word_target,135,-0.05184837008541055
12336,sub70,ling_word_target,136,0.0685559735531733
12337,sub70,ling_word_target,137,0.08161058946555629
12338,sub70,ling_word_target,138,0.05857106028203701
12339,sub70,ling_word_target,139,0.041685535121250804
12340,sub70,ling_word_target,140,0.017831687385790815
12341,sub70,ling_word_target,141,0.013677712909776514
12342,sub70,ling_word_target,142,-0.013335172840464043
12343,sub70,ling_word_target,143,-0.0805251198193596
12344,sub70,ling_word_target,144,-0.014551594682581694
12345,sub70,ling_word_target,145,0.0005828783242814
12346,sub70,ling_word_target,146,-0.07772930000045618
12347,sub70,ling_word_target,147,-0.04916680565102425
12348,sub70,ling_word_target,148,0.03542053906027066
12349,sub70,ling_word_target,149,3.0051122893803485e-05
12350,sub70,ling_word_target,150,-0.02057409382229193
12351,sub70,ling_word_target,151,0.14492308682280963
12352,sub70,ling_word_target,152,0.056522961125232675
12353,sub70,ling_word_target,153,0.010611416998996785
12354,sub70,ling_word_target,154,0.02724576798413544
12355,sub70,ling_word_target,155,0.0482265850129308
12356,sub70,ling_word_target,156,0.0184951515121865
12357,sub70,ling_word_target,157,0.020752798985554932
12358,sub70,ling_word_target,158,0.04781563087756282
12359,sub70,ling_word_target,159,0.014413309120394622
12360,sub70,ling_word_target,160,0.03420412924863894
12361,sub70,ling_word_target,161,0.04850512088496771
12362,sub70,ling_word_target,162,-0.022501339822530397
12363,sub70,ling_word_target,163,0.04983098213802997
12364,sub70,ling_word_target,164,-0.04620027416166768
12365,sub70,ling_word_target,165,0.028256853454489583
12366,sub70,ling_word_target,166,0.07763289294704193
12367,sub70,ling_word_target,167,0.013892560898832163
12368,sub70,ling_word_target,168,-0.03534127144652884
12369,sub70,ling_word_target,169,0.008865368769513006
12370,sub70,ling_word_target,170,0.021719052526341376
12371,sub70,ling_word_target,171,0.021031050891202982
12372,sub70,ling_word_target,172,-0.03990858541071003
12373,sub70,ling_word_target,173,-0.003948665106143765
12374,sub70,ling_word_target,174,-0.02946674936979641
12375,sub70,ling_word_target,175,-0.029086931479253144
12376,sub70,ling_word_target,176,0.029971556054041275
12377,sub70,ling_word_target,177,-0.0525121816924304
12378,sub70,ling_word_target,178,0.03816656377649365
12379,sub70,ling_word_target,179,-0.06797683924201638
12380,sub70,ling_word_target,180,-0.012451349438188571
12381,sub70,ling_word_target,181,0.020318070633860746
12382,sub70,ling_word_target,182,0.05357728282317948
12383,sub70,ling_word_target,183,0.003368646025159093
12384,sub70,ling_word_target,184,0.09898238863307302
12385,sub70,ling_word_target,185,-0.03386330641960755
12386,sub70,ling_word_target,186,-0.0854414305645929
12387,sub70,ling_word_target,187,0.006906295855991297
12388,sub70,ling_word_target,188,0.007811392531892396
12389,sub70,ling_word_target,189,0.0481098439161722
12390,sub70,ling_word_target,190,0.010711858982166627
12391,sub70,ling_word_target,191,-0.04686768293264488
12392,sub70,ling_word_target,192,-0.0002541132827032306
12393,sub70,ling_word_target,193,0.04066710006988714
12394,sub70,ling_word_target,194,-0.020353817742031786
12395,sub70,ling_word_target,195,-0.011238923526180245
12396,sub70,ling_word_target,196,-0.0017884017304937497
12397,sub70,ling_word_target,197,-0.04453193770565608
12398,sub70,ling_word_target,198,0.03190526001929881
12399,sub70,ling_word_target,199,-0.0334175782072845
12400,sub72,ling_word_target,0,0.13110621799968028
12401,sub72,ling_word_target,1,0.02769991188751543
12402,sub72,ling_word_target,2,0.0008134122770011351
12403,sub72,ling_word_target,3,-0.16876856240883917
12404,sub72,ling_word_target,4,-0.10732802218945164
12405,sub72,ling_word_target,5,0.15940700597567334
12406,sub72,ling_word_target,6,-0.18524340836437395
12407,sub72,ling_word_target,7,-0.16540324899665523
12408,sub72,ling_word_target,8,0.04128017603526011
12409,sub72,ling_word_target,9,0.048271779466273
12410,sub72,ling_word_target,10,0.10580485184900493
12411,sub72,ling_word_target,11,0.0076104574689457695
12412,sub72,ling_word_target,12,-0.0027762786792414574
12413,sub72,ling_word_target,13,0.025900088363303295
12414,sub72,ling_word_target,14,0.06938532857017708
12415,sub72,ling_word_target,15,-0.008607351787068097
12416,sub72,ling_word_target,16,0.229256839280481
12417,sub72,ling_word_target,17,0.022762029318821562
12418,sub72,ling_word_target,18,-0.18422398145078586
12419,sub72,ling_word_target,19,-0.06704641511970734
12420,sub72,ling_word_target,20,0.08195433853727732
12421,sub72,ling_word_target,21,0.06643863228613794
12422,sub72,ling_word_target,22,0.24384004173461007
12423,sub72,ling_word_target,23,0.21147338913285896
12424,sub72,ling_word_target,24,-0.08964284945682088
12425,sub72,ling_word_target,25,-0.23766795317389589
12426,sub72,ling_word_target,26,0.17467028315075822
12427,sub72,ling_word_target,27,-0.07680839510927387
12428,sub72,ling_word_target,28,0.04866085878180893
12429,sub72,ling_word_target,29,0.0911530448072588
12430,sub72,ling_word_target,30,-0.030951233814320033
12431,sub72,ling_word_target,31,-0.05503470841688032
12432,sub72,ling_word_target,32,-0.009491120780783003
12433,sub72,ling_word_target,33,0.3108911996606663
12434,sub72,ling_word_target,34,-0.059672537675625484
12435,sub72,ling_word_target,35,-0.021266120233964365
12436,sub72,ling_word_target,36,0.014427878007224391
12437,sub72,ling_word_target,37,0.1608558744883154
12438,sub72,ling_word_target,38,0.12026186355362846
12439,sub72,ling_word_target,39,-0.19716490891470317
12440,sub72,ling_word_target,40,0.3143994890673804
12441,sub72,ling_word_target,41,0.08856632410618202
12442,sub72,ling_word_target,42,0.18464839950235168
12443,sub72,ling_word_target,43,-0.048747975739598784
12444,sub72,ling_word_target,44,0.273537469141022
12445,sub72,ling_word_target,45,-0.07947506636420286
12446,sub72,ling_word_target,46,-0.0631058296077152
12447,sub72,ling_word_target,47,-0.025569685453057694
12448,sub72,ling_word_target,48,0.01942029685048316
12449,sub72,ling_word_target,49,-0.02886610751315217
12450,sub72,ling_word_target,50,0.11340228460552029
12451,sub72,ling_word_target,51,0.071844157720489
12452,sub72,ling_word_target,52,-0.031455432173920814
12453,sub72,ling_word_target,53,-0.05319920283288628
12454,sub72,ling_word_target,54,0.1618478888702958
12455,sub72,ling_word_target,55,0.0677916928645783
12456,sub72,ling_word_target,56,-0.1546804410833197
12457,sub72,ling_word_target,57,0.049971660237118874
12458,sub72,ling_word_target,58,-0.017682577329442815
12459,sub72,ling_word_target,59,0.18101197945042324
12460,sub72,ling_word_target,60,0.08123262157927766
12461,sub72,ling_word_target,61,0.036239314973554676
12462,sub72,ling_word_target,62,0.06431568535957133
12463,sub72,ling_word_target,63,-0.12948096385389213
12464,sub72,ling_word_target,64,-0.04472153109537959
12465,sub72,ling_word_target,65,0.021970958211216283
12466,sub72,ling_word_target,66,0.3342865394681549
12467,sub72,ling_word_target,67,0.11202782062514
12468,sub72,ling_word_target,68,-0.08511028681610198
12469,sub72,ling_word_target,69,0.092436256161737
12470,sub72,ling_word_target,70,0.047839491114619694
12471,sub72,ling_word_target,71,-0.05552165050344595
12472,sub72,ling_word_target,72,0.004819044617204173
12473,sub72,ling_word_target,73,-0.07692697099248356
12474,sub72,ling_word_target,74,0.030777704756156817
12475,sub72,ling_word_target,75,0.1379009293310739
12476,sub72,ling_word_target,76,0.15952291115415326
12477,sub72,ling_word_target,77,0.13318895689048446
12478,sub72,ling_word_target,78,0.01530014494647215
12479,sub72,ling_word_target,79,-0.164774342261835
12480,sub72,ling_word_target,80,-0.0939711360989583
12481,sub72,ling_word_target,81,-0.14651424032753968
12482,sub72,ling_word_target,82,-0.03134056608359812
12483,sub72,ling_word_target,83,-0.017944394185761655
12484,sub72,ling_word_target,84,0.07849479585973593
12485,sub72,ling_word_target,85,0.2121137497896269
12486,sub72,ling_word_target,86,0.03371932149734423
12487,sub72,ling_word_target,87,-0.10089226198589168
12488,sub72,ling_word_target,88,0.010848190075494528
12489,sub72,ling_word_target,89,0.1658541692536557
12490,sub72,ling_word_target,90,-0.07351308102499661
12491,sub72,ling_word_target,91,0.16624690683429078
12492,sub72,ling_word_target,92,0.12494304719140661
12493,sub72,ling_word_target,93,0.017057050921431782
12494,sub72,ling_word_target,94,0.19098251396374694
12495,sub72,ling_word_target,95,0.046762574583334916
12496,sub72,ling_word_target,96,-0.01206619241151056
12497,sub72,ling_word_target,97,-0.059412957382070676
12498,sub72,ling_word_target,98,0.030601046602764633
12499,sub72,ling_word_target,99,0.07526789063812728
12500,sub72,ling_word_target,100,0.11813862535374893
12501,sub72,ling_word_target,101,0.04598639363279476
12502,sub72,ling_word_target,102,0.08354887350923262
12503,sub72,ling_word_target,103,0.11953251011345893
12504,sub72,ling_word_target,104,0.13908436351794443
12505,sub72,ling_word_target,105,-0.08066281468809626
12506,sub72,ling_word_target,106,-0.10459777005087213
12507,sub72,ling_word_target,107,-0.08984248014173646
12508,sub72,ling_word_target,108,-0.033485075752976004
12509,sub72,ling_word_target,109,0.19539710191560677
12510,sub72,ling_word_target,110,-0.07631434406103677
12511,sub72,ling_word_target,111,0.06842173613480443
12512,sub72,ling_word_target,112,-0.2137961681499779
12513,sub72,ling_word_target,113,0.04952950070008841
12514,sub72,ling_word_target,114,0.06356929609296388
12515,sub72,ling_word_target,115,0.04161799878667395
12516,sub72,ling_word_target,116,-0.05382081701735653
12517,sub72,ling_word_target,117,-0.04177372680845318
12518,sub72,ling_word_target,118,-0.11441829935798677
12519,sub72,ling_word_target,119,0.09558449812055318
12520,sub72,ling_word_target,120,-0.0759655186243359
12521,sub72,ling_word_target,121,-0.004372793217304236
12522,sub72,ling_word_target,122,-0.011529521438131098
12523,sub72,ling_word_target,123,0.0509366486011758
12524,sub72,ling_word_target,124,0.23162886637633381
12525,sub72,ling_word_target,125,0.05682561895421677
12526,sub72,ling_word_target,126,0.1910901349860114
12527,sub72,ling_word_target,127,-0.07740086767692782
12528,sub72,ling_word_target,128,-0.010371142846419504
12529,sub72,ling_word_target,129,-0.0020992360058661335
12530,sub72,ling_word_target,130,-0.13477165801339136
12531,sub72,ling_word_target,131,-0.017211229527982562
12532,sub72,ling_word_target,132,-0.02030316509714318
12533,sub72,ling_word_target,133,0.060528599145368726
12534,sub72,ling_word_target,134,0.08907902625047093
12535,sub72,ling_word_target,135,-0.03263760311429805
12536,sub72,ling_word_target,136,0.0566771226764834
12537,sub72,ling_word_target,137,0.012904219783672084
12538,sub72,ling_word_target,138,0.12936261456366643
12539,sub72,ling_word_target,139,0.16333890155682673
12540,sub72,ling_word_target,140,0.07069771062686413
12541,sub72,ling_word_target,141,0.012113997742242238
12542,sub72,ling_word_target,142,-0.1513553292311626
12543,sub72,ling_word_target,143,-0.1739198768028464
12544,sub72,ling_word_target,144,-0.016765733468669598
12545,sub72,ling_word_target,145,-0.12858243405850783
12546,sub72,ling_word_target,146,-0.16936420391539272
12547,sub72,ling_word_target,147,-0.041626594836762995
12548,sub72,ling_word_target,148,-0.015007636809286271
12549,sub72,ling_word_target,149,-0.03581840177746712
12550,sub72,ling_word_target,150,0.12845800993650294
12551,sub72,ling_word_target,151,-0.08782965073055586
12552,sub72,ling_word_target,152,0.14436702336782678
12553,sub72,ling_word_target,153,0.06394160141273282
12554,sub72,ling_word_target,154,0.00697153201373649
12555,sub72,ling_word_target,155,0.06680806971106064
12556,sub72,ling_word_target,156,0.24775421370537434
12557,sub72,ling_word_target,157,0.04650497778262278
12558,sub72,ling_word_target,158,0.002451518189754429
12559,sub72,ling_word_target,159,-0.021816014066738686
12560,sub72,ling_word_target,160,0.23512324342185512
12561,sub72,ling_word_target,161,0.024289167483840125
12562,sub72,ling_word_target,162,0.15648882749067974
12563,sub72,ling_word_target,163,0.17629961468886285
12564,sub72,ling_word_target,164,0.04131896101734152
12565,sub72,ling_word_target,165,0.000767302802556288
12566,sub72,ling_word_target,166,-0.0636441131754857
12567,sub72,ling_word_target,167,-0.06685916415341418
12568,sub72,ling_word_target,168,-0.004878681273935003
12569,sub72,ling_word_target,169,-0.10072711967710136
12570,sub72,ling_word_target,170,-0.0020926102527419567
12571,sub72,ling_word_target,171,-0.007739226732756091
12572,sub72,ling_word_target,172,-0.008917277091099237
12573,sub72,ling_word_target,173,0.07438115334929542
12574,sub72,ling_word_target,174,0.15488707762673842
12575,sub72,ling_word_target,175,0.06209472329448321
12576,sub72,ling_word_target,176,-0.1517573613979922
12577,sub72,ling_word_target,177,0.01634515887065368
12578,sub72,ling_word_target,178,0.057809007537662764
12579,sub72,ling_word_target,179,0.09318584771258993
12580,sub72,ling_word_target,180,0.08676511228499553
12581,sub72,ling_word_target,181,0.09514568060815194
12582,sub72,ling_word_target,182,-0.02478311383761823
12583,sub72,ling_word_target,183,0.09014451931852581
12584,sub72,ling_word_target,184,0.0512829607395144
12585,sub72,ling_word_target,185,0.19503566919164886
12586,sub72,ling_word_target,186,0.0692578150159384
12587,sub72,ling_word_target,187,0.07829712031334553
12588,sub72,ling_word_target,188,0.0589283175978725
12589,sub72,ling_word_target,189,0.1470183732384021
12590,sub72,ling_word_target,190,-0.047977663276951854
12591,sub72,ling_word_target,191,0.014822493788107469
12592,sub72,ling_word_target,192,0.1939997165971684
12593,sub72,ling_word_target,193,0.07458834835927919
12594,sub72,ling_word_target,194,-0.05398174739127226
12595,sub72,ling_word_target,195,-0.17721513926892168
12596,sub72,ling_word_target,196,0.08701212016161025
12597,sub72,ling_word_target,197,0.02674583921739923
12598,sub72,ling_word_target,198,0.023244107727819714
12599,sub72,ling_word_target,199,0.012862717022786869
