,subject,trialnum,feat,correlation
0,sub05,0,ling_word_target,0.00851869540817515
1,sub05,1,ling_word_target,0.023593653098541913
2,sub05,2,ling_word_target,0.012746605410303665
3,sub05,3,ling_word_target,0.009726012230314229
4,sub05,4,ling_word_target,0.00024844554810853113
5,sub05,5,ling_word_target,0.010673572591967224
6,sub05,6,ling_word_target,0.007868393090328673
7,sub05,7,ling_word_target,0.005368687872356177
8,sub05,8,ling_word_target,9.732827167798893e-05
9,sub05,9,ling_word_target,-0.01123870097910378
10,sub05,10,ling_word_target,-0.0018187828369716009
11,sub05,11,ling_word_target,-0.010046919629138314
12,sub05,12,ling_word_target,0.0019998552682901783
13,sub05,13,ling_word_target,0.019537564530995286
14,sub05,14,ling_word_target,-0.005480288270841146
15,sub05,15,ling_word_target,0.012891815109384709
16,sub05,16,ling_word_target,0.00621314596117146
17,sub05,17,ling_word_target,-0.011691801077432475
18,sub05,18,ling_word_target,-0.019811607488455767
19,sub05,19,ling_word_target,-0.0023304089944221236
20,sub05,20,ling_word_target,-0.011910498876291099
21,sub05,21,ling_word_target,0.0023205686788893313
22,sub05,22,ling_word_target,0.006910097046959202
23,sub05,23,ling_word_target,0.006374272888617835
24,sub05,24,ling_word_target,-0.008478674094798957
25,sub05,25,ling_word_target,-0.014770732250711372
26,sub05,26,ling_word_target,-0.001247633515860272
27,sub05,27,ling_word_target,0.025057023070417902
28,sub05,28,ling_word_target,0.012547519498768816
29,sub05,29,ling_word_target,0.017881402071342232
30,sub05,30,ling_word_target,0.02309809992051468
31,sub05,31,ling_word_target,-0.006032682598704549
32,sub05,32,ling_word_target,-0.014647188425859272
33,sub05,33,ling_word_target,0.006387139683181772
34,sub05,34,ling_word_target,-0.0016574503815087848
35,sub05,35,ling_word_target,-0.026085111400876892
36,sub05,36,ling_word_target,-0.023447616919974018
37,sub05,37,ling_word_target,0.007345612493483
38,sub05,38,ling_word_target,-0.0019854472017049258
39,sub05,39,ling_word_target,-0.012333123716193726
40,sub05,40,ling_word_target,0.0014432605698434073
41,sub05,41,ling_word_target,-0.022170980595788748
42,sub05,42,ling_word_target,0.00423056102089651
43,sub05,43,ling_word_target,0.014116473009731846
44,sub05,44,ling_word_target,0.006298513511158989
45,sub05,45,ling_word_target,0.011289314128693089
46,sub05,46,ling_word_target,0.007425729750134353
47,sub05,47,ling_word_target,-0.002161167927974273
48,sub05,48,ling_word_target,-0.0066522702905852955
49,sub05,49,ling_word_target,-0.0039420674080545655
50,sub05,50,ling_word_target,-0.002115498132328437
51,sub05,51,ling_word_target,0.014353828351347589
52,sub05,52,ling_word_target,-0.00043122385200610103
53,sub05,53,ling_word_target,-0.016819125146201867
54,sub05,54,ling_word_target,0.0008315214430855799
55,sub05,55,ling_word_target,-0.029339847187680096
56,sub05,56,ling_word_target,-3.642812007369504e-05
57,sub05,57,ling_word_target,0.017042923428611197
58,sub05,58,ling_word_target,-0.005896912307963085
59,sub05,59,ling_word_target,-0.0013516305206968736
60,sub05,60,ling_word_target,0.012490319942799257
61,sub05,61,ling_word_target,0.02036765236120718
62,sub05,62,ling_word_target,-0.007864644697509889
63,sub05,63,ling_word_target,0.010649125449433658
64,sub05,64,ling_word_target,0.0004379836260469165
65,sub05,65,ling_word_target,-0.005921624434762532
66,sub05,66,ling_word_target,-0.007935599121498207
67,sub05,67,ling_word_target,0.013922570516987776
68,sub05,68,ling_word_target,0.014731375448757014
69,sub05,69,ling_word_target,-0.005468439792614453
70,sub05,70,ling_word_target,-0.0036077797107171516
71,sub05,71,ling_word_target,-0.004293061632020227
72,sub05,72,ling_word_target,0.005500842288046242
73,sub05,73,ling_word_target,0.0025623692559329837
74,sub05,74,ling_word_target,0.0030806942431951443
75,sub05,75,ling_word_target,0.00482764551507941
76,sub05,76,ling_word_target,-0.015223505971909032
77,sub05,77,ling_word_target,-0.00554742011833297
78,sub05,78,ling_word_target,0.0021009884798535465
79,sub05,79,ling_word_target,-0.0069172958478645455
80,sub05,80,ling_word_target,0.012769580902335011
81,sub05,81,ling_word_target,-0.008661405873694634
82,sub05,82,ling_word_target,-0.00033534661913631273
83,sub05,83,ling_word_target,0.0030963158348831002
84,sub05,84,ling_word_target,-0.008793741434389291
85,sub05,85,ling_word_target,0.011243738688083536
86,sub05,86,ling_word_target,-0.0052067490563540335
87,sub05,87,ling_word_target,0.003892575026100505
88,sub05,88,ling_word_target,-0.005328346233188707
89,sub05,89,ling_word_target,0.009891184977251024
90,sub05,90,ling_word_target,0.007488950199025348
91,sub05,91,ling_word_target,-0.011875403528682372
92,sub05,92,ling_word_target,-0.007036375982023717
93,sub05,93,ling_word_target,0.003893853677750751
94,sub05,94,ling_word_target,-0.02270763735562198
95,sub05,95,ling_word_target,0.0021484576849904445
96,sub05,96,ling_word_target,-0.013639757325771745
97,sub05,97,ling_word_target,0.0015956090375244514
98,sub05,98,ling_word_target,0.00037874992085293096
99,sub05,99,ling_word_target,-0.01098349617744505
100,sub05,100,ling_word_target,0.007840768087525962
101,sub05,101,ling_word_target,0.014895220928380321
102,sub05,102,ling_word_target,0.01380944997719175
103,sub05,103,ling_word_target,0.0033811033912822587
104,sub05,104,ling_word_target,-0.006358997666779732
105,sub05,105,ling_word_target,-0.009863883144702223
106,sub05,106,ling_word_target,-0.007769343561673491
107,sub05,107,ling_word_target,-0.008198923020379546
108,sub05,108,ling_word_target,-0.011674469172521252
109,sub05,109,ling_word_target,-0.014504103574615386
110,sub05,110,ling_word_target,-0.012514236016601161
111,sub05,111,ling_word_target,-0.012380262723951607
112,sub05,112,ling_word_target,-0.0061060420204172945
113,sub05,113,ling_word_target,0.00886836317073592
114,sub05,114,ling_word_target,0.009048254532280803
115,sub05,115,ling_word_target,-0.00865602742639632
116,sub05,116,ling_word_target,-0.02660028813136885
117,sub05,117,ling_word_target,8.187532949312374e-05
118,sub05,118,ling_word_target,-0.010873099391122996
119,sub05,119,ling_word_target,0.0028217130735403565
120,sub05,120,ling_word_target,0.000688774347772033
121,sub05,121,ling_word_target,0.022404758791452067
122,sub05,122,ling_word_target,-0.0012697374524636284
123,sub05,123,ling_word_target,0.004484317897321598
124,sub05,124,ling_word_target,-0.010533707460990333
125,sub05,125,ling_word_target,-0.0201757040166133
126,sub05,126,ling_word_target,0.011708925978222548
127,sub05,127,ling_word_target,0.003990179394333457
128,sub05,128,ling_word_target,0.0024209416963799713
129,sub05,129,ling_word_target,-0.004512988526269443
130,sub05,130,ling_word_target,0.003490172503505607
131,sub05,131,ling_word_target,0.015550289027104534
132,sub05,132,ling_word_target,0.012284089404339362
133,sub05,133,ling_word_target,-0.025920574413791666
134,sub05,134,ling_word_target,0.022887089499620695
135,sub05,135,ling_word_target,-0.006028732079198022
136,sub05,136,ling_word_target,-0.0052403938215623315
137,sub05,137,ling_word_target,-0.006058945556367342
138,sub05,138,ling_word_target,-0.0015750918533929481
139,sub05,139,ling_word_target,0.01140014623746255
140,sub05,140,ling_word_target,0.011677161135229609
141,sub05,141,ling_word_target,0.009491976155748674
142,sub05,142,ling_word_target,0.014857755954117603
143,sub05,143,ling_word_target,-0.012753034540487446
144,sub05,144,ling_word_target,-0.004951202134048798
145,sub05,145,ling_word_target,0.011503911932742892
146,sub05,146,ling_word_target,-0.011915386607622825
147,sub05,147,ling_word_target,0.015229384089248716
148,sub05,148,ling_word_target,-0.0033591084466765395
149,sub05,149,ling_word_target,0.002622577290210809
150,sub05,150,ling_word_target,-0.005913418215188445
151,sub05,151,ling_word_target,0.008747582417111453
152,sub05,152,ling_word_target,0.006569697019893588
153,sub05,153,ling_word_target,0.0004953022701601048
154,sub05,154,ling_word_target,0.006759909184860854
155,sub05,155,ling_word_target,0.002946958758685464
156,sub05,156,ling_word_target,-0.009259175918640172
157,sub05,157,ling_word_target,0.007813680395909817
158,sub05,158,ling_word_target,-0.004555634204429049
159,sub05,159,ling_word_target,-0.015421554454835607
160,sub05,160,ling_word_target,0.0012121043656543003
161,sub05,161,ling_word_target,-0.011768400518491214
162,sub05,162,ling_word_target,0.008770636708160936
163,sub05,163,ling_word_target,-0.0008556001662162834
164,sub05,164,ling_word_target,-0.01349743990305216
165,sub05,165,ling_word_target,0.010865571136673333
166,sub05,166,ling_word_target,-0.007367966769487044
167,sub05,167,ling_word_target,-0.014594249084259282
168,sub05,168,ling_word_target,0.006298153510944742
169,sub05,169,ling_word_target,-0.00698879341901117
170,sub05,170,ling_word_target,0.023069833945203764
171,sub05,171,ling_word_target,-0.03676559610130505
172,sub05,172,ling_word_target,-0.0028176230122720324
173,sub05,173,ling_word_target,-0.006212305722720214
174,sub05,174,ling_word_target,0.004665307045323388
175,sub05,175,ling_word_target,-0.010850417251545572
176,sub05,176,ling_word_target,-0.009582526118447395
177,sub05,177,ling_word_target,-0.0012706125156873576
178,sub05,178,ling_word_target,0.005006998093931323
179,sub05,179,ling_word_target,-0.006923658255442472
180,sub05,180,ling_word_target,-0.0016661775080273958
181,sub05,181,ling_word_target,-0.0032734676078482383
182,sub05,182,ling_word_target,-0.019765757435537983
183,sub05,183,ling_word_target,-0.003929711381144653
184,sub05,184,ling_word_target,0.002109709404067381
185,sub05,185,ling_word_target,0.01299904395341368
186,sub05,186,ling_word_target,0.01817252985492593
187,sub05,187,ling_word_target,0.005352420752802036
188,sub05,188,ling_word_target,-0.016279779310749438
189,sub05,189,ling_word_target,0.0033629275699526185
190,sub05,190,ling_word_target,-0.0036943220119048698
191,sub05,191,ling_word_target,0.01917957402143428
192,sub05,192,ling_word_target,0.010648539094703598
193,sub05,193,ling_word_target,0.001405572200536587
194,sub05,194,ling_word_target,0.008089338582313067
195,sub05,195,ling_word_target,0.0008371805564202742
196,sub05,196,ling_word_target,-0.0008769579628377719
197,sub05,197,ling_word_target,-0.00608051667531104
198,sub05,198,ling_word_target,-0.012378978748235096
199,sub05,199,ling_word_target,0.0070136549425425755
200,sub06,0,ling_word_target,-0.010754613030596147
201,sub06,1,ling_word_target,-0.004158930560372346
202,sub06,2,ling_word_target,0.010259328166995317
203,sub06,3,ling_word_target,0.012450161579461045
204,sub06,4,ling_word_target,0.00784169836913393
205,sub06,5,ling_word_target,-0.006011112772490845
206,sub06,6,ling_word_target,-0.002556347395834656
207,sub06,7,ling_word_target,0.00088586853140484
208,sub06,8,ling_word_target,0.009313259460075862
209,sub06,9,ling_word_target,0.00024257779601521756
210,sub06,10,ling_word_target,-0.023644980163382727
211,sub06,11,ling_word_target,0.005966807532782267
212,sub06,12,ling_word_target,0.014955996501115815
213,sub06,13,ling_word_target,0.007375232195227093
214,sub06,14,ling_word_target,0.0010685090567416878
215,sub06,15,ling_word_target,-0.012565945926853566
216,sub06,16,ling_word_target,-0.0008494741739636347
217,sub06,17,ling_word_target,-0.002460988922489108
218,sub06,18,ling_word_target,-0.013358625975023367
219,sub06,19,ling_word_target,0.012011326894733897
220,sub06,20,ling_word_target,0.005584727958591052
221,sub06,21,ling_word_target,-0.008398095675857668
222,sub06,22,ling_word_target,0.007554491482104883
223,sub06,23,ling_word_target,-0.007963788224786007
224,sub06,24,ling_word_target,0.005991109875811879
225,sub06,25,ling_word_target,-0.007828898190653107
226,sub06,26,ling_word_target,0.009309492305632525
227,sub06,27,ling_word_target,0.0014190410962438402
228,sub06,28,ling_word_target,0.004654984524971198
229,sub06,29,ling_word_target,0.0088181965292526
230,sub06,30,ling_word_target,0.007184900779173595
231,sub06,31,ling_word_target,-0.005184301384369827
232,sub06,32,ling_word_target,-0.0005200538928599418
233,sub06,33,ling_word_target,-0.01780492635505397
234,sub06,34,ling_word_target,-0.01398915532205997
235,sub06,35,ling_word_target,-0.0009829934578594551
236,sub06,36,ling_word_target,0.003532895293381465
237,sub06,37,ling_word_target,-0.005554428136918211
238,sub06,38,ling_word_target,0.004059788349499485
239,sub06,39,ling_word_target,-0.005320808546826187
240,sub06,40,ling_word_target,0.009149244724579838
241,sub06,41,ling_word_target,0.006818982745641357
242,sub06,42,ling_word_target,0.0060985968202452116
243,sub06,43,ling_word_target,0.0008684990074718934
244,sub06,44,ling_word_target,0.0152126168878507
245,sub06,45,ling_word_target,0.00535885752151507
246,sub06,46,ling_word_target,-0.004322546775487926
247,sub06,47,ling_word_target,-0.011122515529473917
248,sub06,48,ling_word_target,-0.004576553273188744
249,sub06,49,ling_word_target,-0.008482433364364694
250,sub06,50,ling_word_target,-0.005123880548245696
251,sub06,51,ling_word_target,-0.003058475440340452
252,sub06,52,ling_word_target,-0.023380530341038916
253,sub06,53,ling_word_target,-0.004787002574771441
254,sub06,54,ling_word_target,-0.007984102631788724
255,sub06,55,ling_word_target,-0.005003090335964888
256,sub06,56,ling_word_target,-0.0012121277566095156
257,sub06,57,ling_word_target,0.01324142508707555
258,sub06,58,ling_word_target,-0.005920059425393819
259,sub06,59,ling_word_target,-0.00906971376124152
260,sub06,60,ling_word_target,0.00730688833881509
261,sub06,61,ling_word_target,-0.004454745604853873
262,sub06,62,ling_word_target,0.011539349782386125
263,sub06,63,ling_word_target,-0.004140638435881076
264,sub06,64,ling_word_target,0.00027843836971259576
265,sub06,65,ling_word_target,0.004242022672295145
266,sub06,66,ling_word_target,-0.01129564378884762
267,sub06,67,ling_word_target,-0.0023628286893458863
268,sub06,68,ling_word_target,0.002918775852346763
269,sub06,69,ling_word_target,-0.007429350820774277
270,sub06,70,ling_word_target,-0.010457105324521817
271,sub06,71,ling_word_target,0.004139077554382524
272,sub06,72,ling_word_target,0.01919818093527708
273,sub06,73,ling_word_target,-0.00729293550128175
274,sub06,74,ling_word_target,-0.005213996841545869
275,sub06,75,ling_word_target,0.01949923941316559
276,sub06,76,ling_word_target,0.01722514079901964
277,sub06,77,ling_word_target,-0.00019789353265691745
278,sub06,78,ling_word_target,0.004535951149486536
279,sub06,79,ling_word_target,-0.029470537715389614
280,sub06,80,ling_word_target,-0.0026404734436317355
281,sub06,81,ling_word_target,7.531891065780353e-05
282,sub06,82,ling_word_target,-0.020603113318954334
283,sub06,83,ling_word_target,-0.009880586575951152
284,sub06,84,ling_word_target,-0.0009213986717503654
285,sub06,85,ling_word_target,0.012126587935033578
286,sub06,86,ling_word_target,-0.0009359939968867686
287,sub06,87,ling_word_target,0.009592194024705838
288,sub06,88,ling_word_target,-0.008626218310556976
289,sub06,89,ling_word_target,-0.008523807256975052
290,sub06,90,ling_word_target,-0.0018174785757638298
291,sub06,91,ling_word_target,-0.005247902593746003
292,sub06,92,ling_word_target,-0.009602083990451257
293,sub06,93,ling_word_target,0.008382813009230168
294,sub06,94,ling_word_target,0.005731085019889109
295,sub06,95,ling_word_target,0.005135908837306864
296,sub06,96,ling_word_target,-0.009871328596658041
297,sub06,97,ling_word_target,-0.011593663717246102
298,sub06,98,ling_word_target,-0.003198035256670827
299,sub06,99,ling_word_target,0.01870942950665045
300,sub06,100,ling_word_target,-0.010488503914294482
301,sub06,101,ling_word_target,0.01938581425169189
302,sub06,102,ling_word_target,0.00412729794047332
303,sub06,103,ling_word_target,-3.851663394425768e-05
304,sub06,104,ling_word_target,-0.013244734408847344
305,sub06,105,ling_word_target,0.015212960238285599
306,sub06,106,ling_word_target,-0.005675775180326741
307,sub06,107,ling_word_target,0.0012500974163308363
308,sub06,108,ling_word_target,-0.014858071194980975
309,sub06,109,ling_word_target,-0.012333077040920466
310,sub06,110,ling_word_target,-0.0005001898862825641
311,sub06,111,ling_word_target,-0.000914867107650151
312,sub06,112,ling_word_target,-0.004794708980141697
313,sub06,113,ling_word_target,-0.0022109499345200124
314,sub06,114,ling_word_target,-0.008895028299064807
315,sub06,115,ling_word_target,0.003483986419457229
316,sub06,116,ling_word_target,0.0009279059688879764
317,sub06,117,ling_word_target,0.008910066423884883
318,sub06,118,ling_word_target,-0.007005435559388639
319,sub06,119,ling_word_target,0.0066501440998865055
320,sub06,120,ling_word_target,0.0028462272216636534
321,sub06,121,ling_word_target,0.008846859742337097
322,sub06,122,ling_word_target,0.007429260218005882
323,sub06,123,ling_word_target,-0.011542110395492975
324,sub06,124,ling_word_target,-0.010996554338664626
325,sub06,125,ling_word_target,0.006456819576117889
326,sub06,126,ling_word_target,0.004131757501145034
327,sub06,127,ling_word_target,0.004416841456278005
328,sub06,128,ling_word_target,-0.011934389531726645
329,sub06,129,ling_word_target,-0.0013138062321859047
330,sub06,130,ling_word_target,0.003009912555366409
331,sub06,131,ling_word_target,-0.002123052634440261
332,sub06,132,ling_word_target,0.01520259525586465
333,sub06,133,ling_word_target,-0.005296130999332214
334,sub06,134,ling_word_target,-0.023590049721237707
335,sub06,135,ling_word_target,0.022615735395603576
336,sub06,136,ling_word_target,0.002314620708700613
337,sub06,137,ling_word_target,-0.01690494891467023
338,sub06,138,ling_word_target,-0.0021214985846430535
339,sub06,139,ling_word_target,0.005946766069434638
340,sub06,140,ling_word_target,0.012185576846209143
341,sub06,141,ling_word_target,-0.016247240103216574
342,sub06,142,ling_word_target,-0.010962504564379978
343,sub06,143,ling_word_target,-0.0010920853974807695
344,sub06,144,ling_word_target,-0.0003222838808462892
345,sub06,145,ling_word_target,-0.006902187345524963
346,sub06,146,ling_word_target,-0.003449004611863492
347,sub06,147,ling_word_target,-0.00403417953395025
348,sub06,148,ling_word_target,-0.00873818992952145
349,sub06,149,ling_word_target,-0.0035121412876076433
350,sub06,150,ling_word_target,-0.015292312553442893
351,sub06,151,ling_word_target,-0.0016905868510472327
352,sub06,152,ling_word_target,-0.019744100601923994
353,sub06,153,ling_word_target,-0.007387836914416408
354,sub06,154,ling_word_target,0.013386236030301722
355,sub06,155,ling_word_target,-0.002139574900649253
356,sub06,156,ling_word_target,0.003117435102469362
357,sub06,157,ling_word_target,-0.02529968000324316
358,sub06,158,ling_word_target,0.0066920304482881166
359,sub06,159,ling_word_target,-0.010483256173592925
360,sub06,160,ling_word_target,0.009999766954615857
361,sub06,161,ling_word_target,-0.0054315381045408435
362,sub06,162,ling_word_target,-0.004120335760145078
363,sub06,163,ling_word_target,0.00296320423927501
364,sub06,164,ling_word_target,0.00706067244873883
365,sub06,165,ling_word_target,0.009842287637022974
366,sub06,166,ling_word_target,-0.0019100552996144798
367,sub06,167,ling_word_target,-0.003965515992543681
368,sub06,168,ling_word_target,-0.00787704515259077
369,sub06,169,ling_word_target,-0.004141759511150275
370,sub06,170,ling_word_target,0.017617875154113616
371,sub06,171,ling_word_target,0.0016677534238786916
372,sub06,172,ling_word_target,0.00024530326861214
373,sub06,173,ling_word_target,0.008562355325330813
374,sub06,174,ling_word_target,0.007571488574374348
375,sub06,175,ling_word_target,-0.003392568975849156
376,sub06,176,ling_word_target,0.006395605476924667
377,sub06,177,ling_word_target,-0.007164915053169682
378,sub06,178,ling_word_target,-0.010490507151125742
379,sub06,179,ling_word_target,0.003041781795838803
380,sub06,180,ling_word_target,-0.008507022269746716
381,sub06,181,ling_word_target,0.0030703063163405393
382,sub06,182,ling_word_target,0.01384338872661235
383,sub06,183,ling_word_target,-0.0029454530849041946
384,sub06,184,ling_word_target,-0.01266582817834487
385,sub06,185,ling_word_target,0.011921228546335158
386,sub06,186,ling_word_target,0.006941633790593265
387,sub06,187,ling_word_target,-0.007359419852710421
388,sub06,188,ling_word_target,0.007462594353011118
389,sub06,189,ling_word_target,0.010597314155294647
390,sub06,190,ling_word_target,0.00459233168448366
391,sub06,191,ling_word_target,-0.019873833773318132
392,sub06,192,ling_word_target,-0.00014514534125456015
393,sub06,193,ling_word_target,0.016799952906515567
394,sub06,194,ling_word_target,0.005102542081618126
395,sub06,195,ling_word_target,0.005096965672372179
396,sub06,196,ling_word_target,-0.003986984704278877
397,sub06,197,ling_word_target,0.008475725174460802
398,sub06,198,ling_word_target,-0.029431922358054332
399,sub06,199,ling_word_target,-0.009122028017152783
400,sub07,0,ling_word_target,-0.0097171846316361
401,sub07,1,ling_word_target,0.013159174337139866
402,sub07,2,ling_word_target,-0.024352254777109696
403,sub07,3,ling_word_target,0.006879075429077938
404,sub07,4,ling_word_target,0.029886078169359825
405,sub07,5,ling_word_target,0.018051935354293804
406,sub07,6,ling_word_target,0.015550010474134469
407,sub07,7,ling_word_target,-0.014580640573442497
408,sub07,8,ling_word_target,-0.008215651507191704
409,sub07,9,ling_word_target,-0.020101353840214244
410,sub07,10,ling_word_target,0.003927579152659242
411,sub07,11,ling_word_target,0.0034068285507102454
412,sub07,12,ling_word_target,-0.022191363784079283
413,sub07,13,ling_word_target,0.009843883253869048
414,sub07,14,ling_word_target,-0.02308390889422737
415,sub07,15,ling_word_target,-0.003863079816928618
416,sub07,16,ling_word_target,-0.018243312727074745
417,sub07,17,ling_word_target,0.022660703157473882
418,sub07,18,ling_word_target,0.002700365046833783
419,sub07,19,ling_word_target,0.008621171115701426
420,sub07,20,ling_word_target,-0.0054849895190287575
421,sub07,21,ling_word_target,0.017629293290085172
422,sub07,22,ling_word_target,0.017652296045284472
423,sub07,23,ling_word_target,0.014726520112708783
424,sub07,24,ling_word_target,0.004900637235883137
425,sub07,25,ling_word_target,0.004945298854281426
426,sub07,26,ling_word_target,0.01238057394207415
427,sub07,27,ling_word_target,0.0006868505755484325
428,sub07,28,ling_word_target,-0.024059739976578037
429,sub07,29,ling_word_target,-0.001257858430293598
430,sub07,30,ling_word_target,0.005000050727344156
431,sub07,31,ling_word_target,-0.0090923883884891
432,sub07,32,ling_word_target,-0.0020758692969343917
433,sub07,33,ling_word_target,-0.017415002431523788
434,sub07,34,ling_word_target,-0.0015961581350128218
435,sub07,35,ling_word_target,0.008147680928671299
436,sub07,36,ling_word_target,0.008329591603598197
437,sub07,37,ling_word_target,0.0013574415971627574
438,sub07,38,ling_word_target,-0.01188421373728704
439,sub07,39,ling_word_target,-0.02168839833765395
440,sub07,40,ling_word_target,-0.010536786847612155
441,sub07,41,ling_word_target,0.0021284242351676226
442,sub07,42,ling_word_target,-0.013556611535956761
443,sub07,43,ling_word_target,-0.025423240717018937
444,sub07,44,ling_word_target,0.008820332800244435
445,sub07,45,ling_word_target,0.004824933855271686
446,sub07,46,ling_word_target,-0.0073192572157554335
447,sub07,47,ling_word_target,-0.0031710873404829877
448,sub07,48,ling_word_target,-0.01566629376400351
449,sub07,49,ling_word_target,-0.007117574681987322
450,sub07,50,ling_word_target,-0.0014179128842889649
451,sub07,51,ling_word_target,0.0073393558103714085
452,sub07,52,ling_word_target,0.029734347728070175
453,sub07,53,ling_word_target,-0.030836100593072447
454,sub07,54,ling_word_target,0.007442030944878936
455,sub07,55,ling_word_target,-0.00721597951093609
456,sub07,56,ling_word_target,-0.000618962240216084
457,sub07,57,ling_word_target,0.015787808850520686
458,sub07,58,ling_word_target,-0.02147407767118085
459,sub07,59,ling_word_target,0.0008540674010107472
460,sub07,60,ling_word_target,-0.015239199998556975
461,sub07,61,ling_word_target,-0.02466225491136572
462,sub07,62,ling_word_target,-0.00790458132603739
463,sub07,63,ling_word_target,0.003092372723738421
464,sub07,64,ling_word_target,-0.017783406540461517
465,sub07,65,ling_word_target,-0.003294407983994675
466,sub07,66,ling_word_target,-0.002734440091595623
467,sub07,67,ling_word_target,0.0005791389381047138
468,sub07,68,ling_word_target,-0.010867276340228962
469,sub07,69,ling_word_target,-0.023568768699261524
470,sub07,70,ling_word_target,-0.01454389972744829
471,sub07,71,ling_word_target,-0.0017588481733236971
472,sub07,72,ling_word_target,-0.00012717020730126723
473,sub07,73,ling_word_target,-0.018080900536419416
474,sub07,74,ling_word_target,-0.013590457281303507
475,sub07,75,ling_word_target,0.008231803353987873
476,sub07,76,ling_word_target,-0.0032994403249860856
477,sub07,77,ling_word_target,-0.005535266814757542
478,sub07,78,ling_word_target,-0.0001428679635096817
479,sub07,79,ling_word_target,-0.013815601923811352
480,sub07,80,ling_word_target,0.005518279740109539
481,sub07,81,ling_word_target,0.028494126310774776
482,sub07,82,ling_word_target,-0.019610599573938594
483,sub07,83,ling_word_target,0.007356747712522983
484,sub07,84,ling_word_target,0.0029187660884708744
485,sub07,85,ling_word_target,-0.01611983352143941
486,sub07,86,ling_word_target,-0.0033272234753025476
487,sub07,87,ling_word_target,-0.006187961548581166
488,sub07,88,ling_word_target,0.012439212564996074
489,sub07,89,ling_word_target,-0.006259496089223675
490,sub07,90,ling_word_target,-0.0005470890505284183
491,sub07,91,ling_word_target,-0.0024205490967206967
492,sub07,92,ling_word_target,0.0007667730970250983
493,sub07,93,ling_word_target,0.006335034399718306
494,sub07,94,ling_word_target,0.013325542080379877
495,sub07,95,ling_word_target,-0.012564615289777236
496,sub07,96,ling_word_target,-0.0032271838615805007
497,sub07,97,ling_word_target,-0.006301912552948827
498,sub07,98,ling_word_target,-0.006966522893322258
499,sub07,99,ling_word_target,-0.005710365439596969
500,sub07,100,ling_word_target,0.018682108224438936
501,sub07,101,ling_word_target,0.006328878642588432
502,sub07,102,ling_word_target,0.014448542162528924
503,sub07,103,ling_word_target,0.027424787648738208
504,sub07,104,ling_word_target,-0.0010757823810546427
505,sub07,105,ling_word_target,-0.017811791244380704
506,sub07,106,ling_word_target,0.021555293188138838
507,sub07,107,ling_word_target,-0.0019995985400728944
508,sub07,108,ling_word_target,0.00748513796374854
509,sub07,109,ling_word_target,0.0034982195031684742
510,sub07,110,ling_word_target,0.008687288715176187
511,sub07,111,ling_word_target,-0.043312282308527114
512,sub07,112,ling_word_target,0.011548894256742272
513,sub07,113,ling_word_target,0.00421561280659846
514,sub07,114,ling_word_target,0.007524062928124511
515,sub07,115,ling_word_target,0.010556452297710885
516,sub07,116,ling_word_target,0.004082690623454268
517,sub07,117,ling_word_target,0.012012382675498673
518,sub07,118,ling_word_target,0.006076695052350742
519,sub07,119,ling_word_target,-0.005294753271943967
520,sub07,120,ling_word_target,0.0041900638632007235
521,sub07,121,ling_word_target,-0.008726065451272795
522,sub07,122,ling_word_target,0.0113845943657111
523,sub07,123,ling_word_target,0.01401315179296762
524,sub07,124,ling_word_target,-0.01767894562053819
525,sub07,125,ling_word_target,-0.003203349359008665
526,sub07,126,ling_word_target,0.007591687458483675
527,sub07,127,ling_word_target,0.012280648925804714
528,sub07,128,ling_word_target,-0.014596882714788335
529,sub07,129,ling_word_target,-0.003465317973393915
530,sub07,130,ling_word_target,0.029484128481018543
531,sub07,131,ling_word_target,-0.0011533333992659153
532,sub07,132,ling_word_target,-0.01097769521653037
533,sub07,133,ling_word_target,0.010839463442546356
534,sub07,134,ling_word_target,0.0036107110625540114
535,sub07,135,ling_word_target,-0.026483054514559113
536,sub07,136,ling_word_target,0.0019381190524401742
537,sub07,137,ling_word_target,-0.00148352399160329
538,sub07,138,ling_word_target,0.009622974995903007
539,sub07,139,ling_word_target,-0.004460772308536517
540,sub07,140,ling_word_target,0.01001113791267905
541,sub07,141,ling_word_target,-0.008102059108160583
542,sub07,142,ling_word_target,0.0011631085396153057
543,sub07,143,ling_word_target,0.014434249811440075
544,sub07,144,ling_word_target,0.003995756370903878
545,sub07,145,ling_word_target,-0.0027622535778860048
546,sub07,146,ling_word_target,0.020088547639145166
547,sub07,147,ling_word_target,-0.0017412887377720693
548,sub07,148,ling_word_target,0.00563111883770982
549,sub07,149,ling_word_target,0.005986382222922761
550,sub07,150,ling_word_target,0.010228336639188047
551,sub07,151,ling_word_target,0.015978587062201823
552,sub07,152,ling_word_target,0.007115547098994792
553,sub07,153,ling_word_target,-0.0016694021181517793
554,sub07,154,ling_word_target,0.010341440888779621
555,sub07,155,ling_word_target,0.021541934982568952
556,sub07,156,ling_word_target,-0.0012208900840550859
557,sub07,157,ling_word_target,0.007375663714984107
558,sub07,158,ling_word_target,0.017094784729316553
559,sub07,159,ling_word_target,-0.012885334794478929
560,sub07,160,ling_word_target,-0.008357293768961263
561,sub07,161,ling_word_target,-0.015708969053344294
562,sub07,162,ling_word_target,0.016154509603008238
563,sub07,163,ling_word_target,-0.00806211542004724
564,sub07,164,ling_word_target,0.011885238791725336
565,sub07,165,ling_word_target,-0.011600370735029175
566,sub07,166,ling_word_target,0.007996018067601803
567,sub07,167,ling_word_target,0.015099590775812598
568,sub07,168,ling_word_target,0.0004599227847106055
569,sub07,169,ling_word_target,-0.010935833805895863
570,sub07,170,ling_word_target,-0.0012566819986253176
571,sub07,171,ling_word_target,0.005451115723684177
572,sub07,172,ling_word_target,-0.014866452453897004
573,sub07,173,ling_word_target,-0.011758720715950962
574,sub07,174,ling_word_target,-0.005737989067859531
575,sub07,175,ling_word_target,0.013834758774518483
576,sub07,176,ling_word_target,0.007588646587304975
577,sub07,177,ling_word_target,0.0018470399649401486
578,sub07,178,ling_word_target,0.002811036764431977
579,sub07,179,ling_word_target,-0.0020210411188999857
580,sub07,180,ling_word_target,0.003808728625144029
581,sub07,181,ling_word_target,0.002181245214861837
582,sub07,182,ling_word_target,0.008590541981017647
583,sub07,183,ling_word_target,-0.005725325350001656
584,sub07,184,ling_word_target,-0.002950501589769249
585,sub07,185,ling_word_target,0.005564485825548758
586,sub07,186,ling_word_target,-0.007191909680123278
587,sub07,187,ling_word_target,0.010163692202144772
588,sub07,188,ling_word_target,0.005084581080564183
589,sub07,189,ling_word_target,-0.010899740525900778
590,sub07,190,ling_word_target,-0.01095671882392476
591,sub07,191,ling_word_target,-0.0033376112862031353
592,sub07,192,ling_word_target,0.015407565294016252
593,sub07,193,ling_word_target,-0.007607453195181786
594,sub07,194,ling_word_target,0.004957442640007282
595,sub07,195,ling_word_target,0.0023889396642015974
596,sub07,196,ling_word_target,-0.006450470585792105
597,sub07,197,ling_word_target,0.0012771107233902493
598,sub07,198,ling_word_target,-0.011402724015635008
599,sub07,199,ling_word_target,0.0006745638733913383
600,sub08,0,ling_word_target,0.0016902787476621216
601,sub08,1,ling_word_target,0.003940619793685905
602,sub08,2,ling_word_target,-0.00735644829093539
603,sub08,3,ling_word_target,0.01140166449858869
604,sub08,4,ling_word_target,-0.011510424005055347
605,sub08,5,ling_word_target,-0.012507031090938201
606,sub08,6,ling_word_target,-0.01905484215603408
607,sub08,7,ling_word_target,0.0016488319703458192
608,sub08,8,ling_word_target,0.003049746626296204
609,sub08,9,ling_word_target,-0.0014559646813895144
610,sub08,10,ling_word_target,-0.03051856322232853
611,sub08,11,ling_word_target,-0.008055195645661303
612,sub08,12,ling_word_target,0.011941658189267955
613,sub08,13,ling_word_target,0.008417025680606992
614,sub08,14,ling_word_target,-0.0195230455798474
615,sub08,15,ling_word_target,0.01676648018309352
616,sub08,16,ling_word_target,-0.003474619013806899
617,sub08,17,ling_word_target,0.021504241967237214
618,sub08,18,ling_word_target,0.00358974891147976
619,sub08,19,ling_word_target,-0.00780798658345078
620,sub08,20,ling_word_target,-0.009357688541770463
621,sub08,21,ling_word_target,-0.028132909454063708
622,sub08,22,ling_word_target,0.0016160133802543492
623,sub08,23,ling_word_target,-0.0064552871708465675
624,sub08,24,ling_word_target,-0.012142784284444322
625,sub08,25,ling_word_target,-0.011520497993892959
626,sub08,26,ling_word_target,-0.022132189419741953
627,sub08,27,ling_word_target,-0.003617264659766273
628,sub08,28,ling_word_target,0.002723841462695153
629,sub08,29,ling_word_target,0.00019594299799539694
630,sub08,30,ling_word_target,-0.007896231252602743
631,sub08,31,ling_word_target,0.003285829623322443
632,sub08,32,ling_word_target,0.007225395734793632
633,sub08,33,ling_word_target,-0.009876913638202164
634,sub08,34,ling_word_target,0.01441117887636687
635,sub08,35,ling_word_target,0.007532756611719856
636,sub08,36,ling_word_target,0.009496916354731827
637,sub08,37,ling_word_target,0.0011765561682770642
638,sub08,38,ling_word_target,-0.0206482123905779
639,sub08,39,ling_word_target,-0.010466457862707107
640,sub08,40,ling_word_target,-0.004909971858934242
641,sub08,41,ling_word_target,-0.006918457213419258
642,sub08,42,ling_word_target,-0.010681503972237074
643,sub08,43,ling_word_target,-0.007232107740401601
644,sub08,44,ling_word_target,-0.020186464799899946
645,sub08,45,ling_word_target,-0.004219502196675383
646,sub08,46,ling_word_target,-0.005405902454237753
647,sub08,47,ling_word_target,-0.011758154317950818
648,sub08,48,ling_word_target,-0.0030388638378034544
649,sub08,49,ling_word_target,0.02030177340895816
650,sub08,50,ling_word_target,0.005243714579611087
651,sub08,51,ling_word_target,0.0023336644187437546
652,sub08,52,ling_word_target,0.00040624933867427094
653,sub08,53,ling_word_target,0.0009576103698125933
654,sub08,54,ling_word_target,0.0015047979992129598
655,sub08,55,ling_word_target,-0.011619662035710332
656,sub08,56,ling_word_target,-0.007690138750493255
657,sub08,57,ling_word_target,-0.02075655647303808
658,sub08,58,ling_word_target,-1.2965543157575998e-05
659,sub08,59,ling_word_target,-0.010522239603116728
660,sub08,60,ling_word_target,-0.009322275756903774
661,sub08,61,ling_word_target,0.006264520001456207
662,sub08,62,ling_word_target,-0.014225811943251194
663,sub08,63,ling_word_target,0.009677134606437683
664,sub08,64,ling_word_target,0.01983309539995836
665,sub08,65,ling_word_target,-0.00023891752108111023
666,sub08,66,ling_word_target,0.03432102924497207
667,sub08,67,ling_word_target,0.007818911759981952
668,sub08,68,ling_word_target,0.024591762997580816
669,sub08,69,ling_word_target,-0.0057495258630250075
670,sub08,70,ling_word_target,-0.018436522592093173
671,sub08,71,ling_word_target,0.007195994795009873
672,sub08,72,ling_word_target,-0.012767189338718295
673,sub08,73,ling_word_target,0.0053613844200960615
674,sub08,74,ling_word_target,-0.0060006685595552335
675,sub08,75,ling_word_target,0.0006128388984034689
676,sub08,76,ling_word_target,-0.039822489588043464
677,sub08,77,ling_word_target,-0.02020879039654708
678,sub08,78,ling_word_target,-0.013189606289037634
679,sub08,79,ling_word_target,0.00012965691567943776
680,sub08,80,ling_word_target,0.00210318067825797
681,sub08,81,ling_word_target,-0.006426339458992472
682,sub08,82,ling_word_target,-0.010905966767145232
683,sub08,83,ling_word_target,-0.008186858183614594
684,sub08,84,ling_word_target,0.003967726021140405
685,sub08,85,ling_word_target,-0.012759879449054044
686,sub08,86,ling_word_target,-0.006287221044693836
687,sub08,87,ling_word_target,-0.01152304881805198
688,sub08,88,ling_word_target,-0.0006224711910836031
689,sub08,89,ling_word_target,0.00737673019815133
690,sub08,90,ling_word_target,0.0030164942788629494
691,sub08,91,ling_word_target,-0.024876405585400427
692,sub08,92,ling_word_target,0.002804396255631267
693,sub08,93,ling_word_target,0.024778990632431122
694,sub08,94,ling_word_target,-0.02970541803025614
695,sub08,95,ling_word_target,-0.005231561077836389
696,sub08,96,ling_word_target,-0.0019674991144447945
697,sub08,97,ling_word_target,0.0010774651346030313
698,sub08,98,ling_word_target,-0.016765378607357894
699,sub08,99,ling_word_target,0.0054016749112414135
700,sub08,100,ling_word_target,-0.03776068452941921
701,sub08,101,ling_word_target,0.0167161584227509
702,sub08,102,ling_word_target,0.014027985963403902
703,sub08,103,ling_word_target,0.01724152493372832
704,sub08,104,ling_word_target,0.01458054700684507
705,sub08,105,ling_word_target,-0.0015399871892003733
706,sub08,106,ling_word_target,0.008642809141198183
707,sub08,107,ling_word_target,-0.02657645621217427
708,sub08,108,ling_word_target,0.0010566678520251705
709,sub08,109,ling_word_target,0.00032740359536886053
710,sub08,110,ling_word_target,0.009260089147304395
711,sub08,111,ling_word_target,0.01542562717727906
712,sub08,112,ling_word_target,0.00141448624122042
713,sub08,113,ling_word_target,-0.005778311529736203
714,sub08,114,ling_word_target,-0.0030774814111644132
715,sub08,115,ling_word_target,-0.0016157560847480973
716,sub08,116,ling_word_target,0.0195556413019954
717,sub08,117,ling_word_target,-0.011070127266324298
718,sub08,118,ling_word_target,0.005075983260122275
719,sub08,119,ling_word_target,-0.0016457931206130456
720,sub08,120,ling_word_target,-0.013807018471003595
721,sub08,121,ling_word_target,0.014028140026360457
722,sub08,122,ling_word_target,-0.0062811976120632045
723,sub08,123,ling_word_target,-0.004508861894965082
724,sub08,124,ling_word_target,0.006485587282506318
725,sub08,125,ling_word_target,0.015511018979220203
726,sub08,126,ling_word_target,0.005463692429900149
727,sub08,127,ling_word_target,-0.017185823773033928
728,sub08,128,ling_word_target,-0.016497789526784802
729,sub08,129,ling_word_target,0.011409500930850995
730,sub08,130,ling_word_target,0.016731207718083035
731,sub08,131,ling_word_target,0.0058352376171183626
732,sub08,132,ling_word_target,0.03537161527013575
733,sub08,133,ling_word_target,0.004760666841097724
734,sub08,134,ling_word_target,-0.026275485269248652
735,sub08,135,ling_word_target,-0.002119438310072701
736,sub08,136,ling_word_target,-0.010090832691108028
737,sub08,137,ling_word_target,0.00790258550509159
738,sub08,138,ling_word_target,-0.0030584234065870576
739,sub08,139,ling_word_target,-0.005665715901800554
740,sub08,140,ling_word_target,-0.01492585840571382
741,sub08,141,ling_word_target,-0.013583687795279582
742,sub08,142,ling_word_target,-0.008690670291693117
743,sub08,143,ling_word_target,0.002969049762851842
744,sub08,144,ling_word_target,0.013492434958546823
745,sub08,145,ling_word_target,-0.003081602790086171
746,sub08,146,ling_word_target,-0.010909345217654813
747,sub08,147,ling_word_target,-0.0035028805412994726
748,sub08,148,ling_word_target,-0.0008718104116544673
749,sub08,149,ling_word_target,-0.009625280921784045
750,sub08,150,ling_word_target,0.027509990281381555
751,sub08,151,ling_word_target,-0.0017839565662785856
752,sub08,152,ling_word_target,0.005880863244262287
753,sub08,153,ling_word_target,-0.0063797894018903165
754,sub08,154,ling_word_target,0.011889015122481464
755,sub08,155,ling_word_target,0.002713267417517193
756,sub08,156,ling_word_target,0.0009371354449730282
757,sub08,157,ling_word_target,-0.015765962165517122
758,sub08,158,ling_word_target,-0.016790016976543636
759,sub08,159,ling_word_target,0.0009091630004216605
760,sub08,160,ling_word_target,-0.021860566595385298
761,sub08,161,ling_word_target,0.015102825204140557
762,sub08,162,ling_word_target,0.011242373480784324
763,sub08,163,ling_word_target,0.002252669461808405
764,sub08,164,ling_word_target,-0.005176337254110048
765,sub08,165,ling_word_target,-0.008482996669709707
766,sub08,166,ling_word_target,0.005518415749668157
767,sub08,167,ling_word_target,-0.002255629047676181
768,sub08,168,ling_word_target,-0.004246757303648766
769,sub08,169,ling_word_target,0.0037498008254942873
770,sub08,170,ling_word_target,-0.006718662073328891
771,sub08,171,ling_word_target,0.0069708568974607005
772,sub08,172,ling_word_target,-0.004948770655249761
773,sub08,173,ling_word_target,0.004973137855191618
774,sub08,174,ling_word_target,0.018883237230753698
775,sub08,175,ling_word_target,0.004058337891244421
776,sub08,176,ling_word_target,0.0032994233124024252
777,sub08,177,ling_word_target,0.001044921403781626
778,sub08,178,ling_word_target,-0.003283578506760061
779,sub08,179,ling_word_target,-0.01028917127237317
780,sub08,180,ling_word_target,-0.008868840876891092
781,sub08,181,ling_word_target,-0.0017684702382628115
782,sub08,182,ling_word_target,0.017408209935648643
783,sub08,183,ling_word_target,-0.001486039061199329
784,sub08,184,ling_word_target,0.004046777900966773
785,sub08,185,ling_word_target,-0.006441378390124758
786,sub08,186,ling_word_target,0.005802151561396568
787,sub08,187,ling_word_target,0.03009533686403675
788,sub08,188,ling_word_target,-0.004531528219371492
789,sub08,189,ling_word_target,-0.0008021975301458967
790,sub08,190,ling_word_target,0.02834589165765084
791,sub08,191,ling_word_target,0.00962641650957914
792,sub08,192,ling_word_target,-0.007668002033456396
793,sub08,193,ling_word_target,-0.0020459563974146505
794,sub08,194,ling_word_target,0.0029196850548069654
795,sub08,195,ling_word_target,0.007423116188940076
796,sub08,196,ling_word_target,0.005804837057877879
797,sub08,197,ling_word_target,-0.007755804992110241
798,sub08,198,ling_word_target,0.0028345819479472473
799,sub08,199,ling_word_target,0.02120648738232005
800,sub09,0,ling_word_target,-0.0026619887245114752
801,sub09,1,ling_word_target,-0.010919553637361764
802,sub09,2,ling_word_target,0.008872222961286041
803,sub09,3,ling_word_target,0.014557245103690471
804,sub09,4,ling_word_target,-0.005517731165361105
805,sub09,5,ling_word_target,0.006689315007046375
806,sub09,6,ling_word_target,-0.004676019235929525
807,sub09,7,ling_word_target,0.009200185834181852
808,sub09,8,ling_word_target,0.005709794876706752
809,sub09,9,ling_word_target,0.008962566896745208
810,sub09,10,ling_word_target,-0.0028077541243297856
811,sub09,11,ling_word_target,0.007420569908502937
812,sub09,12,ling_word_target,-0.013950001350105557
813,sub09,13,ling_word_target,0.014884228076250528
814,sub09,14,ling_word_target,-0.024521233886836618
815,sub09,15,ling_word_target,-0.007334933424386733
816,sub09,16,ling_word_target,0.035886698434753256
817,sub09,17,ling_word_target,-0.009349607215830944
818,sub09,18,ling_word_target,0.00024220040454529215
819,sub09,19,ling_word_target,0.02310416413743063
820,sub09,20,ling_word_target,-0.014770990796025847
821,sub09,21,ling_word_target,0.0036540881452472697
822,sub09,22,ling_word_target,-0.01890668268389193
823,sub09,23,ling_word_target,0.003963070274845033
824,sub09,24,ling_word_target,0.00924954984421012
825,sub09,25,ling_word_target,0.00037627574487661836
826,sub09,26,ling_word_target,0.0063008407538197525
827,sub09,27,ling_word_target,0.0007317145081185048
828,sub09,28,ling_word_target,0.01221363264954392
829,sub09,29,ling_word_target,-0.01505877640355201
830,sub09,30,ling_word_target,0.0222498474217581
831,sub09,31,ling_word_target,-0.004467776016034139
832,sub09,32,ling_word_target,-0.0013143127150082332
833,sub09,33,ling_word_target,-0.0010697397388235424
834,sub09,34,ling_word_target,0.017969841852745208
835,sub09,35,ling_word_target,-0.006399992991443696
836,sub09,36,ling_word_target,-0.0002195597287321544
837,sub09,37,ling_word_target,-0.002556995384929768
838,sub09,38,ling_word_target,0.016439958024524384
839,sub09,39,ling_word_target,-0.018332777639699586
840,sub09,40,ling_word_target,-0.0031580247316375636
841,sub09,41,ling_word_target,0.010980796151926464
842,sub09,42,ling_word_target,-0.010766707341196778
843,sub09,43,ling_word_target,0.002716616199617781
844,sub09,44,ling_word_target,-0.003062690806338926
845,sub09,45,ling_word_target,0.0047459192174043935
846,sub09,46,ling_word_target,0.0036681241110625017
847,sub09,47,ling_word_target,0.01110330551358915
848,sub09,48,ling_word_target,0.008638441856041729
849,sub09,49,ling_word_target,-0.002710229100613755
850,sub09,50,ling_word_target,-0.0025213374356203868
851,sub09,51,ling_word_target,-0.00245099328522236
852,sub09,52,ling_word_target,-0.003167712182370122
853,sub09,53,ling_word_target,-0.024186800893963665
854,sub09,54,ling_word_target,-0.01891156254868479
855,sub09,55,ling_word_target,-0.023748411287851313
856,sub09,56,ling_word_target,0.006185610838843733
857,sub09,57,ling_word_target,-0.004680732626765541
858,sub09,58,ling_word_target,-0.007081525350347046
859,sub09,59,ling_word_target,0.011196258944361647
860,sub09,60,ling_word_target,-0.006557813499195344
861,sub09,61,ling_word_target,0.002388400443120069
862,sub09,62,ling_word_target,0.0019375784805941952
863,sub09,63,ling_word_target,0.027000010832857173
864,sub09,64,ling_word_target,-0.004508206284900063
865,sub09,65,ling_word_target,0.0077627345045602
866,sub09,66,ling_word_target,-0.006191335346400994
867,sub09,67,ling_word_target,0.01613361292896437
868,sub09,68,ling_word_target,0.006572114251879286
869,sub09,69,ling_word_target,0.00363531011419074
870,sub09,70,ling_word_target,0.005010309465066931
871,sub09,71,ling_word_target,0.0016756908556235187
872,sub09,72,ling_word_target,0.014565589610625979
873,sub09,73,ling_word_target,0.022105339569623145
874,sub09,74,ling_word_target,0.019533202141777097
875,sub09,75,ling_word_target,-0.0021446399139869276
876,sub09,76,ling_word_target,-0.0004923197865729035
877,sub09,77,ling_word_target,-0.0018517594244935654
878,sub09,78,ling_word_target,-0.008615855214817466
879,sub09,79,ling_word_target,-0.0012831473172689573
880,sub09,80,ling_word_target,-0.005408901039648985
881,sub09,81,ling_word_target,-0.011844895853411336
882,sub09,82,ling_word_target,0.006064531573575494
883,sub09,83,ling_word_target,0.022144272941368087
884,sub09,84,ling_word_target,-0.014628840006609798
885,sub09,85,ling_word_target,-0.021476270084963056
886,sub09,86,ling_word_target,0.0006946973323524817
887,sub09,87,ling_word_target,0.0022120422309546382
888,sub09,88,ling_word_target,-0.002435394185644974
889,sub09,89,ling_word_target,-0.0020242687438809534
890,sub09,90,ling_word_target,-0.030807409266437182
891,sub09,91,ling_word_target,0.010313260865030786
892,sub09,92,ling_word_target,-0.0016927317915532327
893,sub09,93,ling_word_target,0.0005160265402163435
894,sub09,94,ling_word_target,-0.003991354868030378
895,sub09,95,ling_word_target,-0.007403632182437425
896,sub09,96,ling_word_target,0.018912019632249963
897,sub09,97,ling_word_target,-0.010307727131383771
898,sub09,98,ling_word_target,0.0007297676938240196
899,sub09,99,ling_word_target,-0.005105530721537785
900,sub09,100,ling_word_target,0.01857558077585442
901,sub09,101,ling_word_target,-0.01017789504789479
902,sub09,102,ling_word_target,0.0028712899915964768
903,sub09,103,ling_word_target,0.002050249189488321
904,sub09,104,ling_word_target,0.007847399859850031
905,sub09,105,ling_word_target,-0.02749088800131147
906,sub09,106,ling_word_target,0.025238132482488386
907,sub09,107,ling_word_target,0.007367384252488282
908,sub09,108,ling_word_target,0.0009337431592994456
909,sub09,109,ling_word_target,-0.013820804329056031
910,sub09,110,ling_word_target,-0.021849376814480587
911,sub09,111,ling_word_target,-0.0022796355897614137
912,sub09,112,ling_word_target,0.0007271920014787203
913,sub09,113,ling_word_target,-0.0071853470197418565
914,sub09,114,ling_word_target,-0.010197284308311374
915,sub09,115,ling_word_target,0.003261061838214083
916,sub09,116,ling_word_target,0.010254457480311657
917,sub09,117,ling_word_target,-0.009687719799014083
918,sub09,118,ling_word_target,-0.0030043070522845915
919,sub09,119,ling_word_target,-3.8160755409365696e-05
920,sub09,120,ling_word_target,0.0061488200116332
921,sub09,121,ling_word_target,0.027340640366752406
922,sub09,122,ling_word_target,-0.0013019879301744727
923,sub09,123,ling_word_target,0.0007413172446106909
924,sub09,124,ling_word_target,0.011482927586767363
925,sub09,125,ling_word_target,0.006247380531298569
926,sub09,126,ling_word_target,0.011078251693077057
927,sub09,127,ling_word_target,-0.002940854027957157
928,sub09,128,ling_word_target,-0.016350163038398705
929,sub09,129,ling_word_target,0.013531070122086484
930,sub09,130,ling_word_target,0.014166769883054238
931,sub09,131,ling_word_target,-0.007581827180429992
932,sub09,132,ling_word_target,0.004749889560330862
933,sub09,133,ling_word_target,0.0015804461449518104
934,sub09,134,ling_word_target,0.0003241247127595608
935,sub09,135,ling_word_target,0.010690262136526924
936,sub09,136,ling_word_target,-0.007206553625643518
937,sub09,137,ling_word_target,-0.00159548858860707
938,sub09,138,ling_word_target,0.007739533260926964
939,sub09,139,ling_word_target,-0.0032716668931991005
940,sub09,140,ling_word_target,0.007071936638994503
941,sub09,141,ling_word_target,0.002647821202146547
942,sub09,142,ling_word_target,0.0016295687005366565
943,sub09,143,ling_word_target,0.014165057865299403
944,sub09,144,ling_word_target,0.021571939275687076
945,sub09,145,ling_word_target,0.02626872580100451
946,sub09,146,ling_word_target,0.0029312872973603554
947,sub09,147,ling_word_target,0.007712485020593421
948,sub09,148,ling_word_target,-0.0036714207610983336
949,sub09,149,ling_word_target,0.018729637824631423
950,sub09,150,ling_word_target,-0.005804610390184029
951,sub09,151,ling_word_target,-0.0131209423907426
952,sub09,152,ling_word_target,-0.019032584927576143
953,sub09,153,ling_word_target,-0.010475374601369011
954,sub09,154,ling_word_target,-0.000814803065775629
955,sub09,155,ling_word_target,-0.007544783620270281
956,sub09,156,ling_word_target,-0.041167539721795064
957,sub09,157,ling_word_target,0.01172861209903473
958,sub09,158,ling_word_target,0.01908684277720429
959,sub09,159,ling_word_target,0.005097300636152939
960,sub09,160,ling_word_target,-0.00365283750929188
961,sub09,161,ling_word_target,0.003672074113776145
962,sub09,162,ling_word_target,-0.010072917538734422
963,sub09,163,ling_word_target,0.0028009357198752654
964,sub09,164,ling_word_target,-0.006250228745916167
965,sub09,165,ling_word_target,0.01303652437337819
966,sub09,166,ling_word_target,0.0018742203741055126
967,sub09,167,ling_word_target,-0.006738369454617906
968,sub09,168,ling_word_target,0.019788095922231932
969,sub09,169,ling_word_target,-0.0011096827957429122
970,sub09,170,ling_word_target,0.019051258069672974
971,sub09,171,ling_word_target,-0.01684831597741064
972,sub09,172,ling_word_target,0.01333222486015116
973,sub09,173,ling_word_target,-0.019688164996691283
974,sub09,174,ling_word_target,-0.004095499011112008
975,sub09,175,ling_word_target,-0.006497171441144918
976,sub09,176,ling_word_target,-0.009915552818610403
977,sub09,177,ling_word_target,-0.004461353459044171
978,sub09,178,ling_word_target,-0.003780422841683225
979,sub09,179,ling_word_target,-0.002552893909339088
980,sub09,180,ling_word_target,-0.015259130856821535
981,sub09,181,ling_word_target,0.007137792406190225
982,sub09,182,ling_word_target,-0.010321266933703561
983,sub09,183,ling_word_target,0.009923793885154743
984,sub09,184,ling_word_target,-0.022980463755167647
985,sub09,185,ling_word_target,-0.005070022451502472
986,sub09,186,ling_word_target,-0.013972899129700416
987,sub09,187,ling_word_target,-0.009480736646060051
988,sub09,188,ling_word_target,-0.005619949905531261
989,sub09,189,ling_word_target,-0.010664917762402483
990,sub09,190,ling_word_target,0.0017104615776817912
991,sub09,191,ling_word_target,0.008493005246863508
992,sub09,192,ling_word_target,0.025908438780664702
993,sub09,193,ling_word_target,0.011186801334228717
994,sub09,194,ling_word_target,0.02651324364521527
995,sub09,195,ling_word_target,0.01254644372137924
996,sub09,196,ling_word_target,0.012496723354098736
997,sub09,197,ling_word_target,-0.0013483381858432491
998,sub09,198,ling_word_target,0.008129385872138123
999,sub09,199,ling_word_target,-0.003438189433663412
1000,sub10,0,ling_word_target,-0.008478746903298022
1001,sub10,1,ling_word_target,0.007014503296455374
1002,sub10,2,ling_word_target,0.008014580594209614
1003,sub10,3,ling_word_target,-0.0042727527936925825
1004,sub10,4,ling_word_target,0.007476013185093424
1005,sub10,5,ling_word_target,-0.0027198501721679117
1006,sub10,6,ling_word_target,0.014666419989451805
1007,sub10,7,ling_word_target,-0.005498691089814312
1008,sub10,8,ling_word_target,-0.012775278976865458
1009,sub10,9,ling_word_target,0.015156919060213842
1010,sub10,10,ling_word_target,-0.011816121264933381
1011,sub10,11,ling_word_target,-0.01894901374897784
1012,sub10,12,ling_word_target,-0.008695938163306565
1013,sub10,13,ling_word_target,-0.010793867628755229
1014,sub10,14,ling_word_target,-0.012283813787985131
1015,sub10,15,ling_word_target,-0.017287160198638605
1016,sub10,16,ling_word_target,0.0009510381337698553
1017,sub10,17,ling_word_target,-0.0028933339474915254
1018,sub10,18,ling_word_target,0.009456747995036553
1019,sub10,19,ling_word_target,-0.02189418865021164
1020,sub10,20,ling_word_target,-0.017862589548911362
1021,sub10,21,ling_word_target,-0.006095513192178582
1022,sub10,22,ling_word_target,-0.009405619767180316
1023,sub10,23,ling_word_target,-0.018347874347202652
1024,sub10,24,ling_word_target,-0.006355334072140303
1025,sub10,25,ling_word_target,-0.007122225385110198
1026,sub10,26,ling_word_target,-0.005613974050831843
1027,sub10,27,ling_word_target,0.006503589022359468
1028,sub10,28,ling_word_target,-0.004375453278823868
1029,sub10,29,ling_word_target,0.00244603975010696
1030,sub10,30,ling_word_target,-0.018275130678110898
1031,sub10,31,ling_word_target,-0.006083347101312083
1032,sub10,32,ling_word_target,-0.014376147927774526
1033,sub10,33,ling_word_target,-0.0066533031733749725
1034,sub10,34,ling_word_target,0.018045991637698527
1035,sub10,35,ling_word_target,0.004989798004364384
1036,sub10,36,ling_word_target,-0.0044990895704137305
1037,sub10,37,ling_word_target,-0.010546798964487939
1038,sub10,38,ling_word_target,-0.011558290701437162
1039,sub10,39,ling_word_target,-0.019826030769355737
1040,sub10,40,ling_word_target,0.007123027445274824
1041,sub10,41,ling_word_target,-0.014681333918579806
1042,sub10,42,ling_word_target,-0.0019180749852449259
1043,sub10,43,ling_word_target,-0.019670591105222752
1044,sub10,44,ling_word_target,-0.017456293873464937
1045,sub10,45,ling_word_target,0.0011121392022927492
1046,sub10,46,ling_word_target,-0.009935937285673078
1047,sub10,47,ling_word_target,0.004541580102932065
1048,sub10,48,ling_word_target,-0.003585731059401097
1049,sub10,49,ling_word_target,0.011393403130803023
1050,sub10,50,ling_word_target,0.009221032753566885
1051,sub10,51,ling_word_target,0.0005825853519397239
1052,sub10,52,ling_word_target,0.00520409226060405
1053,sub10,53,ling_word_target,0.0015998378468794594
1054,sub10,54,ling_word_target,0.0011544719789423788
1055,sub10,55,ling_word_target,0.0021387609107120656
1056,sub10,56,ling_word_target,-0.0005794319022367789
1057,sub10,57,ling_word_target,0.002609356159382748
1058,sub10,58,ling_word_target,0.009262048291796771
1059,sub10,59,ling_word_target,0.009652447099581962
1060,sub10,60,ling_word_target,0.005172674534125372
1061,sub10,61,ling_word_target,-0.001992822552708001
1062,sub10,62,ling_word_target,0.01884722026640207
1063,sub10,63,ling_word_target,0.005947499671160118
1064,sub10,64,ling_word_target,-0.0182128662620909
1065,sub10,65,ling_word_target,-0.001791154728844125
1066,sub10,66,ling_word_target,-0.009827194638260851
1067,sub10,67,ling_word_target,-0.011461614009878713
1068,sub10,68,ling_word_target,0.005583106413847946
1069,sub10,69,ling_word_target,-0.015643609384128954
1070,sub10,70,ling_word_target,-0.02069114722228635
1071,sub10,71,ling_word_target,-0.008450571358142681
1072,sub10,72,ling_word_target,-0.021416845882486744
1073,sub10,73,ling_word_target,-0.011579619531672964
1074,sub10,74,ling_word_target,-0.0015155793328968678
1075,sub10,75,ling_word_target,0.002775148905290781
1076,sub10,76,ling_word_target,-0.0117456134393549
1077,sub10,77,ling_word_target,0.0065365501881421775
1078,sub10,78,ling_word_target,0.0022905762757006766
1079,sub10,79,ling_word_target,0.012234594161936693
1080,sub10,80,ling_word_target,-0.0011496697276767538
1081,sub10,81,ling_word_target,-0.0066375888862809556
1082,sub10,82,ling_word_target,-0.0042285472514965875
1083,sub10,83,ling_word_target,0.0020820807901700046
1084,sub10,84,ling_word_target,0.019867450080113924
1085,sub10,85,ling_word_target,0.0072916184676256246
1086,sub10,86,ling_word_target,0.00953492991853788
1087,sub10,87,ling_word_target,0.00257689392121156
1088,sub10,88,ling_word_target,-0.007468138112758298
1089,sub10,89,ling_word_target,0.022460401912514714
1090,sub10,90,ling_word_target,0.008222871461124832
1091,sub10,91,ling_word_target,0.012275535737748191
1092,sub10,92,ling_word_target,-0.006131957217006549
1093,sub10,93,ling_word_target,0.011607275273833558
1094,sub10,94,ling_word_target,0.013140625069064086
1095,sub10,95,ling_word_target,-0.010093705509297498
1096,sub10,96,ling_word_target,-0.008232637673138647
1097,sub10,97,ling_word_target,-0.012824262985165263
1098,sub10,98,ling_word_target,0.007930470154822433
1099,sub10,99,ling_word_target,0.005591346748116552
1100,sub10,100,ling_word_target,-0.006471043870902834
1101,sub10,101,ling_word_target,-0.00039940146083459934
1102,sub10,102,ling_word_target,0.0014620991280504475
1103,sub10,103,ling_word_target,-0.010373739945320514
1104,sub10,104,ling_word_target,-0.0047203386585789936
1105,sub10,105,ling_word_target,0.018965780862100146
1106,sub10,106,ling_word_target,0.008027942166160868
1107,sub10,107,ling_word_target,0.014471893307920442
1108,sub10,108,ling_word_target,-0.007302917822873463
1109,sub10,109,ling_word_target,-0.003528752782753236
1110,sub10,110,ling_word_target,-0.008523577633750173
1111,sub10,111,ling_word_target,-0.0011428376729882637
1112,sub10,112,ling_word_target,-0.012222819044663599
1113,sub10,113,ling_word_target,0.005770368358510105
1114,sub10,114,ling_word_target,0.006134407425601932
1115,sub10,115,ling_word_target,0.002692510591252923
1116,sub10,116,ling_word_target,-0.0014374052228743955
1117,sub10,117,ling_word_target,0.004644703718178196
1118,sub10,118,ling_word_target,-0.005854770735497228
1119,sub10,119,ling_word_target,-0.01258064479574554
1120,sub10,120,ling_word_target,-0.011547199922404187
1121,sub10,121,ling_word_target,0.0010994467584032417
1122,sub10,122,ling_word_target,-0.01080688925720182
1123,sub10,123,ling_word_target,0.003148740447169065
1124,sub10,124,ling_word_target,0.00893235566619474
1125,sub10,125,ling_word_target,0.0021936797854294502
1126,sub10,126,ling_word_target,-0.005515466032460893
1127,sub10,127,ling_word_target,-0.014412480487873837
1128,sub10,128,ling_word_target,-0.006793972044799158
1129,sub10,129,ling_word_target,-0.0007995848836773267
1130,sub10,130,ling_word_target,-0.013406640820337481
1131,sub10,131,ling_word_target,0.010751418253868572
1132,sub10,132,ling_word_target,0.01389028259917571
1133,sub10,133,ling_word_target,-0.003527189094873945
1134,sub10,134,ling_word_target,0.0029490707805018834
1135,sub10,135,ling_word_target,-0.009285210792921526
1136,sub10,136,ling_word_target,-0.0027147503809052823
1137,sub10,137,ling_word_target,-0.0034578364980590165
1138,sub10,138,ling_word_target,-0.005379543497483093
1139,sub10,139,ling_word_target,6.643412075227601e-05
1140,sub10,140,ling_word_target,-0.01604011514939349
1141,sub10,141,ling_word_target,0.0071138764556773326
1142,sub10,142,ling_word_target,-0.0024759611975158986
1143,sub10,143,ling_word_target,0.0034334306502376974
1144,sub10,144,ling_word_target,0.0027197618519770005
1145,sub10,145,ling_word_target,0.007839173432890175
1146,sub10,146,ling_word_target,0.005404801531927961
1147,sub10,147,ling_word_target,0.0016905777242959127
1148,sub10,148,ling_word_target,-0.0012153893780976084
1149,sub10,149,ling_word_target,-0.017245635508320582
1150,sub10,150,ling_word_target,-0.002896724992922497
1151,sub10,151,ling_word_target,-0.005736578618739054
1152,sub10,152,ling_word_target,-0.006639575715736338
1153,sub10,153,ling_word_target,0.021008763955036366
1154,sub10,154,ling_word_target,0.0007851339350707563
1155,sub10,155,ling_word_target,0.009142215054253108
1156,sub10,156,ling_word_target,-0.009523033044170766
1157,sub10,157,ling_word_target,-0.016488872738407583
1158,sub10,158,ling_word_target,0.009318777246212138
1159,sub10,159,ling_word_target,0.010705540489566123
1160,sub10,160,ling_word_target,-0.0033612995729520624
1161,sub10,161,ling_word_target,-0.01406582856939906
1162,sub10,162,ling_word_target,0.01496286249768865
1163,sub10,163,ling_word_target,-0.013357590715051836
1164,sub10,164,ling_word_target,0.008143523400735552
1165,sub10,165,ling_word_target,0.0021299213982164814
1166,sub10,166,ling_word_target,-0.01233556809070976
1167,sub10,167,ling_word_target,0.01224241085513722
1168,sub10,168,ling_word_target,-0.012825268208267872
1169,sub10,169,ling_word_target,-0.008337628071621875
1170,sub10,170,ling_word_target,0.008360954496902618
1171,sub10,171,ling_word_target,-0.0123575092666719
1172,sub10,172,ling_word_target,-0.006930280641810117
1173,sub10,173,ling_word_target,-0.012617156005892164
1174,sub10,174,ling_word_target,0.016011550072366963
1175,sub10,175,ling_word_target,0.004105568470327067
1176,sub10,176,ling_word_target,-0.007589008563248953
1177,sub10,177,ling_word_target,0.006254259819208526
1178,sub10,178,ling_word_target,0.003813989559996743
1179,sub10,179,ling_word_target,0.0067751781976764375
1180,sub10,180,ling_word_target,0.010475930366927634
1181,sub10,181,ling_word_target,-0.00851623383390585
1182,sub10,182,ling_word_target,-0.021564177065568912
1183,sub10,183,ling_word_target,0.0016936026859968166
1184,sub10,184,ling_word_target,0.008591620353487681
1185,sub10,185,ling_word_target,0.002652802491656344
1186,sub10,186,ling_word_target,-0.015453396786508644
1187,sub10,187,ling_word_target,-0.02594801699712116
1188,sub10,188,ling_word_target,-0.003448040761061604
1189,sub10,189,ling_word_target,0.00393130916726283
1190,sub10,190,ling_word_target,-0.004832372776463003
1191,sub10,191,ling_word_target,0.005497524155659539
1192,sub10,192,ling_word_target,-0.0033104754498207976
1193,sub10,193,ling_word_target,-0.001061659921764733
1194,sub10,194,ling_word_target,-0.0051425576305474795
1195,sub10,195,ling_word_target,0.00895757268120792
1196,sub10,196,ling_word_target,0.0009661481211362435
1197,sub10,197,ling_word_target,0.016319322895174272
1198,sub10,198,ling_word_target,0.012498883636316438
1199,sub10,199,ling_word_target,0.0028096267792043043
1200,sub11,0,ling_word_target,-0.006815410790719899
1201,sub11,1,ling_word_target,-0.032555000186167284
1202,sub11,2,ling_word_target,-0.011990327925540905
1203,sub11,3,ling_word_target,-0.06649826779178891
1204,sub11,4,ling_word_target,-0.014017607726222993
1205,sub11,5,ling_word_target,0.022274142074084347
1206,sub11,6,ling_word_target,-0.0015922725322371888
1207,sub11,7,ling_word_target,-0.0010777584945105565
1208,sub11,8,ling_word_target,0.021874192094339814
1209,sub11,9,ling_word_target,0.010917510728114385
1210,sub11,10,ling_word_target,-0.015398267954791583
1211,sub11,11,ling_word_target,-0.004702317564416919
1212,sub11,12,ling_word_target,0.029144817105601878
1213,sub11,13,ling_word_target,-0.006246567981717141
1214,sub11,14,ling_word_target,0.00283161449448817
1215,sub11,15,ling_word_target,-0.012987136838596989
1216,sub11,16,ling_word_target,-0.008689702431107714
1217,sub11,17,ling_word_target,0.018795577904289398
1218,sub11,18,ling_word_target,0.010281070963767555
1219,sub11,19,ling_word_target,0.006521980419312234
1220,sub11,20,ling_word_target,0.007901197979484244
1221,sub11,21,ling_word_target,0.008418799773330566
1222,sub11,22,ling_word_target,0.002606314494549158
1223,sub11,23,ling_word_target,0.019569482096468676
1224,sub11,24,ling_word_target,-0.016207354830104746
1225,sub11,25,ling_word_target,0.054779161535752144
1226,sub11,26,ling_word_target,0.011402226457555825
1227,sub11,27,ling_word_target,-0.013460523851172905
1228,sub11,28,ling_word_target,0.00472174192601779
1229,sub11,29,ling_word_target,-0.0076157180897320894
1230,sub11,30,ling_word_target,-0.0001472749080684978
1231,sub11,31,ling_word_target,-0.00767714927810668
1232,sub11,32,ling_word_target,-0.00452578414715369
1233,sub11,33,ling_word_target,-0.012833924924582853
1234,sub11,34,ling_word_target,0.0017037097559949165
1235,sub11,35,ling_word_target,0.004307797756335927
1236,sub11,36,ling_word_target,-0.015081257210990615
1237,sub11,37,ling_word_target,0.02619701924046976
1238,sub11,38,ling_word_target,0.0012692745955095609
1239,sub11,39,ling_word_target,0.006712631336524594
1240,sub11,40,ling_word_target,-0.008394509464433248
1241,sub11,41,ling_word_target,-0.018527064778359456
1242,sub11,42,ling_word_target,-0.00611295621492139
1243,sub11,43,ling_word_target,-0.01705200743806765
1244,sub11,44,ling_word_target,-0.006167309753603828
1245,sub11,45,ling_word_target,0.012659155950382767
1246,sub11,46,ling_word_target,0.013341917417932232
1247,sub11,47,ling_word_target,-0.020902929815785374
1248,sub11,48,ling_word_target,0.011864202075054203
1249,sub11,49,ling_word_target,-0.009371039051608755
1250,sub11,50,ling_word_target,-0.0021676876773574706
1251,sub11,51,ling_word_target,0.006911633193453855
1252,sub11,52,ling_word_target,0.02448374048341868
1253,sub11,53,ling_word_target,0.0275795156594166
1254,sub11,54,ling_word_target,0.014311787949360675
1255,sub11,55,ling_word_target,-0.00882852133812271
1256,sub11,56,ling_word_target,-0.0016582617510875978
1257,sub11,57,ling_word_target,-0.023423323903113503
1258,sub11,58,ling_word_target,-0.01676994169650127
1259,sub11,59,ling_word_target,0.01913017512598842
1260,sub11,60,ling_word_target,0.005211971510587099
1261,sub11,61,ling_word_target,0.00735827265510739
1262,sub11,62,ling_word_target,0.022235850014703892
1263,sub11,63,ling_word_target,0.02620817378252899
1264,sub11,64,ling_word_target,0.007641100888185254
1265,sub11,65,ling_word_target,-0.0007488949356703235
1266,sub11,66,ling_word_target,-0.0021150193058758243
1267,sub11,67,ling_word_target,0.007621022709822968
1268,sub11,68,ling_word_target,0.012678875536351084
1269,sub11,69,ling_word_target,-0.028392175753747112
1270,sub11,70,ling_word_target,0.008188614386904393
1271,sub11,71,ling_word_target,0.005737956853137141
1272,sub11,72,ling_word_target,-0.0024154317388804954
1273,sub11,73,ling_word_target,-0.03069850839383784
1274,sub11,74,ling_word_target,-0.0042706896204301025
1275,sub11,75,ling_word_target,0.03111018969649674
1276,sub11,76,ling_word_target,-0.00610964699042999
1277,sub11,77,ling_word_target,0.023915832350559177
1278,sub11,78,ling_word_target,0.01842299701183362
1279,sub11,79,ling_word_target,-0.008989222647023986
1280,sub11,80,ling_word_target,-0.033437563422032586
1281,sub11,81,ling_word_target,0.018380882304641844
1282,sub11,82,ling_word_target,0.017876138583878907
1283,sub11,83,ling_word_target,-0.004314694110361661
1284,sub11,84,ling_word_target,-0.021090181045096138
1285,sub11,85,ling_word_target,0.013259065592487601
1286,sub11,86,ling_word_target,0.025396907562077894
1287,sub11,87,ling_word_target,0.003113178718570398
1288,sub11,88,ling_word_target,-0.019704375274417683
1289,sub11,89,ling_word_target,-0.0015645378594429488
1290,sub11,90,ling_word_target,0.036739585239001865
1291,sub11,91,ling_word_target,0.018124338076743678
1292,sub11,92,ling_word_target,0.010094888083799543
1293,sub11,93,ling_word_target,-0.02514682938497468
1294,sub11,94,ling_word_target,0.0006129641301320789
1295,sub11,95,ling_word_target,-0.015215640795735456
1296,sub11,96,ling_word_target,0.010454253416441834
1297,sub11,97,ling_word_target,-0.00736794981074098
1298,sub11,98,ling_word_target,0.003526975888297823
1299,sub11,99,ling_word_target,-0.0017699100591735812
1300,sub11,100,ling_word_target,-0.0013224515002097253
1301,sub11,101,ling_word_target,-0.009571503680331469
1302,sub11,102,ling_word_target,0.010119281219086458
1303,sub11,103,ling_word_target,-0.005024263116002623
1304,sub11,104,ling_word_target,0.03001811537913368
1305,sub11,105,ling_word_target,-0.013672630591873096
1306,sub11,106,ling_word_target,-0.004999132207241295
1307,sub11,107,ling_word_target,0.004773409287858141
1308,sub11,108,ling_word_target,0.01586715526441721
1309,sub11,109,ling_word_target,0.008990990702201643
1310,sub11,110,ling_word_target,-0.013336554586745736
1311,sub11,111,ling_word_target,0.01418181331038762
1312,sub11,112,ling_word_target,-0.01470958164663287
1313,sub11,113,ling_word_target,0.009945351296991518
1314,sub11,114,ling_word_target,-0.004545847628117424
1315,sub11,115,ling_word_target,-0.01680041782499046
1316,sub11,116,ling_word_target,0.017601347907973276
1317,sub11,117,ling_word_target,-0.010320900326416579
1318,sub11,118,ling_word_target,0.009952250189807624
1319,sub11,119,ling_word_target,0.023568565024816857
1320,sub11,120,ling_word_target,0.000932875170685329
1321,sub11,121,ling_word_target,0.0006319663538867915
1322,sub11,122,ling_word_target,-0.012196109894747276
1323,sub11,123,ling_word_target,0.003694374071725343
1324,sub11,124,ling_word_target,-0.005968077540779523
1325,sub11,125,ling_word_target,0.005040699681775376
1326,sub11,126,ling_word_target,-0.005498047867716819
1327,sub11,127,ling_word_target,0.006520104833394004
1328,sub11,128,ling_word_target,-0.0007501310940962678
1329,sub11,129,ling_word_target,-0.012961067121627201
1330,sub11,130,ling_word_target,-0.0031199588263512265
1331,sub11,131,ling_word_target,0.010844918140097016
1332,sub11,132,ling_word_target,0.014420786003806961
1333,sub11,133,ling_word_target,0.02679856199494721
1334,sub11,134,ling_word_target,0.0004064487629830444
1335,sub11,135,ling_word_target,-0.0033822508919727707
1336,sub11,136,ling_word_target,0.034491332058373694
1337,sub11,137,ling_word_target,0.017816658953760826
1338,sub11,138,ling_word_target,0.01918291229569582
1339,sub11,139,ling_word_target,0.03146390731303657
1340,sub11,140,ling_word_target,0.01404499941508274
1341,sub11,141,ling_word_target,-0.008978023820119122
1342,sub11,142,ling_word_target,0.009547855205933639
1343,sub11,143,ling_word_target,0.0006196856959106404
1344,sub11,144,ling_word_target,-0.008553575175519768
1345,sub11,145,ling_word_target,0.01266506982284258
1346,sub11,146,ling_word_target,0.012897423728385643
1347,sub11,147,ling_word_target,0.025654192925491107
1348,sub11,148,ling_word_target,-0.004961590147867405
1349,sub11,149,ling_word_target,-0.0005922446815074889
1350,sub11,150,ling_word_target,-0.0287349350268061
1351,sub11,151,ling_word_target,-0.0016939301156081814
1352,sub11,152,ling_word_target,0.02012876184315478
1353,sub11,153,ling_word_target,-0.02974314826019254
1354,sub11,154,ling_word_target,-0.013498276336359017
1355,sub11,155,ling_word_target,0.015610036024277687
1356,sub11,156,ling_word_target,0.019480587943893693
1357,sub11,157,ling_word_target,0.0025985610509322798
1358,sub11,158,ling_word_target,0.01718919688416608
1359,sub11,159,ling_word_target,-0.00020260671644092566
1360,sub11,160,ling_word_target,0.023537645381597475
1361,sub11,161,ling_word_target,0.024530318818346605
1362,sub11,162,ling_word_target,0.006555159177885428
1363,sub11,163,ling_word_target,-0.026982358699730008
1364,sub11,164,ling_word_target,0.0008408222528183844
1365,sub11,165,ling_word_target,-0.010987879874788381
1366,sub11,166,ling_word_target,-0.006836483960644218
1367,sub11,167,ling_word_target,-0.0013608140930611815
1368,sub11,168,ling_word_target,0.03301026707596887
1369,sub11,169,ling_word_target,0.013415999359268644
1370,sub11,170,ling_word_target,-0.023027841063742324
1371,sub11,171,ling_word_target,0.005190154071887977
1372,sub11,172,ling_word_target,0.008353167214752471
1373,sub11,173,ling_word_target,-0.0048532996738191924
1374,sub11,174,ling_word_target,-0.01482788549205295
1375,sub11,175,ling_word_target,0.003543484260636741
1376,sub11,176,ling_word_target,-0.01235708340158144
1377,sub11,177,ling_word_target,0.011204233040636818
1378,sub11,178,ling_word_target,-0.018033344204796225
1379,sub11,179,ling_word_target,0.009731557631806095
1380,sub11,180,ling_word_target,-0.003428782709592402
1381,sub11,181,ling_word_target,0.024111643786363105
1382,sub11,182,ling_word_target,-0.0025737217534388956
1383,sub11,183,ling_word_target,0.01810218127292755
1384,sub11,184,ling_word_target,-0.0071755849951099645
1385,sub11,185,ling_word_target,-0.024976198333751767
1386,sub11,186,ling_word_target,0.008677567874952722
1387,sub11,187,ling_word_target,-0.010971815092958958
1388,sub11,188,ling_word_target,0.010000314874266876
1389,sub11,189,ling_word_target,-0.005951952417266955
1390,sub11,190,ling_word_target,0.007827954773365177
1391,sub11,191,ling_word_target,0.008436792599480152
1392,sub11,192,ling_word_target,0.015846600708801856
1393,sub11,193,ling_word_target,0.021554431544888574
1394,sub11,194,ling_word_target,-0.013594241017235033
1395,sub11,195,ling_word_target,-0.00762005055128526
1396,sub11,196,ling_word_target,0.012240392252330687
1397,sub11,197,ling_word_target,0.02407867514559898
1398,sub11,198,ling_word_target,-0.014251186717042404
1399,sub11,199,ling_word_target,0.004009844103152437
1400,sub12,0,ling_word_target,-0.00474120988418908
1401,sub12,1,ling_word_target,0.00499646297721992
1402,sub12,2,ling_word_target,-0.008372057273504594
1403,sub12,3,ling_word_target,-0.013418805247878586
1404,sub12,4,ling_word_target,-0.0012345782941565536
1405,sub12,5,ling_word_target,-0.00400034815027393
1406,sub12,6,ling_word_target,-0.0072185488967345625
1407,sub12,7,ling_word_target,-0.009190817724514189
1408,sub12,8,ling_word_target,0.0013348170028383512
1409,sub12,9,ling_word_target,-0.023406892594224384
1410,sub12,10,ling_word_target,0.016786069871662854
1411,sub12,11,ling_word_target,-0.0010361546972671065
1412,sub12,12,ling_word_target,-0.017001306157538823
1413,sub12,13,ling_word_target,-0.0008356691582037491
1414,sub12,14,ling_word_target,0.006563686953891148
1415,sub12,15,ling_word_target,-0.001612461696609503
1416,sub12,16,ling_word_target,0.02419089900808287
1417,sub12,17,ling_word_target,0.017255560351460784
1418,sub12,18,ling_word_target,0.020031068121752277
1419,sub12,19,ling_word_target,0.006404368547872604
1420,sub12,20,ling_word_target,-0.010199506120725727
1421,sub12,21,ling_word_target,0.002121653050074512
1422,sub12,22,ling_word_target,0.0007638814504869441
1423,sub12,23,ling_word_target,-0.017389314243100897
1424,sub12,24,ling_word_target,-0.001917077908930693
1425,sub12,25,ling_word_target,-0.011206132006746474
1426,sub12,26,ling_word_target,0.010934772385219711
1427,sub12,27,ling_word_target,0.015614247299132251
1428,sub12,28,ling_word_target,-0.003754678155533368
1429,sub12,29,ling_word_target,0.048894877173333635
1430,sub12,30,ling_word_target,-0.01131999105116429
1431,sub12,31,ling_word_target,-0.002108611337669229
1432,sub12,32,ling_word_target,-0.0016093819749638501
1433,sub12,33,ling_word_target,0.008198386177099195
1434,sub12,34,ling_word_target,-0.00844258266504282
1435,sub12,35,ling_word_target,0.0020827070590502803
1436,sub12,36,ling_word_target,-0.007469035618772283
1437,sub12,37,ling_word_target,-0.0005262123482309842
1438,sub12,38,ling_word_target,3.8124935267135734e-05
1439,sub12,39,ling_word_target,-0.01452025195916354
1440,sub12,40,ling_word_target,-0.00022046805196214366
1441,sub12,41,ling_word_target,0.003682243280185954
1442,sub12,42,ling_word_target,-0.005033253795533855
1443,sub12,43,ling_word_target,-0.01826324432352621
1444,sub12,44,ling_word_target,-0.012558994550506256
1445,sub12,45,ling_word_target,-0.010618303462224836
1446,sub12,46,ling_word_target,-0.01484990250168207
1447,sub12,47,ling_word_target,-0.007326359062625224
1448,sub12,48,ling_word_target,0.0003512474034774197
1449,sub12,49,ling_word_target,0.0056074254368010295
1450,sub12,50,ling_word_target,0.010884788316769188
1451,sub12,51,ling_word_target,0.0027411801981787206
1452,sub12,52,ling_word_target,-0.011546208161250196
1453,sub12,53,ling_word_target,0.0032259067977425007
1454,sub12,54,ling_word_target,-0.0022710989459576326
1455,sub12,55,ling_word_target,0.010240500784199627
1456,sub12,56,ling_word_target,-0.011266191841055553
1457,sub12,57,ling_word_target,-0.00037811396661614007
1458,sub12,58,ling_word_target,-0.012207096904339361
1459,sub12,59,ling_word_target,0.0077109309519212774
1460,sub12,60,ling_word_target,0.0031090327381462185
1461,sub12,61,ling_word_target,-0.0045303506678746365
1462,sub12,62,ling_word_target,-0.01168751625663049
1463,sub12,63,ling_word_target,-0.004955595903185126
1464,sub12,64,ling_word_target,-0.0008160697794347717
1465,sub12,65,ling_word_target,0.0002951843282834499
1466,sub12,66,ling_word_target,0.007665364508240734
1467,sub12,67,ling_word_target,0.006869444570838108
1468,sub12,68,ling_word_target,-0.014884159988767203
1469,sub12,69,ling_word_target,-0.0011798057145283834
1470,sub12,70,ling_word_target,-0.02425519704391908
1471,sub12,71,ling_word_target,0.019647165759789847
1472,sub12,72,ling_word_target,-0.0045733989964870615
1473,sub12,73,ling_word_target,-0.01793006825914127
1474,sub12,74,ling_word_target,0.004288767485443053
1475,sub12,75,ling_word_target,0.010814427436639611
1476,sub12,76,ling_word_target,-0.007561549315894203
1477,sub12,77,ling_word_target,0.0011251237464232069
1478,sub12,78,ling_word_target,0.005343116798633741
1479,sub12,79,ling_word_target,0.017521165812348017
1480,sub12,80,ling_word_target,-0.014131786256800012
1481,sub12,81,ling_word_target,-0.0007243467226376041
1482,sub12,82,ling_word_target,0.013742910500883103
1483,sub12,83,ling_word_target,0.0003935227418027961
1484,sub12,84,ling_word_target,0.002756090772642731
1485,sub12,85,ling_word_target,-0.00943600470892125
1486,sub12,86,ling_word_target,-0.007208074999313704
1487,sub12,87,ling_word_target,0.0030264204143984215
1488,sub12,88,ling_word_target,0.0032078550011367868
1489,sub12,89,ling_word_target,0.005423634228291493
1490,sub12,90,ling_word_target,0.006529101937416121
1491,sub12,91,ling_word_target,-0.007796419246197987
1492,sub12,92,ling_word_target,-0.004313959373814434
1493,sub12,93,ling_word_target,0.0015561108426754276
1494,sub12,94,ling_word_target,0.007032074488271656
1495,sub12,95,ling_word_target,-0.004697525840767881
1496,sub12,96,ling_word_target,-0.013757012173593977
1497,sub12,97,ling_word_target,-0.006109322105377697
1498,sub12,98,ling_word_target,0.012921687400418866
1499,sub12,99,ling_word_target,0.0027312534941776358
1500,sub12,100,ling_word_target,0.026292276723944224
1501,sub12,101,ling_word_target,0.007571121429582206
1502,sub12,102,ling_word_target,-0.00408392882779094
1503,sub12,103,ling_word_target,-0.002932507156696681
1504,sub12,104,ling_word_target,0.01628937358885939
1505,sub12,105,ling_word_target,-0.000584263764820882
1506,sub12,106,ling_word_target,0.007824605869655006
1507,sub12,107,ling_word_target,-0.00709615801196818
1508,sub12,108,ling_word_target,-0.006843798911440993
1509,sub12,109,ling_word_target,-0.004120959623157618
1510,sub12,110,ling_word_target,0.0031702911865357534
1511,sub12,111,ling_word_target,0.010190259423353543
1512,sub12,112,ling_word_target,-0.001401917785857594
1513,sub12,113,ling_word_target,0.0014972760986159317
1514,sub12,114,ling_word_target,-0.0050721322764823605
1515,sub12,115,ling_word_target,0.002571798653114611
1516,sub12,116,ling_word_target,0.014766333934164292
1517,sub12,117,ling_word_target,0.0008293077615262308
1518,sub12,118,ling_word_target,-0.002157906171370496
1519,sub12,119,ling_word_target,0.005410193791445372
1520,sub12,120,ling_word_target,0.018136082577049063
1521,sub12,121,ling_word_target,-0.029343276255678695
1522,sub12,122,ling_word_target,-0.0022582808313630987
1523,sub12,123,ling_word_target,-0.010725251297262489
1524,sub12,124,ling_word_target,-0.015178322750847038
1525,sub12,125,ling_word_target,-0.007284745196775807
1526,sub12,126,ling_word_target,0.007174350966357327
1527,sub12,127,ling_word_target,0.0023004614431430094
1528,sub12,128,ling_word_target,0.006499573720623005
1529,sub12,129,ling_word_target,-0.01465517045482745
1530,sub12,130,ling_word_target,0.0018983136987863025
1531,sub12,131,ling_word_target,-0.013860434315478124
1532,sub12,132,ling_word_target,-0.0101586369561301
1533,sub12,133,ling_word_target,-0.013640020627710829
1534,sub12,134,ling_word_target,0.0018743344178706249
1535,sub12,135,ling_word_target,-0.001818615781390604
1536,sub12,136,ling_word_target,0.005393532350844928
1537,sub12,137,ling_word_target,-0.0030913996276847825
1538,sub12,138,ling_word_target,-0.0001417260532997246
1539,sub12,139,ling_word_target,-0.02317555745943969
1540,sub12,140,ling_word_target,-0.006902941564700652
1541,sub12,141,ling_word_target,-0.0009298713318784386
1542,sub12,142,ling_word_target,-0.009261723096936977
1543,sub12,143,ling_word_target,0.0020593503385544416
1544,sub12,144,ling_word_target,0.013431893833321197
1545,sub12,145,ling_word_target,0.010504952594937549
1546,sub12,146,ling_word_target,0.006154631359603097
1547,sub12,147,ling_word_target,-0.011418729787924764
1548,sub12,148,ling_word_target,0.0024322728993630433
1549,sub12,149,ling_word_target,0.004034552285579072
1550,sub12,150,ling_word_target,0.0032063270031227964
1551,sub12,151,ling_word_target,0.01397793732429127
1552,sub12,152,ling_word_target,-0.006452874206546991
1553,sub12,153,ling_word_target,-0.02078143679953919
1554,sub12,154,ling_word_target,0.002383540088056071
1555,sub12,155,ling_word_target,-0.02172733294458408
1556,sub12,156,ling_word_target,-0.027033869183097674
1557,sub12,157,ling_word_target,0.018738596918364766
1558,sub12,158,ling_word_target,0.0024487270197045487
1559,sub12,159,ling_word_target,0.012985471368999267
1560,sub12,160,ling_word_target,0.008729059083410854
1561,sub12,161,ling_word_target,-0.0058661791296566864
1562,sub12,162,ling_word_target,-0.00034307474638543535
1563,sub12,163,ling_word_target,0.02101561247894431
1564,sub12,164,ling_word_target,0.005902990437413099
1565,sub12,165,ling_word_target,0.0037093439235990986
1566,sub12,166,ling_word_target,0.0008252732291786688
1567,sub12,167,ling_word_target,0.006323201191039072
1568,sub12,168,ling_word_target,0.0029461437775071407
1569,sub12,169,ling_word_target,-0.008088409690634363
1570,sub12,170,ling_word_target,0.005199466334913724
1571,sub12,171,ling_word_target,0.005749636592610498
1572,sub12,172,ling_word_target,0.008783571022696193
1573,sub12,173,ling_word_target,0.0038892914495286305
1574,sub12,174,ling_word_target,0.017312768668978414
1575,sub12,175,ling_word_target,-0.01192001477476623
1576,sub12,176,ling_word_target,0.004836380473022025
1577,sub12,177,ling_word_target,0.014053376061777399
1578,sub12,178,ling_word_target,-0.0019379258521599815
1579,sub12,179,ling_word_target,0.00936590924261957
1580,sub12,180,ling_word_target,0.011772488736458501
1581,sub12,181,ling_word_target,0.0066827556349055095
1582,sub12,182,ling_word_target,0.007149229270604419
1583,sub12,183,ling_word_target,0.016554832891916012
1584,sub12,184,ling_word_target,0.0019707136146047306
1585,sub12,185,ling_word_target,-0.005425094938211934
1586,sub12,186,ling_word_target,0.019400570247854958
1587,sub12,187,ling_word_target,0.0019905948749867237
1588,sub12,188,ling_word_target,0.0009487094604426421
1589,sub12,189,ling_word_target,-0.003942517403579647
1590,sub12,190,ling_word_target,0.007973964702449158
1591,sub12,191,ling_word_target,-0.011849051329177013
1592,sub12,192,ling_word_target,-0.0021791090955596924
1593,sub12,193,ling_word_target,-0.004068666221602268
1594,sub12,194,ling_word_target,-0.004292278994969687
1595,sub12,195,ling_word_target,-0.009262626990389907
1596,sub12,196,ling_word_target,0.0031844755609079446
1597,sub12,197,ling_word_target,-0.041218894608074576
1598,sub12,198,ling_word_target,-0.004133105427003683
1599,sub12,199,ling_word_target,0.02098650685121308
1600,sub13,0,ling_word_target,-0.00543507497817646
1601,sub13,1,ling_word_target,-0.0020132626698996345
1602,sub13,2,ling_word_target,-0.0009788742568863208
1603,sub13,3,ling_word_target,0.019873090221192546
1604,sub13,4,ling_word_target,-0.00029076507381093703
1605,sub13,5,ling_word_target,0.009353505615828197
1606,sub13,6,ling_word_target,0.018593812035600676
1607,sub13,7,ling_word_target,0.0022831491316263673
1608,sub13,8,ling_word_target,-0.009125003432767037
1609,sub13,9,ling_word_target,-0.0012884009348263338
1610,sub13,10,ling_word_target,0.010990358418402674
1611,sub13,11,ling_word_target,0.002212805830617255
1612,sub13,12,ling_word_target,-0.0006453913567166507
1613,sub13,13,ling_word_target,-0.010031729416229629
1614,sub13,14,ling_word_target,-0.0014346570998548082
1615,sub13,15,ling_word_target,0.02937064123640401
1616,sub13,16,ling_word_target,-0.024400672735581923
1617,sub13,17,ling_word_target,0.05163997481621317
1618,sub13,18,ling_word_target,0.009105795073078996
1619,sub13,19,ling_word_target,0.008705023993112111
1620,sub13,20,ling_word_target,0.016418595784612945
1621,sub13,21,ling_word_target,0.02116353857363837
1622,sub13,22,ling_word_target,0.022674002440655004
1623,sub13,23,ling_word_target,0.016823073669462275
1624,sub13,24,ling_word_target,0.0011277512303898751
1625,sub13,25,ling_word_target,-0.002265928349810002
1626,sub13,26,ling_word_target,0.004557429432748109
1627,sub13,27,ling_word_target,0.0018955424190231825
1628,sub13,28,ling_word_target,0.024987449372128673
1629,sub13,29,ling_word_target,-0.0075954534550522765
1630,sub13,30,ling_word_target,0.012298520935089674
1631,sub13,31,ling_word_target,0.0052324304189774575
1632,sub13,32,ling_word_target,0.012164556593239752
1633,sub13,33,ling_word_target,0.012172302850684146
1634,sub13,34,ling_word_target,0.015348377300782147
1635,sub13,35,ling_word_target,-0.022489308657070325
1636,sub13,36,ling_word_target,-0.01911587030339366
1637,sub13,37,ling_word_target,-0.0012190344724198748
1638,sub13,38,ling_word_target,-0.0001937539780528389
1639,sub13,39,ling_word_target,0.014950194399414128
1640,sub13,40,ling_word_target,0.00334135568605176
1641,sub13,41,ling_word_target,0.0007923229123150017
1642,sub13,42,ling_word_target,-0.003960051451964587
1643,sub13,43,ling_word_target,0.002428141077138487
1644,sub13,44,ling_word_target,0.01951837134600242
1645,sub13,45,ling_word_target,-0.003711085693124086
1646,sub13,46,ling_word_target,-0.0026760445655039733
1647,sub13,47,ling_word_target,0.03553683897373202
1648,sub13,48,ling_word_target,0.017278317582693863
1649,sub13,49,ling_word_target,0.03783934595902258
1650,sub13,50,ling_word_target,-0.03512672603173843
1651,sub13,51,ling_word_target,-0.016786822759860008
1652,sub13,52,ling_word_target,0.00879232190406419
1653,sub13,53,ling_word_target,-0.04040432514502464
1654,sub13,54,ling_word_target,0.012933839707204905
1655,sub13,55,ling_word_target,0.011855430103339724
1656,sub13,56,ling_word_target,0.013121615055840944
1657,sub13,57,ling_word_target,0.0008704321215267328
1658,sub13,58,ling_word_target,-0.004388471314950181
1659,sub13,59,ling_word_target,-0.012702567281042406
1660,sub13,60,ling_word_target,-0.002271722896052293
1661,sub13,61,ling_word_target,0.022634520109696247
1662,sub13,62,ling_word_target,0.027183984771659432
1663,sub13,63,ling_word_target,-0.02018821188338764
1664,sub13,64,ling_word_target,0.018475720172014327
1665,sub13,65,ling_word_target,0.009957919240967006
1666,sub13,66,ling_word_target,-5.360088390017084e-05
1667,sub13,67,ling_word_target,0.02230718998528924
1668,sub13,68,ling_word_target,0.012785985325541151
1669,sub13,69,ling_word_target,0.00041557390840084193
1670,sub13,70,ling_word_target,0.025181008599009746
1671,sub13,71,ling_word_target,-0.012324511338226674
1672,sub13,72,ling_word_target,-0.0024429071313340025
1673,sub13,73,ling_word_target,-0.00023574943966148836
1674,sub13,74,ling_word_target,-0.012191071064175076
1675,sub13,75,ling_word_target,-0.007133497505559194
1676,sub13,76,ling_word_target,0.01265054091686792
1677,sub13,77,ling_word_target,-0.006121570771358777
1678,sub13,78,ling_word_target,-0.025737339430634457
1679,sub13,79,ling_word_target,-0.016942690347213633
1680,sub13,80,ling_word_target,-0.013372091477546495
1681,sub13,81,ling_word_target,0.03390625631545728
1682,sub13,82,ling_word_target,0.009678227878460614
1683,sub13,83,ling_word_target,-0.001190129400247692
1684,sub13,84,ling_word_target,-0.0018645034090001339
1685,sub13,85,ling_word_target,-0.01499449320638914
1686,sub13,86,ling_word_target,0.010055146340028628
1687,sub13,87,ling_word_target,-0.034044874289508996
1688,sub13,88,ling_word_target,-0.0019539696584464916
1689,sub13,89,ling_word_target,0.01624434128008708
1690,sub13,90,ling_word_target,0.02373730292819614
1691,sub13,91,ling_word_target,-0.004594432177953367
1692,sub13,92,ling_word_target,-0.01481451630183728
1693,sub13,93,ling_word_target,0.015103991934526998
1694,sub13,94,ling_word_target,0.0025887825425976382
1695,sub13,95,ling_word_target,0.021535576469014533
1696,sub13,96,ling_word_target,0.014547222400009297
1697,sub13,97,ling_word_target,0.010130202397406344
1698,sub13,98,ling_word_target,-0.003764120004792824
1699,sub13,99,ling_word_target,-0.0031257460332159374
1700,sub13,100,ling_word_target,0.008856147842550519
1701,sub13,101,ling_word_target,-0.013979702257375489
1702,sub13,102,ling_word_target,-0.004701676060596552
1703,sub13,103,ling_word_target,0.02601517823000236
1704,sub13,104,ling_word_target,0.006097770939969476
1705,sub13,105,ling_word_target,-0.015943218765970896
1706,sub13,106,ling_word_target,0.054956649880074385
1707,sub13,107,ling_word_target,0.0005850116629123253
1708,sub13,108,ling_word_target,0.00038777140558007416
1709,sub13,109,ling_word_target,-0.010268125440178058
1710,sub13,110,ling_word_target,0.042152620440672084
1711,sub13,111,ling_word_target,-0.014130676155802728
1712,sub13,112,ling_word_target,-0.0028118579527767417
1713,sub13,113,ling_word_target,0.055362176483305256
1714,sub13,114,ling_word_target,0.0018463488532957629
1715,sub13,115,ling_word_target,0.04913707522188653
1716,sub13,116,ling_word_target,0.002306579429970447
1717,sub13,117,ling_word_target,0.06584400498137906
1718,sub13,118,ling_word_target,-0.032631274724394636
1719,sub13,119,ling_word_target,0.018921160725410613
1720,sub13,120,ling_word_target,-0.002555754338578635
1721,sub13,121,ling_word_target,0.01888012422996611
1722,sub13,122,ling_word_target,-0.004557500329740668
1723,sub13,123,ling_word_target,0.019176343540390408
1724,sub13,124,ling_word_target,0.01600718428463403
1725,sub13,125,ling_word_target,0.00899048357618373
1726,sub13,126,ling_word_target,0.007131712376050538
1727,sub13,127,ling_word_target,0.00791709675222183
1728,sub13,128,ling_word_target,0.012142401722020997
1729,sub13,129,ling_word_target,0.008453455878187282
1730,sub13,130,ling_word_target,0.02055061329283302
1731,sub13,131,ling_word_target,0.015446480319269722
1732,sub13,132,ling_word_target,-0.00970817299689413
1733,sub13,133,ling_word_target,0.00839288129378947
1734,sub13,134,ling_word_target,-0.02629156700199896
1735,sub13,135,ling_word_target,0.04952284673260445
1736,sub13,136,ling_word_target,0.034807376621496224
1737,sub13,137,ling_word_target,0.00499359338938681
1738,sub13,138,ling_word_target,-0.0045761572498606955
1739,sub13,139,ling_word_target,0.038729890281491326
1740,sub13,140,ling_word_target,0.034143787372154684
1741,sub13,141,ling_word_target,-0.022240278049860365
1742,sub13,142,ling_word_target,0.025819106259818262
1743,sub13,143,ling_word_target,0.006858565197476725
1744,sub13,144,ling_word_target,0.03682309097835689
1745,sub13,145,ling_word_target,0.0019165965264624266
1746,sub13,146,ling_word_target,0.04030306337664464
1747,sub13,147,ling_word_target,0.031219132011983185
1748,sub13,148,ling_word_target,0.01488944797310194
1749,sub13,149,ling_word_target,0.011850153842714746
1750,sub13,150,ling_word_target,-0.03210177774856291
1751,sub13,151,ling_word_target,-0.032063182672115005
1752,sub13,152,ling_word_target,0.013175636677286407
1753,sub13,153,ling_word_target,-0.0055506373647783635
1754,sub13,154,ling_word_target,0.02339204688693467
1755,sub13,155,ling_word_target,-0.02043981003042837
1756,sub13,156,ling_word_target,-0.007957233445643135
1757,sub13,157,ling_word_target,0.02313735529380626
1758,sub13,158,ling_word_target,-0.0007328048226022618
1759,sub13,159,ling_word_target,0.004233307714254072
1760,sub13,160,ling_word_target,-0.03406169480691312
1761,sub13,161,ling_word_target,0.008246977763654786
1762,sub13,162,ling_word_target,0.005838887267131338
1763,sub13,163,ling_word_target,0.009183516369703593
1764,sub13,164,ling_word_target,-0.005086893954081908
1765,sub13,165,ling_word_target,0.026036107425055546
1766,sub13,166,ling_word_target,0.007353545246075563
1767,sub13,167,ling_word_target,0.001422125561003696
1768,sub13,168,ling_word_target,0.004346813470241969
1769,sub13,169,ling_word_target,-0.031247762966881223
1770,sub13,170,ling_word_target,-0.026879498850769058
1771,sub13,171,ling_word_target,0.026408171453853463
1772,sub13,172,ling_word_target,-0.03844593464360493
1773,sub13,173,ling_word_target,-0.009266068188617077
1774,sub13,174,ling_word_target,-0.007713539003913726
1775,sub13,175,ling_word_target,-0.003920167936386281
1776,sub13,176,ling_word_target,-0.005742092583919892
1777,sub13,177,ling_word_target,0.01438248216734176
1778,sub13,178,ling_word_target,0.022257373270512495
1779,sub13,179,ling_word_target,-0.00830586957636519
1780,sub13,180,ling_word_target,0.018377728339471322
1781,sub13,181,ling_word_target,-0.034387293233725864
1782,sub13,182,ling_word_target,-0.002085187339666754
1783,sub13,183,ling_word_target,0.006724799840713853
1784,sub13,184,ling_word_target,-0.003391422678583148
1785,sub13,185,ling_word_target,0.0072455739827916674
1786,sub13,186,ling_word_target,0.011583455984306499
1787,sub13,187,ling_word_target,0.00290479760077874
1788,sub13,188,ling_word_target,-0.008715869334027635
1789,sub13,189,ling_word_target,0.01499968792328339
1790,sub13,190,ling_word_target,0.014030934665889611
1791,sub13,191,ling_word_target,0.0024641729907788294
1792,sub13,192,ling_word_target,-0.0202161488591584
1793,sub13,193,ling_word_target,-0.014071578922720766
1794,sub13,194,ling_word_target,-0.013082447685457207
1795,sub13,195,ling_word_target,0.0261339023573171
1796,sub13,196,ling_word_target,0.028939366235815396
1797,sub13,197,ling_word_target,0.009513284253128605
1798,sub13,198,ling_word_target,-0.01833540028929394
1799,sub13,199,ling_word_target,-0.018626706647018997
1800,sub14,0,ling_word_target,-0.01551681833565599
1801,sub14,1,ling_word_target,-0.002185152255921258
1802,sub14,2,ling_word_target,-0.001097707615730913
1803,sub14,3,ling_word_target,0.00041166863211879775
1804,sub14,4,ling_word_target,-0.005275447156094499
1805,sub14,5,ling_word_target,-0.000547280055808768
1806,sub14,6,ling_word_target,0.0008090585154156321
1807,sub14,7,ling_word_target,0.0014941753378021486
1808,sub14,8,ling_word_target,0.008408081246008892
1809,sub14,9,ling_word_target,-0.006232603598012408
1810,sub14,10,ling_word_target,0.004136712602286122
1811,sub14,11,ling_word_target,-0.0053034859584553205
1812,sub14,12,ling_word_target,-0.0010652627377906114
1813,sub14,13,ling_word_target,-0.012066573409424809
1814,sub14,14,ling_word_target,0.0018281391295419875
1815,sub14,15,ling_word_target,0.0028613946493184455
1816,sub14,16,ling_word_target,-0.0033813058337131404
1817,sub14,17,ling_word_target,-0.001953922658927689
1818,sub14,18,ling_word_target,0.0045737309984348945
1819,sub14,19,ling_word_target,-0.009277362733732555
1820,sub14,20,ling_word_target,-0.013347627078543185
1821,sub14,21,ling_word_target,-0.006322870313882769
1822,sub14,22,ling_word_target,-0.0032898806521205687
1823,sub14,23,ling_word_target,-0.030141504649713442
1824,sub14,24,ling_word_target,-0.004407787590995156
1825,sub14,25,ling_word_target,-0.0062423689472686904
1826,sub14,26,ling_word_target,-0.008490614102348165
1827,sub14,27,ling_word_target,-0.007258172167155126
1828,sub14,28,ling_word_target,-0.0055156537931298774
1829,sub14,29,ling_word_target,-0.007696200347352557
1830,sub14,30,ling_word_target,0.001750349563875477
1831,sub14,31,ling_word_target,0.006957446436763383
1832,sub14,32,ling_word_target,-0.005535318259993418
1833,sub14,33,ling_word_target,-0.020789227157385976
1834,sub14,34,ling_word_target,-0.016156493749484732
1835,sub14,35,ling_word_target,-0.006356473223238991
1836,sub14,36,ling_word_target,-0.005504971131812203
1837,sub14,37,ling_word_target,-0.006697949768745011
1838,sub14,38,ling_word_target,0.006682560570674769
1839,sub14,39,ling_word_target,0.01633735811065307
1840,sub14,40,ling_word_target,-0.002332511453442079
1841,sub14,41,ling_word_target,-0.005872482028742914
1842,sub14,42,ling_word_target,0.007902848423787839
1843,sub14,43,ling_word_target,-0.012960868461829547
1844,sub14,44,ling_word_target,0.004011115861301913
1845,sub14,45,ling_word_target,-0.027990780455453376
1846,sub14,46,ling_word_target,-0.006891682565746882
1847,sub14,47,ling_word_target,0.008971670129388548
1848,sub14,48,ling_word_target,0.0032044393691282925
1849,sub14,49,ling_word_target,0.0036141137116973174
1850,sub14,50,ling_word_target,-0.0044076211534620855
1851,sub14,51,ling_word_target,-0.008083898751267292
1852,sub14,52,ling_word_target,-0.009508624436306587
1853,sub14,53,ling_word_target,-0.009704754914064166
1854,sub14,54,ling_word_target,-0.007166014837082696
1855,sub14,55,ling_word_target,-0.002850901182830916
1856,sub14,56,ling_word_target,0.004281922897689435
1857,sub14,57,ling_word_target,0.007872278347903714
1858,sub14,58,ling_word_target,-0.0011528088815859004
1859,sub14,59,ling_word_target,-0.009730722611228213
1860,sub14,60,ling_word_target,-0.0017523865736497784
1861,sub14,61,ling_word_target,0.00435636190605819
1862,sub14,62,ling_word_target,-0.001956775453674084
1863,sub14,63,ling_word_target,0.004633355019276371
1864,sub14,64,ling_word_target,-0.009793128450628498
1865,sub14,65,ling_word_target,-0.00455840474947064
1866,sub14,66,ling_word_target,0.020435110161788478
1867,sub14,67,ling_word_target,0.01340777223790575
1868,sub14,68,ling_word_target,-0.009440240937508145
1869,sub14,69,ling_word_target,0.017569101130438317
1870,sub14,70,ling_word_target,0.000149985486978632
1871,sub14,71,ling_word_target,-0.018442991866437924
1872,sub14,72,ling_word_target,0.016317701211279335
1873,sub14,73,ling_word_target,0.013878458881580506
1874,sub14,74,ling_word_target,-0.003193802267520416
1875,sub14,75,ling_word_target,-0.007684531953198426
1876,sub14,76,ling_word_target,-0.0034198681361973992
1877,sub14,77,ling_word_target,0.001843165262869954
1878,sub14,78,ling_word_target,0.0053429660747805864
1879,sub14,79,ling_word_target,0.017775652884170025
1880,sub14,80,ling_word_target,-0.013439158153195968
1881,sub14,81,ling_word_target,-0.010199214738867155
1882,sub14,82,ling_word_target,0.001993882384841075
1883,sub14,83,ling_word_target,0.0015716646667890786
1884,sub14,84,ling_word_target,-0.0005289184956796469
1885,sub14,85,ling_word_target,-0.007597489254358312
1886,sub14,86,ling_word_target,0.009927940792560591
1887,sub14,87,ling_word_target,-0.018263542086649338
1888,sub14,88,ling_word_target,-0.0027735887915030623
1889,sub14,89,ling_word_target,0.000542738850032028
1890,sub14,90,ling_word_target,0.005323094981978397
1891,sub14,91,ling_word_target,-0.0019375443458678307
1892,sub14,92,ling_word_target,0.0016017875454504393
1893,sub14,93,ling_word_target,-0.008034670210392513
1894,sub14,94,ling_word_target,0.010622954928323889
1895,sub14,95,ling_word_target,0.007393106522348139
1896,sub14,96,ling_word_target,0.001050124539863527
1897,sub14,97,ling_word_target,0.008221169489767342
1898,sub14,98,ling_word_target,0.01584069210181852
1899,sub14,99,ling_word_target,0.00016045671859944477
1900,sub14,100,ling_word_target,-0.0008062854002923327
1901,sub14,101,ling_word_target,0.003058433089610026
1902,sub14,102,ling_word_target,-0.006134837715371531
1903,sub14,103,ling_word_target,0.009440269287590078
1904,sub14,104,ling_word_target,0.004829336279907047
1905,sub14,105,ling_word_target,-0.0018644152285593014
1906,sub14,106,ling_word_target,-0.008909086174416148
1907,sub14,107,ling_word_target,0.013625505240268057
1908,sub14,108,ling_word_target,0.003990873013915586
1909,sub14,109,ling_word_target,-0.016369409644252236
1910,sub14,110,ling_word_target,-0.005044383790937678
1911,sub14,111,ling_word_target,0.004036202141349151
1912,sub14,112,ling_word_target,-0.010156908650449614
1913,sub14,113,ling_word_target,0.009207413383506105
1914,sub14,114,ling_word_target,-0.00042577804621237694
1915,sub14,115,ling_word_target,0.005497564204608172
1916,sub14,116,ling_word_target,-0.010735581745389815
1917,sub14,117,ling_word_target,-0.006763768573619594
1918,sub14,118,ling_word_target,-0.004270908562949718
1919,sub14,119,ling_word_target,0.0035855471823167495
1920,sub14,120,ling_word_target,0.0047505130395165
1921,sub14,121,ling_word_target,0.004040981753633105
1922,sub14,122,ling_word_target,0.009160629086079543
1923,sub14,123,ling_word_target,0.013740804061934802
1924,sub14,124,ling_word_target,-0.011876357421011759
1925,sub14,125,ling_word_target,-0.0004951148451458439
1926,sub14,126,ling_word_target,-0.016082606930327797
1927,sub14,127,ling_word_target,0.012234091335726036
1928,sub14,128,ling_word_target,0.010704185997828245
1929,sub14,129,ling_word_target,-0.0014321604703610303
1930,sub14,130,ling_word_target,-0.007956242350814324
1931,sub14,131,ling_word_target,0.006198138075380961
1932,sub14,132,ling_word_target,0.010791715955348254
1933,sub14,133,ling_word_target,0.005140240545092439
1934,sub14,134,ling_word_target,0.006935256532822648
1935,sub14,135,ling_word_target,0.0006877576076299473
1936,sub14,136,ling_word_target,-0.01528814860301986
1937,sub14,137,ling_word_target,0.0028539751227070437
1938,sub14,138,ling_word_target,-0.008664983020476615
1939,sub14,139,ling_word_target,-0.018724171416138698
1940,sub14,140,ling_word_target,-0.007882299724846999
1941,sub14,141,ling_word_target,-0.0010382437421059985
1942,sub14,142,ling_word_target,-0.0031859956725440734
1943,sub14,143,ling_word_target,-0.00627913717281645
1944,sub14,144,ling_word_target,0.0054850819423448525
1945,sub14,145,ling_word_target,0.008098851949629626
1946,sub14,146,ling_word_target,-0.01116016539198495
1947,sub14,147,ling_word_target,0.006199019894377002
1948,sub14,148,ling_word_target,0.0054286219138641725
1949,sub14,149,ling_word_target,-0.0030780674087315207
1950,sub14,150,ling_word_target,0.0027095893377532894
1951,sub14,151,ling_word_target,-0.0026426053738302056
1952,sub14,152,ling_word_target,-0.004010910163799694
1953,sub14,153,ling_word_target,-0.002094104140884295
1954,sub14,154,ling_word_target,0.006487393901048531
1955,sub14,155,ling_word_target,-0.001409391188364995
1956,sub14,156,ling_word_target,-0.005308545556362886
1957,sub14,157,ling_word_target,0.005274831111817903
1958,sub14,158,ling_word_target,0.007121047079826059
1959,sub14,159,ling_word_target,-0.00915882839906822
1960,sub14,160,ling_word_target,0.006888131754730127
1961,sub14,161,ling_word_target,-0.0013800648677989847
1962,sub14,162,ling_word_target,0.01095528261406587
1963,sub14,163,ling_word_target,-0.004280705795938256
1964,sub14,164,ling_word_target,0.0014852205373171838
1965,sub14,165,ling_word_target,0.0031329994489489007
1966,sub14,166,ling_word_target,-0.006792614284231775
1967,sub14,167,ling_word_target,0.0006534822294605361
1968,sub14,168,ling_word_target,0.008918551863142688
1969,sub14,169,ling_word_target,-0.0025779353959114303
1970,sub14,170,ling_word_target,-0.0004127825617116349
1971,sub14,171,ling_word_target,-0.013408141570488625
1972,sub14,172,ling_word_target,-0.004136960870701805
1973,sub14,173,ling_word_target,-0.002070575045618158
1974,sub14,174,ling_word_target,-0.011387801766940521
1975,sub14,175,ling_word_target,-0.006425788026694447
1976,sub14,176,ling_word_target,-0.002477359894791117
1977,sub14,177,ling_word_target,0.0036186168729253655
1978,sub14,178,ling_word_target,-0.020799054273139644
1979,sub14,179,ling_word_target,0.008099528045783764
1980,sub14,180,ling_word_target,0.0007953980996445379
1981,sub14,181,ling_word_target,0.004135131288901408
1982,sub14,182,ling_word_target,0.0006171355661026114
1983,sub14,183,ling_word_target,0.007588869751202415
1984,sub14,184,ling_word_target,-0.004139401126136366
1985,sub14,185,ling_word_target,-0.013600736226902825
1986,sub14,186,ling_word_target,0.003097078067721421
1987,sub14,187,ling_word_target,-0.006756869621120317
1988,sub14,188,ling_word_target,-0.008055514008551203
1989,sub14,189,ling_word_target,0.015381671172167917
1990,sub14,190,ling_word_target,0.0026479647040210798
1991,sub14,191,ling_word_target,0.006506859881378939
1992,sub14,192,ling_word_target,-0.0020425269157458644
1993,sub14,193,ling_word_target,0.0013010309279729514
1994,sub14,194,ling_word_target,0.0024652011724925343
1995,sub14,195,ling_word_target,0.00565050267875872
1996,sub14,196,ling_word_target,0.011417532692344424
1997,sub14,197,ling_word_target,-0.014280733412182766
1998,sub14,198,ling_word_target,0.0037601357372404115
1999,sub14,199,ling_word_target,0.002576455360376876
2000,sub15,0,ling_word_target,0.017071525760863127
2001,sub15,1,ling_word_target,-0.01034257726392715
2002,sub15,2,ling_word_target,0.045810390596328465
2003,sub15,3,ling_word_target,-0.0026414564820870096
2004,sub15,4,ling_word_target,-0.007870015075385962
2005,sub15,5,ling_word_target,-0.024616479295240332
2006,sub15,6,ling_word_target,0.015165723265652555
2007,sub15,7,ling_word_target,-0.012585296262494976
2008,sub15,8,ling_word_target,0.0014995758470560815
2009,sub15,9,ling_word_target,-0.003264021173749572
2010,sub15,10,ling_word_target,0.0035032002869513934
2011,sub15,11,ling_word_target,0.006764730993222942
2012,sub15,12,ling_word_target,-0.0023324995158265087
2013,sub15,13,ling_word_target,-0.02566400974820608
2014,sub15,14,ling_word_target,0.010216634592750674
2015,sub15,15,ling_word_target,-0.018037898770141968
2016,sub15,16,ling_word_target,-0.002491484925959301
2017,sub15,17,ling_word_target,0.0016868432001546333
2018,sub15,18,ling_word_target,-0.008232524191601096
2019,sub15,19,ling_word_target,0.0067234340222675935
2020,sub15,20,ling_word_target,-0.0051566154580639624
2021,sub15,21,ling_word_target,-0.008745922695477307
2022,sub15,22,ling_word_target,0.0077458030506354246
2023,sub15,23,ling_word_target,0.00851001818445576
2024,sub15,24,ling_word_target,0.0015411739248427066
2025,sub15,25,ling_word_target,-0.0042652620019468825
2026,sub15,26,ling_word_target,0.007884709363019077
2027,sub15,27,ling_word_target,0.006367382662978184
2028,sub15,28,ling_word_target,0.0018596630259069599
2029,sub15,29,ling_word_target,-0.008940894926023043
2030,sub15,30,ling_word_target,0.006686762502722783
2031,sub15,31,ling_word_target,-0.002924980747313664
2032,sub15,32,ling_word_target,-0.01055681346024429
2033,sub15,33,ling_word_target,0.014280270497313457
2034,sub15,34,ling_word_target,0.0034722963025066948
2035,sub15,35,ling_word_target,0.02358898526838309
2036,sub15,36,ling_word_target,0.011915897858741142
2037,sub15,37,ling_word_target,0.009339465523416397
2038,sub15,38,ling_word_target,0.002181762981740185
2039,sub15,39,ling_word_target,-0.008268866172431865
2040,sub15,40,ling_word_target,0.006180072229999972
2041,sub15,41,ling_word_target,0.00038135164642939514
2042,sub15,42,ling_word_target,-0.019700088339706663
2043,sub15,43,ling_word_target,0.007842663137636617
2044,sub15,44,ling_word_target,0.013227618175393717
2045,sub15,45,ling_word_target,-0.0022873643469982614
2046,sub15,46,ling_word_target,0.006136222649352944
2047,sub15,47,ling_word_target,-0.016692365439565236
2048,sub15,48,ling_word_target,0.01671484934853103
2049,sub15,49,ling_word_target,-0.0004898414246900373
2050,sub15,50,ling_word_target,0.015242954609905298
2051,sub15,51,ling_word_target,0.0026897233381109427
2052,sub15,52,ling_word_target,0.009571816499637138
2053,sub15,53,ling_word_target,-0.0028958223113753506
2054,sub15,54,ling_word_target,0.005583542554603519
2055,sub15,55,ling_word_target,0.009546164472492484
2056,sub15,56,ling_word_target,0.010427882188471606
2057,sub15,57,ling_word_target,-0.009088230442165769
2058,sub15,58,ling_word_target,0.0038520071636009433
2059,sub15,59,ling_word_target,-0.019689618377069052
2060,sub15,60,ling_word_target,0.014539003364764705
2061,sub15,61,ling_word_target,0.003741209573510163
2062,sub15,62,ling_word_target,-0.004934117607229692
2063,sub15,63,ling_word_target,-0.003270555452483253
2064,sub15,64,ling_word_target,0.01667434568846772
2065,sub15,65,ling_word_target,-0.008540167983228049
2066,sub15,66,ling_word_target,-0.002204540207723519
2067,sub15,67,ling_word_target,0.004977797315343946
2068,sub15,68,ling_word_target,0.004457719773187177
2069,sub15,69,ling_word_target,-0.013133492142778373
2070,sub15,70,ling_word_target,-0.01806534237653307
2071,sub15,71,ling_word_target,0.0016858086724764161
2072,sub15,72,ling_word_target,0.005150444355145505
2073,sub15,73,ling_word_target,0.009838335945605016
2074,sub15,74,ling_word_target,0.006545220344429755
2075,sub15,75,ling_word_target,0.004149989866958503
2076,sub15,76,ling_word_target,0.011587705146457149
2077,sub15,77,ling_word_target,-0.009220224428438404
2078,sub15,78,ling_word_target,0.002572911986755101
2079,sub15,79,ling_word_target,-0.03768795957999529
2080,sub15,80,ling_word_target,0.014763746993222372
2081,sub15,81,ling_word_target,-0.010093387734983871
2082,sub15,82,ling_word_target,-0.02043782310260918
2083,sub15,83,ling_word_target,-0.008543801076976495
2084,sub15,84,ling_word_target,-0.011501511534118708
2085,sub15,85,ling_word_target,0.002031913892404387
2086,sub15,86,ling_word_target,-0.004071666412836377
2087,sub15,87,ling_word_target,0.028786278652622135
2088,sub15,88,ling_word_target,-0.004119225387923937
2089,sub15,89,ling_word_target,-0.014105240752951135
2090,sub15,90,ling_word_target,0.00427442883496238
2091,sub15,91,ling_word_target,-0.009840175357818863
2092,sub15,92,ling_word_target,-0.0057007783910939065
2093,sub15,93,ling_word_target,0.02066273714076882
2094,sub15,94,ling_word_target,0.01451590568456963
2095,sub15,95,ling_word_target,-0.00408451488246362
2096,sub15,96,ling_word_target,0.012835006967543682
2097,sub15,97,ling_word_target,0.008971335027297613
2098,sub15,98,ling_word_target,-0.009608821105192983
2099,sub15,99,ling_word_target,0.010843879249955767
2100,sub15,100,ling_word_target,0.0020111050255627676
2101,sub15,101,ling_word_target,0.002273961946110475
2102,sub15,102,ling_word_target,0.003524294927775467
2103,sub15,103,ling_word_target,0.018772287623604042
2104,sub15,104,ling_word_target,-0.012126893460911035
2105,sub15,105,ling_word_target,-0.006160324144017656
2106,sub15,106,ling_word_target,0.00017780020631180115
2107,sub15,107,ling_word_target,-0.019634686901573044
2108,sub15,108,ling_word_target,0.0016369507508542356
2109,sub15,109,ling_word_target,-0.012789379453348673
2110,sub15,110,ling_word_target,-0.00874332693770588
2111,sub15,111,ling_word_target,-0.0004920148081286997
2112,sub15,112,ling_word_target,-0.007235822890996691
2113,sub15,113,ling_word_target,-0.01063739230045663
2114,sub15,114,ling_word_target,-0.01070510120999486
2115,sub15,115,ling_word_target,-0.013624609773706947
2116,sub15,116,ling_word_target,-0.006313038209503156
2117,sub15,117,ling_word_target,0.007724705046607266
2118,sub15,118,ling_word_target,0.0023780098645558414
2119,sub15,119,ling_word_target,-0.004240248761082822
2120,sub15,120,ling_word_target,0.0033321011302352294
2121,sub15,121,ling_word_target,0.009669809083305548
2122,sub15,122,ling_word_target,0.0046574595385528335
2123,sub15,123,ling_word_target,0.006333812733449495
2124,sub15,124,ling_word_target,-0.016663809617541683
2125,sub15,125,ling_word_target,-0.011525027712625606
2126,sub15,126,ling_word_target,-0.0031751193393838935
2127,sub15,127,ling_word_target,0.003239858679049443
2128,sub15,128,ling_word_target,0.0022415345699092716
2129,sub15,129,ling_word_target,0.009263833024650364
2130,sub15,130,ling_word_target,-0.011858090085818578
2131,sub15,131,ling_word_target,-0.017048291538888854
2132,sub15,132,ling_word_target,-0.001739824426256236
2133,sub15,133,ling_word_target,-0.004812995741622075
2134,sub15,134,ling_word_target,0.003399243932204954
2135,sub15,135,ling_word_target,-0.0029715483286721373
2136,sub15,136,ling_word_target,0.011041222582895843
2137,sub15,137,ling_word_target,-0.006154014417945727
2138,sub15,138,ling_word_target,-0.0002884487081149146
2139,sub15,139,ling_word_target,0.02592666142039947
2140,sub15,140,ling_word_target,-0.01607612247999592
2141,sub15,141,ling_word_target,-0.012048331991796989
2142,sub15,142,ling_word_target,0.005166141130125173
2143,sub15,143,ling_word_target,0.019088026671053162
2144,sub15,144,ling_word_target,0.006240851694431572
2145,sub15,145,ling_word_target,0.01584809928392998
2146,sub15,146,ling_word_target,-0.013036392350551216
2147,sub15,147,ling_word_target,0.007874640061289939
2148,sub15,148,ling_word_target,0.0023559310968830015
2149,sub15,149,ling_word_target,0.011585922809155054
2150,sub15,150,ling_word_target,-0.0061746321348926094
2151,sub15,151,ling_word_target,-0.005143402157616149
2152,sub15,152,ling_word_target,0.023759598206452077
2153,sub15,153,ling_word_target,0.00209227500558215
2154,sub15,154,ling_word_target,0.004866963323789986
2155,sub15,155,ling_word_target,-0.010188034822979248
2156,sub15,156,ling_word_target,-0.009642570843321473
2157,sub15,157,ling_word_target,0.01473643535891689
2158,sub15,158,ling_word_target,0.0035055450731684462
2159,sub15,159,ling_word_target,0.005892460305420447
2160,sub15,160,ling_word_target,-0.0032097598812413693
2161,sub15,161,ling_word_target,0.00706176650116212
2162,sub15,162,ling_word_target,-0.006640237427874574
2163,sub15,163,ling_word_target,0.002548920191755673
2164,sub15,164,ling_word_target,0.022634162051204852
2165,sub15,165,ling_word_target,0.019030266012192626
2166,sub15,166,ling_word_target,-0.00110660936077996
2167,sub15,167,ling_word_target,-0.0011093542148197125
2168,sub15,168,ling_word_target,0.004508489305531047
2169,sub15,169,ling_word_target,-0.013519432550677002
2170,sub15,170,ling_word_target,0.01246003312031384
2171,sub15,171,ling_word_target,0.004541400344808218
2172,sub15,172,ling_word_target,0.0028636766820790776
2173,sub15,173,ling_word_target,-0.012992424475139498
2174,sub15,174,ling_word_target,-0.004755684518422375
2175,sub15,175,ling_word_target,0.004254743431482735
2176,sub15,176,ling_word_target,-0.017867211068808
2177,sub15,177,ling_word_target,-0.005668273320274506
2178,sub15,178,ling_word_target,-0.0023336567828387026
2179,sub15,179,ling_word_target,0.014988961023963184
2180,sub15,180,ling_word_target,0.0012182905823349868
2181,sub15,181,ling_word_target,-0.004129217640632997
2182,sub15,182,ling_word_target,0.011712440632149749
2183,sub15,183,ling_word_target,-0.009214417347590561
2184,sub15,184,ling_word_target,-0.0098863130317948
2185,sub15,185,ling_word_target,0.014815055515001615
2186,sub15,186,ling_word_target,0.019783779603686165
2187,sub15,187,ling_word_target,0.012534146801996307
2188,sub15,188,ling_word_target,-0.00488891637716519
2189,sub15,189,ling_word_target,-0.005110664590298801
2190,sub15,190,ling_word_target,0.00490923037764946
2191,sub15,191,ling_word_target,0.0050113142864707414
2192,sub15,192,ling_word_target,0.007318654717270852
2193,sub15,193,ling_word_target,-0.0024207247738006355
2194,sub15,194,ling_word_target,-0.01900447489221698
2195,sub15,195,ling_word_target,-0.003473210710732774
2196,sub15,196,ling_word_target,0.019676291403914692
2197,sub15,197,ling_word_target,0.01527324645647861
2198,sub15,198,ling_word_target,-0.004945663961290609
2199,sub15,199,ling_word_target,-0.002725056096093564
2200,sub16,0,ling_word_target,0.0040795935046954515
2201,sub16,1,ling_word_target,-0.001665369435487046
2202,sub16,2,ling_word_target,-0.006288444767260084
2203,sub16,3,ling_word_target,0.015594415620570339
2204,sub16,4,ling_word_target,0.010373175254662664
2205,sub16,5,ling_word_target,-0.0014420152026537378
2206,sub16,6,ling_word_target,0.013417729386243237
2207,sub16,7,ling_word_target,0.004941218977668523
2208,sub16,8,ling_word_target,0.00010991068945045045
2209,sub16,9,ling_word_target,-0.001781708485122422
2210,sub16,10,ling_word_target,0.00280729768352653
2211,sub16,11,ling_word_target,-0.004240957930353761
2212,sub16,12,ling_word_target,-0.0035076896024079643
2213,sub16,13,ling_word_target,0.004028291674388957
2214,sub16,14,ling_word_target,-0.00912557685973714
2215,sub16,15,ling_word_target,-0.010700922604057573
2216,sub16,16,ling_word_target,-0.014580486783662121
2217,sub16,17,ling_word_target,0.0041614783009309925
2218,sub16,18,ling_word_target,-0.0005696381565412398
2219,sub16,19,ling_word_target,0.012062097793588598
2220,sub16,20,ling_word_target,2.7933453624977064e-05
2221,sub16,21,ling_word_target,-0.0008105636212088074
2222,sub16,22,ling_word_target,0.0027283852331992644
2223,sub16,23,ling_word_target,0.003206651094189848
2224,sub16,24,ling_word_target,0.011530483515918628
2225,sub16,25,ling_word_target,-0.0015065870192760952
2226,sub16,26,ling_word_target,-0.0026599449439111507
2227,sub16,27,ling_word_target,-0.015743782687225965
2228,sub16,28,ling_word_target,0.008072690767521639
2229,sub16,29,ling_word_target,0.0050159806725148795
2230,sub16,30,ling_word_target,0.003782452637561303
2231,sub16,31,ling_word_target,-0.006369719460228094
2232,sub16,32,ling_word_target,-0.03332720654191713
2233,sub16,33,ling_word_target,-0.0012744337930172074
2234,sub16,34,ling_word_target,-0.007778856213979742
2235,sub16,35,ling_word_target,0.0012927660012440798
2236,sub16,36,ling_word_target,0.005956971189983248
2237,sub16,37,ling_word_target,-0.01769816238394096
2238,sub16,38,ling_word_target,0.0031795672135681444
2239,sub16,39,ling_word_target,-0.002907160988312507
2240,sub16,40,ling_word_target,-0.0037417507097714693
2241,sub16,41,ling_word_target,-0.00418599399067364
2242,sub16,42,ling_word_target,-0.002111831645559553
2243,sub16,43,ling_word_target,0.0012361734158162817
2244,sub16,44,ling_word_target,-0.009084195294339462
2245,sub16,45,ling_word_target,-0.0027073507199298023
2246,sub16,46,ling_word_target,0.008913153729132334
2247,sub16,47,ling_word_target,0.005210044977006096
2248,sub16,48,ling_word_target,0.0019079614092352942
2249,sub16,49,ling_word_target,-0.004925700955596163
2250,sub16,50,ling_word_target,0.009270946636910006
2251,sub16,51,ling_word_target,-0.00880710463985448
2252,sub16,52,ling_word_target,0.006181448350360915
2253,sub16,53,ling_word_target,0.0029941286604683553
2254,sub16,54,ling_word_target,-0.006852840441480664
2255,sub16,55,ling_word_target,-0.002539978183829374
2256,sub16,56,ling_word_target,-0.004187337280409608
2257,sub16,57,ling_word_target,0.01081674078886312
2258,sub16,58,ling_word_target,0.0051710836321227594
2259,sub16,59,ling_word_target,0.0029491844918998035
2260,sub16,60,ling_word_target,-0.0018008690479805656
2261,sub16,61,ling_word_target,-0.012750335602753946
2262,sub16,62,ling_word_target,-0.001711848717301009
2263,sub16,63,ling_word_target,0.0016788400523578897
2264,sub16,64,ling_word_target,-0.006324903498496109
2265,sub16,65,ling_word_target,0.0009236299448049078
2266,sub16,66,ling_word_target,0.00697546957571709
2267,sub16,67,ling_word_target,-0.004852921491862452
2268,sub16,68,ling_word_target,-0.006860384347281271
2269,sub16,69,ling_word_target,0.009251174256504445
2270,sub16,70,ling_word_target,0.0013377673691912708
2271,sub16,71,ling_word_target,0.003766940991040293
2272,sub16,72,ling_word_target,0.004124391170474725
2273,sub16,73,ling_word_target,-0.006208204182151894
2274,sub16,74,ling_word_target,0.007763315372352524
2275,sub16,75,ling_word_target,0.011304474274293196
2276,sub16,76,ling_word_target,0.012857318167443036
2277,sub16,77,ling_word_target,-0.009015630294081667
2278,sub16,78,ling_word_target,0.014845442070570992
2279,sub16,79,ling_word_target,-0.022156978816334917
2280,sub16,80,ling_word_target,0.01157964329923509
2281,sub16,81,ling_word_target,0.012122992453196115
2282,sub16,82,ling_word_target,0.008127757656464965
2283,sub16,83,ling_word_target,-0.0021255008159722665
2284,sub16,84,ling_word_target,-0.0121606387232112
2285,sub16,85,ling_word_target,0.011317868296153201
2286,sub16,86,ling_word_target,-0.004441734394397829
2287,sub16,87,ling_word_target,0.0032662507133852338
2288,sub16,88,ling_word_target,0.007521010000759328
2289,sub16,89,ling_word_target,0.012741791810619288
2290,sub16,90,ling_word_target,0.009548087769732264
2291,sub16,91,ling_word_target,0.003274594020890842
2292,sub16,92,ling_word_target,-0.005479274550834615
2293,sub16,93,ling_word_target,-0.014543170016514333
2294,sub16,94,ling_word_target,0.016061403511094127
2295,sub16,95,ling_word_target,0.028020390621420116
2296,sub16,96,ling_word_target,-0.0014710343212020268
2297,sub16,97,ling_word_target,-0.010896839196648309
2298,sub16,98,ling_word_target,0.011498510501037963
2299,sub16,99,ling_word_target,0.0026470785653373023
2300,sub16,100,ling_word_target,0.0024084140736240593
2301,sub16,101,ling_word_target,0.005341778767913406
2302,sub16,102,ling_word_target,0.0042285707381964945
2303,sub16,103,ling_word_target,-0.01072547457769989
2304,sub16,104,ling_word_target,0.016141877015849463
2305,sub16,105,ling_word_target,0.003476520569174271
2306,sub16,106,ling_word_target,-0.008702473251630599
2307,sub16,107,ling_word_target,-0.010152756573279667
2308,sub16,108,ling_word_target,0.005268051402992295
2309,sub16,109,ling_word_target,0.0034143869196177072
2310,sub16,110,ling_word_target,-0.020561894846662026
2311,sub16,111,ling_word_target,-0.010670443613976828
2312,sub16,112,ling_word_target,-0.004335521563093889
2313,sub16,113,ling_word_target,-4.798884119979579e-05
2314,sub16,114,ling_word_target,-0.01145424273748813
2315,sub16,115,ling_word_target,0.01233015943909789
2316,sub16,116,ling_word_target,0.014378585479827687
2317,sub16,117,ling_word_target,-0.0021417637282104265
2318,sub16,118,ling_word_target,0.012478043016827417
2319,sub16,119,ling_word_target,-0.01133266570822972
2320,sub16,120,ling_word_target,0.02085764715697139
2321,sub16,121,ling_word_target,0.011000839225187018
2322,sub16,122,ling_word_target,0.0009332226700341207
2323,sub16,123,ling_word_target,-0.003068042087676764
2324,sub16,124,ling_word_target,-0.01189508876079498
2325,sub16,125,ling_word_target,0.025515367567079145
2326,sub16,126,ling_word_target,-0.01484367643889605
2327,sub16,127,ling_word_target,0.007400971274416803
2328,sub16,128,ling_word_target,0.018341804802677122
2329,sub16,129,ling_word_target,0.024169038767788156
2330,sub16,130,ling_word_target,-0.009150706587659721
2331,sub16,131,ling_word_target,-0.0007916433769982898
2332,sub16,132,ling_word_target,-0.02302469056303536
2333,sub16,133,ling_word_target,0.011465830779515018
2334,sub16,134,ling_word_target,0.010556121492890687
2335,sub16,135,ling_word_target,0.010048562451994328
2336,sub16,136,ling_word_target,0.001153023160050295
2337,sub16,137,ling_word_target,0.003797797048477859
2338,sub16,138,ling_word_target,0.008475321488108914
2339,sub16,139,ling_word_target,-0.012499284945771082
2340,sub16,140,ling_word_target,-0.004916774825107316
2341,sub16,141,ling_word_target,0.0012303320155426594
2342,sub16,142,ling_word_target,-0.010771458910848838
2343,sub16,143,ling_word_target,0.007639078687532009
2344,sub16,144,ling_word_target,0.007688877503115047
2345,sub16,145,ling_word_target,-0.011119283611402301
2346,sub16,146,ling_word_target,0.00217187594393045
2347,sub16,147,ling_word_target,-0.0008621851415945466
2348,sub16,148,ling_word_target,0.0018818471710786953
2349,sub16,149,ling_word_target,-0.02488969251580163
2350,sub16,150,ling_word_target,-0.005719575026574099
2351,sub16,151,ling_word_target,-0.004832557696028542
2352,sub16,152,ling_word_target,0.021559492083326078
2353,sub16,153,ling_word_target,0.022516255622012496
2354,sub16,154,ling_word_target,0.00920559034796949
2355,sub16,155,ling_word_target,-0.001263631832619765
2356,sub16,156,ling_word_target,-0.0071629596012044066
2357,sub16,157,ling_word_target,0.008821765605600553
2358,sub16,158,ling_word_target,0.008299415370080587
2359,sub16,159,ling_word_target,-0.0008303140035405376
2360,sub16,160,ling_word_target,-0.0021099680969670514
2361,sub16,161,ling_word_target,0.005358555465105764
2362,sub16,162,ling_word_target,0.019592670216597514
2363,sub16,163,ling_word_target,0.0012411269576777474
2364,sub16,164,ling_word_target,0.006368771306032248
2365,sub16,165,ling_word_target,0.0016614977502123595
2366,sub16,166,ling_word_target,0.012037430822455964
2367,sub16,167,ling_word_target,0.00594960413740026
2368,sub16,168,ling_word_target,-0.01578712267546212
2369,sub16,169,ling_word_target,-0.0018596809519439358
2370,sub16,170,ling_word_target,-0.002571233293781413
2371,sub16,171,ling_word_target,0.00019443815077658578
2372,sub16,172,ling_word_target,-0.013918925402468573
2373,sub16,173,ling_word_target,0.009587217201675541
2374,sub16,174,ling_word_target,-0.004535749128882326
2375,sub16,175,ling_word_target,-0.01978166208604293
2376,sub16,176,ling_word_target,-0.01859712943458261
2377,sub16,177,ling_word_target,0.0012150573285906858
2378,sub16,178,ling_word_target,0.021700793290818518
2379,sub16,179,ling_word_target,0.009216890978554429
2380,sub16,180,ling_word_target,-0.006761595751256064
2381,sub16,181,ling_word_target,-0.009769952861614545
2382,sub16,182,ling_word_target,-0.003230414624865963
2383,sub16,183,ling_word_target,0.021453346397564885
2384,sub16,184,ling_word_target,-0.004291880257567185
2385,sub16,185,ling_word_target,-0.008852423286388564
2386,sub16,186,ling_word_target,-0.005122003431321157
2387,sub16,187,ling_word_target,0.009918567877710588
2388,sub16,188,ling_word_target,0.01750332227114358
2389,sub16,189,ling_word_target,-0.00554086202861599
2390,sub16,190,ling_word_target,-0.0001999061264843149
2391,sub16,191,ling_word_target,-0.0025475230041537528
2392,sub16,192,ling_word_target,0.013404727894963378
2393,sub16,193,ling_word_target,-0.0056715996344573446
2394,sub16,194,ling_word_target,0.02003423747599077
2395,sub16,195,ling_word_target,-0.010612939385053987
2396,sub16,196,ling_word_target,-0.001269476129898847
2397,sub16,197,ling_word_target,0.014022287942867901
2398,sub16,198,ling_word_target,0.0033046199728363566
2399,sub16,199,ling_word_target,0.008568667229956256
2400,sub18,0,ling_word_target,0.0027562172301897688
2401,sub18,1,ling_word_target,-0.01185390304281154
2402,sub18,2,ling_word_target,-0.010265133366054576
2403,sub18,3,ling_word_target,-0.009060914523464633
2404,sub18,4,ling_word_target,0.007092233747432543
2405,sub18,5,ling_word_target,0.0056609987563248365
2406,sub18,6,ling_word_target,0.0049274202725162536
2407,sub18,7,ling_word_target,-0.012247408537181894
2408,sub18,8,ling_word_target,-0.005751278662881883
2409,sub18,9,ling_word_target,0.004973529038559584
2410,sub18,10,ling_word_target,-0.0020471097071747637
2411,sub18,11,ling_word_target,-0.0004712529942484295
2412,sub18,12,ling_word_target,-0.002865768060325479
2413,sub18,13,ling_word_target,-0.0001064682862767741
2414,sub18,14,ling_word_target,-0.00941452507489649
2415,sub18,15,ling_word_target,0.007241814663524819
2416,sub18,16,ling_word_target,0.0161599507956325
2417,sub18,17,ling_word_target,-0.027999844445285797
2418,sub18,18,ling_word_target,0.004274572183396689
2419,sub18,19,ling_word_target,-0.0005827883800344822
2420,sub18,20,ling_word_target,-0.0025747254943570184
2421,sub18,21,ling_word_target,-0.0016262360720353836
2422,sub18,22,ling_word_target,-0.0014056616886967772
2423,sub18,23,ling_word_target,0.0013450223716701781
2424,sub18,24,ling_word_target,-0.005382881023650574
2425,sub18,25,ling_word_target,-0.00727738601692742
2426,sub18,26,ling_word_target,0.0016181230674239134
2427,sub18,27,ling_word_target,-0.0037124145469138435
2428,sub18,28,ling_word_target,0.014201461340278368
2429,sub18,29,ling_word_target,0.016760888304420202
2430,sub18,30,ling_word_target,-0.0053654451290068095
2431,sub18,31,ling_word_target,0.004633427762521003
2432,sub18,32,ling_word_target,0.003594939232188008
2433,sub18,33,ling_word_target,0.0051691869548362
2434,sub18,34,ling_word_target,-0.01270564542966247
2435,sub18,35,ling_word_target,-0.0010992563766431343
2436,sub18,36,ling_word_target,-0.0016037286909612325
2437,sub18,37,ling_word_target,-0.02176358373767434
2438,sub18,38,ling_word_target,-0.01838766680157806
2439,sub18,39,ling_word_target,0.015164449923362222
2440,sub18,40,ling_word_target,-0.0021474296015531946
2441,sub18,41,ling_word_target,-0.000785431463259408
2442,sub18,42,ling_word_target,0.030681441985360467
2443,sub18,43,ling_word_target,0.007177530328343685
2444,sub18,44,ling_word_target,-0.0007349567219147407
2445,sub18,45,ling_word_target,-0.013314926136074155
2446,sub18,46,ling_word_target,0.0028663421664862705
2447,sub18,47,ling_word_target,-0.007489695890672356
2448,sub18,48,ling_word_target,-0.006406052135186907
2449,sub18,49,ling_word_target,-0.0027320565843664646
2450,sub18,50,ling_word_target,-0.01621771602783579
2451,sub18,51,ling_word_target,0.006441148292730641
2452,sub18,52,ling_word_target,-0.0054577558786406384
2453,sub18,53,ling_word_target,0.00761045553241914
2454,sub18,54,ling_word_target,0.0005208978887613046
2455,sub18,55,ling_word_target,0.002391091183615985
2456,sub18,56,ling_word_target,0.007090810933849656
2457,sub18,57,ling_word_target,-0.019287093526813667
2458,sub18,58,ling_word_target,0.009592011749385832
2459,sub18,59,ling_word_target,0.000610191939173077
2460,sub18,60,ling_word_target,0.01688136093310353
2461,sub18,61,ling_word_target,0.000285280267104841
2462,sub18,62,ling_word_target,0.007067529269346507
2463,sub18,63,ling_word_target,0.003096995187903169
2464,sub18,64,ling_word_target,0.02720199753939232
2465,sub18,65,ling_word_target,-0.009278627933011638
2466,sub18,66,ling_word_target,-0.0006523695293846238
2467,sub18,67,ling_word_target,0.006978727117159388
2468,sub18,68,ling_word_target,0.005492654247770996
2469,sub18,69,ling_word_target,-0.0025817742536332583
2470,sub18,70,ling_word_target,0.025042445612977166
2471,sub18,71,ling_word_target,0.004928766879362631
2472,sub18,72,ling_word_target,0.008348711299918784
2473,sub18,73,ling_word_target,0.0009562179164137761
2474,sub18,74,ling_word_target,0.006048950098426095
2475,sub18,75,ling_word_target,-0.007689238272628376
2476,sub18,76,ling_word_target,0.00032762467217452973
2477,sub18,77,ling_word_target,-0.0006048740359178523
2478,sub18,78,ling_word_target,0.0015856435217506937
2479,sub18,79,ling_word_target,-0.006745549857144811
2480,sub18,80,ling_word_target,0.01585566689539277
2481,sub18,81,ling_word_target,-0.013136231449458148
2482,sub18,82,ling_word_target,0.006281764078704306
2483,sub18,83,ling_word_target,-0.004154502984513079
2484,sub18,84,ling_word_target,0.018171767916255188
2485,sub18,85,ling_word_target,-0.0013252069839837692
2486,sub18,86,ling_word_target,0.019322516503650848
2487,sub18,87,ling_word_target,-0.0033250363067464633
2488,sub18,88,ling_word_target,-0.002395172902183646
2489,sub18,89,ling_word_target,-0.007787596682723265
2490,sub18,90,ling_word_target,0.008965550925133582
2491,sub18,91,ling_word_target,-0.01783321737079372
2492,sub18,92,ling_word_target,-0.015412697858315382
2493,sub18,93,ling_word_target,-0.0033660651672601846
2494,sub18,94,ling_word_target,-0.019758836614566972
2495,sub18,95,ling_word_target,-0.005036496886040335
2496,sub18,96,ling_word_target,0.01295442619833824
2497,sub18,97,ling_word_target,0.005878611939889258
2498,sub18,98,ling_word_target,-0.002141921904121181
2499,sub18,99,ling_word_target,0.017131300446405134
2500,sub18,100,ling_word_target,0.012602013925212529
2501,sub18,101,ling_word_target,0.007563046087467843
2502,sub18,102,ling_word_target,-0.009197616775804742
2503,sub18,103,ling_word_target,-0.006154591693660653
2504,sub18,104,ling_word_target,0.005691988688057849
2505,sub18,105,ling_word_target,-0.007386141434464628
2506,sub18,106,ling_word_target,-0.012356855212582583
2507,sub18,107,ling_word_target,0.0010521296588662861
2508,sub18,108,ling_word_target,0.00677693302341655
2509,sub18,109,ling_word_target,0.011732393598811626
2510,sub18,110,ling_word_target,-0.014490149496626107
2511,sub18,111,ling_word_target,-0.020145872487014424
2512,sub18,112,ling_word_target,-0.00887314613488027
2513,sub18,113,ling_word_target,0.010099354840935288
2514,sub18,114,ling_word_target,0.009205009491195756
2515,sub18,115,ling_word_target,-0.022072056043113568
2516,sub18,116,ling_word_target,0.0005814899664087972
2517,sub18,117,ling_word_target,0.002644375903070045
2518,sub18,118,ling_word_target,-0.01767411223501587
2519,sub18,119,ling_word_target,0.007579952923042994
2520,sub18,120,ling_word_target,0.002994334485004702
2521,sub18,121,ling_word_target,-0.0023346366745726826
2522,sub18,122,ling_word_target,-0.003617972096436668
2523,sub18,123,ling_word_target,0.0137460056801525
2524,sub18,124,ling_word_target,-0.005222780426532845
2525,sub18,125,ling_word_target,-0.01637207956534781
2526,sub18,126,ling_word_target,0.00481798488630681
2527,sub18,127,ling_word_target,-0.012304106886163914
2528,sub18,128,ling_word_target,0.0032258801506917963
2529,sub18,129,ling_word_target,0.00010669795624655043
2530,sub18,130,ling_word_target,-0.00859419123779117
2531,sub18,131,ling_word_target,-0.0035984882654581996
2532,sub18,132,ling_word_target,-0.0008985879520566275
2533,sub18,133,ling_word_target,-0.010563213999219149
2534,sub18,134,ling_word_target,-0.011386409392495805
2535,sub18,135,ling_word_target,0.00014093864138250948
2536,sub18,136,ling_word_target,0.017008311066706694
2537,sub18,137,ling_word_target,-0.01403416133237642
2538,sub18,138,ling_word_target,0.00013921855719480598
2539,sub18,139,ling_word_target,-0.02129151490112384
2540,sub18,140,ling_word_target,-0.0034868217702914575
2541,sub18,141,ling_word_target,-0.011783846970392168
2542,sub18,142,ling_word_target,-0.011805461705819415
2543,sub18,143,ling_word_target,-0.013025192922143783
2544,sub18,144,ling_word_target,0.006018854262146158
2545,sub18,145,ling_word_target,-0.006044983400309002
2546,sub18,146,ling_word_target,-0.005722167771873638
2547,sub18,147,ling_word_target,0.007068034722112552
2548,sub18,148,ling_word_target,-0.0045603124622304245
2549,sub18,149,ling_word_target,-0.013204586588482335
2550,sub18,150,ling_word_target,-0.010878970767424176
2551,sub18,151,ling_word_target,0.007661436400143903
2552,sub18,152,ling_word_target,-0.015956246821112876
2553,sub18,153,ling_word_target,-0.010492924811802697
2554,sub18,154,ling_word_target,0.005242014064682548
2555,sub18,155,ling_word_target,0.0029220413281255382
2556,sub18,156,ling_word_target,0.01365475944849714
2557,sub18,157,ling_word_target,0.0019859304208203815
2558,sub18,158,ling_word_target,-0.014886084038883213
2559,sub18,159,ling_word_target,-0.012823615986552891
2560,sub18,160,ling_word_target,-0.006560750352119046
2561,sub18,161,ling_word_target,0.0032353641271377037
2562,sub18,162,ling_word_target,-0.015008558303722235
2563,sub18,163,ling_word_target,-0.006640427283363974
2564,sub18,164,ling_word_target,0.01508451111437704
2565,sub18,165,ling_word_target,0.001054489104901107
2566,sub18,166,ling_word_target,-0.003955590703801106
2567,sub18,167,ling_word_target,0.0030043383937125045
2568,sub18,168,ling_word_target,-0.0002159897957133911
2569,sub18,169,ling_word_target,-0.01711066028408337
2570,sub18,170,ling_word_target,-0.009035116476639403
2571,sub18,171,ling_word_target,0.0041066732137959505
2572,sub18,172,ling_word_target,0.009713475487324576
2573,sub18,173,ling_word_target,-0.007472583719538501
2574,sub18,174,ling_word_target,-0.0007464858147160713
2575,sub18,175,ling_word_target,0.011805665405163446
2576,sub18,176,ling_word_target,0.0013969872307091835
2577,sub18,177,ling_word_target,-0.013098009194922251
2578,sub18,178,ling_word_target,-0.022362741502612877
2579,sub18,179,ling_word_target,0.022432810532100524
2580,sub18,180,ling_word_target,-9.87921629412389e-05
2581,sub18,181,ling_word_target,0.015519439633566189
2582,sub18,182,ling_word_target,0.0038298820259632534
2583,sub18,183,ling_word_target,-0.0013399382890717923
2584,sub18,184,ling_word_target,0.008160493215711976
2585,sub18,185,ling_word_target,0.003163735201199401
2586,sub18,186,ling_word_target,-0.011038526401695734
2587,sub18,187,ling_word_target,-0.0017206174151782512
2588,sub18,188,ling_word_target,0.0030620027217990045
2589,sub18,189,ling_word_target,-0.005582961174545872
2590,sub18,190,ling_word_target,0.006608939108761091
2591,sub18,191,ling_word_target,-0.006796679675499427
2592,sub18,192,ling_word_target,0.010773459012377355
2593,sub18,193,ling_word_target,-0.004743983525466522
2594,sub18,194,ling_word_target,-0.019026228675106442
2595,sub18,195,ling_word_target,0.0006870321978035396
2596,sub18,196,ling_word_target,0.006149382026398031
2597,sub18,197,ling_word_target,0.018743832558947602
2598,sub18,198,ling_word_target,-0.0005054891651523246
2599,sub18,199,ling_word_target,0.03004326763951843
2600,sub19,0,ling_word_target,-0.012656748171267246
2601,sub19,1,ling_word_target,0.02162109498003045
2602,sub19,2,ling_word_target,0.02124127660954529
2603,sub19,3,ling_word_target,0.011057831471637301
2604,sub19,4,ling_word_target,0.007407815754485642
2605,sub19,5,ling_word_target,0.022234641655844545
2606,sub19,6,ling_word_target,0.002672202445248376
2607,sub19,7,ling_word_target,0.0007047231039987726
2608,sub19,8,ling_word_target,0.01283039062725964
2609,sub19,9,ling_word_target,0.013208486578055584
2610,sub19,10,ling_word_target,0.008528884173530309
2611,sub19,11,ling_word_target,-0.016200501402551307
2612,sub19,12,ling_word_target,-0.0029201278188641156
2613,sub19,13,ling_word_target,-0.012268657244026836
2614,sub19,14,ling_word_target,0.015617044027704552
2615,sub19,15,ling_word_target,0.01929134624648049
2616,sub19,16,ling_word_target,-0.0346973864248024
2617,sub19,17,ling_word_target,0.012138843768226703
2618,sub19,18,ling_word_target,-0.00324349285785184
2619,sub19,19,ling_word_target,-0.0008508297224106119
2620,sub19,20,ling_word_target,0.00031648982613916997
2621,sub19,21,ling_word_target,0.013195658992705419
2622,sub19,22,ling_word_target,-0.01712119027447877
2623,sub19,23,ling_word_target,-0.011730398238469142
2624,sub19,24,ling_word_target,-0.020079208300994276
2625,sub19,25,ling_word_target,0.0064692379502459835
2626,sub19,26,ling_word_target,-0.0005941649978053035
2627,sub19,27,ling_word_target,-0.0006949027394683743
2628,sub19,28,ling_word_target,-0.006488355684496843
2629,sub19,29,ling_word_target,0.006393672249995824
2630,sub19,30,ling_word_target,-0.02700364928618953
2631,sub19,31,ling_word_target,0.016862624477595182
2632,sub19,32,ling_word_target,-0.007204131566915669
2633,sub19,33,ling_word_target,-0.00079029400232828
2634,sub19,34,ling_word_target,0.0010039059420978728
2635,sub19,35,ling_word_target,0.02163199242005551
2636,sub19,36,ling_word_target,-0.004439701842249529
2637,sub19,37,ling_word_target,-0.006748411265391753
2638,sub19,38,ling_word_target,-0.005097899970698555
2639,sub19,39,ling_word_target,0.018140306822188385
2640,sub19,40,ling_word_target,0.004691262220432346
2641,sub19,41,ling_word_target,0.012002949426274606
2642,sub19,42,ling_word_target,0.010855921367275633
2643,sub19,43,ling_word_target,-0.020486435638988495
2644,sub19,44,ling_word_target,-0.0019499312307049894
2645,sub19,45,ling_word_target,0.00891961529574006
2646,sub19,46,ling_word_target,0.023054893077673364
2647,sub19,47,ling_word_target,-0.012988048678904247
2648,sub19,48,ling_word_target,0.018589371715990337
2649,sub19,49,ling_word_target,0.0021102667529967816
2650,sub19,50,ling_word_target,-0.01001134570121041
2651,sub19,51,ling_word_target,-0.008587556854599472
2652,sub19,52,ling_word_target,0.00469337346831839
2653,sub19,53,ling_word_target,-0.00033030221741475513
2654,sub19,54,ling_word_target,-0.024968783941204248
2655,sub19,55,ling_word_target,0.009542914399356965
2656,sub19,56,ling_word_target,0.011869316221790402
2657,sub19,57,ling_word_target,-0.017229110800313682
2658,sub19,58,ling_word_target,-0.003397873243422209
2659,sub19,59,ling_word_target,0.0008093689673578839
2660,sub19,60,ling_word_target,0.015319801757662845
2661,sub19,61,ling_word_target,-0.015206712183415768
2662,sub19,62,ling_word_target,-0.00433690715227769
2663,sub19,63,ling_word_target,0.015779235289404288
2664,sub19,64,ling_word_target,-0.014089922632019195
2665,sub19,65,ling_word_target,0.03019327183434287
2666,sub19,66,ling_word_target,-0.0028173286261656684
2667,sub19,67,ling_word_target,0.0023525104715444458
2668,sub19,68,ling_word_target,-0.003898329916736139
2669,sub19,69,ling_word_target,0.008857015107594764
2670,sub19,70,ling_word_target,0.012379344607365471
2671,sub19,71,ling_word_target,0.006835120981303111
2672,sub19,72,ling_word_target,-0.008010363402859532
2673,sub19,73,ling_word_target,0.015897997593293342
2674,sub19,74,ling_word_target,-0.014681906533183577
2675,sub19,75,ling_word_target,-0.008726659286712533
2676,sub19,76,ling_word_target,-0.0318121149655392
2677,sub19,77,ling_word_target,-0.009935278901653674
2678,sub19,78,ling_word_target,0.025948564973901495
2679,sub19,79,ling_word_target,0.021084467512421396
2680,sub19,80,ling_word_target,0.007809686506706029
2681,sub19,81,ling_word_target,-0.009923506472792786
2682,sub19,82,ling_word_target,0.02828301326414098
2683,sub19,83,ling_word_target,0.02197111275837399
2684,sub19,84,ling_word_target,-0.012394165631530204
2685,sub19,85,ling_word_target,-0.0008971537965271209
2686,sub19,86,ling_word_target,0.016735329980138738
2687,sub19,87,ling_word_target,0.04987544374773392
2688,sub19,88,ling_word_target,-0.0006274850182788914
2689,sub19,89,ling_word_target,0.01550900339486631
2690,sub19,90,ling_word_target,0.009246838838779865
2691,sub19,91,ling_word_target,0.0320666993035245
2692,sub19,92,ling_word_target,0.0008684919262163729
2693,sub19,93,ling_word_target,-0.005962232432400928
2694,sub19,94,ling_word_target,0.015581437716323506
2695,sub19,95,ling_word_target,-0.004398323353274544
2696,sub19,96,ling_word_target,0.01279835815118844
2697,sub19,97,ling_word_target,-0.01610104762676544
2698,sub19,98,ling_word_target,0.011547403767495839
2699,sub19,99,ling_word_target,0.007625556649409691
2700,sub19,100,ling_word_target,-0.004540217695516561
2701,sub19,101,ling_word_target,-0.004932208423252728
2702,sub19,102,ling_word_target,0.009086928932840787
2703,sub19,103,ling_word_target,0.015539321116958502
2704,sub19,104,ling_word_target,0.0008206841063604492
2705,sub19,105,ling_word_target,-0.019265873074624833
2706,sub19,106,ling_word_target,0.0025944943723020244
2707,sub19,107,ling_word_target,-0.012453484077028254
2708,sub19,108,ling_word_target,-0.007130240027885004
2709,sub19,109,ling_word_target,-0.02249625821911204
2710,sub19,110,ling_word_target,0.003941120566304622
2711,sub19,111,ling_word_target,-0.03830656109904531
2712,sub19,112,ling_word_target,0.01638091617113692
2713,sub19,113,ling_word_target,0.006846429990116414
2714,sub19,114,ling_word_target,-0.030567405682176883
2715,sub19,115,ling_word_target,-0.006437823365352855
2716,sub19,116,ling_word_target,0.001638810350736742
2717,sub19,117,ling_word_target,-0.0067704641018659206
2718,sub19,118,ling_word_target,-0.002037539843769968
2719,sub19,119,ling_word_target,0.01802236971726171
2720,sub19,120,ling_word_target,0.014903403157259985
2721,sub19,121,ling_word_target,0.0019688901457055297
2722,sub19,122,ling_word_target,-0.010068102353631597
2723,sub19,123,ling_word_target,0.016311230811617086
2724,sub19,124,ling_word_target,0.0026936895514485053
2725,sub19,125,ling_word_target,-0.037759973994236785
2726,sub19,126,ling_word_target,-0.005178313706327045
2727,sub19,127,ling_word_target,-0.011348083780513524
2728,sub19,128,ling_word_target,-0.0051405457035208916
2729,sub19,129,ling_word_target,0.009839654928932942
2730,sub19,130,ling_word_target,-0.00018891429260592545
2731,sub19,131,ling_word_target,0.02140350569092539
2732,sub19,132,ling_word_target,-0.0021247055232099703
2733,sub19,133,ling_word_target,-0.013047854140096415
2734,sub19,134,ling_word_target,-0.0007312470032724077
2735,sub19,135,ling_word_target,-9.984492727625989e-05
2736,sub19,136,ling_word_target,0.021911367030199257
2737,sub19,137,ling_word_target,0.004391051185780346
2738,sub19,138,ling_word_target,0.024849042989938182
2739,sub19,139,ling_word_target,-0.0005874459395174436
2740,sub19,140,ling_word_target,-0.016744465016695572
2741,sub19,141,ling_word_target,0.011630388958373209
2742,sub19,142,ling_word_target,-0.008088702116591892
2743,sub19,143,ling_word_target,-0.004289619740815381
2744,sub19,144,ling_word_target,0.006855775986559119
2745,sub19,145,ling_word_target,0.008978623326341265
2746,sub19,146,ling_word_target,-0.009973415657783527
2747,sub19,147,ling_word_target,-0.011065097394878964
2748,sub19,148,ling_word_target,-0.001967280511155387
2749,sub19,149,ling_word_target,-0.003955140225374773
2750,sub19,150,ling_word_target,0.001382455573778554
2751,sub19,151,ling_word_target,0.011634018440463849
2752,sub19,152,ling_word_target,-0.012981913473372724
2753,sub19,153,ling_word_target,-0.005712998797914777
2754,sub19,154,ling_word_target,0.015360585704710245
2755,sub19,155,ling_word_target,0.010186945209213785
2756,sub19,156,ling_word_target,0.011692808449361733
2757,sub19,157,ling_word_target,-0.016792719795768837
2758,sub19,158,ling_word_target,0.003896989915238774
2759,sub19,159,ling_word_target,0.010511686984637131
2760,sub19,160,ling_word_target,0.009461697244138673
2761,sub19,161,ling_word_target,0.012920614609068695
2762,sub19,162,ling_word_target,0.032814771278655605
2763,sub19,163,ling_word_target,-0.030899501345433757
2764,sub19,164,ling_word_target,-0.017148352631770714
2765,sub19,165,ling_word_target,0.024448812916620957
2766,sub19,166,ling_word_target,-0.013524589349593481
2767,sub19,167,ling_word_target,-0.011245898401732528
2768,sub19,168,ling_word_target,-0.003931890313478734
2769,sub19,169,ling_word_target,-0.00135708830478809
2770,sub19,170,ling_word_target,-0.01376217860685172
2771,sub19,171,ling_word_target,-0.02873490294166105
2772,sub19,172,ling_word_target,-0.02650414609080287
2773,sub19,173,ling_word_target,0.00899704400801373
2774,sub19,174,ling_word_target,-0.022068817158053665
2775,sub19,175,ling_word_target,-0.008212354824978563
2776,sub19,176,ling_word_target,0.019206721638057214
2777,sub19,177,ling_word_target,0.012698693005183182
2778,sub19,178,ling_word_target,-0.007593304980778159
2779,sub19,179,ling_word_target,-0.00020347622357921676
2780,sub19,180,ling_word_target,0.008442850848297923
2781,sub19,181,ling_word_target,-0.012145279658566432
2782,sub19,182,ling_word_target,-0.010741202148552792
2783,sub19,183,ling_word_target,-0.013869616194379344
2784,sub19,184,ling_word_target,0.010614174691103413
2785,sub19,185,ling_word_target,0.007165478793587331
2786,sub19,186,ling_word_target,-0.008657392988430353
2787,sub19,187,ling_word_target,-0.03015862657539842
2788,sub19,188,ling_word_target,0.007813744717673833
2789,sub19,189,ling_word_target,0.005612360601596721
2790,sub19,190,ling_word_target,0.010746086460701717
2791,sub19,191,ling_word_target,0.007569463155234647
2792,sub19,192,ling_word_target,-0.00883202381284102
2793,sub19,193,ling_word_target,0.010278211683750477
2794,sub19,194,ling_word_target,0.020806864657818395
2795,sub19,195,ling_word_target,-0.0008416569392352328
2796,sub19,196,ling_word_target,-0.009497768023715884
2797,sub19,197,ling_word_target,-0.002422510409588581
2798,sub19,198,ling_word_target,-0.005672286243531082
2799,sub19,199,ling_word_target,0.008959440748739852
2800,sub20,0,ling_word_target,-0.0029196699998900516
2801,sub20,1,ling_word_target,0.0033085663711211466
2802,sub20,2,ling_word_target,0.00946809152560913
2803,sub20,3,ling_word_target,0.0013000114808018846
2804,sub20,4,ling_word_target,-0.0062664657912006975
2805,sub20,5,ling_word_target,-0.0031296083905400477
2806,sub20,6,ling_word_target,-0.00563880276273001
2807,sub20,7,ling_word_target,-0.00634896456715228
2808,sub20,8,ling_word_target,-0.0068816852673419865
2809,sub20,9,ling_word_target,0.0022167974183939254
2810,sub20,10,ling_word_target,-0.0008128213395371265
2811,sub20,11,ling_word_target,-0.021274393489518414
2812,sub20,12,ling_word_target,0.009501196468917426
2813,sub20,13,ling_word_target,-0.010278788870506733
2814,sub20,14,ling_word_target,0.001956211504461151
2815,sub20,15,ling_word_target,0.021703319519480905
2816,sub20,16,ling_word_target,-0.0011393423537923708
2817,sub20,17,ling_word_target,0.010371397899197337
2818,sub20,18,ling_word_target,-0.011466401723546711
2819,sub20,19,ling_word_target,-0.015260646379920806
2820,sub20,20,ling_word_target,-0.001558457767943242
2821,sub20,21,ling_word_target,0.00935909565045615
2822,sub20,22,ling_word_target,-0.010933676683745518
2823,sub20,23,ling_word_target,0.012795932956070373
2824,sub20,24,ling_word_target,0.017342704795447122
2825,sub20,25,ling_word_target,0.0061651692134747724
2826,sub20,26,ling_word_target,0.006081931938528237
2827,sub20,27,ling_word_target,0.010911798424224574
2828,sub20,28,ling_word_target,-0.011319869794498429
2829,sub20,29,ling_word_target,0.0024007483437478287
2830,sub20,30,ling_word_target,-0.019928870629672624
2831,sub20,31,ling_word_target,0.00687685422708778
2832,sub20,32,ling_word_target,0.010831527787198935
2833,sub20,33,ling_word_target,0.015943388875155437
2834,sub20,34,ling_word_target,-0.018068705088879086
2835,sub20,35,ling_word_target,0.0029001899259962836
2836,sub20,36,ling_word_target,-0.00110489725919729
2837,sub20,37,ling_word_target,0.004303127315060553
2838,sub20,38,ling_word_target,0.016013310734869456
2839,sub20,39,ling_word_target,-0.013690747170628416
2840,sub20,40,ling_word_target,0.014488360152836373
2841,sub20,41,ling_word_target,-0.0030035558324259535
2842,sub20,42,ling_word_target,-0.017924180365249075
2843,sub20,43,ling_word_target,-0.0017474828835034929
2844,sub20,44,ling_word_target,0.023450556033685177
2845,sub20,45,ling_word_target,0.0036557630175709697
2846,sub20,46,ling_word_target,0.0008739527444314261
2847,sub20,47,ling_word_target,0.010638889216751532
2848,sub20,48,ling_word_target,0.010956664479623512
2849,sub20,49,ling_word_target,0.0023494678618352447
2850,sub20,50,ling_word_target,0.021894858695909528
2851,sub20,51,ling_word_target,-0.0066933973314388705
2852,sub20,52,ling_word_target,0.008065469564698545
2853,sub20,53,ling_word_target,-0.005557646016121342
2854,sub20,54,ling_word_target,0.0024175658011771463
2855,sub20,55,ling_word_target,0.019352140469419063
2856,sub20,56,ling_word_target,0.00456894080580062
2857,sub20,57,ling_word_target,0.0026873835587386914
2858,sub20,58,ling_word_target,0.003806385880926931
2859,sub20,59,ling_word_target,0.004883948297722178
2860,sub20,60,ling_word_target,0.010530712962650079
2861,sub20,61,ling_word_target,-0.01329279312867912
2862,sub20,62,ling_word_target,0.00444911436934232
2863,sub20,63,ling_word_target,-0.0025534916518199064
2864,sub20,64,ling_word_target,-0.01194502858134439
2865,sub20,65,ling_word_target,-0.028740490862917713
2866,sub20,66,ling_word_target,0.003043675829509131
2867,sub20,67,ling_word_target,0.01155678626477528
2868,sub20,68,ling_word_target,-0.0032443060726164282
2869,sub20,69,ling_word_target,0.0024789706551166905
2870,sub20,70,ling_word_target,-0.005029384077471449
2871,sub20,71,ling_word_target,0.007954898106829174
2872,sub20,72,ling_word_target,0.00437520699342073
2873,sub20,73,ling_word_target,0.019340913483163493
2874,sub20,74,ling_word_target,-0.020097550007196853
2875,sub20,75,ling_word_target,0.022536727667289404
2876,sub20,76,ling_word_target,0.0013284983613913181
2877,sub20,77,ling_word_target,0.0006765893423994895
2878,sub20,78,ling_word_target,-0.019164748791464015
2879,sub20,79,ling_word_target,0.01865320719537274
2880,sub20,80,ling_word_target,0.009338211512007168
2881,sub20,81,ling_word_target,0.010236512971427487
2882,sub20,82,ling_word_target,0.008864363644466248
2883,sub20,83,ling_word_target,-0.007653931495957043
2884,sub20,84,ling_word_target,-0.003531388936575789
2885,sub20,85,ling_word_target,-0.0024130223907906537
2886,sub20,86,ling_word_target,0.010908966752176322
2887,sub20,87,ling_word_target,-0.010328924525778858
2888,sub20,88,ling_word_target,-0.003837805160832271
2889,sub20,89,ling_word_target,0.01525740550452116
2890,sub20,90,ling_word_target,-0.0006461382288250217
2891,sub20,91,ling_word_target,-0.0060019052246677055
2892,sub20,92,ling_word_target,0.03076081999378172
2893,sub20,93,ling_word_target,0.002107915060310889
2894,sub20,94,ling_word_target,-0.0019657249928299253
2895,sub20,95,ling_word_target,0.003824063744704759
2896,sub20,96,ling_word_target,0.014033724003565451
2897,sub20,97,ling_word_target,-0.0018150916569853767
2898,sub20,98,ling_word_target,0.009101223196530022
2899,sub20,99,ling_word_target,-0.0127702647069242
2900,sub20,100,ling_word_target,-0.00023488915513072736
2901,sub20,101,ling_word_target,-0.008447754696439207
2902,sub20,102,ling_word_target,-0.0037467056672644953
2903,sub20,103,ling_word_target,-0.012750438134761982
2904,sub20,104,ling_word_target,0.004696343699308811
2905,sub20,105,ling_word_target,0.031123495787171607
2906,sub20,106,ling_word_target,-0.00040454056045706937
2907,sub20,107,ling_word_target,0.003969441560221489
2908,sub20,108,ling_word_target,0.016133995824640323
2909,sub20,109,ling_word_target,-0.016598779563185093
2910,sub20,110,ling_word_target,-0.0066796663663586395
2911,sub20,111,ling_word_target,-0.013784697374603493
2912,sub20,112,ling_word_target,0.002541238551366742
2913,sub20,113,ling_word_target,0.005015998756776973
2914,sub20,114,ling_word_target,0.005302847743350947
2915,sub20,115,ling_word_target,0.012691408743094313
2916,sub20,116,ling_word_target,0.013944024376747665
2917,sub20,117,ling_word_target,0.0016177902147836345
2918,sub20,118,ling_word_target,0.005757224161068933
2919,sub20,119,ling_word_target,-0.009008298487290818
2920,sub20,120,ling_word_target,-0.00460483458252454
2921,sub20,121,ling_word_target,0.013832947474461323
2922,sub20,122,ling_word_target,-0.010923952635997415
2923,sub20,123,ling_word_target,-0.00903299783004737
2924,sub20,124,ling_word_target,0.01554994996316211
2925,sub20,125,ling_word_target,-0.007336812465092236
2926,sub20,126,ling_word_target,-0.0030444092210103026
2927,sub20,127,ling_word_target,0.0006521315755833836
2928,sub20,128,ling_word_target,-0.016678391890329325
2929,sub20,129,ling_word_target,-0.0004882981063528012
2930,sub20,130,ling_word_target,-0.010964873884371515
2931,sub20,131,ling_word_target,0.004821158221684447
2932,sub20,132,ling_word_target,0.007737270640220846
2933,sub20,133,ling_word_target,0.002029942440546442
2934,sub20,134,ling_word_target,0.02843861027080898
2935,sub20,135,ling_word_target,-0.003649498592673634
2936,sub20,136,ling_word_target,-0.02559722153199133
2937,sub20,137,ling_word_target,0.0018358322241317313
2938,sub20,138,ling_word_target,-0.004010516561375456
2939,sub20,139,ling_word_target,-0.012942958687021253
2940,sub20,140,ling_word_target,0.006271192718733976
2941,sub20,141,ling_word_target,-0.0004285092231134552
2942,sub20,142,ling_word_target,-0.0003570437980158555
2943,sub20,143,ling_word_target,0.0053153561100971235
2944,sub20,144,ling_word_target,0.012236928807462815
2945,sub20,145,ling_word_target,-0.010567966564842605
2946,sub20,146,ling_word_target,-0.0022077632017644747
2947,sub20,147,ling_word_target,0.0059805283694723595
2948,sub20,148,ling_word_target,0.0028982153438160793
2949,sub20,149,ling_word_target,0.016396322832550873
2950,sub20,150,ling_word_target,0.013834037226508264
2951,sub20,151,ling_word_target,0.0012284210783534825
2952,sub20,152,ling_word_target,-0.006432257609816366
2953,sub20,153,ling_word_target,0.0027651283507165387
2954,sub20,154,ling_word_target,0.016393900751948933
2955,sub20,155,ling_word_target,-0.013422150088303877
2956,sub20,156,ling_word_target,-0.002287688221042245
2957,sub20,157,ling_word_target,0.003832401216027328
2958,sub20,158,ling_word_target,0.0014106325940000865
2959,sub20,159,ling_word_target,-0.00230532991497676
2960,sub20,160,ling_word_target,0.011593723734631169
2961,sub20,161,ling_word_target,0.013349243262109643
2962,sub20,162,ling_word_target,-7.927217259412525e-05
2963,sub20,163,ling_word_target,0.01618617690532434
2964,sub20,164,ling_word_target,-0.010816662001063997
2965,sub20,165,ling_word_target,0.0036546853330799464
2966,sub20,166,ling_word_target,-0.002501206047074504
2967,sub20,167,ling_word_target,0.018882554451667186
2968,sub20,168,ling_word_target,-0.021036297617491043
2969,sub20,169,ling_word_target,0.008181304106212975
2970,sub20,170,ling_word_target,0.004247707557161137
2971,sub20,171,ling_word_target,-0.0028365317591324975
2972,sub20,172,ling_word_target,-0.0138787970102839
2973,sub20,173,ling_word_target,-0.013010936380718622
2974,sub20,174,ling_word_target,-0.00892018494561876
2975,sub20,175,ling_word_target,0.013373276613051205
2976,sub20,176,ling_word_target,-0.009572324235412396
2977,sub20,177,ling_word_target,0.005832227729466789
2978,sub20,178,ling_word_target,0.0053541703121993195
2979,sub20,179,ling_word_target,0.0005949510584166113
2980,sub20,180,ling_word_target,-0.04096088154744103
2981,sub20,181,ling_word_target,0.017881458232176267
2982,sub20,182,ling_word_target,-0.008319083223778912
2983,sub20,183,ling_word_target,-0.00649253074578824
2984,sub20,184,ling_word_target,0.0008681925660797602
2985,sub20,185,ling_word_target,0.006364288420406669
2986,sub20,186,ling_word_target,-0.004302138779662995
2987,sub20,187,ling_word_target,0.02151058968210936
2988,sub20,188,ling_word_target,0.001787561643035959
2989,sub20,189,ling_word_target,0.021502623172796564
2990,sub20,190,ling_word_target,0.0047895024923137845
2991,sub20,191,ling_word_target,-0.02443206124551664
2992,sub20,192,ling_word_target,0.0039008163677318845
2993,sub20,193,ling_word_target,0.00589355579275073
2994,sub20,194,ling_word_target,-0.014054006985169632
2995,sub20,195,ling_word_target,0.0016591779004913865
2996,sub20,196,ling_word_target,0.0026120515210407676
2997,sub20,197,ling_word_target,0.00499197015212997
2998,sub20,198,ling_word_target,-0.006053178030813549
2999,sub20,199,ling_word_target,0.020548466878538122
3000,sub21,0,ling_word_target,-0.0017442167056114985
3001,sub21,1,ling_word_target,-0.004501879238062752
3002,sub21,2,ling_word_target,-0.009913902117928837
3003,sub21,3,ling_word_target,0.009527323865891597
3004,sub21,4,ling_word_target,-0.010596600626135972
3005,sub21,5,ling_word_target,0.008636675175162126
3006,sub21,6,ling_word_target,0.03862584022596106
3007,sub21,7,ling_word_target,-0.010051563827865108
3008,sub21,8,ling_word_target,0.027633872354311535
3009,sub21,9,ling_word_target,0.025475691878699965
3010,sub21,10,ling_word_target,0.012607128001493372
3011,sub21,11,ling_word_target,-0.03341332201777176
3012,sub21,12,ling_word_target,-0.001328797320761791
3013,sub21,13,ling_word_target,-0.0321086615048979
3014,sub21,14,ling_word_target,-0.014875032504270351
3015,sub21,15,ling_word_target,0.027855663820379826
3016,sub21,16,ling_word_target,0.015365370998056458
3017,sub21,17,ling_word_target,0.02314094045654123
3018,sub21,18,ling_word_target,0.001955317122676719
3019,sub21,19,ling_word_target,-0.0064893670020828575
3020,sub21,20,ling_word_target,-0.04094886615081485
3021,sub21,21,ling_word_target,0.042527699053939313
3022,sub21,22,ling_word_target,-0.003080681053031022
3023,sub21,23,ling_word_target,-0.009807841161393775
3024,sub21,24,ling_word_target,-0.01302386120815424
3025,sub21,25,ling_word_target,-0.00716142268230181
3026,sub21,26,ling_word_target,-0.02173890194133725
3027,sub21,27,ling_word_target,0.03253006213227332
3028,sub21,28,ling_word_target,0.008445430851504322
3029,sub21,29,ling_word_target,0.04805582366766183
3030,sub21,30,ling_word_target,0.02213351672249684
3031,sub21,31,ling_word_target,-0.002843229633530013
3032,sub21,32,ling_word_target,0.002391699042421588
3033,sub21,33,ling_word_target,-0.014297328644872391
3034,sub21,34,ling_word_target,0.004274552830219419
3035,sub21,35,ling_word_target,0.028483716412749254
3036,sub21,36,ling_word_target,0.01727028628390351
3037,sub21,37,ling_word_target,-0.009098857928375014
3038,sub21,38,ling_word_target,-0.008297015134351956
3039,sub21,39,ling_word_target,-0.010215556945487796
3040,sub21,40,ling_word_target,-0.025211065005503103
3041,sub21,41,ling_word_target,0.023437452599500624
3042,sub21,42,ling_word_target,-0.016234014606230827
3043,sub21,43,ling_word_target,-0.012788362886079565
3044,sub21,44,ling_word_target,0.016062281741403856
3045,sub21,45,ling_word_target,-0.022558436537313535
3046,sub21,46,ling_word_target,0.03583668767018393
3047,sub21,47,ling_word_target,-0.010754768588556703
3048,sub21,48,ling_word_target,-0.004204554591273103
3049,sub21,49,ling_word_target,0.057325580807479425
3050,sub21,50,ling_word_target,-0.008805140707506513
3051,sub21,51,ling_word_target,0.004005576484659823
3052,sub21,52,ling_word_target,0.016127370269774313
3053,sub21,53,ling_word_target,-0.005370254414514675
3054,sub21,54,ling_word_target,-0.018502735852308987
3055,sub21,55,ling_word_target,-0.011203990650360303
3056,sub21,56,ling_word_target,-0.016061785899056998
3057,sub21,57,ling_word_target,0.010739251124037274
3058,sub21,58,ling_word_target,0.0009980934931755954
3059,sub21,59,ling_word_target,0.0013448980045801862
3060,sub21,60,ling_word_target,-0.008394632492447283
3061,sub21,61,ling_word_target,-0.02293251471505634
3062,sub21,62,ling_word_target,-0.003803922082140942
3063,sub21,63,ling_word_target,0.014904896931255181
3064,sub21,64,ling_word_target,-0.01800896765528146
3065,sub21,65,ling_word_target,-0.01904375730249081
3066,sub21,66,ling_word_target,0.02541166937159209
3067,sub21,67,ling_word_target,0.028151565961929848
3068,sub21,68,ling_word_target,-0.0065025672954281966
3069,sub21,69,ling_word_target,-0.01908603891547712
3070,sub21,70,ling_word_target,-0.0012320260541358737
3071,sub21,71,ling_word_target,0.02947619007170438
3072,sub21,72,ling_word_target,0.004422891037369086
3073,sub21,73,ling_word_target,0.02494014312414111
3074,sub21,74,ling_word_target,0.04437737437660114
3075,sub21,75,ling_word_target,0.010982561113487123
3076,sub21,76,ling_word_target,-0.004537911586764836
3077,sub21,77,ling_word_target,-0.005720206428039623
3078,sub21,78,ling_word_target,-0.03356350582436258
3079,sub21,79,ling_word_target,0.04230226942507381
3080,sub21,80,ling_word_target,-0.006371664309029772
3081,sub21,81,ling_word_target,-0.0033621001569623206
3082,sub21,82,ling_word_target,-0.02464154731096851
3083,sub21,83,ling_word_target,-0.017875599608574346
3084,sub21,84,ling_word_target,0.0026516702785222665
3085,sub21,85,ling_word_target,-0.03126769623604069
3086,sub21,86,ling_word_target,0.01714438821969898
3087,sub21,87,ling_word_target,0.05104474440853344
3088,sub21,88,ling_word_target,0.060623114471918454
3089,sub21,89,ling_word_target,0.007430778672385039
3090,sub21,90,ling_word_target,0.004956869170608618
3091,sub21,91,ling_word_target,0.01706259480574074
3092,sub21,92,ling_word_target,0.02229728875565165
3093,sub21,93,ling_word_target,-0.0063384249415622
3094,sub21,94,ling_word_target,-0.03172589797155052
3095,sub21,95,ling_word_target,0.028256007253010473
3096,sub21,96,ling_word_target,0.07095445211526094
3097,sub21,97,ling_word_target,-0.02179415529557883
3098,sub21,98,ling_word_target,0.039803480736545035
3099,sub21,99,ling_word_target,0.021039861514810316
3100,sub21,100,ling_word_target,0.038901259235801344
3101,sub21,101,ling_word_target,0.03431395215772876
3102,sub21,102,ling_word_target,0.014234577337005422
3103,sub21,103,ling_word_target,-0.010748039688553057
3104,sub21,104,ling_word_target,-0.051329975944929405
3105,sub21,105,ling_word_target,0.05383137453425207
3106,sub21,106,ling_word_target,0.033018891883109816
3107,sub21,107,ling_word_target,0.010077990283482097
3108,sub21,108,ling_word_target,0.006176958454653661
3109,sub21,109,ling_word_target,0.020349576515729967
3110,sub21,110,ling_word_target,0.00039005207863273314
3111,sub21,111,ling_word_target,0.035834984953635546
3112,sub21,112,ling_word_target,0.0010826284842209916
3113,sub21,113,ling_word_target,0.02183877646573849
3114,sub21,114,ling_word_target,-0.0016715253725328569
3115,sub21,115,ling_word_target,-0.04691723147675741
3116,sub21,116,ling_word_target,-0.009438259846444376
3117,sub21,117,ling_word_target,0.02073540384889303
3118,sub21,118,ling_word_target,0.037694252738787314
3119,sub21,119,ling_word_target,0.019573758486144854
3120,sub21,120,ling_word_target,-0.04135971895583917
3121,sub21,121,ling_word_target,0.014588195099272871
3122,sub21,122,ling_word_target,0.013498061804523068
3123,sub21,123,ling_word_target,-0.005918452133912372
3124,sub21,124,ling_word_target,-0.020886290225662896
3125,sub21,125,ling_word_target,-0.03956045645063504
3126,sub21,126,ling_word_target,0.0010571699520314172
3127,sub21,127,ling_word_target,0.010005246718537147
3128,sub21,128,ling_word_target,-0.004089750197461944
3129,sub21,129,ling_word_target,0.04654342146693488
3130,sub21,130,ling_word_target,0.007706201876345643
3131,sub21,131,ling_word_target,0.0012857882136941693
3132,sub21,132,ling_word_target,-0.007769559772804339
3133,sub21,133,ling_word_target,0.0014228571353892463
3134,sub21,134,ling_word_target,0.020010846465867923
3135,sub21,135,ling_word_target,0.011028341448954187
3136,sub21,136,ling_word_target,0.02869120920097918
3137,sub21,137,ling_word_target,0.03424101069844801
3138,sub21,138,ling_word_target,-0.00940399083299657
3139,sub21,139,ling_word_target,-0.05149868580848424
3140,sub21,140,ling_word_target,0.00858462828017035
3141,sub21,141,ling_word_target,-0.021333864185785624
3142,sub21,142,ling_word_target,0.006497822075837765
3143,sub21,143,ling_word_target,-0.016508627191891508
3144,sub21,144,ling_word_target,-0.020898342890924702
3145,sub21,145,ling_word_target,-0.01126749012012006
3146,sub21,146,ling_word_target,-0.0032831746432773964
3147,sub21,147,ling_word_target,0.004042373216606793
3148,sub21,148,ling_word_target,-0.012980153323008878
3149,sub21,149,ling_word_target,-0.00228767475225829
3150,sub21,150,ling_word_target,0.012030384892589344
3151,sub21,151,ling_word_target,-0.025830905951227216
3152,sub21,152,ling_word_target,0.0225369683207327
3153,sub21,153,ling_word_target,0.03982223543385826
3154,sub21,154,ling_word_target,-0.04806074813561907
3155,sub21,155,ling_word_target,0.012691772914007242
3156,sub21,156,ling_word_target,0.009457777404327905
3157,sub21,157,ling_word_target,-0.01940756514291141
3158,sub21,158,ling_word_target,0.014514135044653903
3159,sub21,159,ling_word_target,-0.008962383725816482
3160,sub21,160,ling_word_target,-0.02508885345687917
3161,sub21,161,ling_word_target,-0.0011591990494641726
3162,sub21,162,ling_word_target,0.0577868146368749
3163,sub21,163,ling_word_target,0.010479870232552495
3164,sub21,164,ling_word_target,-0.051915852303806756
3165,sub21,165,ling_word_target,-0.01347709737097667
3166,sub21,166,ling_word_target,0.014396893144597746
3167,sub21,167,ling_word_target,0.016109822784575525
3168,sub21,168,ling_word_target,0.03918310185068055
3169,sub21,169,ling_word_target,-0.026872453183062885
3170,sub21,170,ling_word_target,0.01793715710982697
3171,sub21,171,ling_word_target,0.04523454486911989
3172,sub21,172,ling_word_target,-0.0004793573521941782
3173,sub21,173,ling_word_target,-0.033046941261063535
3174,sub21,174,ling_word_target,0.009085192686540153
3175,sub21,175,ling_word_target,0.0063979253177154985
3176,sub21,176,ling_word_target,-0.021438053801364834
3177,sub21,177,ling_word_target,0.013536620964246269
3178,sub21,178,ling_word_target,-0.009880688098784363
3179,sub21,179,ling_word_target,0.015334138716202319
3180,sub21,180,ling_word_target,-0.011460364893850902
3181,sub21,181,ling_word_target,0.00037545786981977095
3182,sub21,182,ling_word_target,0.0032465964151517125
3183,sub21,183,ling_word_target,-0.02960448796383634
3184,sub21,184,ling_word_target,-0.0006811022680137997
3185,sub21,185,ling_word_target,0.03510677922215444
3186,sub21,186,ling_word_target,-0.05300866952401832
3187,sub21,187,ling_word_target,0.0027827944765482985
3188,sub21,188,ling_word_target,0.02534194056831027
3189,sub21,189,ling_word_target,-0.012331379693051656
3190,sub21,190,ling_word_target,0.044294663337588
3191,sub21,191,ling_word_target,0.019782756459734794
3192,sub21,192,ling_word_target,0.02730343058529577
3193,sub21,193,ling_word_target,-0.015205431529996115
3194,sub21,194,ling_word_target,-0.0170448473492274
3195,sub21,195,ling_word_target,0.011812617097594989
3196,sub21,196,ling_word_target,0.007672397323513502
3197,sub21,197,ling_word_target,0.00907576091604661
3198,sub21,198,ling_word_target,0.014591507576828873
3199,sub21,199,ling_word_target,0.01273881013102936
3200,sub22,0,ling_word_target,-0.012505460066171483
3201,sub22,1,ling_word_target,-0.010240083678659084
3202,sub22,2,ling_word_target,0.00796819247090531
3203,sub22,3,ling_word_target,-4.437463627507661e-06
3204,sub22,4,ling_word_target,0.020471761195021098
3205,sub22,5,ling_word_target,-0.009478861840054913
3206,sub22,6,ling_word_target,-8.467462252383444e-05
3207,sub22,7,ling_word_target,-0.009594572810808341
3208,sub22,8,ling_word_target,-0.016180094146039894
3209,sub22,9,ling_word_target,-0.0007651290794496256
3210,sub22,10,ling_word_target,-3.360331236685481e-05
3211,sub22,11,ling_word_target,0.003304142285425936
3212,sub22,12,ling_word_target,-0.021272478460094335
3213,sub22,13,ling_word_target,0.011275031178532199
3214,sub22,14,ling_word_target,0.0006099580229284368
3215,sub22,15,ling_word_target,0.020793608921277983
3216,sub22,16,ling_word_target,0.010968884446480011
3217,sub22,17,ling_word_target,0.0010984839260504019
3218,sub22,18,ling_word_target,0.017197948748385167
3219,sub22,19,ling_word_target,0.01883209471087463
3220,sub22,20,ling_word_target,0.00965525053988306
3221,sub22,21,ling_word_target,0.010529333174075407
3222,sub22,22,ling_word_target,0.019635985434484145
3223,sub22,23,ling_word_target,-0.007938510984342206
3224,sub22,24,ling_word_target,0.0093759306061641
3225,sub22,25,ling_word_target,0.002603192531121455
3226,sub22,26,ling_word_target,-0.02048052379694304
3227,sub22,27,ling_word_target,0.004620202513284994
3228,sub22,28,ling_word_target,0.0005239952398904769
3229,sub22,29,ling_word_target,-0.005067165514800077
3230,sub22,30,ling_word_target,-0.013564451995535026
3231,sub22,31,ling_word_target,0.03259006351785944
3232,sub22,32,ling_word_target,-0.011778049722264919
3233,sub22,33,ling_word_target,0.004601743535444139
3234,sub22,34,ling_word_target,0.02437928149138149
3235,sub22,35,ling_word_target,0.023551633638508138
3236,sub22,36,ling_word_target,0.02347421012224492
3237,sub22,37,ling_word_target,-0.0036673391133721566
3238,sub22,38,ling_word_target,0.006631616317954424
3239,sub22,39,ling_word_target,0.015313891889156082
3240,sub22,40,ling_word_target,0.0020189260046683845
3241,sub22,41,ling_word_target,-0.006653096347064635
3242,sub22,42,ling_word_target,0.022009018401172413
3243,sub22,43,ling_word_target,0.007852979630536765
3244,sub22,44,ling_word_target,-0.009020846142275668
3245,sub22,45,ling_word_target,0.005455605889855749
3246,sub22,46,ling_word_target,0.018859830262158726
3247,sub22,47,ling_word_target,-0.032765431069471176
3248,sub22,48,ling_word_target,0.010651358759665563
3249,sub22,49,ling_word_target,0.0029524793177122346
3250,sub22,50,ling_word_target,0.013343163404988258
3251,sub22,51,ling_word_target,0.011776330807286602
3252,sub22,52,ling_word_target,-0.011230675446159362
3253,sub22,53,ling_word_target,0.0123752278638156
3254,sub22,54,ling_word_target,0.02203543325916665
3255,sub22,55,ling_word_target,0.039538768437454797
3256,sub22,56,ling_word_target,0.01842859556176471
3257,sub22,57,ling_word_target,-0.0010096072786662785
3258,sub22,58,ling_word_target,0.0023988884595720975
3259,sub22,59,ling_word_target,-0.005275440821560924
3260,sub22,60,ling_word_target,0.005412861033957022
3261,sub22,61,ling_word_target,0.009360339706889763
3262,sub22,62,ling_word_target,0.01906272582767459
3263,sub22,63,ling_word_target,-0.011590100354882808
3264,sub22,64,ling_word_target,-0.012924932400633998
3265,sub22,65,ling_word_target,-0.012492166542258272
3266,sub22,66,ling_word_target,-0.012663663823990218
3267,sub22,67,ling_word_target,0.0014801627049015726
3268,sub22,68,ling_word_target,0.0013864838783348126
3269,sub22,69,ling_word_target,0.0045135879792616955
3270,sub22,70,ling_word_target,0.0004379108202723875
3271,sub22,71,ling_word_target,0.004204385909417339
3272,sub22,72,ling_word_target,-0.01270773560873269
3273,sub22,73,ling_word_target,0.010754245353822849
3274,sub22,74,ling_word_target,0.0023832174708535835
3275,sub22,75,ling_word_target,-0.004317335089978373
3276,sub22,76,ling_word_target,-0.0037938871727343313
3277,sub22,77,ling_word_target,0.01284063771839009
3278,sub22,78,ling_word_target,-0.005090286923710727
3279,sub22,79,ling_word_target,-0.0031703889561372892
3280,sub22,80,ling_word_target,0.007282915030851161
3281,sub22,81,ling_word_target,0.007119816822283042
3282,sub22,82,ling_word_target,0.002961758786713879
3283,sub22,83,ling_word_target,0.014015793227752375
3284,sub22,84,ling_word_target,0.0012013840505565566
3285,sub22,85,ling_word_target,-0.012257112894218316
3286,sub22,86,ling_word_target,0.009978285072205863
3287,sub22,87,ling_word_target,0.0066848231454790874
3288,sub22,88,ling_word_target,-0.006178143039063455
3289,sub22,89,ling_word_target,-0.005932765583910331
3290,sub22,90,ling_word_target,0.02583607665430416
3291,sub22,91,ling_word_target,0.0019123192136340154
3292,sub22,92,ling_word_target,-0.002815034833701123
3293,sub22,93,ling_word_target,-0.02146731201819035
3294,sub22,94,ling_word_target,0.06099347277201512
3295,sub22,95,ling_word_target,-0.005173157554531591
3296,sub22,96,ling_word_target,0.001318252905116989
3297,sub22,97,ling_word_target,0.015907892382386976
3298,sub22,98,ling_word_target,0.0038213257154793515
3299,sub22,99,ling_word_target,-0.0028819286194978638
3300,sub22,100,ling_word_target,0.0039038232084887656
3301,sub22,101,ling_word_target,0.019930032528828506
3302,sub22,102,ling_word_target,0.007458312488521019
3303,sub22,103,ling_word_target,0.00164450145544835
3304,sub22,104,ling_word_target,-0.008275770399507632
3305,sub22,105,ling_word_target,-0.016921000343496962
3306,sub22,106,ling_word_target,-0.007079207114081236
3307,sub22,107,ling_word_target,-0.0018323532763359328
3308,sub22,108,ling_word_target,0.01780789985114839
3309,sub22,109,ling_word_target,-0.0003924007395119544
3310,sub22,110,ling_word_target,0.006401640801978916
3311,sub22,111,ling_word_target,0.0038959212996650516
3312,sub22,112,ling_word_target,-0.011199027382288654
3313,sub22,113,ling_word_target,-0.007045414949178626
3314,sub22,114,ling_word_target,-0.004478940323849682
3315,sub22,115,ling_word_target,0.010923061879412315
3316,sub22,116,ling_word_target,0.014635732035800871
3317,sub22,117,ling_word_target,-0.01775462396660932
3318,sub22,118,ling_word_target,-0.0010841489971976687
3319,sub22,119,ling_word_target,0.005585961290546941
3320,sub22,120,ling_word_target,0.03296118761192338
3321,sub22,121,ling_word_target,-0.022062019749722078
3322,sub22,122,ling_word_target,0.0044539989539363525
3323,sub22,123,ling_word_target,0.001280823413707125
3324,sub22,124,ling_word_target,-0.027587972210786495
3325,sub22,125,ling_word_target,-0.008636618407797907
3326,sub22,126,ling_word_target,-0.006004748895546011
3327,sub22,127,ling_word_target,-0.008248463315844279
3328,sub22,128,ling_word_target,-0.008431702505220325
3329,sub22,129,ling_word_target,-0.006288292443933405
3330,sub22,130,ling_word_target,0.0002488367801684212
3331,sub22,131,ling_word_target,-0.007087782995718233
3332,sub22,132,ling_word_target,0.00467278715070617
3333,sub22,133,ling_word_target,-0.008158714761196353
3334,sub22,134,ling_word_target,0.005478152849654194
3335,sub22,135,ling_word_target,-0.005858874872694574
3336,sub22,136,ling_word_target,-0.003427956849015602
3337,sub22,137,ling_word_target,-0.015621072032387035
3338,sub22,138,ling_word_target,0.0209163022587634
3339,sub22,139,ling_word_target,-0.004659319358125924
3340,sub22,140,ling_word_target,-0.02760563847928012
3341,sub22,141,ling_word_target,-0.001567403909454831
3342,sub22,142,ling_word_target,-0.00705668984909125
3343,sub22,143,ling_word_target,0.005619258680849307
3344,sub22,144,ling_word_target,-0.009771679700156397
3345,sub22,145,ling_word_target,0.016889931103664282
3346,sub22,146,ling_word_target,0.01581855801198153
3347,sub22,147,ling_word_target,0.002481225325796765
3348,sub22,148,ling_word_target,-0.0021526681058028872
3349,sub22,149,ling_word_target,0.004697942726685809
3350,sub22,150,ling_word_target,0.008557949812637966
3351,sub22,151,ling_word_target,-0.002438175567462616
3352,sub22,152,ling_word_target,0.015531299125742
3353,sub22,153,ling_word_target,-0.00866353621080337
3354,sub22,154,ling_word_target,-9.881310718264757e-05
3355,sub22,155,ling_word_target,0.0016114454243299065
3356,sub22,156,ling_word_target,-0.009234952482583702
3357,sub22,157,ling_word_target,-0.004391213709758249
3358,sub22,158,ling_word_target,0.030881488200931173
3359,sub22,159,ling_word_target,-0.012841420513275928
3360,sub22,160,ling_word_target,-0.011041017904038055
3361,sub22,161,ling_word_target,-0.018656280076857074
3362,sub22,162,ling_word_target,0.010827150462831957
3363,sub22,163,ling_word_target,0.005058400021274255
3364,sub22,164,ling_word_target,0.007860286374325837
3365,sub22,165,ling_word_target,-0.00788765880701444
3366,sub22,166,ling_word_target,-0.021046953651375374
3367,sub22,167,ling_word_target,0.009234192112844012
3368,sub22,168,ling_word_target,0.005844223029073164
3369,sub22,169,ling_word_target,0.0196429860973793
3370,sub22,170,ling_word_target,0.006349805552759649
3371,sub22,171,ling_word_target,-0.011667595797800674
3372,sub22,172,ling_word_target,0.006298929427747242
3373,sub22,173,ling_word_target,0.011033944908089404
3374,sub22,174,ling_word_target,-0.006334809792137849
3375,sub22,175,ling_word_target,-0.01175963219593004
3376,sub22,176,ling_word_target,-0.017106111370069347
3377,sub22,177,ling_word_target,-0.007732677064013434
3378,sub22,178,ling_word_target,0.010067301293642035
3379,sub22,179,ling_word_target,0.00614002847487104
3380,sub22,180,ling_word_target,0.004174122849873226
3381,sub22,181,ling_word_target,-0.011879336038679125
3382,sub22,182,ling_word_target,-0.0020360829163335596
3383,sub22,183,ling_word_target,0.008052254107557544
3384,sub22,184,ling_word_target,-0.009911985338401258
3385,sub22,185,ling_word_target,0.017899713368602382
3386,sub22,186,ling_word_target,-0.011473201058258763
3387,sub22,187,ling_word_target,-0.011783120593898251
3388,sub22,188,ling_word_target,-0.0027251265254798797
3389,sub22,189,ling_word_target,0.0023295572326210386
3390,sub22,190,ling_word_target,-0.004768701863644142
3391,sub22,191,ling_word_target,-0.022558114250073022
3392,sub22,192,ling_word_target,-0.005936520841343346
3393,sub22,193,ling_word_target,0.006466381775145238
3394,sub22,194,ling_word_target,0.006352102119931016
3395,sub22,195,ling_word_target,0.0009348431890413461
3396,sub22,196,ling_word_target,0.015685219123754774
3397,sub22,197,ling_word_target,0.001302277867260751
3398,sub22,198,ling_word_target,-0.0008618462753739888
3399,sub22,199,ling_word_target,-0.0032513989757977316
3400,sub23,0,ling_word_target,0.01752071990519031
3401,sub23,1,ling_word_target,-0.013017574403190478
3402,sub23,2,ling_word_target,0.005091946278266071
3403,sub23,3,ling_word_target,0.021310045689637524
3404,sub23,4,ling_word_target,-0.013708001043825491
3405,sub23,5,ling_word_target,-0.0028819852618833905
3406,sub23,6,ling_word_target,0.01112765434644377
3407,sub23,7,ling_word_target,0.006599786642342296
3408,sub23,8,ling_word_target,0.02118470537181937
3409,sub23,9,ling_word_target,-0.016824126689529043
3410,sub23,10,ling_word_target,-0.006210322980646695
3411,sub23,11,ling_word_target,-0.0013458427487063854
3412,sub23,12,ling_word_target,0.0062165995089579745
3413,sub23,13,ling_word_target,-0.00832077736420948
3414,sub23,14,ling_word_target,0.030706158002361313
3415,sub23,15,ling_word_target,-0.010921896096224692
3416,sub23,16,ling_word_target,-0.004217137885311402
3417,sub23,17,ling_word_target,-0.01833932860239589
3418,sub23,18,ling_word_target,0.026440760528595713
3419,sub23,19,ling_word_target,0.0008507016910215326
3420,sub23,20,ling_word_target,0.021399849056694495
3421,sub23,21,ling_word_target,0.02941037726194298
3422,sub23,22,ling_word_target,-0.0004893895884917175
3423,sub23,23,ling_word_target,0.053056274440221055
3424,sub23,24,ling_word_target,-0.028435070993437738
3425,sub23,25,ling_word_target,-0.0069239521412837205
3426,sub23,26,ling_word_target,-0.02494254585786112
3427,sub23,27,ling_word_target,0.025340027947201017
3428,sub23,28,ling_word_target,0.02664246250130783
3429,sub23,29,ling_word_target,-0.001739430168004453
3430,sub23,30,ling_word_target,-0.014614255443607754
3431,sub23,31,ling_word_target,-0.004567221144339409
3432,sub23,32,ling_word_target,0.0040304215426039
3433,sub23,33,ling_word_target,0.011176261582479396
3434,sub23,34,ling_word_target,0.0031737116039776228
3435,sub23,35,ling_word_target,-0.01248483239455124
3436,sub23,36,ling_word_target,-0.014574763973457762
3437,sub23,37,ling_word_target,-0.0035163296433112245
3438,sub23,38,ling_word_target,0.01087669235386744
3439,sub23,39,ling_word_target,-0.006418328074345665
3440,sub23,40,ling_word_target,0.017249665943595345
3441,sub23,41,ling_word_target,0.010996713754529748
3442,sub23,42,ling_word_target,-0.0066661782460967454
3443,sub23,43,ling_word_target,-0.017892692893123924
3444,sub23,44,ling_word_target,0.009551634889436831
3445,sub23,45,ling_word_target,-0.02079773766820541
3446,sub23,46,ling_word_target,0.011082030635431603
3447,sub23,47,ling_word_target,-0.002666600499905502
3448,sub23,48,ling_word_target,-0.00716264735468176
3449,sub23,49,ling_word_target,0.029954161909027045
3450,sub23,50,ling_word_target,-0.02363773035097047
3451,sub23,51,ling_word_target,-0.005823140673116545
3452,sub23,52,ling_word_target,0.04326474101007303
3453,sub23,53,ling_word_target,-0.009983427768343628
3454,sub23,54,ling_word_target,-0.024603794889866224
3455,sub23,55,ling_word_target,-0.018290939631944173
3456,sub23,56,ling_word_target,0.03975699719357863
3457,sub23,57,ling_word_target,0.00642155194872851
3458,sub23,58,ling_word_target,0.002610828508393495
3459,sub23,59,ling_word_target,-0.04533048477392426
3460,sub23,60,ling_word_target,0.00019645995917721098
3461,sub23,61,ling_word_target,-0.006174571229950979
3462,sub23,62,ling_word_target,0.0015714763372661963
3463,sub23,63,ling_word_target,0.01688221576972152
3464,sub23,64,ling_word_target,0.024526513798264427
3465,sub23,65,ling_word_target,-0.025409920515848877
3466,sub23,66,ling_word_target,-0.00035435233241593196
3467,sub23,67,ling_word_target,-0.0065142582007565635
3468,sub23,68,ling_word_target,0.010937891053124198
3469,sub23,69,ling_word_target,0.013033619770819942
3470,sub23,70,ling_word_target,-0.003472456414412
3471,sub23,71,ling_word_target,0.015242390033375365
3472,sub23,72,ling_word_target,0.02727866815258212
3473,sub23,73,ling_word_target,0.009768455449094429
3474,sub23,74,ling_word_target,0.003995062066554061
3475,sub23,75,ling_word_target,-0.017685081897136523
3476,sub23,76,ling_word_target,0.023695164433621723
3477,sub23,77,ling_word_target,0.02997600172491775
3478,sub23,78,ling_word_target,0.004797262836928689
3479,sub23,79,ling_word_target,0.01046713095258006
3480,sub23,80,ling_word_target,0.0006530370566520556
3481,sub23,81,ling_word_target,0.01704524908135366
3482,sub23,82,ling_word_target,-0.01569329922796671
3483,sub23,83,ling_word_target,0.022193433400281154
3484,sub23,84,ling_word_target,0.008208091629051473
3485,sub23,85,ling_word_target,0.006314432840372253
3486,sub23,86,ling_word_target,-0.0269697698142808
3487,sub23,87,ling_word_target,-3.9600321829348185e-05
3488,sub23,88,ling_word_target,0.012300741292586938
3489,sub23,89,ling_word_target,-0.0018638486261306764
3490,sub23,90,ling_word_target,0.004394985006131885
3491,sub23,91,ling_word_target,0.015844630303281343
3492,sub23,92,ling_word_target,0.029504636102842426
3493,sub23,93,ling_word_target,0.015317695929609281
3494,sub23,94,ling_word_target,0.015022711897010434
3495,sub23,95,ling_word_target,0.012453298939491514
3496,sub23,96,ling_word_target,-0.020176082814876158
3497,sub23,97,ling_word_target,0.002160780236567461
3498,sub23,98,ling_word_target,-0.005758142317291335
3499,sub23,99,ling_word_target,-0.027196363674970993
3500,sub23,100,ling_word_target,0.02375837635742982
3501,sub23,101,ling_word_target,-0.005978606390373075
3502,sub23,102,ling_word_target,0.00430756540417568
3503,sub23,103,ling_word_target,-0.01648450797997313
3504,sub23,104,ling_word_target,-0.020702058444972724
3505,sub23,105,ling_word_target,0.013366194259500997
3506,sub23,106,ling_word_target,-0.013778750176766955
3507,sub23,107,ling_word_target,0.0005305089651666642
3508,sub23,108,ling_word_target,-0.029808434274798727
3509,sub23,109,ling_word_target,0.03388167483925042
3510,sub23,110,ling_word_target,-0.008528117385248765
3511,sub23,111,ling_word_target,-0.001482740447782883
3512,sub23,112,ling_word_target,-0.002376841730833259
3513,sub23,113,ling_word_target,0.0031924603116575754
3514,sub23,114,ling_word_target,0.0016145776471128061
3515,sub23,115,ling_word_target,0.011109113550261809
3516,sub23,116,ling_word_target,0.012747475419811189
3517,sub23,117,ling_word_target,0.016112367519428926
3518,sub23,118,ling_word_target,-0.02431950974435571
3519,sub23,119,ling_word_target,-0.02289567723991244
3520,sub23,120,ling_word_target,-0.0021223646655539508
3521,sub23,121,ling_word_target,0.016009686930344217
3522,sub23,122,ling_word_target,-0.0021677192614522854
3523,sub23,123,ling_word_target,-0.007751333408569229
3524,sub23,124,ling_word_target,-0.0171022467345055
3525,sub23,125,ling_word_target,0.007113958012219723
3526,sub23,126,ling_word_target,0.0385062030576279
3527,sub23,127,ling_word_target,0.008651043238921494
3528,sub23,128,ling_word_target,0.02343189980625772
3529,sub23,129,ling_word_target,0.015039333251847796
3530,sub23,130,ling_word_target,0.005242467381525081
3531,sub23,131,ling_word_target,-0.037927022468215124
3532,sub23,132,ling_word_target,0.01655048726817129
3533,sub23,133,ling_word_target,-0.02372113311416435
3534,sub23,134,ling_word_target,-0.004664295806548596
3535,sub23,135,ling_word_target,0.001270545374765612
3536,sub23,136,ling_word_target,-0.01596950925137121
3537,sub23,137,ling_word_target,0.03313369820309325
3538,sub23,138,ling_word_target,-0.01775871211433947
3539,sub23,139,ling_word_target,0.04009090943915524
3540,sub23,140,ling_word_target,0.005126089654347561
3541,sub23,141,ling_word_target,0.03105636547217816
3542,sub23,142,ling_word_target,0.0177517807942316
3543,sub23,143,ling_word_target,-0.008713961377713728
3544,sub23,144,ling_word_target,-0.0251266929779875
3545,sub23,145,ling_word_target,-0.003862329658065942
3546,sub23,146,ling_word_target,-0.013870726973322617
3547,sub23,147,ling_word_target,0.02543969563829641
3548,sub23,148,ling_word_target,-0.017456965316176392
3549,sub23,149,ling_word_target,-0.03819124442355598
3550,sub23,150,ling_word_target,0.009157945975152463
3551,sub23,151,ling_word_target,0.025614984455627425
3552,sub23,152,ling_word_target,0.009634019170268845
3553,sub23,153,ling_word_target,0.023926931945718488
3554,sub23,154,ling_word_target,0.00020959894882115686
3555,sub23,155,ling_word_target,-0.0038671699917947767
3556,sub23,156,ling_word_target,0.02957399208745595
3557,sub23,157,ling_word_target,0.014492768921253228
3558,sub23,158,ling_word_target,0.011933975638918617
3559,sub23,159,ling_word_target,-0.039713676019247385
3560,sub23,160,ling_word_target,0.013019070954746767
3561,sub23,161,ling_word_target,0.04159090156970838
3562,sub23,162,ling_word_target,-0.006541473358437839
3563,sub23,163,ling_word_target,0.012866361404891996
3564,sub23,164,ling_word_target,-0.0223007391850258
3565,sub23,165,ling_word_target,0.004800842921243406
3566,sub23,166,ling_word_target,-0.03913503674447212
3567,sub23,167,ling_word_target,-0.025150951900585576
3568,sub23,168,ling_word_target,0.015676009171222086
3569,sub23,169,ling_word_target,0.0055752873247085465
3570,sub23,170,ling_word_target,0.011915259740109404
3571,sub23,171,ling_word_target,-0.00800526597583509
3572,sub23,172,ling_word_target,0.019521890776634427
3573,sub23,173,ling_word_target,0.013888998111917896
3574,sub23,174,ling_word_target,-0.002518309101118392
3575,sub23,175,ling_word_target,-0.020649373611387203
3576,sub23,176,ling_word_target,0.00708340444757732
3577,sub23,177,ling_word_target,0.004170914819007535
3578,sub23,178,ling_word_target,-0.013759659114982508
3579,sub23,179,ling_word_target,-0.03434089606943446
3580,sub23,180,ling_word_target,0.01743450400170635
3581,sub23,181,ling_word_target,0.02189711973090569
3582,sub23,182,ling_word_target,0.028125520053554107
3583,sub23,183,ling_word_target,0.010843955361072981
3584,sub23,184,ling_word_target,-0.009052895138635041
3585,sub23,185,ling_word_target,0.014533658857393689
3586,sub23,186,ling_word_target,-0.020359841938743184
3587,sub23,187,ling_word_target,0.023808483619748917
3588,sub23,188,ling_word_target,0.03825132622563506
3589,sub23,189,ling_word_target,0.040163955789581166
3590,sub23,190,ling_word_target,-0.015380845281987314
3591,sub23,191,ling_word_target,0.003168766192363782
3592,sub23,192,ling_word_target,-0.015667703493142615
3593,sub23,193,ling_word_target,-0.024069497905616466
3594,sub23,194,ling_word_target,0.012421318394630098
3595,sub23,195,ling_word_target,0.01304708009582999
3596,sub23,196,ling_word_target,-0.010961269272002166
3597,sub23,197,ling_word_target,-0.0033958732954024995
3598,sub23,198,ling_word_target,0.01234701409728646
3599,sub23,199,ling_word_target,-0.011425830813119087
3600,sub25,0,ling_word_target,0.0024363334219048077
3601,sub25,1,ling_word_target,0.01812763908709716
3602,sub25,2,ling_word_target,-0.009400313548990286
3603,sub25,3,ling_word_target,-0.0045732472162858554
3604,sub25,4,ling_word_target,0.002977634111135392
3605,sub25,5,ling_word_target,0.0004942047869652738
3606,sub25,6,ling_word_target,-0.00014582224832949275
3607,sub25,7,ling_word_target,-0.007075916185757486
3608,sub25,8,ling_word_target,0.0027963884436587954
3609,sub25,9,ling_word_target,0.012400634197420489
3610,sub25,10,ling_word_target,-2.3345045336259802e-05
3611,sub25,11,ling_word_target,-0.004194548865549274
3612,sub25,12,ling_word_target,-0.003982858331749796
3613,sub25,13,ling_word_target,0.0028935796595186687
3614,sub25,14,ling_word_target,0.02079437878257414
3615,sub25,15,ling_word_target,0.0006723960851271133
3616,sub25,16,ling_word_target,0.008412190956565606
3617,sub25,17,ling_word_target,-0.0022358260642603217
3618,sub25,18,ling_word_target,-0.01880428134202923
3619,sub25,19,ling_word_target,-0.01653306316771526
3620,sub25,20,ling_word_target,-0.008553297777602676
3621,sub25,21,ling_word_target,-0.01127185123338565
3622,sub25,22,ling_word_target,-0.022447434577602225
3623,sub25,23,ling_word_target,0.019201756404469684
3624,sub25,24,ling_word_target,-0.003999500732467206
3625,sub25,25,ling_word_target,-0.017930634054911316
3626,sub25,26,ling_word_target,-0.006320134297026171
3627,sub25,27,ling_word_target,-0.004394381562150329
3628,sub25,28,ling_word_target,0.010962295139349524
3629,sub25,29,ling_word_target,0.004161822316144929
3630,sub25,30,ling_word_target,0.010686059023417927
3631,sub25,31,ling_word_target,-0.015923304783825108
3632,sub25,32,ling_word_target,-0.0008681967611050992
3633,sub25,33,ling_word_target,0.011710417868771838
3634,sub25,34,ling_word_target,-0.010313543950965348
3635,sub25,35,ling_word_target,0.011348685608728325
3636,sub25,36,ling_word_target,0.010371092850080975
3637,sub25,37,ling_word_target,0.0009323185299220366
3638,sub25,38,ling_word_target,0.008202716188616954
3639,sub25,39,ling_word_target,0.018954029192675897
3640,sub25,40,ling_word_target,0.008895565711182574
3641,sub25,41,ling_word_target,-0.004740939844864421
3642,sub25,42,ling_word_target,0.006687837749893045
3643,sub25,43,ling_word_target,-0.022921271105535785
3644,sub25,44,ling_word_target,0.009068646680972854
3645,sub25,45,ling_word_target,0.01022670989162553
3646,sub25,46,ling_word_target,0.0014663476045726446
3647,sub25,47,ling_word_target,1.247022002798645e-06
3648,sub25,48,ling_word_target,0.00854384943248281
3649,sub25,49,ling_word_target,-0.009415996456946957
3650,sub25,50,ling_word_target,0.0169103876829284
3651,sub25,51,ling_word_target,0.005146175600516307
3652,sub25,52,ling_word_target,-0.0050476786399744145
3653,sub25,53,ling_word_target,-0.010530847746362485
3654,sub25,54,ling_word_target,-0.018191707376129573
3655,sub25,55,ling_word_target,0.020871846791282483
3656,sub25,56,ling_word_target,0.005326718106868461
3657,sub25,57,ling_word_target,0.018535658082927457
3658,sub25,58,ling_word_target,0.006456765881441129
3659,sub25,59,ling_word_target,-0.020818305962348474
3660,sub25,60,ling_word_target,0.00808821375782257
3661,sub25,61,ling_word_target,-0.0030081556690093863
3662,sub25,62,ling_word_target,0.0032819823325778773
3663,sub25,63,ling_word_target,0.0010369871971684685
3664,sub25,64,ling_word_target,0.005565641146632776
3665,sub25,65,ling_word_target,-0.013603409285438253
3666,sub25,66,ling_word_target,-0.0217120018386911
3667,sub25,67,ling_word_target,0.0018685508862580768
3668,sub25,68,ling_word_target,0.002214294367595685
3669,sub25,69,ling_word_target,-0.002942387285405771
3670,sub25,70,ling_word_target,-0.006679057325840578
3671,sub25,71,ling_word_target,-6.821504946756124e-05
3672,sub25,72,ling_word_target,0.010440150357261906
3673,sub25,73,ling_word_target,-0.004101792676740315
3674,sub25,74,ling_word_target,0.00816694494893465
3675,sub25,75,ling_word_target,0.003330042733980803
3676,sub25,76,ling_word_target,-0.0019853140844294285
3677,sub25,77,ling_word_target,-0.002208039511986242
3678,sub25,78,ling_word_target,0.030361038446353013
3679,sub25,79,ling_word_target,-0.028600461885012977
3680,sub25,80,ling_word_target,0.0023752983274042357
3681,sub25,81,ling_word_target,-0.025691743080829367
3682,sub25,82,ling_word_target,-0.011106138824644196
3683,sub25,83,ling_word_target,-0.00912768257677889
3684,sub25,84,ling_word_target,0.003219748726032332
3685,sub25,85,ling_word_target,0.0009727255251934128
3686,sub25,86,ling_word_target,-0.018886074701062076
3687,sub25,87,ling_word_target,-0.012020051637226064
3688,sub25,88,ling_word_target,0.020775384003210502
3689,sub25,89,ling_word_target,-0.029080218275065427
3690,sub25,90,ling_word_target,0.019630701496162584
3691,sub25,91,ling_word_target,0.0050997152954141076
3692,sub25,92,ling_word_target,0.023108741043163475
3693,sub25,93,ling_word_target,-0.004474143558080402
3694,sub25,94,ling_word_target,0.013867959140103091
3695,sub25,95,ling_word_target,0.006289178835717165
3696,sub25,96,ling_word_target,-0.007776648193060158
3697,sub25,97,ling_word_target,0.0074197627639115684
3698,sub25,98,ling_word_target,0.002429163529168405
3699,sub25,99,ling_word_target,-0.0008412502913786937
3700,sub25,100,ling_word_target,0.0038779283217900682
3701,sub25,101,ling_word_target,-0.010849832857196155
3702,sub25,102,ling_word_target,0.003019372389455869
3703,sub25,103,ling_word_target,-0.035563320752928715
3704,sub25,104,ling_word_target,-0.0002083855742508906
3705,sub25,105,ling_word_target,0.008097314653094972
3706,sub25,106,ling_word_target,0.00375458930904218
3707,sub25,107,ling_word_target,-0.010639822397832633
3708,sub25,108,ling_word_target,-0.01425819345749927
3709,sub25,109,ling_word_target,0.014630795442972817
3710,sub25,110,ling_word_target,0.01619561366853928
3711,sub25,111,ling_word_target,0.004607121329414727
3712,sub25,112,ling_word_target,-0.005621757093062872
3713,sub25,113,ling_word_target,-0.005483326622946152
3714,sub25,114,ling_word_target,-0.005981193618560164
3715,sub25,115,ling_word_target,0.004487252485479149
3716,sub25,116,ling_word_target,-0.0023012544793909765
3717,sub25,117,ling_word_target,-0.00861252595816393
3718,sub25,118,ling_word_target,-0.009379115304908208
3719,sub25,119,ling_word_target,0.0024676037613942273
3720,sub25,120,ling_word_target,-0.0008559571319901069
3721,sub25,121,ling_word_target,0.016153577726449264
3722,sub25,122,ling_word_target,0.008390968353911473
3723,sub25,123,ling_word_target,0.005215053170231879
3724,sub25,124,ling_word_target,-0.004723595980487315
3725,sub25,125,ling_word_target,0.02511642149180073
3726,sub25,126,ling_word_target,-0.01615157593485962
3727,sub25,127,ling_word_target,0.019971317884711605
3728,sub25,128,ling_word_target,-0.009641273997760779
3729,sub25,129,ling_word_target,0.003562461570905008
3730,sub25,130,ling_word_target,0.008271705691253368
3731,sub25,131,ling_word_target,-0.021335173268789497
3732,sub25,132,ling_word_target,0.00416035652863447
3733,sub25,133,ling_word_target,-0.0035418230293884395
3734,sub25,134,ling_word_target,-9.73598580473789e-05
3735,sub25,135,ling_word_target,-0.016063518241102845
3736,sub25,136,ling_word_target,-0.004641170105483211
3737,sub25,137,ling_word_target,0.01195321364317246
3738,sub25,138,ling_word_target,-0.005327801049940363
3739,sub25,139,ling_word_target,-0.008608753010541492
3740,sub25,140,ling_word_target,0.017700121252861214
3741,sub25,141,ling_word_target,0.024599305424119516
3742,sub25,142,ling_word_target,-0.009993558383407132
3743,sub25,143,ling_word_target,-0.0077550112861726255
3744,sub25,144,ling_word_target,-0.00027085348154081595
3745,sub25,145,ling_word_target,0.0002656975284287567
3746,sub25,146,ling_word_target,0.009200109461180854
3747,sub25,147,ling_word_target,-0.01457653442005012
3748,sub25,148,ling_word_target,0.005716028895875291
3749,sub25,149,ling_word_target,0.004925431077687297
3750,sub25,150,ling_word_target,0.01212495977050097
3751,sub25,151,ling_word_target,0.005070483128622236
3752,sub25,152,ling_word_target,-0.0005071013108084367
3753,sub25,153,ling_word_target,0.0041878055513197045
3754,sub25,154,ling_word_target,0.017236654210569333
3755,sub25,155,ling_word_target,0.0069394252212150905
3756,sub25,156,ling_word_target,0.017640530438902596
3757,sub25,157,ling_word_target,0.020003993401224298
3758,sub25,158,ling_word_target,-0.0003500380003663224
3759,sub25,159,ling_word_target,0.0046430569382399384
3760,sub25,160,ling_word_target,-0.003242546322766865
3761,sub25,161,ling_word_target,0.005786234458639248
3762,sub25,162,ling_word_target,-0.005906082934925016
3763,sub25,163,ling_word_target,-0.011281031521796537
3764,sub25,164,ling_word_target,0.002771524497146801
3765,sub25,165,ling_word_target,0.008601903988516449
3766,sub25,166,ling_word_target,-0.012612494728936278
3767,sub25,167,ling_word_target,0.009986353291317331
3768,sub25,168,ling_word_target,0.00027920306827872274
3769,sub25,169,ling_word_target,-0.004557020130545377
3770,sub25,170,ling_word_target,-0.026441861398828027
3771,sub25,171,ling_word_target,-0.017248520375361568
3772,sub25,172,ling_word_target,-0.011338763753089091
3773,sub25,173,ling_word_target,-0.002263053824290603
3774,sub25,174,ling_word_target,0.0025517649808816244
3775,sub25,175,ling_word_target,-0.019199757143713858
3776,sub25,176,ling_word_target,0.00443626304234035
3777,sub25,177,ling_word_target,0.01680228661117374
3778,sub25,178,ling_word_target,-0.011486833007612048
3779,sub25,179,ling_word_target,-0.0001702759423066538
3780,sub25,180,ling_word_target,-0.006543243670390722
3781,sub25,181,ling_word_target,0.0007805818689230475
3782,sub25,182,ling_word_target,-0.017331600150770735
3783,sub25,183,ling_word_target,0.01901598236527578
3784,sub25,184,ling_word_target,-0.0070093703295250505
3785,sub25,185,ling_word_target,-0.0012953313038680154
3786,sub25,186,ling_word_target,0.0070108165308065615
3787,sub25,187,ling_word_target,-0.0050171220877045656
3788,sub25,188,ling_word_target,-0.002983893438918108
3789,sub25,189,ling_word_target,-0.0025356728566877013
3790,sub25,190,ling_word_target,0.0027378420390768397
3791,sub25,191,ling_word_target,-0.004195077043101839
3792,sub25,192,ling_word_target,0.028960927955988966
3793,sub25,193,ling_word_target,-0.014636120866726153
3794,sub25,194,ling_word_target,0.0047660574462516205
3795,sub25,195,ling_word_target,-0.01979178401131089
3796,sub25,196,ling_word_target,-0.017986428920870275
3797,sub25,197,ling_word_target,-0.00351314774046702
3798,sub25,198,ling_word_target,-0.002742943929984472
3799,sub25,199,ling_word_target,0.011175246383429671
3800,sub26,0,ling_word_target,-0.01077774057071613
3801,sub26,1,ling_word_target,-0.020459638340154702
3802,sub26,2,ling_word_target,-0.0015316022622968903
3803,sub26,3,ling_word_target,0.0012422618839561194
3804,sub26,4,ling_word_target,0.003414141390376164
3805,sub26,5,ling_word_target,-0.024461223568797253
3806,sub26,6,ling_word_target,0.01440835698311141
3807,sub26,7,ling_word_target,-0.004685975382544021
3808,sub26,8,ling_word_target,0.015753644528371448
3809,sub26,9,ling_word_target,-0.005391270421471079
3810,sub26,10,ling_word_target,0.009621423464803795
3811,sub26,11,ling_word_target,0.011874414974136136
3812,sub26,12,ling_word_target,0.0037403373725213764
3813,sub26,13,ling_word_target,0.0030147734022371205
3814,sub26,14,ling_word_target,0.0013463790325779325
3815,sub26,15,ling_word_target,0.017028336951326065
3816,sub26,16,ling_word_target,0.01404271867421114
3817,sub26,17,ling_word_target,-0.004432157846855026
3818,sub26,18,ling_word_target,-0.0015346899414833358
3819,sub26,19,ling_word_target,0.003449549628272666
3820,sub26,20,ling_word_target,0.013278913785913046
3821,sub26,21,ling_word_target,0.022838614580605373
3822,sub26,22,ling_word_target,0.0008521051800399231
3823,sub26,23,ling_word_target,0.00905153641689122
3824,sub26,24,ling_word_target,-0.021182181037652112
3825,sub26,25,ling_word_target,-0.007713253890798722
3826,sub26,26,ling_word_target,-0.0019761206002066587
3827,sub26,27,ling_word_target,-0.008310567411140106
3828,sub26,28,ling_word_target,0.02133893068739545
3829,sub26,29,ling_word_target,0.03818277636903488
3830,sub26,30,ling_word_target,-0.0031147590048871956
3831,sub26,31,ling_word_target,-0.0017371113091394494
3832,sub26,32,ling_word_target,0.00435811624379182
3833,sub26,33,ling_word_target,-0.016695249669321954
3834,sub26,34,ling_word_target,-0.003624901815417779
3835,sub26,35,ling_word_target,-0.000897968783289683
3836,sub26,36,ling_word_target,-0.0029984619732500387
3837,sub26,37,ling_word_target,-0.004977432344337033
3838,sub26,38,ling_word_target,-0.0355528118435107
3839,sub26,39,ling_word_target,-0.0035893137534569555
3840,sub26,40,ling_word_target,-0.013194248810642153
3841,sub26,41,ling_word_target,-0.013160739636161597
3842,sub26,42,ling_word_target,0.0011985220644131728
3843,sub26,43,ling_word_target,0.0061340883732488765
3844,sub26,44,ling_word_target,0.010553527773494392
3845,sub26,45,ling_word_target,0.006283026637337633
3846,sub26,46,ling_word_target,0.020950060193787087
3847,sub26,47,ling_word_target,-0.0013171924747762236
3848,sub26,48,ling_word_target,0.0011296093092921936
3849,sub26,49,ling_word_target,-0.006312923852153841
3850,sub26,50,ling_word_target,0.006434502349859741
3851,sub26,51,ling_word_target,-0.0037067604224914293
3852,sub26,52,ling_word_target,0.011613255765105954
3853,sub26,53,ling_word_target,-0.0051346654546134875
3854,sub26,54,ling_word_target,-0.01868304439445357
3855,sub26,55,ling_word_target,-0.0003616528916881616
3856,sub26,56,ling_word_target,-0.009022999136316115
3857,sub26,57,ling_word_target,-0.00413707994015824
3858,sub26,58,ling_word_target,-0.0044385388441861755
3859,sub26,59,ling_word_target,-0.0007714374035267754
3860,sub26,60,ling_word_target,-0.004391933851712338
3861,sub26,61,ling_word_target,0.022724277958103115
3862,sub26,62,ling_word_target,0.015532459873884203
3863,sub26,63,ling_word_target,4.328895137475334e-05
3864,sub26,64,ling_word_target,0.014131769963545758
3865,sub26,65,ling_word_target,-0.009934894165392704
3866,sub26,66,ling_word_target,0.01278371240899124
3867,sub26,67,ling_word_target,-0.00038709852463286406
3868,sub26,68,ling_word_target,-0.031043032269380946
3869,sub26,69,ling_word_target,0.02505183658847652
3870,sub26,70,ling_word_target,0.005391170521895118
3871,sub26,71,ling_word_target,-0.004369214586500078
3872,sub26,72,ling_word_target,0.0063359250230325195
3873,sub26,73,ling_word_target,-0.010280948768112445
3874,sub26,74,ling_word_target,-0.013473124927529175
3875,sub26,75,ling_word_target,0.016300417569036715
3876,sub26,76,ling_word_target,-0.0003150041548822076
3877,sub26,77,ling_word_target,0.017472520576762175
3878,sub26,78,ling_word_target,0.0338761514299483
3879,sub26,79,ling_word_target,0.01073268209581493
3880,sub26,80,ling_word_target,0.0035416356910044472
3881,sub26,81,ling_word_target,0.01072413819309186
3882,sub26,82,ling_word_target,-0.0210194457110007
3883,sub26,83,ling_word_target,0.0033064295416205714
3884,sub26,84,ling_word_target,0.025832391767571728
3885,sub26,85,ling_word_target,-0.0017816662548351828
3886,sub26,86,ling_word_target,-0.021162160402914208
3887,sub26,87,ling_word_target,-0.004895283549336877
3888,sub26,88,ling_word_target,-0.008049521206856071
3889,sub26,89,ling_word_target,0.0024130907239673332
3890,sub26,90,ling_word_target,0.019489499901940106
3891,sub26,91,ling_word_target,-0.004851816040211331
3892,sub26,92,ling_word_target,-0.022584463381220672
3893,sub26,93,ling_word_target,-0.002034515392406721
3894,sub26,94,ling_word_target,0.0013431599068806925
3895,sub26,95,ling_word_target,0.004523891645623829
3896,sub26,96,ling_word_target,-0.007448911200368987
3897,sub26,97,ling_word_target,0.018076901879739853
3898,sub26,98,ling_word_target,-0.003833559676603125
3899,sub26,99,ling_word_target,-0.003707803304249246
3900,sub26,100,ling_word_target,-0.009907799730260097
3901,sub26,101,ling_word_target,-0.010447284490182946
3902,sub26,102,ling_word_target,0.0018652765147259018
3903,sub26,103,ling_word_target,-0.014941782511621541
3904,sub26,104,ling_word_target,0.0048576279432865485
3905,sub26,105,ling_word_target,0.013673531614332613
3906,sub26,106,ling_word_target,-0.0106293248363441
3907,sub26,107,ling_word_target,0.028094671896914034
3908,sub26,108,ling_word_target,-0.0031206824940947383
3909,sub26,109,ling_word_target,-0.00575130678899647
3910,sub26,110,ling_word_target,0.010797027910233
3911,sub26,111,ling_word_target,-0.004599631592352581
3912,sub26,112,ling_word_target,0.0009285393037710524
3913,sub26,113,ling_word_target,0.005720025396515665
3914,sub26,114,ling_word_target,-0.024774432957902597
3915,sub26,115,ling_word_target,-0.009633794883514702
3916,sub26,116,ling_word_target,0.004041973322785601
3917,sub26,117,ling_word_target,-0.0069884083998898545
3918,sub26,118,ling_word_target,0.013450461496716698
3919,sub26,119,ling_word_target,0.005101143161841115
3920,sub26,120,ling_word_target,-0.023429281583654513
3921,sub26,121,ling_word_target,0.006605805681100873
3922,sub26,122,ling_word_target,-0.013375592302548697
3923,sub26,123,ling_word_target,0.01482539546059395
3924,sub26,124,ling_word_target,-0.024068965378831637
3925,sub26,125,ling_word_target,0.02413040052341284
3926,sub26,126,ling_word_target,0.02941640684384753
3927,sub26,127,ling_word_target,-0.030533772560987438
3928,sub26,128,ling_word_target,0.0011619492376288563
3929,sub26,129,ling_word_target,0.002354253616032567
3930,sub26,130,ling_word_target,-0.00281722962256848
3931,sub26,131,ling_word_target,-0.0013990395997324594
3932,sub26,132,ling_word_target,-0.0239084002514876
3933,sub26,133,ling_word_target,-0.02162306184946642
3934,sub26,134,ling_word_target,0.022206685613461615
3935,sub26,135,ling_word_target,0.01132227295244971
3936,sub26,136,ling_word_target,0.014457377118955221
3937,sub26,137,ling_word_target,-0.003890267078797108
3938,sub26,138,ling_word_target,-0.004215995795408088
3939,sub26,139,ling_word_target,0.0035674072706397596
3940,sub26,140,ling_word_target,0.006348051779278289
3941,sub26,141,ling_word_target,0.01952129412218123
3942,sub26,142,ling_word_target,0.010063066698334906
3943,sub26,143,ling_word_target,0.028928100147046346
3944,sub26,144,ling_word_target,-0.006024461675195889
3945,sub26,145,ling_word_target,-0.014170490976863586
3946,sub26,146,ling_word_target,-0.01177910693103862
3947,sub26,147,ling_word_target,0.01091290133135846
3948,sub26,148,ling_word_target,-0.010771697389686379
3949,sub26,149,ling_word_target,0.003307557355081486
3950,sub26,150,ling_word_target,0.02103979128720126
3951,sub26,151,ling_word_target,0.0013101822167115135
3952,sub26,152,ling_word_target,-0.008564230988119995
3953,sub26,153,ling_word_target,0.009726773205730071
3954,sub26,154,ling_word_target,0.008108363240720316
3955,sub26,155,ling_word_target,0.0017352949136905274
3956,sub26,156,ling_word_target,0.004715796194594228
3957,sub26,157,ling_word_target,-0.0008406789234346307
3958,sub26,158,ling_word_target,0.009624975725459181
3959,sub26,159,ling_word_target,-0.01692295450076856
3960,sub26,160,ling_word_target,0.011334236891944101
3961,sub26,161,ling_word_target,0.021359925136888985
3962,sub26,162,ling_word_target,-0.000751738925516126
3963,sub26,163,ling_word_target,0.004181932015264968
3964,sub26,164,ling_word_target,-0.01830175179938718
3965,sub26,165,ling_word_target,-0.012348841646461552
3966,sub26,166,ling_word_target,0.006598232205860544
3967,sub26,167,ling_word_target,0.012811109551998613
3968,sub26,168,ling_word_target,-0.014634887295499149
3969,sub26,169,ling_word_target,0.00922502611592709
3970,sub26,170,ling_word_target,-0.004190477410295461
3971,sub26,171,ling_word_target,0.003693499945262986
3972,sub26,172,ling_word_target,-0.003843649231679046
3973,sub26,173,ling_word_target,0.0006474111233770551
3974,sub26,174,ling_word_target,-0.03290052840152411
3975,sub26,175,ling_word_target,-0.00989628846385057
3976,sub26,176,ling_word_target,0.003319859699975473
3977,sub26,177,ling_word_target,0.007008046789400171
3978,sub26,178,ling_word_target,-0.007657568197115612
3979,sub26,179,ling_word_target,0.027971987398057167
3980,sub26,180,ling_word_target,-0.030543011602449984
3981,sub26,181,ling_word_target,-0.021572772563877102
3982,sub26,182,ling_word_target,0.018341303526414603
3983,sub26,183,ling_word_target,-0.0013339168629302048
3984,sub26,184,ling_word_target,5.4939456173211175e-05
3985,sub26,185,ling_word_target,-0.0023879916633766534
3986,sub26,186,ling_word_target,-0.01407162399974009
3987,sub26,187,ling_word_target,-0.007939885756807851
3988,sub26,188,ling_word_target,0.02018059808701692
3989,sub26,189,ling_word_target,0.024329002017193326
3990,sub26,190,ling_word_target,-0.013004652228087315
3991,sub26,191,ling_word_target,0.009469159471447611
3992,sub26,192,ling_word_target,-0.014856208728696104
3993,sub26,193,ling_word_target,-0.016518858241117696
3994,sub26,194,ling_word_target,-0.015079105984380147
3995,sub26,195,ling_word_target,-0.001424311921828562
3996,sub26,196,ling_word_target,0.000595912707688067
3997,sub26,197,ling_word_target,-0.005464615613723875
3998,sub26,198,ling_word_target,-0.0069768263065884475
3999,sub26,199,ling_word_target,0.0050750912038449265
4000,sub27,0,ling_word_target,-0.00536728524317711
4001,sub27,1,ling_word_target,-0.01491854948330862
4002,sub27,2,ling_word_target,0.009101892166692658
4003,sub27,3,ling_word_target,-0.011231746446511698
4004,sub27,4,ling_word_target,0.009613978062173806
4005,sub27,5,ling_word_target,-0.004529385648330439
4006,sub27,6,ling_word_target,0.008973969752541895
4007,sub27,7,ling_word_target,0.008623808256579369
4008,sub27,8,ling_word_target,-0.008579897303328898
4009,sub27,9,ling_word_target,0.008344558556084085
4010,sub27,10,ling_word_target,-0.019997062496396874
4011,sub27,11,ling_word_target,0.009307390947841481
4012,sub27,12,ling_word_target,-0.0005439413019834856
4013,sub27,13,ling_word_target,0.022086403915518176
4014,sub27,14,ling_word_target,0.010854369948565834
4015,sub27,15,ling_word_target,0.005862621759604808
4016,sub27,16,ling_word_target,0.006659205409747085
4017,sub27,17,ling_word_target,-0.0016609710090499876
4018,sub27,18,ling_word_target,-0.003975112488873951
4019,sub27,19,ling_word_target,0.012018421575989398
4020,sub27,20,ling_word_target,0.011227928741650831
4021,sub27,21,ling_word_target,0.010905370342829332
4022,sub27,22,ling_word_target,0.003269254478755884
4023,sub27,23,ling_word_target,0.01634878635382353
4024,sub27,24,ling_word_target,-0.01191063335656759
4025,sub27,25,ling_word_target,-0.006445996640108326
4026,sub27,26,ling_word_target,-0.029974041895079465
4027,sub27,27,ling_word_target,0.011963844159615216
4028,sub27,28,ling_word_target,0.0047348920201543436
4029,sub27,29,ling_word_target,8.005994407400294e-06
4030,sub27,30,ling_word_target,0.019560934082312378
4031,sub27,31,ling_word_target,-0.005519044980649032
4032,sub27,32,ling_word_target,0.01579344998131465
4033,sub27,33,ling_word_target,0.012350968080311267
4034,sub27,34,ling_word_target,-0.010279843767907143
4035,sub27,35,ling_word_target,-0.006818795417007753
4036,sub27,36,ling_word_target,0.022629144214705483
4037,sub27,37,ling_word_target,-0.010872410274882931
4038,sub27,38,ling_word_target,-0.0031001571500309634
4039,sub27,39,ling_word_target,0.021974133916352213
4040,sub27,40,ling_word_target,0.01607816286445682
4041,sub27,41,ling_word_target,0.0104420972602154
4042,sub27,42,ling_word_target,0.010068596268892536
4043,sub27,43,ling_word_target,-0.004200205077356723
4044,sub27,44,ling_word_target,0.012662351723850683
4045,sub27,45,ling_word_target,-0.004280900072621454
4046,sub27,46,ling_word_target,-0.030614181658331848
4047,sub27,47,ling_word_target,0.013834954290857333
4048,sub27,48,ling_word_target,0.011320525207063082
4049,sub27,49,ling_word_target,-0.005369235474962211
4050,sub27,50,ling_word_target,0.005250856580528078
4051,sub27,51,ling_word_target,0.009051191763572655
4052,sub27,52,ling_word_target,0.011671268616623973
4053,sub27,53,ling_word_target,0.010258643849194695
4054,sub27,54,ling_word_target,0.006742256177050958
4055,sub27,55,ling_word_target,-0.03013391190674905
4056,sub27,56,ling_word_target,0.009295030105873514
4057,sub27,57,ling_word_target,-0.0023453350952178423
4058,sub27,58,ling_word_target,0.008755184786791626
4059,sub27,59,ling_word_target,-0.007186502068021742
4060,sub27,60,ling_word_target,-0.012657868534703019
4061,sub27,61,ling_word_target,-5.714749499586731e-05
4062,sub27,62,ling_word_target,0.003026431217504693
4063,sub27,63,ling_word_target,0.02210347770875302
4064,sub27,64,ling_word_target,0.006303284690835572
4065,sub27,65,ling_word_target,0.0050033535034123945
4066,sub27,66,ling_word_target,0.008610045736172021
4067,sub27,67,ling_word_target,-0.010781077423871334
4068,sub27,68,ling_word_target,0.017040406851498078
4069,sub27,69,ling_word_target,-0.014224988811822586
4070,sub27,70,ling_word_target,0.029463561603909845
4071,sub27,71,ling_word_target,0.008665425691641719
4072,sub27,72,ling_word_target,0.00898416590223337
4073,sub27,73,ling_word_target,0.0028625507104146166
4074,sub27,74,ling_word_target,0.0015545611173770958
4075,sub27,75,ling_word_target,-0.006668603708102885
4076,sub27,76,ling_word_target,0.0019345969264846206
4077,sub27,77,ling_word_target,0.03528224887997633
4078,sub27,78,ling_word_target,-0.010533940411437402
4079,sub27,79,ling_word_target,0.00644449951845829
4080,sub27,80,ling_word_target,-0.012149067321829033
4081,sub27,81,ling_word_target,0.009735993809802737
4082,sub27,82,ling_word_target,0.01838343952777252
4083,sub27,83,ling_word_target,0.01125415872420876
4084,sub27,84,ling_word_target,-0.007110290175615908
4085,sub27,85,ling_word_target,0.039867346097006415
4086,sub27,86,ling_word_target,0.001211654597199117
4087,sub27,87,ling_word_target,-0.023044615755849696
4088,sub27,88,ling_word_target,-0.002435544374665874
4089,sub27,89,ling_word_target,-0.006102260629114991
4090,sub27,90,ling_word_target,0.03385801218047694
4091,sub27,91,ling_word_target,0.014119056448593103
4092,sub27,92,ling_word_target,0.01203174866491149
4093,sub27,93,ling_word_target,-0.012557623309719195
4094,sub27,94,ling_word_target,0.00667442507830541
4095,sub27,95,ling_word_target,-0.003164914912304636
4096,sub27,96,ling_word_target,0.011246007529375353
4097,sub27,97,ling_word_target,-0.00435663722562114
4098,sub27,98,ling_word_target,0.0010838571667149185
4099,sub27,99,ling_word_target,0.011312384675356281
4100,sub27,100,ling_word_target,-0.012737372415707665
4101,sub27,101,ling_word_target,-0.01306659249765175
4102,sub27,102,ling_word_target,-0.029222288040312874
4103,sub27,103,ling_word_target,-0.014735667766866935
4104,sub27,104,ling_word_target,-0.0006429600074690253
4105,sub27,105,ling_word_target,0.010190915217787422
4106,sub27,106,ling_word_target,0.019188643991892716
4107,sub27,107,ling_word_target,0.007270126932179465
4108,sub27,108,ling_word_target,0.0009927894819558327
4109,sub27,109,ling_word_target,0.002972035772421815
4110,sub27,110,ling_word_target,-0.01270709929109689
4111,sub27,111,ling_word_target,0.009861238571756364
4112,sub27,112,ling_word_target,0.003819530020307644
4113,sub27,113,ling_word_target,-0.020376708565962687
4114,sub27,114,ling_word_target,-0.0034339301301749984
4115,sub27,115,ling_word_target,0.0058878933916931865
4116,sub27,116,ling_word_target,0.011828800282076255
4117,sub27,117,ling_word_target,0.015539872058525042
4118,sub27,118,ling_word_target,0.005166663301572869
4119,sub27,119,ling_word_target,-0.016224755713792033
4120,sub27,120,ling_word_target,0.0037285840984588735
4121,sub27,121,ling_word_target,-0.010735131373617587
4122,sub27,122,ling_word_target,-0.002571248570423639
4123,sub27,123,ling_word_target,0.016597927139833067
4124,sub27,124,ling_word_target,0.03663813753452679
4125,sub27,125,ling_word_target,0.028431786060753188
4126,sub27,126,ling_word_target,-0.002052267874476216
4127,sub27,127,ling_word_target,-0.00845475791991946
4128,sub27,128,ling_word_target,-0.010742228596969801
4129,sub27,129,ling_word_target,-0.0057798593845812705
4130,sub27,130,ling_word_target,-0.04613174854023864
4131,sub27,131,ling_word_target,-0.009123224658655392
4132,sub27,132,ling_word_target,-0.004338558072562927
4133,sub27,133,ling_word_target,-0.0019264116674719604
4134,sub27,134,ling_word_target,0.01466360712741381
4135,sub27,135,ling_word_target,-0.0032862407442144064
4136,sub27,136,ling_word_target,0.005013806966365013
4137,sub27,137,ling_word_target,0.009899745928177666
4138,sub27,138,ling_word_target,0.0037974391862922708
4139,sub27,139,ling_word_target,0.008020986672529939
4140,sub27,140,ling_word_target,0.006729476903318275
4141,sub27,141,ling_word_target,0.02127612307405418
4142,sub27,142,ling_word_target,0.00495116473085196
4143,sub27,143,ling_word_target,0.0037476361695156077
4144,sub27,144,ling_word_target,0.005860906236020645
4145,sub27,145,ling_word_target,0.02395745323408979
4146,sub27,146,ling_word_target,0.0025493174978876
4147,sub27,147,ling_word_target,-0.006393199979469963
4148,sub27,148,ling_word_target,-0.008306753228387333
4149,sub27,149,ling_word_target,-0.03527130723801982
4150,sub27,150,ling_word_target,0.006514509405455325
4151,sub27,151,ling_word_target,0.01241109498527011
4152,sub27,152,ling_word_target,0.026577889723997175
4153,sub27,153,ling_word_target,0.001064929341349347
4154,sub27,154,ling_word_target,-0.012054817960830765
4155,sub27,155,ling_word_target,0.031367664655380795
4156,sub27,156,ling_word_target,0.012661447558902625
4157,sub27,157,ling_word_target,-0.007921909303973589
4158,sub27,158,ling_word_target,0.005738054785022368
4159,sub27,159,ling_word_target,-0.005242628926079436
4160,sub27,160,ling_word_target,0.01387367807179926
4161,sub27,161,ling_word_target,-0.0071302352588478845
4162,sub27,162,ling_word_target,-0.014451355687969611
4163,sub27,163,ling_word_target,-0.010310517988994778
4164,sub27,164,ling_word_target,0.011250107967844779
4165,sub27,165,ling_word_target,0.01077851786196027
4166,sub27,166,ling_word_target,-0.010322675889642032
4167,sub27,167,ling_word_target,-0.009793835941418288
4168,sub27,168,ling_word_target,-0.007587629729352538
4169,sub27,169,ling_word_target,0.005959760420788312
4170,sub27,170,ling_word_target,-0.015153500912424385
4171,sub27,171,ling_word_target,-0.010513347180789678
4172,sub27,172,ling_word_target,-0.000580001657026286
4173,sub27,173,ling_word_target,0.02514048572708724
4174,sub27,174,ling_word_target,-0.017585567511426054
4175,sub27,175,ling_word_target,-0.012649332871886545
4176,sub27,176,ling_word_target,0.008716635672907409
4177,sub27,177,ling_word_target,0.041594235885358134
4178,sub27,178,ling_word_target,0.0025646769722357187
4179,sub27,179,ling_word_target,0.0009194147493301366
4180,sub27,180,ling_word_target,-0.003278303523074163
4181,sub27,181,ling_word_target,0.0076713050040088104
4182,sub27,182,ling_word_target,-0.026745797787779833
4183,sub27,183,ling_word_target,-0.01310441228761747
4184,sub27,184,ling_word_target,-0.02570281812580601
4185,sub27,185,ling_word_target,-0.028494084140394508
4186,sub27,186,ling_word_target,0.008365546582354645
4187,sub27,187,ling_word_target,0.016461821367635625
4188,sub27,188,ling_word_target,0.0034198181480131927
4189,sub27,189,ling_word_target,0.012781506224849831
4190,sub27,190,ling_word_target,-0.01593987787821118
4191,sub27,191,ling_word_target,-0.013990921444164257
4192,sub27,192,ling_word_target,-0.0009893281917901264
4193,sub27,193,ling_word_target,0.0023390488363909806
4194,sub27,194,ling_word_target,-0.009368719603965573
4195,sub27,195,ling_word_target,-0.04420465803293341
4196,sub27,196,ling_word_target,-0.0023496313297833365
4197,sub27,197,ling_word_target,-0.01627005232302165
4198,sub27,198,ling_word_target,0.0033390051304402232
4199,sub27,199,ling_word_target,-0.008645851403190413
4200,sub28,0,ling_word_target,-0.0025274073842049254
4201,sub28,1,ling_word_target,-0.017416607074130182
4202,sub28,2,ling_word_target,0.01314300640632858
4203,sub28,3,ling_word_target,0.023855897147056822
4204,sub28,4,ling_word_target,-0.010352140153402564
4205,sub28,5,ling_word_target,0.005488248195637949
4206,sub28,6,ling_word_target,0.012655864345951713
4207,sub28,7,ling_word_target,-0.0014182213944686078
4208,sub28,8,ling_word_target,-7.571636695470183e-05
4209,sub28,9,ling_word_target,0.0030001296709818866
4210,sub28,10,ling_word_target,-0.02112419546668823
4211,sub28,11,ling_word_target,-0.0008726895557175233
4212,sub28,12,ling_word_target,-0.0005881124267618245
4213,sub28,13,ling_word_target,0.02365679902539784
4214,sub28,14,ling_word_target,0.021575866841620092
4215,sub28,15,ling_word_target,0.026641537894097452
4216,sub28,16,ling_word_target,0.043114810686797664
4217,sub28,17,ling_word_target,-0.021782848952649477
4218,sub28,18,ling_word_target,-0.007630948644622443
4219,sub28,19,ling_word_target,-0.06834207399130672
4220,sub28,20,ling_word_target,0.005667254583098851
4221,sub28,21,ling_word_target,0.0011957363674848088
4222,sub28,22,ling_word_target,-0.00800658343433235
4223,sub28,23,ling_word_target,0.02871664632404421
4224,sub28,24,ling_word_target,-0.02790435024774311
4225,sub28,25,ling_word_target,-0.005474109974118569
4226,sub28,26,ling_word_target,0.03661870806667331
4227,sub28,27,ling_word_target,-0.02098148703427784
4228,sub28,28,ling_word_target,-0.03858685160753496
4229,sub28,29,ling_word_target,-0.009464980491623302
4230,sub28,30,ling_word_target,-0.0200714350501901
4231,sub28,31,ling_word_target,0.03837023567794652
4232,sub28,32,ling_word_target,0.010257403117733977
4233,sub28,33,ling_word_target,-0.001275695872829017
4234,sub28,34,ling_word_target,0.01943535678409882
4235,sub28,35,ling_word_target,0.029827123580780157
4236,sub28,36,ling_word_target,0.001662508862655718
4237,sub28,37,ling_word_target,0.03576720058263112
4238,sub28,38,ling_word_target,0.00796938017643616
4239,sub28,39,ling_word_target,-0.004208624175302575
4240,sub28,40,ling_word_target,-0.018917245465999124
4241,sub28,41,ling_word_target,-0.018664546989732026
4242,sub28,42,ling_word_target,0.006887865195539266
4243,sub28,43,ling_word_target,0.0028749461539876145
4244,sub28,44,ling_word_target,0.025755226390428078
4245,sub28,45,ling_word_target,0.015366729312426934
4246,sub28,46,ling_word_target,-0.0006115094115695933
4247,sub28,47,ling_word_target,0.0062445130437176
4248,sub28,48,ling_word_target,0.011939541434947137
4249,sub28,49,ling_word_target,-0.011260187240443018
4250,sub28,50,ling_word_target,0.004028971193739637
4251,sub28,51,ling_word_target,-0.0028633355634662817
4252,sub28,52,ling_word_target,0.015612589713504597
4253,sub28,53,ling_word_target,0.018261576932493674
4254,sub28,54,ling_word_target,0.014684110962598765
4255,sub28,55,ling_word_target,-0.0018073775267038047
4256,sub28,56,ling_word_target,0.017009339353441268
4257,sub28,57,ling_word_target,0.009760573584103536
4258,sub28,58,ling_word_target,0.011859582168530556
4259,sub28,59,ling_word_target,0.019805767673501642
4260,sub28,60,ling_word_target,-0.029705690979332684
4261,sub28,61,ling_word_target,-0.007635830162022631
4262,sub28,62,ling_word_target,0.012399397989141714
4263,sub28,63,ling_word_target,0.011574443697117872
4264,sub28,64,ling_word_target,0.0156361001220831
4265,sub28,65,ling_word_target,-0.028593148107523638
4266,sub28,66,ling_word_target,-0.0004368085009315649
4267,sub28,67,ling_word_target,-0.009706254149943692
4268,sub28,68,ling_word_target,0.017998806337224428
4269,sub28,69,ling_word_target,0.034196734074753564
4270,sub28,70,ling_word_target,0.005372238277214572
4271,sub28,71,ling_word_target,0.0026417316299032693
4272,sub28,72,ling_word_target,-0.0019385453203074488
4273,sub28,73,ling_word_target,0.032459709164641685
4274,sub28,74,ling_word_target,0.005430697344500415
4275,sub28,75,ling_word_target,0.027999501698535892
4276,sub28,76,ling_word_target,-0.008071695264280442
4277,sub28,77,ling_word_target,0.005423017993206435
4278,sub28,78,ling_word_target,0.0034421497075274956
4279,sub28,79,ling_word_target,-0.019183340155152214
4280,sub28,80,ling_word_target,0.015440209097981227
4281,sub28,81,ling_word_target,-0.00024432453342729515
4282,sub28,82,ling_word_target,0.01206756850578253
4283,sub28,83,ling_word_target,0.009426315163446013
4284,sub28,84,ling_word_target,-0.040491665525774864
4285,sub28,85,ling_word_target,0.005521340013177518
4286,sub28,86,ling_word_target,0.022202596632460832
4287,sub28,87,ling_word_target,-0.024650960052911324
4288,sub28,88,ling_word_target,0.016984993969281024
4289,sub28,89,ling_word_target,0.0063570300821079225
4290,sub28,90,ling_word_target,0.003263869449759493
4291,sub28,91,ling_word_target,0.036396877651256224
4292,sub28,92,ling_word_target,-0.02002927748120228
4293,sub28,93,ling_word_target,0.012401102149303513
4294,sub28,94,ling_word_target,-0.0332925586052816
4295,sub28,95,ling_word_target,0.015930790882393502
4296,sub28,96,ling_word_target,-0.033424518408718976
4297,sub28,97,ling_word_target,-0.0072707221820509154
4298,sub28,98,ling_word_target,-0.014308703282123544
4299,sub28,99,ling_word_target,0.006184417413917058
4300,sub28,100,ling_word_target,-0.004785586664503381
4301,sub28,101,ling_word_target,-0.01655820586616989
4302,sub28,102,ling_word_target,0.013273998545088898
4303,sub28,103,ling_word_target,-0.013405963265286173
4304,sub28,104,ling_word_target,-0.006590096238022607
4305,sub28,105,ling_word_target,-0.02650559838295953
4306,sub28,106,ling_word_target,-0.020090951845339253
4307,sub28,107,ling_word_target,0.014008684858080437
4308,sub28,108,ling_word_target,-0.018458883918403016
4309,sub28,109,ling_word_target,-0.027250736594299687
4310,sub28,110,ling_word_target,0.016720668580479273
4311,sub28,111,ling_word_target,0.03388404653199472
4312,sub28,112,ling_word_target,0.0077100911597379465
4313,sub28,113,ling_word_target,0.028340397413679677
4314,sub28,114,ling_word_target,0.03352805657447316
4315,sub28,115,ling_word_target,0.02462974648990184
4316,sub28,116,ling_word_target,-0.015862827524521294
4317,sub28,117,ling_word_target,0.007821950869778754
4318,sub28,118,ling_word_target,-0.008360945584286817
4319,sub28,119,ling_word_target,-0.02428970264980595
4320,sub28,120,ling_word_target,-0.019218729690215194
4321,sub28,121,ling_word_target,0.015513984102085328
4322,sub28,122,ling_word_target,0.007067844155051772
4323,sub28,123,ling_word_target,0.007761128106854313
4324,sub28,124,ling_word_target,0.00711058097633605
4325,sub28,125,ling_word_target,-0.010711549509967654
4326,sub28,126,ling_word_target,0.018472519252215675
4327,sub28,127,ling_word_target,0.0037499305827751747
4328,sub28,128,ling_word_target,0.0016436264388370178
4329,sub28,129,ling_word_target,0.010720375788714504
4330,sub28,130,ling_word_target,-0.0011466307709393898
4331,sub28,131,ling_word_target,-0.002472195588232131
4332,sub28,132,ling_word_target,0.00919016404510947
4333,sub28,133,ling_word_target,0.014430267748112376
4334,sub28,134,ling_word_target,0.021309881704028956
4335,sub28,135,ling_word_target,0.018580852415521702
4336,sub28,136,ling_word_target,-0.005905295600719495
4337,sub28,137,ling_word_target,0.002211555208737524
4338,sub28,138,ling_word_target,-0.024342416787902773
4339,sub28,139,ling_word_target,-0.005457070739043494
4340,sub28,140,ling_word_target,0.00317398215554907
4341,sub28,141,ling_word_target,0.03234486573096927
4342,sub28,142,ling_word_target,0.004864306288904556
4343,sub28,143,ling_word_target,0.0002667523292588168
4344,sub28,144,ling_word_target,0.013482699406557178
4345,sub28,145,ling_word_target,-0.02315681172414487
4346,sub28,146,ling_word_target,0.03505297759519604
4347,sub28,147,ling_word_target,0.011152888679394233
4348,sub28,148,ling_word_target,0.023761573684294796
4349,sub28,149,ling_word_target,0.03883668403631568
4350,sub28,150,ling_word_target,-0.014884038905752682
4351,sub28,151,ling_word_target,0.006496557608627719
4352,sub28,152,ling_word_target,0.01854889341632695
4353,sub28,153,ling_word_target,-0.021970300018069124
4354,sub28,154,ling_word_target,0.007776061485261447
4355,sub28,155,ling_word_target,-0.010627560640072501
4356,sub28,156,ling_word_target,0.011818300949852844
4357,sub28,157,ling_word_target,-0.010973778468885882
4358,sub28,158,ling_word_target,0.006950638939202848
4359,sub28,159,ling_word_target,-0.008883247648008716
4360,sub28,160,ling_word_target,0.0013450673110886313
4361,sub28,161,ling_word_target,-0.005771081166192691
4362,sub28,162,ling_word_target,0.01458921063271825
4363,sub28,163,ling_word_target,-0.0372727431958339
4364,sub28,164,ling_word_target,0.008694254890282398
4365,sub28,165,ling_word_target,0.024771884540519918
4366,sub28,166,ling_word_target,-0.015346028803347456
4367,sub28,167,ling_word_target,0.013287599876615902
4368,sub28,168,ling_word_target,-0.015583637317225436
4369,sub28,169,ling_word_target,0.004227636536956704
4370,sub28,170,ling_word_target,-0.029414538221349627
4371,sub28,171,ling_word_target,0.01869266922681364
4372,sub28,172,ling_word_target,0.009842086904080746
4373,sub28,173,ling_word_target,0.029531925033511788
4374,sub28,174,ling_word_target,0.027586055600994044
4375,sub28,175,ling_word_target,-0.010376142357151938
4376,sub28,176,ling_word_target,0.019834625355621034
4377,sub28,177,ling_word_target,0.05205016472807813
4378,sub28,178,ling_word_target,-0.005543572792631702
4379,sub28,179,ling_word_target,0.0017304711252616681
4380,sub28,180,ling_word_target,0.01742537202295392
4381,sub28,181,ling_word_target,0.002976597930716724
4382,sub28,182,ling_word_target,-0.005612954035894848
4383,sub28,183,ling_word_target,-0.012599712309783793
4384,sub28,184,ling_word_target,-0.014503495064917937
4385,sub28,185,ling_word_target,-0.01790884068005502
4386,sub28,186,ling_word_target,-0.03945997910428021
4387,sub28,187,ling_word_target,-0.00927674746858873
4388,sub28,188,ling_word_target,-0.015068236714076538
4389,sub28,189,ling_word_target,-0.02268898423892234
4390,sub28,190,ling_word_target,-0.026055056017647852
4391,sub28,191,ling_word_target,0.011011566328459288
4392,sub28,192,ling_word_target,0.010505931870658649
4393,sub28,193,ling_word_target,-0.022133057676417732
4394,sub28,194,ling_word_target,-0.009965773192507597
4395,sub28,195,ling_word_target,-0.013308856726698065
4396,sub28,196,ling_word_target,0.02006803855500811
4397,sub28,197,ling_word_target,0.010457500392145571
4398,sub28,198,ling_word_target,0.05045650706563013
4399,sub28,199,ling_word_target,0.012381617178812261
4400,sub29,0,ling_word_target,0.011175053492161937
4401,sub29,1,ling_word_target,-0.04674887766258952
4402,sub29,2,ling_word_target,-0.021168721590552195
4403,sub29,3,ling_word_target,0.006913376556007719
4404,sub29,4,ling_word_target,-0.018160704643898722
4405,sub29,5,ling_word_target,0.028041963715027637
4406,sub29,6,ling_word_target,-0.004204803328617936
4407,sub29,7,ling_word_target,-0.006086376604876247
4408,sub29,8,ling_word_target,-0.016315863686786752
4409,sub29,9,ling_word_target,-0.0014237259217492397
4410,sub29,10,ling_word_target,0.007349697870159555
4411,sub29,11,ling_word_target,-0.014736848571323157
4412,sub29,12,ling_word_target,-0.00863176008404596
4413,sub29,13,ling_word_target,-0.009896323342124674
4414,sub29,14,ling_word_target,-0.047906192056532744
4415,sub29,15,ling_word_target,-0.025000348382393445
4416,sub29,16,ling_word_target,-0.0016926190806733617
4417,sub29,17,ling_word_target,0.008284325611571965
4418,sub29,18,ling_word_target,0.023426012045907937
4419,sub29,19,ling_word_target,0.001634094332289116
4420,sub29,20,ling_word_target,-0.012097536455021261
4421,sub29,21,ling_word_target,0.02075719448401874
4422,sub29,22,ling_word_target,0.03493007305434015
4423,sub29,23,ling_word_target,-0.01894367939902974
4424,sub29,24,ling_word_target,0.00634342852950851
4425,sub29,25,ling_word_target,0.005147648104145631
4426,sub29,26,ling_word_target,-0.017606716568077333
4427,sub29,27,ling_word_target,0.010177030580006142
4428,sub29,28,ling_word_target,-0.0005662656346053282
4429,sub29,29,ling_word_target,-0.010128607315533337
4430,sub29,30,ling_word_target,0.0023914878292555166
4431,sub29,31,ling_word_target,-0.008744114238067828
4432,sub29,32,ling_word_target,0.006294685561122697
4433,sub29,33,ling_word_target,-0.03281219170582924
4434,sub29,34,ling_word_target,-0.02627195957704411
4435,sub29,35,ling_word_target,0.0047503806389691105
4436,sub29,36,ling_word_target,-0.0021801816521058643
4437,sub29,37,ling_word_target,0.007128048442555025
4438,sub29,38,ling_word_target,-0.01642763902167845
4439,sub29,39,ling_word_target,0.0069010578639764
4440,sub29,40,ling_word_target,0.022953459746459286
4441,sub29,41,ling_word_target,0.00858765261305806
4442,sub29,42,ling_word_target,-0.017257792802353095
4443,sub29,43,ling_word_target,-0.04718872904031664
4444,sub29,44,ling_word_target,0.022218284426103817
4445,sub29,45,ling_word_target,0.03362962294589762
4446,sub29,46,ling_word_target,0.02002373363171255
4447,sub29,47,ling_word_target,-0.030954763974346863
4448,sub29,48,ling_word_target,-0.0032664981275190687
4449,sub29,49,ling_word_target,-0.01750145169604356
4450,sub29,50,ling_word_target,-0.005369642258535063
4451,sub29,51,ling_word_target,-0.0032400545591875995
4452,sub29,52,ling_word_target,0.01783957631490994
4453,sub29,53,ling_word_target,-0.008671905258490731
4454,sub29,54,ling_word_target,-0.005599565978513152
4455,sub29,55,ling_word_target,-0.01463087057622384
4456,sub29,56,ling_word_target,-0.0022230395615362645
4457,sub29,57,ling_word_target,-0.008653428936701261
4458,sub29,58,ling_word_target,-0.04030499669086599
4459,sub29,59,ling_word_target,0.02544019282927599
4460,sub29,60,ling_word_target,0.010967515480231407
4461,sub29,61,ling_word_target,0.009367959710901047
4462,sub29,62,ling_word_target,-0.01159464297964965
4463,sub29,63,ling_word_target,-0.0068948821498629785
4464,sub29,64,ling_word_target,-0.003944720228011693
4465,sub29,65,ling_word_target,0.020104783849044575
4466,sub29,66,ling_word_target,-0.02234690549696118
4467,sub29,67,ling_word_target,-0.03918110332445238
4468,sub29,68,ling_word_target,0.007003539524222657
4469,sub29,69,ling_word_target,-0.016449483735499724
4470,sub29,70,ling_word_target,-0.03444002802708294
4471,sub29,71,ling_word_target,-0.0016787587850011847
4472,sub29,72,ling_word_target,0.014033466989229129
4473,sub29,73,ling_word_target,-0.0028709291009862653
4474,sub29,74,ling_word_target,-0.012731725166489209
4475,sub29,75,ling_word_target,0.015654664596016447
4476,sub29,76,ling_word_target,-0.011388151107240797
4477,sub29,77,ling_word_target,0.009938932820543193
4478,sub29,78,ling_word_target,-0.010725921915759178
4479,sub29,79,ling_word_target,-0.02443603157319199
4480,sub29,80,ling_word_target,-0.027733981282556455
4481,sub29,81,ling_word_target,0.006691310720955297
4482,sub29,82,ling_word_target,0.0004413542107856909
4483,sub29,83,ling_word_target,-0.022897035707471716
4484,sub29,84,ling_word_target,-0.0026861659244361673
4485,sub29,85,ling_word_target,-0.011455397357472532
4486,sub29,86,ling_word_target,-0.019431662248419353
4487,sub29,87,ling_word_target,0.023503899007793125
4488,sub29,88,ling_word_target,0.010066994480559106
4489,sub29,89,ling_word_target,0.04411327007921523
4490,sub29,90,ling_word_target,-0.019668368994227522
4491,sub29,91,ling_word_target,-0.004505953582348825
4492,sub29,92,ling_word_target,0.0027215080263198843
4493,sub29,93,ling_word_target,-0.004879640795616251
4494,sub29,94,ling_word_target,-0.019904318060873373
4495,sub29,95,ling_word_target,0.00030757105043032715
4496,sub29,96,ling_word_target,-0.008065084813621896
4497,sub29,97,ling_word_target,-0.01544473043677538
4498,sub29,98,ling_word_target,-0.0036729890598423674
4499,sub29,99,ling_word_target,0.022030194461462604
4500,sub29,100,ling_word_target,0.0001197939497291042
4501,sub29,101,ling_word_target,0.015238248514223226
4502,sub29,102,ling_word_target,0.013759135248330829
4503,sub29,103,ling_word_target,0.012776969703796374
4504,sub29,104,ling_word_target,-0.005883047038881906
4505,sub29,105,ling_word_target,0.004121130260202083
4506,sub29,106,ling_word_target,0.01806753415085615
4507,sub29,107,ling_word_target,0.0183712319858301
4508,sub29,108,ling_word_target,0.01298279849923516
4509,sub29,109,ling_word_target,-0.008845652561351247
4510,sub29,110,ling_word_target,0.0011598002424268797
4511,sub29,111,ling_word_target,0.007405911842185205
4512,sub29,112,ling_word_target,0.010644803520939921
4513,sub29,113,ling_word_target,0.003051662196831024
4514,sub29,114,ling_word_target,0.0020099849031853887
4515,sub29,115,ling_word_target,-0.01596650688721537
4516,sub29,116,ling_word_target,-0.010553055025049943
4517,sub29,117,ling_word_target,-0.011693760167356905
4518,sub29,118,ling_word_target,-0.0314284537075496
4519,sub29,119,ling_word_target,0.02002855330934702
4520,sub29,120,ling_word_target,0.028992969371670483
4521,sub29,121,ling_word_target,0.033978271472883535
4522,sub29,122,ling_word_target,0.013527671419899927
4523,sub29,123,ling_word_target,0.020682334483977667
4524,sub29,124,ling_word_target,0.004023467151617568
4525,sub29,125,ling_word_target,0.016955982016714808
4526,sub29,126,ling_word_target,0.0027814360082697325
4527,sub29,127,ling_word_target,-0.0028794181139763226
4528,sub29,128,ling_word_target,-0.01520662919127251
4529,sub29,129,ling_word_target,-0.0027391060256989337
4530,sub29,130,ling_word_target,-0.00927348933936141
4531,sub29,131,ling_word_target,0.008953333984727087
4532,sub29,132,ling_word_target,0.01355172116969587
4533,sub29,133,ling_word_target,0.014473332223229484
4534,sub29,134,ling_word_target,-0.0022111878329910484
4535,sub29,135,ling_word_target,0.006745808117832784
4536,sub29,136,ling_word_target,0.013754837179445603
4537,sub29,137,ling_word_target,0.03508147228880731
4538,sub29,138,ling_word_target,0.014758390837876527
4539,sub29,139,ling_word_target,0.007467020683841681
4540,sub29,140,ling_word_target,-0.0037514408053243545
4541,sub29,141,ling_word_target,-0.024210655840334702
4542,sub29,142,ling_word_target,-0.006308651294139052
4543,sub29,143,ling_word_target,-0.01887194507416898
4544,sub29,144,ling_word_target,0.011910341467713581
4545,sub29,145,ling_word_target,-0.005137045531275696
4546,sub29,146,ling_word_target,0.014043323688147731
4547,sub29,147,ling_word_target,0.0037098154489623738
4548,sub29,148,ling_word_target,0.01796078246223438
4549,sub29,149,ling_word_target,-0.022475807548747038
4550,sub29,150,ling_word_target,0.002813648553858336
4551,sub29,151,ling_word_target,0.01891471609222982
4552,sub29,152,ling_word_target,0.0024368027009388144
4553,sub29,153,ling_word_target,0.00032692123478246656
4554,sub29,154,ling_word_target,0.04703450802455763
4555,sub29,155,ling_word_target,0.008333227460504206
4556,sub29,156,ling_word_target,-0.02282857208099881
4557,sub29,157,ling_word_target,0.01597400472291448
4558,sub29,158,ling_word_target,0.027995760470113568
4559,sub29,159,ling_word_target,0.004136005402589634
4560,sub29,160,ling_word_target,-0.016127150780474834
4561,sub29,161,ling_word_target,0.008718358098222752
4562,sub29,162,ling_word_target,0.010672499347164303
4563,sub29,163,ling_word_target,-0.004121000544324096
4564,sub29,164,ling_word_target,-0.021081672652946068
4565,sub29,165,ling_word_target,0.02991237757110821
4566,sub29,166,ling_word_target,0.020985619763366686
4567,sub29,167,ling_word_target,-0.007912414044759921
4568,sub29,168,ling_word_target,0.010698309083494006
4569,sub29,169,ling_word_target,-0.0036345489005590783
4570,sub29,170,ling_word_target,-0.00811756480311022
4571,sub29,171,ling_word_target,-0.005526809031126319
4572,sub29,172,ling_word_target,0.008359070549899856
4573,sub29,173,ling_word_target,-0.012630201835736444
4574,sub29,174,ling_word_target,-0.03482929361576243
4575,sub29,175,ling_word_target,0.007557092167437767
4576,sub29,176,ling_word_target,-0.01537459573162475
4577,sub29,177,ling_word_target,-0.016148450582104193
4578,sub29,178,ling_word_target,0.023786924047203273
4579,sub29,179,ling_word_target,-0.02696455125683516
4580,sub29,180,ling_word_target,0.009949751787493308
4581,sub29,181,ling_word_target,-0.013279359505377128
4582,sub29,182,ling_word_target,0.004234385532729448
4583,sub29,183,ling_word_target,0.0009066342076318239
4584,sub29,184,ling_word_target,-0.004255612298713922
4585,sub29,185,ling_word_target,-0.006691400789946289
4586,sub29,186,ling_word_target,0.015500046048300908
4587,sub29,187,ling_word_target,-0.015903924337553586
4588,sub29,188,ling_word_target,0.006290859849600755
4589,sub29,189,ling_word_target,-0.009253376543553246
4590,sub29,190,ling_word_target,0.0055922053939707495
4591,sub29,191,ling_word_target,0.013564051354605247
4592,sub29,192,ling_word_target,0.008423095569387317
4593,sub29,193,ling_word_target,-0.0028709969437548484
4594,sub29,194,ling_word_target,0.008668762896743697
4595,sub29,195,ling_word_target,0.0004756382176033405
4596,sub29,196,ling_word_target,0.008082539106118686
4597,sub29,197,ling_word_target,-0.018803509691060257
4598,sub29,198,ling_word_target,-0.0088691887152086
4599,sub29,199,ling_word_target,-0.026681585069850015
4600,sub30,0,ling_word_target,-0.0008830452224903173
4601,sub30,1,ling_word_target,0.014920532479102414
4602,sub30,2,ling_word_target,0.020603466611717813
4603,sub30,3,ling_word_target,-0.026200626685721325
4604,sub30,4,ling_word_target,0.032219546127817265
4605,sub30,5,ling_word_target,0.006227248809442868
4606,sub30,6,ling_word_target,0.017449073730717177
4607,sub30,7,ling_word_target,-0.06883073861166249
4608,sub30,8,ling_word_target,-0.01188636636355529
4609,sub30,9,ling_word_target,-0.012079609463616003
4610,sub30,10,ling_word_target,0.05272551188321316
4611,sub30,11,ling_word_target,0.006881644449447369
4612,sub30,12,ling_word_target,-0.010938518502123797
4613,sub30,13,ling_word_target,0.005505154269545648
4614,sub30,14,ling_word_target,-0.07997468022010829
4615,sub30,15,ling_word_target,0.008649936189328872
4616,sub30,16,ling_word_target,-0.030473447805879
4617,sub30,17,ling_word_target,0.006981755004903703
4618,sub30,18,ling_word_target,0.03306441210294335
4619,sub30,19,ling_word_target,0.02248770654922449
4620,sub30,20,ling_word_target,0.017393498384836805
4621,sub30,21,ling_word_target,-0.04916096755726387
4622,sub30,22,ling_word_target,-0.02185190314484646
4623,sub30,23,ling_word_target,0.028508950715192192
4624,sub30,24,ling_word_target,0.01972187357073893
4625,sub30,25,ling_word_target,0.016801725662386184
4626,sub30,26,ling_word_target,0.00020943136497058145
4627,sub30,27,ling_word_target,0.0028391322703862154
4628,sub30,28,ling_word_target,0.0253776385680284
4629,sub30,29,ling_word_target,0.01146066433269604
4630,sub30,30,ling_word_target,0.012380308358379758
4631,sub30,31,ling_word_target,0.00585492288358813
4632,sub30,32,ling_word_target,0.004776889721495841
4633,sub30,33,ling_word_target,0.005915328614263481
4634,sub30,34,ling_word_target,0.017111024898374377
4635,sub30,35,ling_word_target,0.0106354967718079
4636,sub30,36,ling_word_target,0.012537545181899305
4637,sub30,37,ling_word_target,0.018170120511709048
4638,sub30,38,ling_word_target,0.038588609004515974
4639,sub30,39,ling_word_target,0.0016992130811874066
4640,sub30,40,ling_word_target,-0.012518364120565404
4641,sub30,41,ling_word_target,-0.007959113823210223
4642,sub30,42,ling_word_target,-0.020512779120500986
4643,sub30,43,ling_word_target,0.0031519537731358018
4644,sub30,44,ling_word_target,-0.0022628098545815615
4645,sub30,45,ling_word_target,0.02596219003402971
4646,sub30,46,ling_word_target,-0.01935909712449003
4647,sub30,47,ling_word_target,-0.0017695654329909604
4648,sub30,48,ling_word_target,0.0014154477117777132
4649,sub30,49,ling_word_target,0.029974436921829207
4650,sub30,50,ling_word_target,0.0007314519659490787
4651,sub30,51,ling_word_target,-0.004009687253424537
4652,sub30,52,ling_word_target,0.034748980194645965
4653,sub30,53,ling_word_target,0.011249791015166977
4654,sub30,54,ling_word_target,0.001030954603570915
4655,sub30,55,ling_word_target,0.002634575591482315
4656,sub30,56,ling_word_target,0.01056518314301411
4657,sub30,57,ling_word_target,-0.0022773252991610516
4658,sub30,58,ling_word_target,-0.020300005996797554
4659,sub30,59,ling_word_target,0.03243698397171484
4660,sub30,60,ling_word_target,0.006847481454835387
4661,sub30,61,ling_word_target,0.0006120696486337553
4662,sub30,62,ling_word_target,-0.01936873715030901
4663,sub30,63,ling_word_target,0.014101373196649463
4664,sub30,64,ling_word_target,0.020943061478785656
4665,sub30,65,ling_word_target,0.010418127492791123
4666,sub30,66,ling_word_target,0.014232029176944251
4667,sub30,67,ling_word_target,0.004114987164893755
4668,sub30,68,ling_word_target,0.0009509041004571381
4669,sub30,69,ling_word_target,-0.012964298588684827
4670,sub30,70,ling_word_target,-0.00022956593647706347
4671,sub30,71,ling_word_target,0.038005750776930976
4672,sub30,72,ling_word_target,-0.017768636435173214
4673,sub30,73,ling_word_target,0.03436829176718141
4674,sub30,74,ling_word_target,0.001863287998320451
4675,sub30,75,ling_word_target,0.007497400532130761
4676,sub30,76,ling_word_target,-0.013571867695015618
4677,sub30,77,ling_word_target,-0.0015905268778875314
4678,sub30,78,ling_word_target,0.032625253408242856
4679,sub30,79,ling_word_target,-0.002153074723108858
4680,sub30,80,ling_word_target,0.017769732022149275
4681,sub30,81,ling_word_target,0.005984056504722098
4682,sub30,82,ling_word_target,0.0014362108550783988
4683,sub30,83,ling_word_target,-0.02204083072183777
4684,sub30,84,ling_word_target,0.03147605819224484
4685,sub30,85,ling_word_target,0.026070437253229606
4686,sub30,86,ling_word_target,-0.008019062719532002
4687,sub30,87,ling_word_target,0.03412393831030484
4688,sub30,88,ling_word_target,0.022518365101150895
4689,sub30,89,ling_word_target,0.018576642701661646
4690,sub30,90,ling_word_target,-0.004945656488433765
4691,sub30,91,ling_word_target,0.013252081181738477
4692,sub30,92,ling_word_target,0.007468170811767026
4693,sub30,93,ling_word_target,0.014807283924998808
4694,sub30,94,ling_word_target,0.028858366519682325
4695,sub30,95,ling_word_target,0.0029288114889609047
4696,sub30,96,ling_word_target,0.034686927060576786
4697,sub30,97,ling_word_target,-0.021536487788712047
4698,sub30,98,ling_word_target,-0.012413595680876499
4699,sub30,99,ling_word_target,0.011195481794362576
4700,sub30,100,ling_word_target,-0.014612301359572753
4701,sub30,101,ling_word_target,-0.0018699563288767456
4702,sub30,102,ling_word_target,-0.04019666349409731
4703,sub30,103,ling_word_target,0.037878509831900095
4704,sub30,104,ling_word_target,-0.01366630929088929
4705,sub30,105,ling_word_target,0.0023772779025710545
4706,sub30,106,ling_word_target,-0.0016467793703626593
4707,sub30,107,ling_word_target,-0.0016795928860044715
4708,sub30,108,ling_word_target,0.03894150298934099
4709,sub30,109,ling_word_target,-0.011544257159338704
4710,sub30,110,ling_word_target,-0.007156601531782959
4711,sub30,111,ling_word_target,0.04373046485237177
4712,sub30,112,ling_word_target,-0.010854420347541714
4713,sub30,113,ling_word_target,-0.017777193335608867
4714,sub30,114,ling_word_target,0.0017144452593025746
4715,sub30,115,ling_word_target,0.01637482648478897
4716,sub30,116,ling_word_target,-0.0009792911178077147
4717,sub30,117,ling_word_target,0.028924827005679474
4718,sub30,118,ling_word_target,0.018677572533681183
4719,sub30,119,ling_word_target,0.00270119336695085
4720,sub30,120,ling_word_target,0.023823356779083288
4721,sub30,121,ling_word_target,0.0067283704277947606
4722,sub30,122,ling_word_target,-0.0014949842242242516
4723,sub30,123,ling_word_target,0.02211879874637485
4724,sub30,124,ling_word_target,0.015865229396627226
4725,sub30,125,ling_word_target,-1.5701424716268506e-05
4726,sub30,126,ling_word_target,-0.0008992918989735736
4727,sub30,127,ling_word_target,0.028016028953332456
4728,sub30,128,ling_word_target,0.011786434748122106
4729,sub30,129,ling_word_target,0.022007638671144004
4730,sub30,130,ling_word_target,-0.015844616937704493
4731,sub30,131,ling_word_target,0.021361088863453177
4732,sub30,132,ling_word_target,0.02271582774961447
4733,sub30,133,ling_word_target,0.006937066381761574
4734,sub30,134,ling_word_target,0.006757787221599581
4735,sub30,135,ling_word_target,0.02113736423197996
4736,sub30,136,ling_word_target,0.01112346300018412
4737,sub30,137,ling_word_target,0.01085297324901826
4738,sub30,138,ling_word_target,-0.012970577307793885
4739,sub30,139,ling_word_target,-0.02120571159625461
4740,sub30,140,ling_word_target,-0.0042698028799085285
4741,sub30,141,ling_word_target,0.011098041900707959
4742,sub30,142,ling_word_target,0.011774618012755287
4743,sub30,143,ling_word_target,0.015781779271128473
4744,sub30,144,ling_word_target,-0.003805608303577957
4745,sub30,145,ling_word_target,-0.0041650726318078505
4746,sub30,146,ling_word_target,0.02207371160040702
4747,sub30,147,ling_word_target,-0.014909011434762753
4748,sub30,148,ling_word_target,-0.0006596158610686528
4749,sub30,149,ling_word_target,-0.0008414524158330469
4750,sub30,150,ling_word_target,0.010559467087341543
4751,sub30,151,ling_word_target,0.012852685273270678
4752,sub30,152,ling_word_target,-0.009383062687862967
4753,sub30,153,ling_word_target,0.015658436194449087
4754,sub30,154,ling_word_target,-0.018874131656758737
4755,sub30,155,ling_word_target,-0.00037629200852266437
4756,sub30,156,ling_word_target,0.024500273726186593
4757,sub30,157,ling_word_target,0.006548141270140958
4758,sub30,158,ling_word_target,0.0142218935900465
4759,sub30,159,ling_word_target,-0.004570948901471306
4760,sub30,160,ling_word_target,0.01192222745908456
4761,sub30,161,ling_word_target,-0.005628766733320343
4762,sub30,162,ling_word_target,-0.0027151934533195107
4763,sub30,163,ling_word_target,-0.011452747864109018
4764,sub30,164,ling_word_target,-0.0009923340441026136
4765,sub30,165,ling_word_target,-0.00898470374869637
4766,sub30,166,ling_word_target,0.014905900661949276
4767,sub30,167,ling_word_target,0.014260227248981938
4768,sub30,168,ling_word_target,0.003517096546919985
4769,sub30,169,ling_word_target,-0.004350869167622321
4770,sub30,170,ling_word_target,-0.018689849242162843
4771,sub30,171,ling_word_target,-0.034125320854301554
4772,sub30,172,ling_word_target,0.006298419262495454
4773,sub30,173,ling_word_target,0.016113834729345838
4774,sub30,174,ling_word_target,0.0203990872728524
4775,sub30,175,ling_word_target,0.027997191581100176
4776,sub30,176,ling_word_target,0.02111697361191244
4777,sub30,177,ling_word_target,0.024165767700220345
4778,sub30,178,ling_word_target,0.009669993520938917
4779,sub30,179,ling_word_target,-0.024781036901169937
4780,sub30,180,ling_word_target,-0.02658822523033114
4781,sub30,181,ling_word_target,0.018172432376022726
4782,sub30,182,ling_word_target,0.015954929251051797
4783,sub30,183,ling_word_target,-0.03483202958476666
4784,sub30,184,ling_word_target,-0.012781713704070882
4785,sub30,185,ling_word_target,0.0006109384064451964
4786,sub30,186,ling_word_target,0.004528714102569916
4787,sub30,187,ling_word_target,-0.004216052786826034
4788,sub30,188,ling_word_target,0.02850772313592427
4789,sub30,189,ling_word_target,0.018353758978964248
4790,sub30,190,ling_word_target,-0.013660256906542548
4791,sub30,191,ling_word_target,0.03861994915647723
4792,sub30,192,ling_word_target,-0.005276553048159012
4793,sub30,193,ling_word_target,-0.05660845283669133
4794,sub30,194,ling_word_target,0.009971823191213362
4795,sub30,195,ling_word_target,0.001934282446612621
4796,sub30,196,ling_word_target,-0.006464294551459918
4797,sub30,197,ling_word_target,-0.02271375507831313
4798,sub30,198,ling_word_target,-0.005221762334733825
4799,sub30,199,ling_word_target,-0.002283730219690196
4800,sub31,0,ling_word_target,-0.01732155730149317
4801,sub31,1,ling_word_target,0.03296837889042148
4802,sub31,2,ling_word_target,-0.0005002286418659573
4803,sub31,3,ling_word_target,0.00555622863800366
4804,sub31,4,ling_word_target,-0.007715372810858627
4805,sub31,5,ling_word_target,0.024184661869902837
4806,sub31,6,ling_word_target,0.004136730094037195
4807,sub31,7,ling_word_target,0.01679527294275528
4808,sub31,8,ling_word_target,0.030195627999802046
4809,sub31,9,ling_word_target,0.00020865219087293148
4810,sub31,10,ling_word_target,0.007583736866020833
4811,sub31,11,ling_word_target,0.017932727535804084
4812,sub31,12,ling_word_target,0.008030494908360296
4813,sub31,13,ling_word_target,0.035458834609877386
4814,sub31,14,ling_word_target,0.016281605416810545
4815,sub31,15,ling_word_target,0.00010495799318348621
4816,sub31,16,ling_word_target,4.120518414642768e-05
4817,sub31,17,ling_word_target,0.007308320971991247
4818,sub31,18,ling_word_target,0.010059841311527297
4819,sub31,19,ling_word_target,-0.0008143815077775999
4820,sub31,20,ling_word_target,0.008274091320146457
4821,sub31,21,ling_word_target,-0.00940133307544768
4822,sub31,22,ling_word_target,0.004135588376636389
4823,sub31,23,ling_word_target,0.004730581411746526
4824,sub31,24,ling_word_target,-0.032180797791926695
4825,sub31,25,ling_word_target,-0.022152609863972054
4826,sub31,26,ling_word_target,-0.024848742498570858
4827,sub31,27,ling_word_target,-0.0011123231383584056
4828,sub31,28,ling_word_target,0.02125590017128492
4829,sub31,29,ling_word_target,0.00737015214347286
4830,sub31,30,ling_word_target,-0.0089068354261127
4831,sub31,31,ling_word_target,0.00841096729190974
4832,sub31,32,ling_word_target,0.0024832137054872578
4833,sub31,33,ling_word_target,-0.005268267432782393
4834,sub31,34,ling_word_target,-0.006920441030835457
4835,sub31,35,ling_word_target,0.02653714844109312
4836,sub31,36,ling_word_target,0.029267047252611613
4837,sub31,37,ling_word_target,-0.009974881483088808
4838,sub31,38,ling_word_target,-0.008991288698875893
4839,sub31,39,ling_word_target,-0.0023431834089267223
4840,sub31,40,ling_word_target,0.0020097749306097683
4841,sub31,41,ling_word_target,0.00920981959132285
4842,sub31,42,ling_word_target,0.007316495631411446
4843,sub31,43,ling_word_target,-0.005607814919023626
4844,sub31,44,ling_word_target,-0.0047996904821756975
4845,sub31,45,ling_word_target,0.024004875837087318
4846,sub31,46,ling_word_target,0.023560317378126135
4847,sub31,47,ling_word_target,-0.009272463983110681
4848,sub31,48,ling_word_target,0.002540381128823297
4849,sub31,49,ling_word_target,0.017150885742060588
4850,sub31,50,ling_word_target,-0.005224341356818109
4851,sub31,51,ling_word_target,0.01708281103963478
4852,sub31,52,ling_word_target,0.007896789022703292
4853,sub31,53,ling_word_target,-0.05248950489327598
4854,sub31,54,ling_word_target,0.008540380326538696
4855,sub31,55,ling_word_target,0.006122232129811943
4856,sub31,56,ling_word_target,0.01339331516121874
4857,sub31,57,ling_word_target,0.008177840367642733
4858,sub31,58,ling_word_target,-0.015770840866411968
4859,sub31,59,ling_word_target,0.016291979768990727
4860,sub31,60,ling_word_target,0.015362957641612558
4861,sub31,61,ling_word_target,-0.003983920484576043
4862,sub31,62,ling_word_target,0.026573282057630487
4863,sub31,63,ling_word_target,0.03339562285755329
4864,sub31,64,ling_word_target,0.0063395852101809915
4865,sub31,65,ling_word_target,-0.0034604654901397116
4866,sub31,66,ling_word_target,0.006176944359331788
4867,sub31,67,ling_word_target,-0.011843837181379333
4868,sub31,68,ling_word_target,-0.00673317332912051
4869,sub31,69,ling_word_target,0.0044799407260577824
4870,sub31,70,ling_word_target,0.01719135775873406
4871,sub31,71,ling_word_target,0.023504138671710896
4872,sub31,72,ling_word_target,0.023433616264153207
4873,sub31,73,ling_word_target,0.0038827234050992556
4874,sub31,74,ling_word_target,0.015191668712612513
4875,sub31,75,ling_word_target,0.0077752017994075825
4876,sub31,76,ling_word_target,-0.04196120211646645
4877,sub31,77,ling_word_target,0.014922276958159827
4878,sub31,78,ling_word_target,-0.0023986832936552503
4879,sub31,79,ling_word_target,-0.019364677059253613
4880,sub31,80,ling_word_target,0.00881426409680219
4881,sub31,81,ling_word_target,-0.001022338704524848
4882,sub31,82,ling_word_target,0.003328068519324797
4883,sub31,83,ling_word_target,-0.015118410494904595
4884,sub31,84,ling_word_target,-0.009640963605196692
4885,sub31,85,ling_word_target,-0.004855592196986741
4886,sub31,86,ling_word_target,0.008020397277358086
4887,sub31,87,ling_word_target,-0.00959435172881354
4888,sub31,88,ling_word_target,-0.008822456424482955
4889,sub31,89,ling_word_target,0.0011482415947905351
4890,sub31,90,ling_word_target,-0.012669147229985264
4891,sub31,91,ling_word_target,-0.013336158663471187
4892,sub31,92,ling_word_target,0.010539360569704528
4893,sub31,93,ling_word_target,0.014420362648497059
4894,sub31,94,ling_word_target,-0.001430060905508393
4895,sub31,95,ling_word_target,-0.01405763787690726
4896,sub31,96,ling_word_target,-0.02441465430812829
4897,sub31,97,ling_word_target,-0.016181298187069235
4898,sub31,98,ling_word_target,-0.027657231578747873
4899,sub31,99,ling_word_target,0.010117673305770387
4900,sub31,100,ling_word_target,0.009711200874593756
4901,sub31,101,ling_word_target,-0.008432010485330448
4902,sub31,102,ling_word_target,0.012649975789175249
4903,sub31,103,ling_word_target,0.011415317574946484
4904,sub31,104,ling_word_target,0.016444432666085952
4905,sub31,105,ling_word_target,-0.012025897798267902
4906,sub31,106,ling_word_target,0.007395299463535804
4907,sub31,107,ling_word_target,-0.009160381876070711
4908,sub31,108,ling_word_target,-0.014475358867297809
4909,sub31,109,ling_word_target,0.014307015293430519
4910,sub31,110,ling_word_target,0.004987816160310457
4911,sub31,111,ling_word_target,-0.017655876949739347
4912,sub31,112,ling_word_target,-0.0017294417767391636
4913,sub31,113,ling_word_target,-0.011677944038655262
4914,sub31,114,ling_word_target,-0.004357674114700396
4915,sub31,115,ling_word_target,0.0009139968405702792
4916,sub31,116,ling_word_target,-0.018734896989676945
4917,sub31,117,ling_word_target,0.00607602704824836
4918,sub31,118,ling_word_target,-0.002015100900319185
4919,sub31,119,ling_word_target,0.01965085427579551
4920,sub31,120,ling_word_target,0.004842830506027289
4921,sub31,121,ling_word_target,-0.00546203705372525
4922,sub31,122,ling_word_target,-0.003000802890378047
4923,sub31,123,ling_word_target,-0.001040880582757633
4924,sub31,124,ling_word_target,0.004495228380086467
4925,sub31,125,ling_word_target,0.009812123348286256
4926,sub31,126,ling_word_target,-0.01424015309919873
4927,sub31,127,ling_word_target,-0.002376502160504907
4928,sub31,128,ling_word_target,0.005575993014373433
4929,sub31,129,ling_word_target,0.004482758142626561
4930,sub31,130,ling_word_target,0.01188711952744244
4931,sub31,131,ling_word_target,-0.010473308215345522
4932,sub31,132,ling_word_target,0.030914863142191086
4933,sub31,133,ling_word_target,0.008056417124367837
4934,sub31,134,ling_word_target,0.004931075906703095
4935,sub31,135,ling_word_target,-0.0274133797941753
4936,sub31,136,ling_word_target,-0.022729875909718224
4937,sub31,137,ling_word_target,0.0013425298655553358
4938,sub31,138,ling_word_target,0.0264161818032394
4939,sub31,139,ling_word_target,-0.009195441937811777
4940,sub31,140,ling_word_target,0.0185630301582271
4941,sub31,141,ling_word_target,0.01918516172211942
4942,sub31,142,ling_word_target,0.03428624718537516
4943,sub31,143,ling_word_target,0.03536448749718019
4944,sub31,144,ling_word_target,-0.015305504724749215
4945,sub31,145,ling_word_target,-0.006251934678784261
4946,sub31,146,ling_word_target,0.00481185949426375
4947,sub31,147,ling_word_target,-0.010241270664854961
4948,sub31,148,ling_word_target,-0.007822460725320047
4949,sub31,149,ling_word_target,0.022897635713125024
4950,sub31,150,ling_word_target,0.004505470297019246
4951,sub31,151,ling_word_target,0.024167543978264216
4952,sub31,152,ling_word_target,0.002042409203619601
4953,sub31,153,ling_word_target,-0.008731360499709634
4954,sub31,154,ling_word_target,0.010115570668875244
4955,sub31,155,ling_word_target,0.03972788765461566
4956,sub31,156,ling_word_target,-0.007744361342852047
4957,sub31,157,ling_word_target,0.001668952521974182
4958,sub31,158,ling_word_target,-0.0016219135199555968
4959,sub31,159,ling_word_target,-0.00044477103927486917
4960,sub31,160,ling_word_target,-0.0112129132957256
4961,sub31,161,ling_word_target,-5.855179180425372e-05
4962,sub31,162,ling_word_target,0.0008743687313709415
4963,sub31,163,ling_word_target,0.01588514555128999
4964,sub31,164,ling_word_target,-0.024430435439388345
4965,sub31,165,ling_word_target,-0.009086569424476911
4966,sub31,166,ling_word_target,-0.0074817502195377245
4967,sub31,167,ling_word_target,-0.016993519495738203
4968,sub31,168,ling_word_target,0.03455874111977716
4969,sub31,169,ling_word_target,0.0022012140835250783
4970,sub31,170,ling_word_target,-0.026245101979600418
4971,sub31,171,ling_word_target,-0.015115835911832349
4972,sub31,172,ling_word_target,0.007762767762946576
4973,sub31,173,ling_word_target,0.005773340195506023
4974,sub31,174,ling_word_target,-0.006354219034761254
4975,sub31,175,ling_word_target,-0.020600756721502696
4976,sub31,176,ling_word_target,0.0016157835187817031
4977,sub31,177,ling_word_target,0.011091742198818451
4978,sub31,178,ling_word_target,0.011895333501135058
4979,sub31,179,ling_word_target,0.010692183255349028
4980,sub31,180,ling_word_target,0.007264681719120548
4981,sub31,181,ling_word_target,-0.007026185730369386
4982,sub31,182,ling_word_target,-0.01001767521731927
4983,sub31,183,ling_word_target,0.010694167132876407
4984,sub31,184,ling_word_target,-0.00552011437151487
4985,sub31,185,ling_word_target,-0.0056247857005181845
4986,sub31,186,ling_word_target,-0.0253702572163433
4987,sub31,187,ling_word_target,-0.02121564343957696
4988,sub31,188,ling_word_target,-0.004485113607013853
4989,sub31,189,ling_word_target,-0.019344916095087476
4990,sub31,190,ling_word_target,0.01578341491859495
4991,sub31,191,ling_word_target,0.00036348692029759404
4992,sub31,192,ling_word_target,0.011275164456602201
4993,sub31,193,ling_word_target,0.008417721325386669
4994,sub31,194,ling_word_target,0.020999070479943288
4995,sub31,195,ling_word_target,0.015975439008132974
4996,sub31,196,ling_word_target,-0.01175005873376364
4997,sub31,197,ling_word_target,-0.012091710116659077
4998,sub31,198,ling_word_target,-0.015020115047767268
4999,sub31,199,ling_word_target,0.010745568275332205
5000,sub32,0,ling_word_target,-0.013624390381769873
5001,sub32,1,ling_word_target,-0.011158390614192467
5002,sub32,2,ling_word_target,-0.0005992788715021896
5003,sub32,3,ling_word_target,-0.0004543829788159839
5004,sub32,4,ling_word_target,-0.011377104358304333
5005,sub32,5,ling_word_target,-0.01215294574567466
5006,sub32,6,ling_word_target,0.0024362655456157014
5007,sub32,7,ling_word_target,0.010634261843548123
5008,sub32,8,ling_word_target,-0.009308956132983034
5009,sub32,9,ling_word_target,-0.007776218785347853
5010,sub32,10,ling_word_target,-0.003963067746868878
5011,sub32,11,ling_word_target,0.011374458325656764
5012,sub32,12,ling_word_target,0.012353785707268453
5013,sub32,13,ling_word_target,0.0011873991137555948
5014,sub32,14,ling_word_target,0.009372507632311376
5015,sub32,15,ling_word_target,-0.006384264328870425
5016,sub32,16,ling_word_target,0.019927848798329303
5017,sub32,17,ling_word_target,0.0026292642472790905
5018,sub32,18,ling_word_target,0.01984023144450366
5019,sub32,19,ling_word_target,0.0091984586791497
5020,sub32,20,ling_word_target,-0.003666730307514478
5021,sub32,21,ling_word_target,-0.003075967812413046
5022,sub32,22,ling_word_target,0.023360361723704277
5023,sub32,23,ling_word_target,0.004294289517449981
5024,sub32,24,ling_word_target,-0.012584512953554816
5025,sub32,25,ling_word_target,0.0020164949889335455
5026,sub32,26,ling_word_target,0.00794591029108069
5027,sub32,27,ling_word_target,0.012862181049745626
5028,sub32,28,ling_word_target,0.015378937557766701
5029,sub32,29,ling_word_target,-0.00722671550898578
5030,sub32,30,ling_word_target,0.000681291639466238
5031,sub32,31,ling_word_target,-0.013988215590656
5032,sub32,32,ling_word_target,-0.00446350137432095
5033,sub32,33,ling_word_target,0.018708024440118976
5034,sub32,34,ling_word_target,-0.014167707764966194
5035,sub32,35,ling_word_target,0.010578740247358874
5036,sub32,36,ling_word_target,0.005664495645735386
5037,sub32,37,ling_word_target,0.008553156754236006
5038,sub32,38,ling_word_target,-0.011038908675425407
5039,sub32,39,ling_word_target,0.016558015862444982
5040,sub32,40,ling_word_target,0.013814865890000978
5041,sub32,41,ling_word_target,0.010271189077731618
5042,sub32,42,ling_word_target,0.01478194810486211
5043,sub32,43,ling_word_target,0.0072713379550965965
5044,sub32,44,ling_word_target,0.01556601250268937
5045,sub32,45,ling_word_target,-0.009545878231626887
5046,sub32,46,ling_word_target,-0.0014136798988256586
5047,sub32,47,ling_word_target,0.007610630227251909
5048,sub32,48,ling_word_target,0.004551855843456512
5049,sub32,49,ling_word_target,0.0046847443910445685
5050,sub32,50,ling_word_target,-0.0017520438278240554
5051,sub32,51,ling_word_target,0.00564603144350962
5052,sub32,52,ling_word_target,0.01725753273561985
5053,sub32,53,ling_word_target,-0.016248117199777933
5054,sub32,54,ling_word_target,0.028770063539087343
5055,sub32,55,ling_word_target,-0.016187151072746486
5056,sub32,56,ling_word_target,0.003102130589183585
5057,sub32,57,ling_word_target,0.03695861951150762
5058,sub32,58,ling_word_target,-0.043531569167090965
5059,sub32,59,ling_word_target,-0.015078553667250296
5060,sub32,60,ling_word_target,-0.004054123401552321
5061,sub32,61,ling_word_target,0.016685499715252905
5062,sub32,62,ling_word_target,0.009727027199158075
5063,sub32,63,ling_word_target,0.006322269494788584
5064,sub32,64,ling_word_target,0.0005117077774377504
5065,sub32,65,ling_word_target,0.008853213772237372
5066,sub32,66,ling_word_target,0.00505304541380553
5067,sub32,67,ling_word_target,-0.00123739481374281
5068,sub32,68,ling_word_target,-0.010606236449787003
5069,sub32,69,ling_word_target,-0.019995571566336745
5070,sub32,70,ling_word_target,0.0105002780434267
5071,sub32,71,ling_word_target,0.0068695746023522755
5072,sub32,72,ling_word_target,0.007395263390136039
5073,sub32,73,ling_word_target,-0.0005741970363861915
5074,sub32,74,ling_word_target,0.013845475736149923
5075,sub32,75,ling_word_target,0.0020348421061632464
5076,sub32,76,ling_word_target,0.005563092564026705
5077,sub32,77,ling_word_target,-0.004962854688483294
5078,sub32,78,ling_word_target,-0.01914196083379856
5079,sub32,79,ling_word_target,-0.013793139304054812
5080,sub32,80,ling_word_target,-0.013676406956182201
5081,sub32,81,ling_word_target,0.001672365339298185
5082,sub32,82,ling_word_target,-0.0058217071230430555
5083,sub32,83,ling_word_target,0.02464573166589298
5084,sub32,84,ling_word_target,0.0021684451326020593
5085,sub32,85,ling_word_target,-0.0066999111379493735
5086,sub32,86,ling_word_target,0.011885920614937567
5087,sub32,87,ling_word_target,0.00022507987178067558
5088,sub32,88,ling_word_target,-0.0014034937541149348
5089,sub32,89,ling_word_target,-0.01086440661023171
5090,sub32,90,ling_word_target,-0.0001346327099246555
5091,sub32,91,ling_word_target,-0.012560532437116483
5092,sub32,92,ling_word_target,0.019717301666443567
5093,sub32,93,ling_word_target,0.00013073711919903876
5094,sub32,94,ling_word_target,-0.015774571585594272
5095,sub32,95,ling_word_target,-0.0020127397374271154
5096,sub32,96,ling_word_target,0.018942762811088157
5097,sub32,97,ling_word_target,-0.0011204187353702248
5098,sub32,98,ling_word_target,-0.03637757347253216
5099,sub32,99,ling_word_target,0.001757216830446304
5100,sub32,100,ling_word_target,0.0021660860407974702
5101,sub32,101,ling_word_target,0.007723743530389614
5102,sub32,102,ling_word_target,0.008843605550636388
5103,sub32,103,ling_word_target,-0.014224895830166576
5104,sub32,104,ling_word_target,-0.004961742011398187
5105,sub32,105,ling_word_target,-0.01318397040340606
5106,sub32,106,ling_word_target,0.007459882015683703
5107,sub32,107,ling_word_target,0.014859147998058618
5108,sub32,108,ling_word_target,0.0014594269924801128
5109,sub32,109,ling_word_target,0.0003262316729121167
5110,sub32,110,ling_word_target,0.006221863931274742
5111,sub32,111,ling_word_target,0.004685299869662164
5112,sub32,112,ling_word_target,-0.004767015358609614
5113,sub32,113,ling_word_target,0.0022567445826975566
5114,sub32,114,ling_word_target,-0.0032221297651906637
5115,sub32,115,ling_word_target,-0.010783684730690267
5116,sub32,116,ling_word_target,0.002559168230173311
5117,sub32,117,ling_word_target,-0.00827844963902481
5118,sub32,118,ling_word_target,0.019863188783739234
5119,sub32,119,ling_word_target,0.0032030781081523684
5120,sub32,120,ling_word_target,0.0072557634192196956
5121,sub32,121,ling_word_target,0.016982652085291747
5122,sub32,122,ling_word_target,0.010680892820141783
5123,sub32,123,ling_word_target,-0.0067977106207536995
5124,sub32,124,ling_word_target,0.0014075703743658028
5125,sub32,125,ling_word_target,-0.011745434162221808
5126,sub32,126,ling_word_target,0.003983955707875575
5127,sub32,127,ling_word_target,0.019813981945014086
5128,sub32,128,ling_word_target,-0.000587360090392108
5129,sub32,129,ling_word_target,0.0005759680247984675
5130,sub32,130,ling_word_target,-0.009766458874695069
5131,sub32,131,ling_word_target,0.011671025838365176
5132,sub32,132,ling_word_target,0.004272187548069122
5133,sub32,133,ling_word_target,-0.0011363454299748719
5134,sub32,134,ling_word_target,-0.011381526728661787
5135,sub32,135,ling_word_target,0.014456077592902591
5136,sub32,136,ling_word_target,-0.004187631171982677
5137,sub32,137,ling_word_target,-0.028453172094936648
5138,sub32,138,ling_word_target,-0.0022309352352812475
5139,sub32,139,ling_word_target,-0.013462341083656907
5140,sub32,140,ling_word_target,-0.018482116742054095
5141,sub32,141,ling_word_target,0.0025744336578410526
5142,sub32,142,ling_word_target,-0.005686232530912046
5143,sub32,143,ling_word_target,0.004057274733228109
5144,sub32,144,ling_word_target,-0.0034457152758923864
5145,sub32,145,ling_word_target,-0.031001138727188977
5146,sub32,146,ling_word_target,-0.0016925451886746587
5147,sub32,147,ling_word_target,-0.004252279346762079
5148,sub32,148,ling_word_target,0.001980634444212681
5149,sub32,149,ling_word_target,0.026460730058969623
5150,sub32,150,ling_word_target,0.0005567954133599127
5151,sub32,151,ling_word_target,-0.005294090501328121
5152,sub32,152,ling_word_target,-0.000857343562339392
5153,sub32,153,ling_word_target,-0.016534210908581093
5154,sub32,154,ling_word_target,0.00020643468884807943
5155,sub32,155,ling_word_target,0.014582693885626415
5156,sub32,156,ling_word_target,0.009973935772572226
5157,sub32,157,ling_word_target,-0.015839511792375468
5158,sub32,158,ling_word_target,-0.00673780648968388
5159,sub32,159,ling_word_target,-0.021748297891600044
5160,sub32,160,ling_word_target,-0.0036205648942167264
5161,sub32,161,ling_word_target,-0.0316216862647665
5162,sub32,162,ling_word_target,-0.0027423585040999158
5163,sub32,163,ling_word_target,-0.00656982501571693
5164,sub32,164,ling_word_target,-0.008832818945380003
5165,sub32,165,ling_word_target,0.004476001072750948
5166,sub32,166,ling_word_target,0.01726642995911641
5167,sub32,167,ling_word_target,0.0028162680686349886
5168,sub32,168,ling_word_target,-0.005846027660627161
5169,sub32,169,ling_word_target,0.013748293889388486
5170,sub32,170,ling_word_target,0.0069781345133787896
5171,sub32,171,ling_word_target,0.02140524316604492
5172,sub32,172,ling_word_target,-0.027546055672410325
5173,sub32,173,ling_word_target,0.005118339477183531
5174,sub32,174,ling_word_target,-0.006124145433122324
5175,sub32,175,ling_word_target,-0.038585077895558456
5176,sub32,176,ling_word_target,0.005783138278637816
5177,sub32,177,ling_word_target,-0.01329373866655964
5178,sub32,178,ling_word_target,-0.005711024826121604
5179,sub32,179,ling_word_target,-0.014535487471608486
5180,sub32,180,ling_word_target,-0.016010876078600602
5181,sub32,181,ling_word_target,-0.009452823188192584
5182,sub32,182,ling_word_target,-0.004536050243416773
5183,sub32,183,ling_word_target,-0.03454685484497762
5184,sub32,184,ling_word_target,-0.0280238070178924
5185,sub32,185,ling_word_target,0.0021552196441391755
5186,sub32,186,ling_word_target,-0.0033117688619741827
5187,sub32,187,ling_word_target,-0.014333940134381966
5188,sub32,188,ling_word_target,0.012454343550437794
5189,sub32,189,ling_word_target,-0.00986701433137347
5190,sub32,190,ling_word_target,-0.013027957197263202
5191,sub32,191,ling_word_target,-0.01732732164812352
5192,sub32,192,ling_word_target,-0.011669605036944801
5193,sub32,193,ling_word_target,-0.002848811430971628
5194,sub32,194,ling_word_target,-0.009812408420656706
5195,sub32,195,ling_word_target,0.012366685957859901
5196,sub32,196,ling_word_target,-0.02471799237737423
5197,sub32,197,ling_word_target,0.007446461048001319
5198,sub32,198,ling_word_target,0.011490133190965066
5199,sub32,199,ling_word_target,-0.0067148277431121495
5200,sub33,0,ling_word_target,-0.009111200375275536
5201,sub33,1,ling_word_target,0.001070459829541593
5202,sub33,2,ling_word_target,-0.015147720623838758
5203,sub33,3,ling_word_target,-0.004682220240946359
5204,sub33,4,ling_word_target,0.0023971412690949696
5205,sub33,5,ling_word_target,0.005351850870949952
5206,sub33,6,ling_word_target,0.005106604297464909
5207,sub33,7,ling_word_target,-0.01089697369259671
5208,sub33,8,ling_word_target,-0.00029535322889279853
5209,sub33,9,ling_word_target,0.007690455861840175
5210,sub33,10,ling_word_target,-0.006512012615809059
5211,sub33,11,ling_word_target,0.01677182706510849
5212,sub33,12,ling_word_target,0.0010522478627571698
5213,sub33,13,ling_word_target,-0.0028298522958894214
5214,sub33,14,ling_word_target,-0.005829645372934826
5215,sub33,15,ling_word_target,-0.02708209729153069
5216,sub33,16,ling_word_target,-0.010349808324275109
5217,sub33,17,ling_word_target,0.0014280139823639906
5218,sub33,18,ling_word_target,-0.0004614841113061697
5219,sub33,19,ling_word_target,-0.002411547546507018
5220,sub33,20,ling_word_target,-0.007058071767747435
5221,sub33,21,ling_word_target,-0.014651022462776038
5222,sub33,22,ling_word_target,-0.005371882424439759
5223,sub33,23,ling_word_target,-0.015956943761658893
5224,sub33,24,ling_word_target,0.006648760835166228
5225,sub33,25,ling_word_target,-0.012457092819930382
5226,sub33,26,ling_word_target,0.007080814201038234
5227,sub33,27,ling_word_target,0.0010535240216911618
5228,sub33,28,ling_word_target,0.001190607174639916
5229,sub33,29,ling_word_target,-0.012670708999679538
5230,sub33,30,ling_word_target,-0.007252126162129412
5231,sub33,31,ling_word_target,0.013144658333938184
5232,sub33,32,ling_word_target,-0.008859382956988206
5233,sub33,33,ling_word_target,-0.00036349827229658754
5234,sub33,34,ling_word_target,0.010277659493639
5235,sub33,35,ling_word_target,0.013153123719463785
5236,sub33,36,ling_word_target,-0.004591490033200792
5237,sub33,37,ling_word_target,0.006266198918823931
5238,sub33,38,ling_word_target,-0.0007326071119533059
5239,sub33,39,ling_word_target,0.007100527400532023
5240,sub33,40,ling_word_target,-0.004886723439769532
5241,sub33,41,ling_word_target,-0.005995462963878251
5242,sub33,42,ling_word_target,-0.007042630105078004
5243,sub33,43,ling_word_target,0.01170040982759301
5244,sub33,44,ling_word_target,-0.008130744492749436
5245,sub33,45,ling_word_target,-0.005791742607958215
5246,sub33,46,ling_word_target,0.030222705921276325
5247,sub33,47,ling_word_target,0.014429436111082408
5248,sub33,48,ling_word_target,0.01787896837783008
5249,sub33,49,ling_word_target,0.003833447680845247
5250,sub33,50,ling_word_target,-0.0017449433052538655
5251,sub33,51,ling_word_target,0.0044455242353498335
5252,sub33,52,ling_word_target,0.012862566028583152
5253,sub33,53,ling_word_target,-0.011575119564902394
5254,sub33,54,ling_word_target,0.00347939981580843
5255,sub33,55,ling_word_target,-0.005935764458843901
5256,sub33,56,ling_word_target,0.041029721052046865
5257,sub33,57,ling_word_target,0.008468082255985401
5258,sub33,58,ling_word_target,-0.009792196462339203
5259,sub33,59,ling_word_target,-0.004731661062701784
5260,sub33,60,ling_word_target,0.004803218522637181
5261,sub33,61,ling_word_target,0.00019071984123198127
5262,sub33,62,ling_word_target,-0.02132063753602756
5263,sub33,63,ling_word_target,0.013718375524340137
5264,sub33,64,ling_word_target,0.016790270644070574
5265,sub33,65,ling_word_target,0.0012990413427503844
5266,sub33,66,ling_word_target,-0.006905857091746744
5267,sub33,67,ling_word_target,0.00116258716125651
5268,sub33,68,ling_word_target,-0.013267314925401742
5269,sub33,69,ling_word_target,-0.00492193621721226
5270,sub33,70,ling_word_target,0.013527540657082272
5271,sub33,71,ling_word_target,-0.00917451300456901
5272,sub33,72,ling_word_target,0.013569452943014555
5273,sub33,73,ling_word_target,0.010852397393108743
5274,sub33,74,ling_word_target,-0.008036655392386557
5275,sub33,75,ling_word_target,-0.014130320955266644
5276,sub33,76,ling_word_target,0.011738458694104024
5277,sub33,77,ling_word_target,0.015707267701558256
5278,sub33,78,ling_word_target,-0.008479547620440238
5279,sub33,79,ling_word_target,-0.00037186850317986846
5280,sub33,80,ling_word_target,-0.003362933687674845
5281,sub33,81,ling_word_target,-0.0010487488242078632
5282,sub33,82,ling_word_target,0.00048018669629132523
5283,sub33,83,ling_word_target,0.001299040506971799
5284,sub33,84,ling_word_target,-0.02236229761789882
5285,sub33,85,ling_word_target,0.007174920538708064
5286,sub33,86,ling_word_target,-0.019412222400455363
5287,sub33,87,ling_word_target,-0.0013127916725921042
5288,sub33,88,ling_word_target,-0.0032335607776254978
5289,sub33,89,ling_word_target,-0.0022873439021276697
5290,sub33,90,ling_word_target,-0.00024656027114098775
5291,sub33,91,ling_word_target,-0.008213383220146002
5292,sub33,92,ling_word_target,0.010191421197133215
5293,sub33,93,ling_word_target,0.004285023790954251
5294,sub33,94,ling_word_target,-0.0031579079019196147
5295,sub33,95,ling_word_target,-0.022467100901749446
5296,sub33,96,ling_word_target,0.012840715247152768
5297,sub33,97,ling_word_target,-0.002776979167239389
5298,sub33,98,ling_word_target,-0.0018183518350066367
5299,sub33,99,ling_word_target,-0.01837055366573655
5300,sub33,100,ling_word_target,-0.011315597882231488
5301,sub33,101,ling_word_target,0.021107668601802586
5302,sub33,102,ling_word_target,-0.004452750293736481
5303,sub33,103,ling_word_target,-0.015546124310966976
5304,sub33,104,ling_word_target,0.009305729309540406
5305,sub33,105,ling_word_target,-0.03759128601835287
5306,sub33,106,ling_word_target,0.009178633371633587
5307,sub33,107,ling_word_target,0.0025306731958591234
5308,sub33,108,ling_word_target,0.0066549221337687935
5309,sub33,109,ling_word_target,-0.03259190071133397
5310,sub33,110,ling_word_target,-0.0022883321315716053
5311,sub33,111,ling_word_target,-0.0024698684345430023
5312,sub33,112,ling_word_target,0.008575891170336993
5313,sub33,113,ling_word_target,-0.0094010212755098
5314,sub33,114,ling_word_target,0.0033298645420480628
5315,sub33,115,ling_word_target,-0.00724844115675024
5316,sub33,116,ling_word_target,0.017893366679791068
5317,sub33,117,ling_word_target,-0.00972950904511722
5318,sub33,118,ling_word_target,0.007740201357418972
5319,sub33,119,ling_word_target,-0.0021497793221498945
5320,sub33,120,ling_word_target,-0.011860741996623545
5321,sub33,121,ling_word_target,0.008279275175746913
5322,sub33,122,ling_word_target,-0.002209003028424025
5323,sub33,123,ling_word_target,0.005200627381905232
5324,sub33,124,ling_word_target,-0.011263440340420566
5325,sub33,125,ling_word_target,0.014166364413154931
5326,sub33,126,ling_word_target,0.007159994250764798
5327,sub33,127,ling_word_target,-0.004858002137023419
5328,sub33,128,ling_word_target,0.00016138924579980288
5329,sub33,129,ling_word_target,-0.000682233398549133
5330,sub33,130,ling_word_target,-0.014109318386778752
5331,sub33,131,ling_word_target,0.0010037014176255926
5332,sub33,132,ling_word_target,0.011680908905566023
5333,sub33,133,ling_word_target,-0.009476614714619188
5334,sub33,134,ling_word_target,0.010926903513347814
5335,sub33,135,ling_word_target,0.005717779792008817
5336,sub33,136,ling_word_target,0.0009562348728133412
5337,sub33,137,ling_word_target,-0.019593958510554108
5338,sub33,138,ling_word_target,-0.007329780029641117
5339,sub33,139,ling_word_target,0.0034573488092519266
5340,sub33,140,ling_word_target,0.007625511634273952
5341,sub33,141,ling_word_target,0.009379455936543405
5342,sub33,142,ling_word_target,-0.0024408130783945756
5343,sub33,143,ling_word_target,0.004433236193884797
5344,sub33,144,ling_word_target,-0.01334902597508691
5345,sub33,145,ling_word_target,0.007235771951286112
5346,sub33,146,ling_word_target,-0.004263630032096022
5347,sub33,147,ling_word_target,-0.004678467173609517
5348,sub33,148,ling_word_target,0.0056576629804710185
5349,sub33,149,ling_word_target,0.008735509693328128
5350,sub33,150,ling_word_target,0.0020203718557593566
5351,sub33,151,ling_word_target,-0.001856616624824348
5352,sub33,152,ling_word_target,-0.04098606672479294
5353,sub33,153,ling_word_target,-0.007836666883042616
5354,sub33,154,ling_word_target,0.012082842232285092
5355,sub33,155,ling_word_target,-0.0129191708825952
5356,sub33,156,ling_word_target,0.0016280649301704951
5357,sub33,157,ling_word_target,0.003691183837004898
5358,sub33,158,ling_word_target,-0.003442819409832861
5359,sub33,159,ling_word_target,-0.02335514280135654
5360,sub33,160,ling_word_target,-0.006361308571432367
5361,sub33,161,ling_word_target,-0.010817877108180824
5362,sub33,162,ling_word_target,-0.006900244615749989
5363,sub33,163,ling_word_target,-0.011207073283552619
5364,sub33,164,ling_word_target,0.010680337549146247
5365,sub33,165,ling_word_target,-0.005399536620753001
5366,sub33,166,ling_word_target,-0.014948477465244992
5367,sub33,167,ling_word_target,0.0017487252619637294
5368,sub33,168,ling_word_target,-0.036532380984263306
5369,sub33,169,ling_word_target,0.0028898063831953114
5370,sub33,170,ling_word_target,0.008046008670607051
5371,sub33,171,ling_word_target,0.013240510991139546
5372,sub33,172,ling_word_target,-0.006761776958076423
5373,sub33,173,ling_word_target,0.0015168584563648793
5374,sub33,174,ling_word_target,-0.014987442175821415
5375,sub33,175,ling_word_target,-0.010160387457610831
5376,sub33,176,ling_word_target,0.003980054942953474
5377,sub33,177,ling_word_target,-0.02044045233956197
5378,sub33,178,ling_word_target,0.0035320215185396077
5379,sub33,179,ling_word_target,-0.003398676844104149
5380,sub33,180,ling_word_target,-0.025522886013416853
5381,sub33,181,ling_word_target,-0.003132253780815737
5382,sub33,182,ling_word_target,0.005781614387256596
5383,sub33,183,ling_word_target,0.0028995413435604148
5384,sub33,184,ling_word_target,0.0025769802208014825
5385,sub33,185,ling_word_target,0.016455490483136524
5386,sub33,186,ling_word_target,0.009189267074809849
5387,sub33,187,ling_word_target,0.008993333514040584
5388,sub33,188,ling_word_target,0.019741950046716448
5389,sub33,189,ling_word_target,0.021553495213850003
5390,sub33,190,ling_word_target,0.021116178420091777
5391,sub33,191,ling_word_target,1.5634840102602982e-05
5392,sub33,192,ling_word_target,-0.008910232491926698
5393,sub33,193,ling_word_target,0.028499473063189767
5394,sub33,194,ling_word_target,0.00783007359050331
5395,sub33,195,ling_word_target,0.0017823623788604979
5396,sub33,196,ling_word_target,0.007105537817931447
5397,sub33,197,ling_word_target,0.00949749236275818
5398,sub33,198,ling_word_target,-0.011859438881811662
5399,sub33,199,ling_word_target,0.011474811607767171
5400,sub34,0,ling_word_target,-0.0010120699431758362
5401,sub34,1,ling_word_target,0.000504929907078196
5402,sub34,2,ling_word_target,0.01212782503674862
5403,sub34,3,ling_word_target,0.0038772431763069363
5404,sub34,4,ling_word_target,8.131227366849714e-05
5405,sub34,5,ling_word_target,0.013809327363340401
5406,sub34,6,ling_word_target,-0.012923091356690062
5407,sub34,7,ling_word_target,-0.0037862411725340488
5408,sub34,8,ling_word_target,0.008847910775200332
5409,sub34,9,ling_word_target,0.008038226649524754
5410,sub34,10,ling_word_target,-0.012488305478100795
5411,sub34,11,ling_word_target,0.005314189846227273
5412,sub34,12,ling_word_target,0.0047555198686965085
5413,sub34,13,ling_word_target,-0.02136370167967974
5414,sub34,14,ling_word_target,-0.0030717065199687655
5415,sub34,15,ling_word_target,0.0076141176663274135
5416,sub34,16,ling_word_target,-0.003438206572546184
5417,sub34,17,ling_word_target,-0.01625297402497952
5418,sub34,18,ling_word_target,-0.004308668679918846
5419,sub34,19,ling_word_target,-0.0015347648882488645
5420,sub34,20,ling_word_target,0.011755373198201071
5421,sub34,21,ling_word_target,-0.015431356109886281
5422,sub34,22,ling_word_target,-0.008077224262143318
5423,sub34,23,ling_word_target,0.0043994557438752965
5424,sub34,24,ling_word_target,-0.006998831431525171
5425,sub34,25,ling_word_target,-0.0015135313297101722
5426,sub34,26,ling_word_target,-0.0048248332586449
5427,sub34,27,ling_word_target,-0.023331873917628893
5428,sub34,28,ling_word_target,0.012574124868117292
5429,sub34,29,ling_word_target,0.0034482637516451073
5430,sub34,30,ling_word_target,0.004793253893787344
5431,sub34,31,ling_word_target,-0.006373271864593602
5432,sub34,32,ling_word_target,0.0020104848466732804
5433,sub34,33,ling_word_target,-0.01757126354505062
5434,sub34,34,ling_word_target,-0.016886133430203447
5435,sub34,35,ling_word_target,0.0027987202766588267
5436,sub34,36,ling_word_target,0.009798563755318087
5437,sub34,37,ling_word_target,0.008020464942870781
5438,sub34,38,ling_word_target,0.003862058744481704
5439,sub34,39,ling_word_target,-0.009315975725345049
5440,sub34,40,ling_word_target,-0.011627679503804812
5441,sub34,41,ling_word_target,-0.006245240039644071
5442,sub34,42,ling_word_target,0.0004366116248423563
5443,sub34,43,ling_word_target,-0.024048274378615887
5444,sub34,44,ling_word_target,-0.01359559612420641
5445,sub34,45,ling_word_target,0.016762824312446932
5446,sub34,46,ling_word_target,0.0064299487848025316
5447,sub34,47,ling_word_target,-0.004963939601387005
5448,sub34,48,ling_word_target,0.008920503385712101
5449,sub34,49,ling_word_target,-0.007833500181915809
5450,sub34,50,ling_word_target,-0.018076630116209014
5451,sub34,51,ling_word_target,0.005691404113071781
5452,sub34,52,ling_word_target,0.004747557710102048
5453,sub34,53,ling_word_target,-0.01924006641889771
5454,sub34,54,ling_word_target,-0.0017659035233816502
5455,sub34,55,ling_word_target,-0.007005307944689266
5456,sub34,56,ling_word_target,0.023702891977461577
5457,sub34,57,ling_word_target,-0.0012998648987002275
5458,sub34,58,ling_word_target,0.003204090238045303
5459,sub34,59,ling_word_target,-0.0030873061031836038
5460,sub34,60,ling_word_target,-0.0006734980423475747
5461,sub34,61,ling_word_target,-0.010907021749796
5462,sub34,62,ling_word_target,-0.005599707472247317
5463,sub34,63,ling_word_target,0.009488252394952776
5464,sub34,64,ling_word_target,-0.006051304517648159
5465,sub34,65,ling_word_target,-0.008878703756063798
5466,sub34,66,ling_word_target,-0.017086405520823463
5467,sub34,67,ling_word_target,-0.008154690628865348
5468,sub34,68,ling_word_target,0.003790368375795201
5469,sub34,69,ling_word_target,-0.002185135354112496
5470,sub34,70,ling_word_target,-0.006584298619504633
5471,sub34,71,ling_word_target,-0.005470971657435062
5472,sub34,72,ling_word_target,0.004819932761633777
5473,sub34,73,ling_word_target,-0.006696261360039725
5474,sub34,74,ling_word_target,0.005360385596444852
5475,sub34,75,ling_word_target,-0.015429205609412414
5476,sub34,76,ling_word_target,-0.0016285564405278893
5477,sub34,77,ling_word_target,-0.0025635578698570355
5478,sub34,78,ling_word_target,-0.0057376451099316024
5479,sub34,79,ling_word_target,-0.010822656232815616
5480,sub34,80,ling_word_target,0.017373603088861846
5481,sub34,81,ling_word_target,-0.009550378755556648
5482,sub34,82,ling_word_target,-0.0017869400007386321
5483,sub34,83,ling_word_target,-0.005831324804855351
5484,sub34,84,ling_word_target,-0.020085337418265896
5485,sub34,85,ling_word_target,0.005564967358411087
5486,sub34,86,ling_word_target,0.0005709277756153827
5487,sub34,87,ling_word_target,0.010962512107340018
5488,sub34,88,ling_word_target,0.007575806771210493
5489,sub34,89,ling_word_target,0.0017257859429145126
5490,sub34,90,ling_word_target,0.0059437636175163466
5491,sub34,91,ling_word_target,-0.009470017300038183
5492,sub34,92,ling_word_target,0.0002523995099281373
5493,sub34,93,ling_word_target,0.0012267824049385142
5494,sub34,94,ling_word_target,0.015145170551011482
5495,sub34,95,ling_word_target,0.0057105210551648316
5496,sub34,96,ling_word_target,-0.0012690896212778587
5497,sub34,97,ling_word_target,-0.008650072525899112
5498,sub34,98,ling_word_target,0.004678610751867994
5499,sub34,99,ling_word_target,0.01730789218324639
5500,sub34,100,ling_word_target,0.002000367465117733
5501,sub34,101,ling_word_target,0.004087267964499952
5502,sub34,102,ling_word_target,0.003205987833657108
5503,sub34,103,ling_word_target,0.01636721088347706
5504,sub34,104,ling_word_target,0.006393479218986752
5505,sub34,105,ling_word_target,0.0077535189843387755
5506,sub34,106,ling_word_target,-0.010492746490352338
5507,sub34,107,ling_word_target,-0.002064799087876035
5508,sub34,108,ling_word_target,0.0023617550847059433
5509,sub34,109,ling_word_target,0.005581245906567273
5510,sub34,110,ling_word_target,-0.014059471146225336
5511,sub34,111,ling_word_target,0.005632600060895228
5512,sub34,112,ling_word_target,-0.0021133024497673276
5513,sub34,113,ling_word_target,0.0021309106110203543
5514,sub34,114,ling_word_target,0.00010363150358464111
5515,sub34,115,ling_word_target,-0.00804239570488878
5516,sub34,116,ling_word_target,0.0011782632262118873
5517,sub34,117,ling_word_target,0.008134453807962586
5518,sub34,118,ling_word_target,0.010092286077094996
5519,sub34,119,ling_word_target,-0.02393263191116909
5520,sub34,120,ling_word_target,0.012957527412186339
5521,sub34,121,ling_word_target,0.0035653045469673347
5522,sub34,122,ling_word_target,0.0013504295592027464
5523,sub34,123,ling_word_target,-0.017007372873762555
5524,sub34,124,ling_word_target,-0.008409221560795212
5525,sub34,125,ling_word_target,0.0016281059328201947
5526,sub34,126,ling_word_target,-0.020167961904495216
5527,sub34,127,ling_word_target,-0.012048643882169734
5528,sub34,128,ling_word_target,-0.007251302924370889
5529,sub34,129,ling_word_target,-0.0023007059633001338
5530,sub34,130,ling_word_target,0.0030393446506774714
5531,sub34,131,ling_word_target,0.0015493751449745618
5532,sub34,132,ling_word_target,-0.006070648460753922
5533,sub34,133,ling_word_target,0.001930343335306131
5534,sub34,134,ling_word_target,-0.0034657404989228854
5535,sub34,135,ling_word_target,0.00034001860214996106
5536,sub34,136,ling_word_target,-0.0024302503833798657
5537,sub34,137,ling_word_target,0.000935964524617055
5538,sub34,138,ling_word_target,0.00860634269261531
5539,sub34,139,ling_word_target,-0.0006548418179121631
5540,sub34,140,ling_word_target,-0.008206769464427539
5541,sub34,141,ling_word_target,0.007260336881532477
5542,sub34,142,ling_word_target,0.009562031392906423
5543,sub34,143,ling_word_target,-0.008220339781276528
5544,sub34,144,ling_word_target,0.00701088335148071
5545,sub34,145,ling_word_target,0.007504402553699245
5546,sub34,146,ling_word_target,0.017784200562782928
5547,sub34,147,ling_word_target,-0.002019566716328418
5548,sub34,148,ling_word_target,0.009025581990425371
5549,sub34,149,ling_word_target,-0.00983580482851488
5550,sub34,150,ling_word_target,0.012833190673489944
5551,sub34,151,ling_word_target,0.002060830448231661
5552,sub34,152,ling_word_target,-0.006799558753781218
5553,sub34,153,ling_word_target,-0.006057974424650552
5554,sub34,154,ling_word_target,0.008161885763060825
5555,sub34,155,ling_word_target,-0.0003541712574836073
5556,sub34,156,ling_word_target,0.006275405409864665
5557,sub34,157,ling_word_target,0.010476014564315482
5558,sub34,158,ling_word_target,-0.01028951437030619
5559,sub34,159,ling_word_target,-0.010971086359822683
5560,sub34,160,ling_word_target,-0.008279382966524657
5561,sub34,161,ling_word_target,0.00825303304539501
5562,sub34,162,ling_word_target,-0.000843601483235148
5563,sub34,163,ling_word_target,-0.007760927360737911
5564,sub34,164,ling_word_target,-0.009399981514059533
5565,sub34,165,ling_word_target,-0.030155531885507986
5566,sub34,166,ling_word_target,-0.0032147959582393827
5567,sub34,167,ling_word_target,0.01157529267557205
5568,sub34,168,ling_word_target,-0.002418211746564833
5569,sub34,169,ling_word_target,-0.014381747027539703
5570,sub34,170,ling_word_target,-0.00229533547624776
5571,sub34,171,ling_word_target,-0.0007316157832215024
5572,sub34,172,ling_word_target,-0.009539828085978884
5573,sub34,173,ling_word_target,-0.021276279844146567
5574,sub34,174,ling_word_target,0.009212512208556458
5575,sub34,175,ling_word_target,0.006577094452999245
5576,sub34,176,ling_word_target,-0.01563737234269325
5577,sub34,177,ling_word_target,0.001498085956087901
5578,sub34,178,ling_word_target,0.0033158014797937513
5579,sub34,179,ling_word_target,0.015105175115417127
5580,sub34,180,ling_word_target,-0.0011148519646627256
5581,sub34,181,ling_word_target,-0.019670274174910136
5582,sub34,182,ling_word_target,-0.0006181048838847241
5583,sub34,183,ling_word_target,-0.007805087579235446
5584,sub34,184,ling_word_target,-0.015174381897342078
5585,sub34,185,ling_word_target,0.002663022788394017
5586,sub34,186,ling_word_target,0.006721439679968921
5587,sub34,187,ling_word_target,0.007127360217946547
5588,sub34,188,ling_word_target,-0.023079637162204177
5589,sub34,189,ling_word_target,0.0061216030916549065
5590,sub34,190,ling_word_target,-0.010504812301191633
5591,sub34,191,ling_word_target,-0.0006581817266580543
5592,sub34,192,ling_word_target,0.0009693440169922507
5593,sub34,193,ling_word_target,-0.010658978880247725
5594,sub34,194,ling_word_target,-0.008466639062910515
5595,sub34,195,ling_word_target,-0.013198337922231813
5596,sub34,196,ling_word_target,-0.0020965488455577793
5597,sub34,197,ling_word_target,0.0028221818298093766
5598,sub34,198,ling_word_target,-0.0072878054030818176
5599,sub34,199,ling_word_target,0.015710622479503784
5600,sub35,0,ling_word_target,-0.004084712027842849
5601,sub35,1,ling_word_target,0.007941128621020935
5602,sub35,2,ling_word_target,0.00326699954920093
5603,sub35,3,ling_word_target,0.0300453141090756
5604,sub35,4,ling_word_target,-0.006938055877602978
5605,sub35,5,ling_word_target,0.002406266411870473
5606,sub35,6,ling_word_target,-0.02372211346136572
5607,sub35,7,ling_word_target,0.001088636391555719
5608,sub35,8,ling_word_target,-0.0036895697336280816
5609,sub35,9,ling_word_target,-0.0048693049880776185
5610,sub35,10,ling_word_target,0.010024985404530881
5611,sub35,11,ling_word_target,0.018972973865778543
5612,sub35,12,ling_word_target,0.004040433693332465
5613,sub35,13,ling_word_target,-0.001473814107684633
5614,sub35,14,ling_word_target,0.01927938656888384
5615,sub35,15,ling_word_target,0.015428366194462452
5616,sub35,16,ling_word_target,-0.007578873174886379
5617,sub35,17,ling_word_target,-0.0288275950162568
5618,sub35,18,ling_word_target,0.028364382955502192
5619,sub35,19,ling_word_target,0.004924807705286732
5620,sub35,20,ling_word_target,0.002197973156300646
5621,sub35,21,ling_word_target,6.712691625009102e-05
5622,sub35,22,ling_word_target,-0.013873920844907607
5623,sub35,23,ling_word_target,-0.013749392782679065
5624,sub35,24,ling_word_target,-0.021698683036253653
5625,sub35,25,ling_word_target,0.03621867838633689
5626,sub35,26,ling_word_target,0.0011523722637382073
5627,sub35,27,ling_word_target,0.018344267180823274
5628,sub35,28,ling_word_target,0.00013451923096637048
5629,sub35,29,ling_word_target,-0.014686391446226141
5630,sub35,30,ling_word_target,-0.005550741034602727
5631,sub35,31,ling_word_target,-0.0006414475837144109
5632,sub35,32,ling_word_target,0.02391946675348852
5633,sub35,33,ling_word_target,0.006926003053531308
5634,sub35,34,ling_word_target,0.008523442094158722
5635,sub35,35,ling_word_target,0.002170662963503347
5636,sub35,36,ling_word_target,0.016367628207446243
5637,sub35,37,ling_word_target,-0.0033495058993767007
5638,sub35,38,ling_word_target,0.0011669939786026983
5639,sub35,39,ling_word_target,0.004421536266615947
5640,sub35,40,ling_word_target,-0.0023130160108850496
5641,sub35,41,ling_word_target,0.007803823462745571
5642,sub35,42,ling_word_target,-0.019638246456776007
5643,sub35,43,ling_word_target,0.014450039260908779
5644,sub35,44,ling_word_target,0.01161027748308088
5645,sub35,45,ling_word_target,0.00602743561794754
5646,sub35,46,ling_word_target,-0.01514861898318104
5647,sub35,47,ling_word_target,0.0011902569212666368
5648,sub35,48,ling_word_target,0.010755029944926811
5649,sub35,49,ling_word_target,0.004097950913673931
5650,sub35,50,ling_word_target,-0.0013305708816982664
5651,sub35,51,ling_word_target,0.003146135069787873
5652,sub35,52,ling_word_target,-0.021764452215254197
5653,sub35,53,ling_word_target,-0.003509847147768128
5654,sub35,54,ling_word_target,-0.0015294778806336285
5655,sub35,55,ling_word_target,-0.0010483290179804602
5656,sub35,56,ling_word_target,0.03637926200451939
5657,sub35,57,ling_word_target,0.00962812104399394
5658,sub35,58,ling_word_target,0.005131850836447708
5659,sub35,59,ling_word_target,0.005689694771552484
5660,sub35,60,ling_word_target,-0.010060760810736737
5661,sub35,61,ling_word_target,-0.02884083617608186
5662,sub35,62,ling_word_target,0.00823325841481237
5663,sub35,63,ling_word_target,0.0008015115061004504
5664,sub35,64,ling_word_target,0.010995464697002744
5665,sub35,65,ling_word_target,0.0009830885338938033
5666,sub35,66,ling_word_target,0.021390811397910763
5667,sub35,67,ling_word_target,0.012999571961401949
5668,sub35,68,ling_word_target,-0.005559996867726511
5669,sub35,69,ling_word_target,-0.00022725342522100068
5670,sub35,70,ling_word_target,0.02215005209177888
5671,sub35,71,ling_word_target,0.01207584107995997
5672,sub35,72,ling_word_target,0.006969521773442532
5673,sub35,73,ling_word_target,0.012208715791001684
5674,sub35,74,ling_word_target,-0.013294077992478509
5675,sub35,75,ling_word_target,0.010283057666986799
5676,sub35,76,ling_word_target,-0.03838637413324435
5677,sub35,77,ling_word_target,-0.0015954277626629308
5678,sub35,78,ling_word_target,-0.010391627073297636
5679,sub35,79,ling_word_target,-0.0034447219911278837
5680,sub35,80,ling_word_target,0.007658356837414733
5681,sub35,81,ling_word_target,-0.018310098698752376
5682,sub35,82,ling_word_target,-0.014652752465344584
5683,sub35,83,ling_word_target,-0.004722206477364705
5684,sub35,84,ling_word_target,0.0020616535483023077
5685,sub35,85,ling_word_target,-0.020324897297094094
5686,sub35,86,ling_word_target,0.007118820826100794
5687,sub35,87,ling_word_target,-0.01654234969487331
5688,sub35,88,ling_word_target,-0.005000982248780381
5689,sub35,89,ling_word_target,0.0022962835280360165
5690,sub35,90,ling_word_target,0.007058259497319082
5691,sub35,91,ling_word_target,0.0025413333592372656
5692,sub35,92,ling_word_target,0.005943083624134989
5693,sub35,93,ling_word_target,0.01480108025635449
5694,sub35,94,ling_word_target,-0.005142494256281892
5695,sub35,95,ling_word_target,-0.0004909189262154467
5696,sub35,96,ling_word_target,0.011715796533629754
5697,sub35,97,ling_word_target,-0.009440783465440925
5698,sub35,98,ling_word_target,0.009939382180431097
5699,sub35,99,ling_word_target,-0.005172129446011514
5700,sub35,100,ling_word_target,0.0199737936338639
5701,sub35,101,ling_word_target,-0.017941145979289967
5702,sub35,102,ling_word_target,-0.00870982725764078
5703,sub35,103,ling_word_target,0.003181452730335617
5704,sub35,104,ling_word_target,0.016291961795408212
5705,sub35,105,ling_word_target,-0.0005765309434509702
5706,sub35,106,ling_word_target,0.008303669261084827
5707,sub35,107,ling_word_target,0.009193270186036486
5708,sub35,108,ling_word_target,-0.010600556542980465
5709,sub35,109,ling_word_target,-0.014672156481501145
5710,sub35,110,ling_word_target,0.005759665760015496
5711,sub35,111,ling_word_target,-0.0017283859059830063
5712,sub35,112,ling_word_target,-0.0005813265692529542
5713,sub35,113,ling_word_target,-0.006749948461889907
5714,sub35,114,ling_word_target,0.006873130239260614
5715,sub35,115,ling_word_target,-0.0025481492581357623
5716,sub35,116,ling_word_target,-6.862722417344811e-05
5717,sub35,117,ling_word_target,0.006739742152142463
5718,sub35,118,ling_word_target,0.017506975851852544
5719,sub35,119,ling_word_target,0.0008244476891050465
5720,sub35,120,ling_word_target,-0.004362440438064036
5721,sub35,121,ling_word_target,-0.0024980564128264477
5722,sub35,122,ling_word_target,-0.002959110688810193
5723,sub35,123,ling_word_target,-0.010263611914509061
5724,sub35,124,ling_word_target,-0.013875813963647307
5725,sub35,125,ling_word_target,0.012905126697445264
5726,sub35,126,ling_word_target,-0.01871346218605467
5727,sub35,127,ling_word_target,0.0026836110576354427
5728,sub35,128,ling_word_target,0.0125135253931607
5729,sub35,129,ling_word_target,0.0018847959047137838
5730,sub35,130,ling_word_target,-0.009773065112289495
5731,sub35,131,ling_word_target,0.0072709521643467894
5732,sub35,132,ling_word_target,0.0018750000898932727
5733,sub35,133,ling_word_target,-0.007028240870565108
5734,sub35,134,ling_word_target,0.0006346411538218402
5735,sub35,135,ling_word_target,-0.00738162489279917
5736,sub35,136,ling_word_target,0.0013514482430653407
5737,sub35,137,ling_word_target,-0.009705461350015933
5738,sub35,138,ling_word_target,0.010014407083683228
5739,sub35,139,ling_word_target,-0.019986699453430474
5740,sub35,140,ling_word_target,-0.012636890843296571
5741,sub35,141,ling_word_target,-0.024507498491380928
5742,sub35,142,ling_word_target,0.0071277000697590525
5743,sub35,143,ling_word_target,0.0025075664281802917
5744,sub35,144,ling_word_target,0.01694273558370931
5745,sub35,145,ling_word_target,-0.002678221499012105
5746,sub35,146,ling_word_target,0.0027789986155113446
5747,sub35,147,ling_word_target,-0.012656001543611852
5748,sub35,148,ling_word_target,0.016251979153632152
5749,sub35,149,ling_word_target,-0.006943891515989242
5750,sub35,150,ling_word_target,0.0004763567317706629
5751,sub35,151,ling_word_target,0.0004029831417144719
5752,sub35,152,ling_word_target,0.02066991154727784
5753,sub35,153,ling_word_target,-0.008053801778025135
5754,sub35,154,ling_word_target,-0.0012426272190082792
5755,sub35,155,ling_word_target,-0.007857334412975347
5756,sub35,156,ling_word_target,-0.027300085092219473
5757,sub35,157,ling_word_target,-0.022105702921056878
5758,sub35,158,ling_word_target,0.003882118313192615
5759,sub35,159,ling_word_target,0.021999229012909727
5760,sub35,160,ling_word_target,-0.012165680860001284
5761,sub35,161,ling_word_target,0.003002169401705096
5762,sub35,162,ling_word_target,-0.004550333054575897
5763,sub35,163,ling_word_target,0.013931098744035546
5764,sub35,164,ling_word_target,-0.001267736264205645
5765,sub35,165,ling_word_target,0.01207384773834908
5766,sub35,166,ling_word_target,0.0024910490156281064
5767,sub35,167,ling_word_target,0.012579516519722785
5768,sub35,168,ling_word_target,-0.005952128190115598
5769,sub35,169,ling_word_target,-0.02086603750190994
5770,sub35,170,ling_word_target,-0.00013022425629619398
5771,sub35,171,ling_word_target,0.011581876554536791
5772,sub35,172,ling_word_target,0.0034315743638529093
5773,sub35,173,ling_word_target,-0.005158459976781358
5774,sub35,174,ling_word_target,0.0059757186377588966
5775,sub35,175,ling_word_target,-0.010738053403564473
5776,sub35,176,ling_word_target,-0.0001246768860283548
5777,sub35,177,ling_word_target,-0.00498747554202149
5778,sub35,178,ling_word_target,0.002322424269463854
5779,sub35,179,ling_word_target,0.01243577923190485
5780,sub35,180,ling_word_target,0.0021918475739316455
5781,sub35,181,ling_word_target,-0.008523473353834785
5782,sub35,182,ling_word_target,-0.007042676565676363
5783,sub35,183,ling_word_target,-0.005610059979907067
5784,sub35,184,ling_word_target,-0.009036745576157407
5785,sub35,185,ling_word_target,-0.0031533293917371708
5786,sub35,186,ling_word_target,0.012084746987146183
5787,sub35,187,ling_word_target,0.0009726130844889625
5788,sub35,188,ling_word_target,-0.012491553621770953
5789,sub35,189,ling_word_target,0.004437107647269154
5790,sub35,190,ling_word_target,0.005711680698215365
5791,sub35,191,ling_word_target,-0.009549858831464895
5792,sub35,192,ling_word_target,0.011587567483834556
5793,sub35,193,ling_word_target,0.021225286073385755
5794,sub35,194,ling_word_target,0.002680829422541847
5795,sub35,195,ling_word_target,0.01047993108472406
5796,sub35,196,ling_word_target,-0.0018464804998414182
5797,sub35,197,ling_word_target,-0.0020400753109808814
5798,sub35,198,ling_word_target,0.010224628611550513
5799,sub35,199,ling_word_target,-0.02186405842300893
5800,sub36,0,ling_word_target,0.013241643342315642
5801,sub36,1,ling_word_target,0.014123111765887634
5802,sub36,2,ling_word_target,0.008410343167784296
5803,sub36,3,ling_word_target,-0.015997979111335027
5804,sub36,4,ling_word_target,0.027078850964863715
5805,sub36,5,ling_word_target,0.003200033668292023
5806,sub36,6,ling_word_target,0.01242442282758421
5807,sub36,7,ling_word_target,0.004128267038268469
5808,sub36,8,ling_word_target,0.01335202969211915
5809,sub36,9,ling_word_target,0.011392093860654649
5810,sub36,10,ling_word_target,-0.018063790074728664
5811,sub36,11,ling_word_target,-0.005793736729480254
5812,sub36,12,ling_word_target,0.0047497257275520245
5813,sub36,13,ling_word_target,0.00647283967017476
5814,sub36,14,ling_word_target,0.012023156605259107
5815,sub36,15,ling_word_target,-0.014685491098499063
5816,sub36,16,ling_word_target,-0.010681958244613802
5817,sub36,17,ling_word_target,0.018298665928467232
5818,sub36,18,ling_word_target,0.0037642825130924065
5819,sub36,19,ling_word_target,0.009505362927095865
5820,sub36,20,ling_word_target,0.030150636921584956
5821,sub36,21,ling_word_target,-0.0037187387703939857
5822,sub36,22,ling_word_target,-0.011992800642164658
5823,sub36,23,ling_word_target,-0.012810977319855038
5824,sub36,24,ling_word_target,-0.015142326906663783
5825,sub36,25,ling_word_target,0.030646444598421314
5826,sub36,26,ling_word_target,0.00553238389158979
5827,sub36,27,ling_word_target,-0.00955880938635307
5828,sub36,28,ling_word_target,0.009560073186835055
5829,sub36,29,ling_word_target,-0.010295945991170431
5830,sub36,30,ling_word_target,-0.010284958806882818
5831,sub36,31,ling_word_target,-0.014464680299655582
5832,sub36,32,ling_word_target,0.019341934516098877
5833,sub36,33,ling_word_target,0.003142249527455927
5834,sub36,34,ling_word_target,-0.0030514156864612082
5835,sub36,35,ling_word_target,0.019267816704236548
5836,sub36,36,ling_word_target,0.009086596910447478
5837,sub36,37,ling_word_target,0.04082495883624046
5838,sub36,38,ling_word_target,-0.018859666569820202
5839,sub36,39,ling_word_target,-0.023025672013479576
5840,sub36,40,ling_word_target,-0.00869861917915521
5841,sub36,41,ling_word_target,0.0009265055044199107
5842,sub36,42,ling_word_target,-0.008984838065888076
5843,sub36,43,ling_word_target,0.004293405799615808
5844,sub36,44,ling_word_target,0.02443253270150863
5845,sub36,45,ling_word_target,-0.008767599725332509
5846,sub36,46,ling_word_target,0.03755508284426632
5847,sub36,47,ling_word_target,-0.012838699580432171
5848,sub36,48,ling_word_target,0.005534931677572928
5849,sub36,49,ling_word_target,-0.002764795108588519
5850,sub36,50,ling_word_target,-0.0006804704717082828
5851,sub36,51,ling_word_target,-0.012012166623948994
5852,sub36,52,ling_word_target,-0.0005806548815793877
5853,sub36,53,ling_word_target,-0.009893401716082717
5854,sub36,54,ling_word_target,-0.04356969976405824
5855,sub36,55,ling_word_target,0.006264506675173398
5856,sub36,56,ling_word_target,0.013332459223050637
5857,sub36,57,ling_word_target,0.007375397051918023
5858,sub36,58,ling_word_target,-0.006369142421081805
5859,sub36,59,ling_word_target,0.007185656259379018
5860,sub36,60,ling_word_target,-0.02106761514060568
5861,sub36,61,ling_word_target,0.0031941909525979753
5862,sub36,62,ling_word_target,0.011541552471491008
5863,sub36,63,ling_word_target,-0.015160434003812588
5864,sub36,64,ling_word_target,-0.0024802555843090562
5865,sub36,65,ling_word_target,0.01959394347060283
5866,sub36,66,ling_word_target,-0.0008789619460714874
5867,sub36,67,ling_word_target,-0.0012931831922315044
5868,sub36,68,ling_word_target,-0.010580561133606128
5869,sub36,69,ling_word_target,0.01774893048749448
5870,sub36,70,ling_word_target,0.012651118696534772
5871,sub36,71,ling_word_target,0.01215880672010099
5872,sub36,72,ling_word_target,-0.015123500529237065
5873,sub36,73,ling_word_target,-0.008430054528076896
5874,sub36,74,ling_word_target,0.01041987251236006
5875,sub36,75,ling_word_target,0.014400965793014135
5876,sub36,76,ling_word_target,-0.000854204238207266
5877,sub36,77,ling_word_target,0.021463839012940193
5878,sub36,78,ling_word_target,0.011724583974128526
5879,sub36,79,ling_word_target,-0.005799165901882704
5880,sub36,80,ling_word_target,-0.013917335744055969
5881,sub36,81,ling_word_target,0.007055013458179254
5882,sub36,82,ling_word_target,-0.006247462544874941
5883,sub36,83,ling_word_target,-0.011761833194464118
5884,sub36,84,ling_word_target,-0.0024413452235290097
5885,sub36,85,ling_word_target,0.006362958830313178
5886,sub36,86,ling_word_target,-0.0005632271266717761
5887,sub36,87,ling_word_target,0.056158897413153934
5888,sub36,88,ling_word_target,-0.018292466350975038
5889,sub36,89,ling_word_target,-0.024717420155736494
5890,sub36,90,ling_word_target,0.006301222166663354
5891,sub36,91,ling_word_target,0.023157340854925015
5892,sub36,92,ling_word_target,0.02314448636299686
5893,sub36,93,ling_word_target,0.020450534841214806
5894,sub36,94,ling_word_target,0.011276325192088656
5895,sub36,95,ling_word_target,-0.008733440877819519
5896,sub36,96,ling_word_target,-0.04771541233402253
5897,sub36,97,ling_word_target,0.0002509881710622691
5898,sub36,98,ling_word_target,0.002250165452343702
5899,sub36,99,ling_word_target,0.025001110334399113
5900,sub36,100,ling_word_target,0.016898306330686567
5901,sub36,101,ling_word_target,0.0026862852138623654
5902,sub36,102,ling_word_target,0.0016364874889573857
5903,sub36,103,ling_word_target,-0.008040861505981546
5904,sub36,104,ling_word_target,-0.00038739665196809337
5905,sub36,105,ling_word_target,-0.009697773289868466
5906,sub36,106,ling_word_target,-0.006886730001568979
5907,sub36,107,ling_word_target,0.013661356797935158
5908,sub36,108,ling_word_target,-0.013758034126512117
5909,sub36,109,ling_word_target,0.0193313354730194
5910,sub36,110,ling_word_target,-0.007469122494221842
5911,sub36,111,ling_word_target,0.008107295759179964
5912,sub36,112,ling_word_target,0.005704803765523276
5913,sub36,113,ling_word_target,0.02165589667654201
5914,sub36,114,ling_word_target,0.001009460601576786
5915,sub36,115,ling_word_target,-0.012811654333954602
5916,sub36,116,ling_word_target,0.02070468822316368
5917,sub36,117,ling_word_target,-0.004670491607102807
5918,sub36,118,ling_word_target,-0.018987415577241623
5919,sub36,119,ling_word_target,0.005124826473222113
5920,sub36,120,ling_word_target,0.0030807642024162757
5921,sub36,121,ling_word_target,-0.006833539989164211
5922,sub36,122,ling_word_target,0.005342897471662506
5923,sub36,123,ling_word_target,0.013824482226237831
5924,sub36,124,ling_word_target,-0.012504004480238558
5925,sub36,125,ling_word_target,0.023773266293182438
5926,sub36,126,ling_word_target,0.008040421561531872
5927,sub36,127,ling_word_target,-0.0016588357956781993
5928,sub36,128,ling_word_target,0.014953112712671406
5929,sub36,129,ling_word_target,0.02008013026093547
5930,sub36,130,ling_word_target,0.01625637893315965
5931,sub36,131,ling_word_target,0.00764986473680649
5932,sub36,132,ling_word_target,-0.035683060286854223
5933,sub36,133,ling_word_target,0.026507881257211867
5934,sub36,134,ling_word_target,-0.0010126158973780572
5935,sub36,135,ling_word_target,0.03288958026529754
5936,sub36,136,ling_word_target,-0.02676832657249262
5937,sub36,137,ling_word_target,-0.0012399050381350172
5938,sub36,138,ling_word_target,0.006551373602790831
5939,sub36,139,ling_word_target,0.0038909730794626338
5940,sub36,140,ling_word_target,0.01834275453751439
5941,sub36,141,ling_word_target,0.005713845386185079
5942,sub36,142,ling_word_target,-0.011222591929528883
5943,sub36,143,ling_word_target,0.008581017099835043
5944,sub36,144,ling_word_target,0.0001843904527339272
5945,sub36,145,ling_word_target,-0.010539326863268387
5946,sub36,146,ling_word_target,0.025622019808072227
5947,sub36,147,ling_word_target,-0.001120415166160497
5948,sub36,148,ling_word_target,0.019111532155049314
5949,sub36,149,ling_word_target,-0.0007181503330978362
5950,sub36,150,ling_word_target,-0.018714544108220026
5951,sub36,151,ling_word_target,-0.0010438485208712838
5952,sub36,152,ling_word_target,-0.0025664320007988454
5953,sub36,153,ling_word_target,0.011849892790506519
5954,sub36,154,ling_word_target,0.029897256807923395
5955,sub36,155,ling_word_target,0.024353877736099608
5956,sub36,156,ling_word_target,0.01342611667969134
5957,sub36,157,ling_word_target,0.030745926921628173
5958,sub36,158,ling_word_target,0.019580510813953143
5959,sub36,159,ling_word_target,-0.0012742042830892546
5960,sub36,160,ling_word_target,0.041363036472232995
5961,sub36,161,ling_word_target,0.007909060835251034
5962,sub36,162,ling_word_target,0.026634492991186347
5963,sub36,163,ling_word_target,0.019962378769361196
5964,sub36,164,ling_word_target,-0.021057900409127656
5965,sub36,165,ling_word_target,0.013706630459179447
5966,sub36,166,ling_word_target,-0.017367613371136913
5967,sub36,167,ling_word_target,-0.005812379014772362
5968,sub36,168,ling_word_target,-0.0113361292081067
5969,sub36,169,ling_word_target,-0.00034984866568154216
5970,sub36,170,ling_word_target,0.0008761090561328391
5971,sub36,171,ling_word_target,-0.017293083564781098
5972,sub36,172,ling_word_target,-0.02187634331907767
5973,sub36,173,ling_word_target,0.014231929110064781
5974,sub36,174,ling_word_target,-0.004224358784745858
5975,sub36,175,ling_word_target,-0.04640392525105356
5976,sub36,176,ling_word_target,0.018516929739367978
5977,sub36,177,ling_word_target,0.006832510007366183
5978,sub36,178,ling_word_target,-0.01644029555160765
5979,sub36,179,ling_word_target,0.02030491913454353
5980,sub36,180,ling_word_target,-0.005814611542864648
5981,sub36,181,ling_word_target,0.0020812036399159703
5982,sub36,182,ling_word_target,0.014481147829143124
5983,sub36,183,ling_word_target,0.001039003837205215
5984,sub36,184,ling_word_target,-0.007515542051691142
5985,sub36,185,ling_word_target,-0.009331032294105316
5986,sub36,186,ling_word_target,-0.008168108543509932
5987,sub36,187,ling_word_target,0.011843078484609275
5988,sub36,188,ling_word_target,0.002588093382112071
5989,sub36,189,ling_word_target,0.02394126358452527
5990,sub36,190,ling_word_target,-0.005224949020876325
5991,sub36,191,ling_word_target,0.03453133565115181
5992,sub36,192,ling_word_target,0.019866311170858963
5993,sub36,193,ling_word_target,0.0010077384798585025
5994,sub36,194,ling_word_target,0.043262017100353496
5995,sub36,195,ling_word_target,0.006526738050439391
5996,sub36,196,ling_word_target,0.006238474862287834
5997,sub36,197,ling_word_target,0.007760602763942822
5998,sub36,198,ling_word_target,0.001629104222003413
5999,sub36,199,ling_word_target,-0.002462436503808293
6000,sub37,0,ling_word_target,-0.006373279965767186
6001,sub37,1,ling_word_target,0.004313335040501323
6002,sub37,2,ling_word_target,0.005177158817831026
6003,sub37,3,ling_word_target,-0.031043719928184343
6004,sub37,4,ling_word_target,0.006960180686607297
6005,sub37,5,ling_word_target,-0.01061604782309103
6006,sub37,6,ling_word_target,0.002933642367208098
6007,sub37,7,ling_word_target,0.008268286729933162
6008,sub37,8,ling_word_target,-0.0047957743573988024
6009,sub37,9,ling_word_target,0.009502557539046205
6010,sub37,10,ling_word_target,-0.0015185315117524387
6011,sub37,11,ling_word_target,0.0009678482046659073
6012,sub37,12,ling_word_target,-0.001421244800569067
6013,sub37,13,ling_word_target,0.03384531990903225
6014,sub37,14,ling_word_target,-0.03318214529345329
6015,sub37,15,ling_word_target,-0.008734085188086722
6016,sub37,16,ling_word_target,-0.01607668343775417
6017,sub37,17,ling_word_target,0.003946726709946616
6018,sub37,18,ling_word_target,0.018175872455411666
6019,sub37,19,ling_word_target,-0.003680072742114915
6020,sub37,20,ling_word_target,-0.0030302773806397993
6021,sub37,21,ling_word_target,-0.00316194705330671
6022,sub37,22,ling_word_target,-0.010586403242241683
6023,sub37,23,ling_word_target,0.00013615316542498108
6024,sub37,24,ling_word_target,0.0006917078828889065
6025,sub37,25,ling_word_target,0.007506569324814457
6026,sub37,26,ling_word_target,-0.006904575350457131
6027,sub37,27,ling_word_target,-0.004561347702343716
6028,sub37,28,ling_word_target,0.009409507977697146
6029,sub37,29,ling_word_target,-0.016753370608183216
6030,sub37,30,ling_word_target,0.0008730526562561979
6031,sub37,31,ling_word_target,0.0162448491950832
6032,sub37,32,ling_word_target,-0.03455537991532779
6033,sub37,33,ling_word_target,0.002751534475860038
6034,sub37,34,ling_word_target,-0.0019905445578044267
6035,sub37,35,ling_word_target,-0.003105024197331312
6036,sub37,36,ling_word_target,0.03377219567642745
6037,sub37,37,ling_word_target,0.017756802805870223
6038,sub37,38,ling_word_target,0.011817950513349345
6039,sub37,39,ling_word_target,-0.0005098287994898812
6040,sub37,40,ling_word_target,0.001491745591158898
6041,sub37,41,ling_word_target,0.0063272192826336
6042,sub37,42,ling_word_target,0.00021307144543614143
6043,sub37,43,ling_word_target,-0.00751924349545907
6044,sub37,44,ling_word_target,0.007853655023990571
6045,sub37,45,ling_word_target,-0.016822134127790513
6046,sub37,46,ling_word_target,-0.003808290985267943
6047,sub37,47,ling_word_target,0.012146045864024799
6048,sub37,48,ling_word_target,-0.009379373096900947
6049,sub37,49,ling_word_target,-0.01328696637487345
6050,sub37,50,ling_word_target,-0.004784351234524071
6051,sub37,51,ling_word_target,0.014801298352232884
6052,sub37,52,ling_word_target,0.0019928217709197188
6053,sub37,53,ling_word_target,0.012424368896082167
6054,sub37,54,ling_word_target,-0.006645415681307654
6055,sub37,55,ling_word_target,-0.00020559210632767615
6056,sub37,56,ling_word_target,-0.012788649703273463
6057,sub37,57,ling_word_target,0.01212179566855163
6058,sub37,58,ling_word_target,-4.889906665952472e-05
6059,sub37,59,ling_word_target,-0.002067990250795454
6060,sub37,60,ling_word_target,0.0011291860774354998
6061,sub37,61,ling_word_target,-0.020166278356216483
6062,sub37,62,ling_word_target,-0.014894398118667688
6063,sub37,63,ling_word_target,0.027697745378036338
6064,sub37,64,ling_word_target,0.0018127190723664125
6065,sub37,65,ling_word_target,0.024365420643079932
6066,sub37,66,ling_word_target,0.002045397572590949
6067,sub37,67,ling_word_target,-0.004759992663152653
6068,sub37,68,ling_word_target,-0.009637293321308943
6069,sub37,69,ling_word_target,-0.0013007721498669144
6070,sub37,70,ling_word_target,-0.016852374210905095
6071,sub37,71,ling_word_target,-0.0038822036652221364
6072,sub37,72,ling_word_target,-0.007660625802669038
6073,sub37,73,ling_word_target,0.026799844173278454
6074,sub37,74,ling_word_target,0.003832414528112891
6075,sub37,75,ling_word_target,0.018565254118274328
6076,sub37,76,ling_word_target,0.009831333819742044
6077,sub37,77,ling_word_target,0.022881439382348375
6078,sub37,78,ling_word_target,0.01800624556971217
6079,sub37,79,ling_word_target,0.004442687811223707
6080,sub37,80,ling_word_target,0.0024036015226198853
6081,sub37,81,ling_word_target,-0.01909588776245296
6082,sub37,82,ling_word_target,0.0014271953744362036
6083,sub37,83,ling_word_target,-0.005456277765408598
6084,sub37,84,ling_word_target,0.00976509742817151
6085,sub37,85,ling_word_target,0.014049374242861807
6086,sub37,86,ling_word_target,0.011811899485140775
6087,sub37,87,ling_word_target,0.00789460303472396
6088,sub37,88,ling_word_target,-0.0028789771896247686
6089,sub37,89,ling_word_target,-0.009678645602155192
6090,sub37,90,ling_word_target,-0.006951376923422008
6091,sub37,91,ling_word_target,-0.01704293400206603
6092,sub37,92,ling_word_target,0.007555089430186752
6093,sub37,93,ling_word_target,0.02088920351012513
6094,sub37,94,ling_word_target,0.0034926670319481773
6095,sub37,95,ling_word_target,-0.0055040742362005264
6096,sub37,96,ling_word_target,-0.005186090245901491
6097,sub37,97,ling_word_target,-0.0019428196620481196
6098,sub37,98,ling_word_target,0.023000696467160412
6099,sub37,99,ling_word_target,0.00469803505792029
6100,sub37,100,ling_word_target,0.001583560778248987
6101,sub37,101,ling_word_target,-0.007287941649705654
6102,sub37,102,ling_word_target,0.0108826760516428
6103,sub37,103,ling_word_target,0.008086826548690133
6104,sub37,104,ling_word_target,-0.00809857593540875
6105,sub37,105,ling_word_target,-0.0212343376235528
6106,sub37,106,ling_word_target,0.010598993775319612
6107,sub37,107,ling_word_target,-0.012804957092220102
6108,sub37,108,ling_word_target,0.0037791093335525407
6109,sub37,109,ling_word_target,0.00483323516173253
6110,sub37,110,ling_word_target,-0.019088326111387437
6111,sub37,111,ling_word_target,0.004576046885540576
6112,sub37,112,ling_word_target,0.004375718643856777
6113,sub37,113,ling_word_target,-0.014353774588720886
6114,sub37,114,ling_word_target,0.0021837378562020613
6115,sub37,115,ling_word_target,0.007176745257953226
6116,sub37,116,ling_word_target,-0.004789672770659982
6117,sub37,117,ling_word_target,-0.005435680287551315
6118,sub37,118,ling_word_target,-0.0023167343187450343
6119,sub37,119,ling_word_target,-0.017438912119387903
6120,sub37,120,ling_word_target,-0.02558590795405618
6121,sub37,121,ling_word_target,-0.01776117342985423
6122,sub37,122,ling_word_target,0.01847064691577392
6123,sub37,123,ling_word_target,0.013042430828506537
6124,sub37,124,ling_word_target,-0.02084436930267433
6125,sub37,125,ling_word_target,-0.015399692425250503
6126,sub37,126,ling_word_target,0.014939093158632056
6127,sub37,127,ling_word_target,0.014698018645387407
6128,sub37,128,ling_word_target,0.016024790280751107
6129,sub37,129,ling_word_target,0.0008966742061250984
6130,sub37,130,ling_word_target,0.01149830639749851
6131,sub37,131,ling_word_target,0.005687422597359271
6132,sub37,132,ling_word_target,-0.018003952273239428
6133,sub37,133,ling_word_target,-0.0009657921381434378
6134,sub37,134,ling_word_target,0.024491303998144913
6135,sub37,135,ling_word_target,-0.0009423046911895616
6136,sub37,136,ling_word_target,0.013787704611068916
6137,sub37,137,ling_word_target,0.002814741010834008
6138,sub37,138,ling_word_target,-0.020268405054737745
6139,sub37,139,ling_word_target,0.008463087739757943
6140,sub37,140,ling_word_target,0.009928707306715388
6141,sub37,141,ling_word_target,0.0037075444082168745
6142,sub37,142,ling_word_target,-0.014811625135913737
6143,sub37,143,ling_word_target,-0.0038414878237514527
6144,sub37,144,ling_word_target,0.0088282724722268
6145,sub37,145,ling_word_target,-0.01508493414863129
6146,sub37,146,ling_word_target,-0.006616052972434153
6147,sub37,147,ling_word_target,0.006551859030552794
6148,sub37,148,ling_word_target,-0.009553962460225633
6149,sub37,149,ling_word_target,0.009169495249526736
6150,sub37,150,ling_word_target,0.0016794226935702486
6151,sub37,151,ling_word_target,-0.005853827317254442
6152,sub37,152,ling_word_target,0.00959874320989233
6153,sub37,153,ling_word_target,-0.00332741589230229
6154,sub37,154,ling_word_target,-0.012253888644174798
6155,sub37,155,ling_word_target,0.004206585748069455
6156,sub37,156,ling_word_target,0.005867098212363267
6157,sub37,157,ling_word_target,-0.0069773380202273454
6158,sub37,158,ling_word_target,-0.005283646904028671
6159,sub37,159,ling_word_target,-0.008752957488295491
6160,sub37,160,ling_word_target,-0.038178109144280624
6161,sub37,161,ling_word_target,0.011593069676107855
6162,sub37,162,ling_word_target,-0.007819595784774473
6163,sub37,163,ling_word_target,0.004534371406075812
6164,sub37,164,ling_word_target,0.013049029880643517
6165,sub37,165,ling_word_target,0.005999355701518006
6166,sub37,166,ling_word_target,-0.028751130089726788
6167,sub37,167,ling_word_target,0.011422277743084377
6168,sub37,168,ling_word_target,-0.005533576878164923
6169,sub37,169,ling_word_target,0.027476287226344598
6170,sub37,170,ling_word_target,0.0018259072540219852
6171,sub37,171,ling_word_target,-0.004730338700299291
6172,sub37,172,ling_word_target,-0.012395280585959805
6173,sub37,173,ling_word_target,0.008677074662819724
6174,sub37,174,ling_word_target,-0.022152762027173634
6175,sub37,175,ling_word_target,0.0022399017109233344
6176,sub37,176,ling_word_target,0.004580687303965685
6177,sub37,177,ling_word_target,-0.0006251218338111369
6178,sub37,178,ling_word_target,0.0029647455933069964
6179,sub37,179,ling_word_target,0.0006822048483071684
6180,sub37,180,ling_word_target,-0.012197162296158807
6181,sub37,181,ling_word_target,0.0025438835872323593
6182,sub37,182,ling_word_target,0.01730357531958953
6183,sub37,183,ling_word_target,-0.025195623305525962
6184,sub37,184,ling_word_target,0.02525681820369992
6185,sub37,185,ling_word_target,0.031097744852063784
6186,sub37,186,ling_word_target,0.0085169504125405
6187,sub37,187,ling_word_target,0.0011632429317864343
6188,sub37,188,ling_word_target,0.001827899675544473
6189,sub37,189,ling_word_target,0.008474702324315176
6190,sub37,190,ling_word_target,-0.01190664208187886
6191,sub37,191,ling_word_target,0.01663025780167564
6192,sub37,192,ling_word_target,-1.64891854817687e-05
6193,sub37,193,ling_word_target,0.00857582413937828
6194,sub37,194,ling_word_target,0.0023028776143099203
6195,sub37,195,ling_word_target,-0.007428284373281119
6196,sub37,196,ling_word_target,-0.002735669781687653
6197,sub37,197,ling_word_target,0.021122846751371896
6198,sub37,198,ling_word_target,-0.013472850045715488
6199,sub37,199,ling_word_target,0.003166267357253986
6200,sub38,0,ling_word_target,-0.0031238103060628247
6201,sub38,1,ling_word_target,0.00886147360132408
6202,sub38,2,ling_word_target,0.013911890452838152
6203,sub38,3,ling_word_target,-0.036160792622900936
6204,sub38,4,ling_word_target,0.016856968272475757
6205,sub38,5,ling_word_target,-0.014134193914154687
6206,sub38,6,ling_word_target,0.01990702363164566
6207,sub38,7,ling_word_target,0.025869968294696434
6208,sub38,8,ling_word_target,0.004293731693239916
6209,sub38,9,ling_word_target,-0.012838463129077663
6210,sub38,10,ling_word_target,0.006138442005356247
6211,sub38,11,ling_word_target,-0.019177479339346503
6212,sub38,12,ling_word_target,0.0053554609656868875
6213,sub38,13,ling_word_target,0.020870332631793075
6214,sub38,14,ling_word_target,0.010416253573026125
6215,sub38,15,ling_word_target,0.002133653065049334
6216,sub38,16,ling_word_target,0.011156741192108589
6217,sub38,17,ling_word_target,0.01791862694383471
6218,sub38,18,ling_word_target,-0.005611271810747834
6219,sub38,19,ling_word_target,0.027601951872833767
6220,sub38,20,ling_word_target,0.0054075898652408225
6221,sub38,21,ling_word_target,0.01719044940799892
6222,sub38,22,ling_word_target,0.005806850850350305
6223,sub38,23,ling_word_target,0.010381691112872356
6224,sub38,24,ling_word_target,0.0007692532624704199
6225,sub38,25,ling_word_target,0.017918899196767202
6226,sub38,26,ling_word_target,-0.00804417486422043
6227,sub38,27,ling_word_target,-0.012286574167694261
6228,sub38,28,ling_word_target,0.012280488109054756
6229,sub38,29,ling_word_target,0.006260912186927557
6230,sub38,30,ling_word_target,0.031216615914999066
6231,sub38,31,ling_word_target,-0.0017217552524665756
6232,sub38,32,ling_word_target,-0.010464012598469914
6233,sub38,33,ling_word_target,0.004363669213184167
6234,sub38,34,ling_word_target,-0.0037011771067959687
6235,sub38,35,ling_word_target,0.00425367712245592
6236,sub38,36,ling_word_target,-0.0007619122760019951
6237,sub38,37,ling_word_target,-0.005924648038031864
6238,sub38,38,ling_word_target,-0.0008396278748153674
6239,sub38,39,ling_word_target,-0.009319421968482606
6240,sub38,40,ling_word_target,-0.0067340671714328495
6241,sub38,41,ling_word_target,0.009190114908801188
6242,sub38,42,ling_word_target,-0.0017092073791850249
6243,sub38,43,ling_word_target,-0.006916069351047682
6244,sub38,44,ling_word_target,-0.009590191648735303
6245,sub38,45,ling_word_target,0.02192792009757795
6246,sub38,46,ling_word_target,0.020759676879529638
6247,sub38,47,ling_word_target,-0.0037969042037042256
6248,sub38,48,ling_word_target,-0.024898000179564107
6249,sub38,49,ling_word_target,-0.0026558415281281137
6250,sub38,50,ling_word_target,-0.010681099505528851
6251,sub38,51,ling_word_target,-0.004227196629635006
6252,sub38,52,ling_word_target,-0.01791851104240373
6253,sub38,53,ling_word_target,0.02339883886000519
6254,sub38,54,ling_word_target,-0.0322587294362372
6255,sub38,55,ling_word_target,0.008808808139567878
6256,sub38,56,ling_word_target,0.011882963659505655
6257,sub38,57,ling_word_target,-0.021108005518446448
6258,sub38,58,ling_word_target,-0.006613949715084153
6259,sub38,59,ling_word_target,-0.005468525333999171
6260,sub38,60,ling_word_target,-0.008967403666164876
6261,sub38,61,ling_word_target,0.011035020517401102
6262,sub38,62,ling_word_target,-0.011616592037915981
6263,sub38,63,ling_word_target,0.0029582052904445354
6264,sub38,64,ling_word_target,-0.01123059128395077
6265,sub38,65,ling_word_target,0.011522442468891765
6266,sub38,66,ling_word_target,-0.019276900375355874
6267,sub38,67,ling_word_target,0.004619722958938262
6268,sub38,68,ling_word_target,0.010062584079695586
6269,sub38,69,ling_word_target,-0.0021759596582115086
6270,sub38,70,ling_word_target,-0.0389366853038629
6271,sub38,71,ling_word_target,0.01724365180058265
6272,sub38,72,ling_word_target,-0.002786063252996429
6273,sub38,73,ling_word_target,-0.017916830098778876
6274,sub38,74,ling_word_target,-0.00619139195011112
6275,sub38,75,ling_word_target,0.0068351630624799535
6276,sub38,76,ling_word_target,-0.000872238214798439
6277,sub38,77,ling_word_target,0.007592779605561098
6278,sub38,78,ling_word_target,-0.009840913765475086
6279,sub38,79,ling_word_target,0.02125313108965538
6280,sub38,80,ling_word_target,-0.010030235850748108
6281,sub38,81,ling_word_target,-0.012011946225571486
6282,sub38,82,ling_word_target,-0.014010783642747783
6283,sub38,83,ling_word_target,-0.011134120883622298
6284,sub38,84,ling_word_target,0.0029600975204354687
6285,sub38,85,ling_word_target,0.008956891258926604
6286,sub38,86,ling_word_target,0.01690789037556959
6287,sub38,87,ling_word_target,0.004114007775315095
6288,sub38,88,ling_word_target,0.0006110219660364986
6289,sub38,89,ling_word_target,0.00608840465057057
6290,sub38,90,ling_word_target,0.0032933068684698106
6291,sub38,91,ling_word_target,-0.014164874782323865
6292,sub38,92,ling_word_target,-0.006214474944354504
6293,sub38,93,ling_word_target,-0.004501637027627851
6294,sub38,94,ling_word_target,-0.014661273166308499
6295,sub38,95,ling_word_target,0.008112352290711026
6296,sub38,96,ling_word_target,-0.006520332027496439
6297,sub38,97,ling_word_target,0.00559128253894472
6298,sub38,98,ling_word_target,0.0015793135481435138
6299,sub38,99,ling_word_target,0.010768774224567871
6300,sub38,100,ling_word_target,-0.004006782931721134
6301,sub38,101,ling_word_target,-0.011963616310162748
6302,sub38,102,ling_word_target,0.023025005222710865
6303,sub38,103,ling_word_target,-0.002872588185177505
6304,sub38,104,ling_word_target,0.01354483588969859
6305,sub38,105,ling_word_target,0.015470637039981049
6306,sub38,106,ling_word_target,-0.014803308403471327
6307,sub38,107,ling_word_target,0.006790307656615306
6308,sub38,108,ling_word_target,-4.77062116293915e-06
6309,sub38,109,ling_word_target,-0.01130084194058695
6310,sub38,110,ling_word_target,0.020820456937283308
6311,sub38,111,ling_word_target,0.022823098583504293
6312,sub38,112,ling_word_target,0.01464540082150095
6313,sub38,113,ling_word_target,0.0028007924157104095
6314,sub38,114,ling_word_target,0.014069014476274382
6315,sub38,115,ling_word_target,-0.006707460527931019
6316,sub38,116,ling_word_target,0.001585105818189274
6317,sub38,117,ling_word_target,-0.0003789980900185218
6318,sub38,118,ling_word_target,-0.006531953348837768
6319,sub38,119,ling_word_target,0.017716092677058627
6320,sub38,120,ling_word_target,-0.00952562945909621
6321,sub38,121,ling_word_target,-0.0016972972358226448
6322,sub38,122,ling_word_target,0.014004988190913153
6323,sub38,123,ling_word_target,0.009779865854549317
6324,sub38,124,ling_word_target,0.004174599788597451
6325,sub38,125,ling_word_target,0.021956272872788115
6326,sub38,126,ling_word_target,0.006440986382336247
6327,sub38,127,ling_word_target,-0.012068804649832836
6328,sub38,128,ling_word_target,0.01702032701810774
6329,sub38,129,ling_word_target,0.004799794387453616
6330,sub38,130,ling_word_target,-0.006081131046278134
6331,sub38,131,ling_word_target,0.004520340700621669
6332,sub38,132,ling_word_target,-0.027658523354175655
6333,sub38,133,ling_word_target,0.0032130832048480845
6334,sub38,134,ling_word_target,-0.005537984092039497
6335,sub38,135,ling_word_target,-0.005612415400965602
6336,sub38,136,ling_word_target,0.007274590435299784
6337,sub38,137,ling_word_target,-0.002650314554845215
6338,sub38,138,ling_word_target,-0.01660142109573814
6339,sub38,139,ling_word_target,-0.0035853665049922117
6340,sub38,140,ling_word_target,0.0082776310736421
6341,sub38,141,ling_word_target,-0.0030945087208278195
6342,sub38,142,ling_word_target,-0.000920421450838302
6343,sub38,143,ling_word_target,0.008691558160133566
6344,sub38,144,ling_word_target,0.0022832654725209152
6345,sub38,145,ling_word_target,0.012868247190624977
6346,sub38,146,ling_word_target,-0.0016705142780798908
6347,sub38,147,ling_word_target,0.005701596254916447
6348,sub38,148,ling_word_target,-0.007271235583222641
6349,sub38,149,ling_word_target,0.005748143555708545
6350,sub38,150,ling_word_target,-0.014179088361334642
6351,sub38,151,ling_word_target,-0.014372608210197863
6352,sub38,152,ling_word_target,-0.011337874224799737
6353,sub38,153,ling_word_target,-0.0028515665700425026
6354,sub38,154,ling_word_target,0.011271361750028528
6355,sub38,155,ling_word_target,-0.007344834819350722
6356,sub38,156,ling_word_target,0.005048721796409149
6357,sub38,157,ling_word_target,-0.010453950431352322
6358,sub38,158,ling_word_target,-0.004368372495916494
6359,sub38,159,ling_word_target,0.01496179927873497
6360,sub38,160,ling_word_target,0.003855803590242352
6361,sub38,161,ling_word_target,-0.003167753806939956
6362,sub38,162,ling_word_target,-0.018008539591675327
6363,sub38,163,ling_word_target,-0.007201788949609586
6364,sub38,164,ling_word_target,0.007385150492544905
6365,sub38,165,ling_word_target,-0.00028658637837707557
6366,sub38,166,ling_word_target,0.007585899223708078
6367,sub38,167,ling_word_target,-0.013338009206289133
6368,sub38,168,ling_word_target,-0.022041536556591412
6369,sub38,169,ling_word_target,-0.018229749856318207
6370,sub38,170,ling_word_target,-0.022589116387712178
6371,sub38,171,ling_word_target,-0.025590449955294536
6372,sub38,172,ling_word_target,0.00024067896468567913
6373,sub38,173,ling_word_target,0.01006453343602894
6374,sub38,174,ling_word_target,0.001480901536425262
6375,sub38,175,ling_word_target,0.017181907216543155
6376,sub38,176,ling_word_target,-0.01825341190213882
6377,sub38,177,ling_word_target,0.019251213933754497
6378,sub38,178,ling_word_target,-0.004049297687880544
6379,sub38,179,ling_word_target,0.012690656909306533
6380,sub38,180,ling_word_target,0.0032491651066571658
6381,sub38,181,ling_word_target,0.031293289939877365
6382,sub38,182,ling_word_target,0.018562051772663936
6383,sub38,183,ling_word_target,-0.004375883634479389
6384,sub38,184,ling_word_target,0.03411516255135683
6385,sub38,185,ling_word_target,0.025047087524160953
6386,sub38,186,ling_word_target,0.007510442778207922
6387,sub38,187,ling_word_target,0.02865390364868156
6388,sub38,188,ling_word_target,-0.017235976633403923
6389,sub38,189,ling_word_target,-0.007037200506924001
6390,sub38,190,ling_word_target,-0.0018639153613729013
6391,sub38,191,ling_word_target,0.01580975728949777
6392,sub38,192,ling_word_target,-0.024607679040940966
6393,sub38,193,ling_word_target,0.011681164143483466
6394,sub38,194,ling_word_target,-0.004381412415887891
6395,sub38,195,ling_word_target,0.028944451775359287
6396,sub38,196,ling_word_target,-0.00065746690527664
6397,sub38,197,ling_word_target,0.013135572746128022
6398,sub38,198,ling_word_target,0.012193318179359999
6399,sub38,199,ling_word_target,0.007694572949640015
6400,sub39,0,ling_word_target,0.0241992137008818
6401,sub39,1,ling_word_target,0.005782699718352856
6402,sub39,2,ling_word_target,0.012035478588561447
6403,sub39,3,ling_word_target,0.011573917914450492
6404,sub39,4,ling_word_target,-0.0005707950701789208
6405,sub39,5,ling_word_target,0.008236231737503864
6406,sub39,6,ling_word_target,-0.020053558510852956
6407,sub39,7,ling_word_target,0.015679804300977977
6408,sub39,8,ling_word_target,0.0011068048421467537
6409,sub39,9,ling_word_target,-0.010628302465635248
6410,sub39,10,ling_word_target,0.031020127381015603
6411,sub39,11,ling_word_target,0.028651110037458426
6412,sub39,12,ling_word_target,-0.003085726387750447
6413,sub39,13,ling_word_target,-0.016491242896329205
6414,sub39,14,ling_word_target,-0.0022944935730958437
6415,sub39,15,ling_word_target,0.029010721170743648
6416,sub39,16,ling_word_target,-0.008647807447985514
6417,sub39,17,ling_word_target,0.012262981607479271
6418,sub39,18,ling_word_target,-0.006077007031734772
6419,sub39,19,ling_word_target,-0.026262688390918446
6420,sub39,20,ling_word_target,0.01199929633139894
6421,sub39,21,ling_word_target,0.025514513329120768
6422,sub39,22,ling_word_target,0.023359434512473413
6423,sub39,23,ling_word_target,-0.005862915653625907
6424,sub39,24,ling_word_target,-0.010330449976783767
6425,sub39,25,ling_word_target,-0.00502361455416779
6426,sub39,26,ling_word_target,0.0014556524818190224
6427,sub39,27,ling_word_target,0.03622505774136027
6428,sub39,28,ling_word_target,-0.016850682303419344
6429,sub39,29,ling_word_target,0.010213557751393092
6430,sub39,30,ling_word_target,-0.005564970964580156
6431,sub39,31,ling_word_target,-0.012207493517256059
6432,sub39,32,ling_word_target,-0.00011094961070087564
6433,sub39,33,ling_word_target,0.028163235498266447
6434,sub39,34,ling_word_target,-0.010203749899138467
6435,sub39,35,ling_word_target,0.0221272044123543
6436,sub39,36,ling_word_target,-0.007609175278153844
6437,sub39,37,ling_word_target,-0.014938193536650587
6438,sub39,38,ling_word_target,0.002753922035039709
6439,sub39,39,ling_word_target,-0.0017131472463524319
6440,sub39,40,ling_word_target,-0.004772293959338904
6441,sub39,41,ling_word_target,-0.0075883716079725855
6442,sub39,42,ling_word_target,-0.027638318284789687
6443,sub39,43,ling_word_target,-0.003396901138218851
6444,sub39,44,ling_word_target,0.0017880009224556332
6445,sub39,45,ling_word_target,-0.017468118166281833
6446,sub39,46,ling_word_target,5.674488168716825e-05
6447,sub39,47,ling_word_target,0.011383001707900941
6448,sub39,48,ling_word_target,0.0085178473727184
6449,sub39,49,ling_word_target,-0.010763355639770142
6450,sub39,50,ling_word_target,-0.012714801450638741
6451,sub39,51,ling_word_target,0.012338456077757251
6452,sub39,52,ling_word_target,0.02226183064951634
6453,sub39,53,ling_word_target,-0.00372127942741435
6454,sub39,54,ling_word_target,0.006417081453416516
6455,sub39,55,ling_word_target,0.014822954661535385
6456,sub39,56,ling_word_target,0.003916016692424592
6457,sub39,57,ling_word_target,0.02456249820163193
6458,sub39,58,ling_word_target,-0.015597439898593447
6459,sub39,59,ling_word_target,-0.03511234994316001
6460,sub39,60,ling_word_target,-0.019714613695704004
6461,sub39,61,ling_word_target,0.011344784752928366
6462,sub39,62,ling_word_target,0.019022164411158112
6463,sub39,63,ling_word_target,-0.026566679925254064
6464,sub39,64,ling_word_target,-0.008266589251292932
6465,sub39,65,ling_word_target,-0.01214918834798211
6466,sub39,66,ling_word_target,-0.010215650857594228
6467,sub39,67,ling_word_target,-0.03583325013586616
6468,sub39,68,ling_word_target,-0.011047925209980663
6469,sub39,69,ling_word_target,0.004971601951852247
6470,sub39,70,ling_word_target,0.0005255687452180052
6471,sub39,71,ling_word_target,0.013893955543452236
6472,sub39,72,ling_word_target,0.023615819620844594
6473,sub39,73,ling_word_target,0.0024198508442273394
6474,sub39,74,ling_word_target,0.013180473728771527
6475,sub39,75,ling_word_target,0.007871118105656652
6476,sub39,76,ling_word_target,-0.017129824112043838
6477,sub39,77,ling_word_target,0.005200605999489735
6478,sub39,78,ling_word_target,0.003646570485794825
6479,sub39,79,ling_word_target,-0.002030845614682288
6480,sub39,80,ling_word_target,0.010822075251587833
6481,sub39,81,ling_word_target,-0.012778395020134345
6482,sub39,82,ling_word_target,-0.016569985379873146
6483,sub39,83,ling_word_target,0.005909371333715933
6484,sub39,84,ling_word_target,0.023696272011926513
6485,sub39,85,ling_word_target,0.01682006946811121
6486,sub39,86,ling_word_target,0.009504027269855848
6487,sub39,87,ling_word_target,-0.014555916422211717
6488,sub39,88,ling_word_target,-0.006723100662632514
6489,sub39,89,ling_word_target,-0.011190658507235893
6490,sub39,90,ling_word_target,0.02052382752001133
6491,sub39,91,ling_word_target,-0.03655328071785887
6492,sub39,92,ling_word_target,0.0020712002939191165
6493,sub39,93,ling_word_target,-0.004717426842573245
6494,sub39,94,ling_word_target,-0.004204116580586392
6495,sub39,95,ling_word_target,-0.012730490412962439
6496,sub39,96,ling_word_target,0.00017660999074883
6497,sub39,97,ling_word_target,-0.006402850980211436
6498,sub39,98,ling_word_target,0.0010830963985966231
6499,sub39,99,ling_word_target,0.020470970883637127
6500,sub39,100,ling_word_target,0.015524738709168425
6501,sub39,101,ling_word_target,0.00870914682258566
6502,sub39,102,ling_word_target,-0.0013429920637844964
6503,sub39,103,ling_word_target,0.024587544335184064
6504,sub39,104,ling_word_target,0.0009442746771554015
6505,sub39,105,ling_word_target,0.020406262045497114
6506,sub39,106,ling_word_target,-0.008636004557202558
6507,sub39,107,ling_word_target,0.00537537309073637
6508,sub39,108,ling_word_target,-0.0032137509368958643
6509,sub39,109,ling_word_target,0.0008865902102473141
6510,sub39,110,ling_word_target,0.013972746850899475
6511,sub39,111,ling_word_target,-0.026006436607981083
6512,sub39,112,ling_word_target,0.0027900657046891148
6513,sub39,113,ling_word_target,0.01778608320491313
6514,sub39,114,ling_word_target,0.03731750238722317
6515,sub39,115,ling_word_target,0.009754170020602198
6516,sub39,116,ling_word_target,-0.0053792625031962365
6517,sub39,117,ling_word_target,-0.022059250004900142
6518,sub39,118,ling_word_target,0.0213579210641951
6519,sub39,119,ling_word_target,-0.009591187175233815
6520,sub39,120,ling_word_target,0.00847821213067023
6521,sub39,121,ling_word_target,0.015737997684243516
6522,sub39,122,ling_word_target,-0.00609287178491631
6523,sub39,123,ling_word_target,-0.01395742359703827
6524,sub39,124,ling_word_target,-0.0005931725902976862
6525,sub39,125,ling_word_target,0.0025250591536011063
6526,sub39,126,ling_word_target,-0.05754310606322581
6527,sub39,127,ling_word_target,0.005536152975245766
6528,sub39,128,ling_word_target,-0.004778917300187474
6529,sub39,129,ling_word_target,-0.013388919113593849
6530,sub39,130,ling_word_target,0.04216528036897258
6531,sub39,131,ling_word_target,0.03141366447492233
6532,sub39,132,ling_word_target,-0.02286082981100833
6533,sub39,133,ling_word_target,0.01160034877197973
6534,sub39,134,ling_word_target,0.0261751237323601
6535,sub39,135,ling_word_target,0.012674459359631886
6536,sub39,136,ling_word_target,0.019574414480217017
6537,sub39,137,ling_word_target,0.014478792308648
6538,sub39,138,ling_word_target,0.005593469955718229
6539,sub39,139,ling_word_target,-0.016125357124904365
6540,sub39,140,ling_word_target,0.0009760323325276997
6541,sub39,141,ling_word_target,-0.03134472865770924
6542,sub39,142,ling_word_target,0.02482093265953951
6543,sub39,143,ling_word_target,-0.005791120473091699
6544,sub39,144,ling_word_target,-0.006611315141249778
6545,sub39,145,ling_word_target,-0.006475637681668706
6546,sub39,146,ling_word_target,-0.01770433628418731
6547,sub39,147,ling_word_target,-0.022687009253466003
6548,sub39,148,ling_word_target,0.0038916261901265326
6549,sub39,149,ling_word_target,-0.0291659569162216
6550,sub39,150,ling_word_target,0.009915403118444743
6551,sub39,151,ling_word_target,-0.010756252041135428
6552,sub39,152,ling_word_target,-0.009720810312957075
6553,sub39,153,ling_word_target,-0.015706327635745133
6554,sub39,154,ling_word_target,-0.02612663294183103
6555,sub39,155,ling_word_target,0.012396327618309845
6556,sub39,156,ling_word_target,-0.007407000324887556
6557,sub39,157,ling_word_target,-0.014220062669586813
6558,sub39,158,ling_word_target,-0.020586439145606435
6559,sub39,159,ling_word_target,0.015952439244875875
6560,sub39,160,ling_word_target,0.01848498380043994
6561,sub39,161,ling_word_target,0.020091828661692235
6562,sub39,162,ling_word_target,-0.01996433556393709
6563,sub39,163,ling_word_target,0.009135731571581115
6564,sub39,164,ling_word_target,0.004486618873522079
6565,sub39,165,ling_word_target,-0.0033448042562168826
6566,sub39,166,ling_word_target,0.010786455543823422
6567,sub39,167,ling_word_target,-0.00025713041524770476
6568,sub39,168,ling_word_target,0.017649939578467614
6569,sub39,169,ling_word_target,-0.011956471603013849
6570,sub39,170,ling_word_target,0.016855094829961642
6571,sub39,171,ling_word_target,0.004301460984632223
6572,sub39,172,ling_word_target,-0.012269053183174386
6573,sub39,173,ling_word_target,0.0032350554456117182
6574,sub39,174,ling_word_target,0.0026392680906682582
6575,sub39,175,ling_word_target,-0.0013944202796961215
6576,sub39,176,ling_word_target,-0.009600318748882508
6577,sub39,177,ling_word_target,-0.005318989370018584
6578,sub39,178,ling_word_target,-0.019547059906150663
6579,sub39,179,ling_word_target,-0.005347633893273962
6580,sub39,180,ling_word_target,-0.0029724212254846373
6581,sub39,181,ling_word_target,-0.0025570247857078063
6582,sub39,182,ling_word_target,0.003044315599294154
6583,sub39,183,ling_word_target,0.023447753435094462
6584,sub39,184,ling_word_target,0.00961506918759651
6585,sub39,185,ling_word_target,0.012511158703851853
6586,sub39,186,ling_word_target,-0.009808707562288507
6587,sub39,187,ling_word_target,-0.006793964644823058
6588,sub39,188,ling_word_target,-0.007586524292047684
6589,sub39,189,ling_word_target,-0.034054649539659
6590,sub39,190,ling_word_target,0.007213458410093962
6591,sub39,191,ling_word_target,0.02817451005031912
6592,sub39,192,ling_word_target,-0.015117611119822441
6593,sub39,193,ling_word_target,-0.03480397808566508
6594,sub39,194,ling_word_target,0.019689221050010024
6595,sub39,195,ling_word_target,0.03682837832940708
6596,sub39,196,ling_word_target,-0.016303263149622646
6597,sub39,197,ling_word_target,0.025858401014971458
6598,sub39,198,ling_word_target,0.003925942948015363
6599,sub39,199,ling_word_target,0.028055224815828426
6600,sub40,0,ling_word_target,0.009184284915979491
6601,sub40,1,ling_word_target,0.031774723060870584
6602,sub40,2,ling_word_target,0.01199327646319599
6603,sub40,3,ling_word_target,0.0205612474334596
6604,sub40,4,ling_word_target,-0.02169987397646157
6605,sub40,5,ling_word_target,-0.023327803692291708
6606,sub40,6,ling_word_target,0.01608965116960249
6607,sub40,7,ling_word_target,-0.01716699257824856
6608,sub40,8,ling_word_target,0.008015731209583451
6609,sub40,9,ling_word_target,-0.01273328829117657
6610,sub40,10,ling_word_target,-0.0024538010332678948
6611,sub40,11,ling_word_target,0.00993490285488866
6612,sub40,12,ling_word_target,0.01773555127817229
6613,sub40,13,ling_word_target,0.009500546366770557
6614,sub40,14,ling_word_target,-0.007841343243268965
6615,sub40,15,ling_word_target,0.007355239541722297
6616,sub40,16,ling_word_target,0.012272812644760331
6617,sub40,17,ling_word_target,-0.008193760076063145
6618,sub40,18,ling_word_target,0.02181576425536799
6619,sub40,19,ling_word_target,-0.00011258665669734743
6620,sub40,20,ling_word_target,0.0013432798692191539
6621,sub40,21,ling_word_target,-0.03286378373216735
6622,sub40,22,ling_word_target,-0.0021329692879470154
6623,sub40,23,ling_word_target,-0.009003412017346649
6624,sub40,24,ling_word_target,0.005323757134383421
6625,sub40,25,ling_word_target,-0.0011589388190566146
6626,sub40,26,ling_word_target,0.016988380762366393
6627,sub40,27,ling_word_target,-0.008982281352868176
6628,sub40,28,ling_word_target,0.01206135710858032
6629,sub40,29,ling_word_target,0.0025098347449783814
6630,sub40,30,ling_word_target,-0.010535078480906792
6631,sub40,31,ling_word_target,0.0008769004997140515
6632,sub40,32,ling_word_target,0.016219970699598817
6633,sub40,33,ling_word_target,0.0013384452215979784
6634,sub40,34,ling_word_target,0.009130528848273577
6635,sub40,35,ling_word_target,0.011705472554648298
6636,sub40,36,ling_word_target,-0.013465161648207834
6637,sub40,37,ling_word_target,-0.016336428248132882
6638,sub40,38,ling_word_target,0.006111834222500577
6639,sub40,39,ling_word_target,-0.008725389496279119
6640,sub40,40,ling_word_target,0.0059833008737603674
6641,sub40,41,ling_word_target,0.01015873037149186
6642,sub40,42,ling_word_target,-0.0027112434290303827
6643,sub40,43,ling_word_target,-0.01371669434919652
6644,sub40,44,ling_word_target,-0.02083935061070651
6645,sub40,45,ling_word_target,0.01685872554709192
6646,sub40,46,ling_word_target,0.0011042805703900436
6647,sub40,47,ling_word_target,-0.003850859619804513
6648,sub40,48,ling_word_target,0.039961383836039484
6649,sub40,49,ling_word_target,0.011114816078103502
6650,sub40,50,ling_word_target,-0.007677319507373066
6651,sub40,51,ling_word_target,-0.0029909112385663873
6652,sub40,52,ling_word_target,-0.00137081888770538
6653,sub40,53,ling_word_target,0.02484197274319049
6654,sub40,54,ling_word_target,0.023932045222514943
6655,sub40,55,ling_word_target,0.014377715358745569
6656,sub40,56,ling_word_target,0.0012560239752602033
6657,sub40,57,ling_word_target,0.01225000603545219
6658,sub40,58,ling_word_target,0.005578120370481747
6659,sub40,59,ling_word_target,0.019340767066346437
6660,sub40,60,ling_word_target,0.0086415878129748
6661,sub40,61,ling_word_target,-0.029067378310223418
6662,sub40,62,ling_word_target,-0.015088485931556607
6663,sub40,63,ling_word_target,0.01595933304201304
6664,sub40,64,ling_word_target,-0.01340389862799238
6665,sub40,65,ling_word_target,0.02152195767882682
6666,sub40,66,ling_word_target,0.002558299973829758
6667,sub40,67,ling_word_target,-0.03905099640366871
6668,sub40,68,ling_word_target,0.027953097889053653
6669,sub40,69,ling_word_target,0.009537717719503302
6670,sub40,70,ling_word_target,-0.0066739149288176395
6671,sub40,71,ling_word_target,-0.003290501526699099
6672,sub40,72,ling_word_target,-0.004585979256929624
6673,sub40,73,ling_word_target,-0.02831952081724146
6674,sub40,74,ling_word_target,-0.017464481314690774
6675,sub40,75,ling_word_target,-0.004548863867830349
6676,sub40,76,ling_word_target,-0.0035533761650791474
6677,sub40,77,ling_word_target,-0.0152050443945327
6678,sub40,78,ling_word_target,-0.01063050243710377
6679,sub40,79,ling_word_target,0.013888687444841744
6680,sub40,80,ling_word_target,-0.010948618840743083
6681,sub40,81,ling_word_target,0.017828449133194806
6682,sub40,82,ling_word_target,0.019753686414894823
6683,sub40,83,ling_word_target,-0.001583438857394704
6684,sub40,84,ling_word_target,0.005002580146582033
6685,sub40,85,ling_word_target,0.006373244633481502
6686,sub40,86,ling_word_target,-0.012050872288877926
6687,sub40,87,ling_word_target,0.013152743920520323
6688,sub40,88,ling_word_target,0.0026056750971779024
6689,sub40,89,ling_word_target,-0.0391001755523834
6690,sub40,90,ling_word_target,-0.017218391343704318
6691,sub40,91,ling_word_target,0.008283765699090243
6692,sub40,92,ling_word_target,-0.013678479834798923
6693,sub40,93,ling_word_target,-0.012397721272512043
6694,sub40,94,ling_word_target,-0.01660471807929927
6695,sub40,95,ling_word_target,-0.015443025426876637
6696,sub40,96,ling_word_target,0.017214119825238315
6697,sub40,97,ling_word_target,-0.004324674678167609
6698,sub40,98,ling_word_target,0.007217447729735295
6699,sub40,99,ling_word_target,-0.027363845014676258
6700,sub40,100,ling_word_target,0.0052585838962166355
6701,sub40,101,ling_word_target,0.03649303851550591
6702,sub40,102,ling_word_target,0.034809369519620256
6703,sub40,103,ling_word_target,-0.03081202581870675
6704,sub40,104,ling_word_target,-0.007490596211282054
6705,sub40,105,ling_word_target,-5.523737759888125e-05
6706,sub40,106,ling_word_target,-0.014571719241248707
6707,sub40,107,ling_word_target,0.013843047736393185
6708,sub40,108,ling_word_target,-0.002915335035748325
6709,sub40,109,ling_word_target,-0.010551121276648666
6710,sub40,110,ling_word_target,-0.003282516077569276
6711,sub40,111,ling_word_target,-0.0169541544906935
6712,sub40,112,ling_word_target,0.0001980821510171905
6713,sub40,113,ling_word_target,-0.025833101978598925
6714,sub40,114,ling_word_target,-0.0018335223135776545
6715,sub40,115,ling_word_target,-0.025167365573098496
6716,sub40,116,ling_word_target,0.016892199101062755
6717,sub40,117,ling_word_target,-0.005654430774485351
6718,sub40,118,ling_word_target,0.013109556305620353
6719,sub40,119,ling_word_target,-0.005833081715110543
6720,sub40,120,ling_word_target,0.01274551434787893
6721,sub40,121,ling_word_target,0.0054731901334306035
6722,sub40,122,ling_word_target,0.01774904392858015
6723,sub40,123,ling_word_target,0.002697843641430538
6724,sub40,124,ling_word_target,-0.016645894036748852
6725,sub40,125,ling_word_target,0.0007629730579743894
6726,sub40,126,ling_word_target,0.007741299847656013
6727,sub40,127,ling_word_target,0.011368352322556608
6728,sub40,128,ling_word_target,0.05649610191141998
6729,sub40,129,ling_word_target,0.012653620440137956
6730,sub40,130,ling_word_target,-0.022496981005813065
6731,sub40,131,ling_word_target,-0.0008302446844396866
6732,sub40,132,ling_word_target,0.0003706139561835971
6733,sub40,133,ling_word_target,0.013182373431540807
6734,sub40,134,ling_word_target,-3.9375102660913084e-05
6735,sub40,135,ling_word_target,0.007877889807504899
6736,sub40,136,ling_word_target,-0.009948139494637007
6737,sub40,137,ling_word_target,-0.0031048923481430913
6738,sub40,138,ling_word_target,0.016636042772675674
6739,sub40,139,ling_word_target,0.008789300003843531
6740,sub40,140,ling_word_target,-0.012710103347790153
6741,sub40,141,ling_word_target,0.021452416320337172
6742,sub40,142,ling_word_target,0.012223143406633654
6743,sub40,143,ling_word_target,-0.005500372829998989
6744,sub40,144,ling_word_target,0.005437022256239487
6745,sub40,145,ling_word_target,0.02583744268674229
6746,sub40,146,ling_word_target,-0.018745183540395418
6747,sub40,147,ling_word_target,0.01523808367645653
6748,sub40,148,ling_word_target,0.002990403103395874
6749,sub40,149,ling_word_target,0.007349169884330019
6750,sub40,150,ling_word_target,-0.02131763261693514
6751,sub40,151,ling_word_target,0.02491103564099222
6752,sub40,152,ling_word_target,0.0025389713770934156
6753,sub40,153,ling_word_target,0.02405793866213479
6754,sub40,154,ling_word_target,-0.05195608425438118
6755,sub40,155,ling_word_target,0.01088340311995445
6756,sub40,156,ling_word_target,0.019641771951113936
6757,sub40,157,ling_word_target,-0.04607017035855631
6758,sub40,158,ling_word_target,0.0024310491541528314
6759,sub40,159,ling_word_target,0.0049886102552185166
6760,sub40,160,ling_word_target,-0.0060823809594748555
6761,sub40,161,ling_word_target,-0.0036741251258062086
6762,sub40,162,ling_word_target,-0.010892331663082306
6763,sub40,163,ling_word_target,0.03044654941454042
6764,sub40,164,ling_word_target,0.019145432909541783
6765,sub40,165,ling_word_target,0.012318726879084814
6766,sub40,166,ling_word_target,0.0004015742820541077
6767,sub40,167,ling_word_target,-0.004915019386931821
6768,sub40,168,ling_word_target,-0.008418709711706386
6769,sub40,169,ling_word_target,0.01425118497550164
6770,sub40,170,ling_word_target,0.0016619776082542597
6771,sub40,171,ling_word_target,-0.006239021844336839
6772,sub40,172,ling_word_target,0.01703284923523818
6773,sub40,173,ling_word_target,-0.0068147559548236295
6774,sub40,174,ling_word_target,-0.005889365574002436
6775,sub40,175,ling_word_target,-0.005538763731094763
6776,sub40,176,ling_word_target,-0.008684742180552135
6777,sub40,177,ling_word_target,-0.047214415497828864
6778,sub40,178,ling_word_target,0.029497833857677843
6779,sub40,179,ling_word_target,0.02972573283744854
6780,sub40,180,ling_word_target,0.022073853683369934
6781,sub40,181,ling_word_target,0.0017697583355923297
6782,sub40,182,ling_word_target,0.018537334783850803
6783,sub40,183,ling_word_target,-0.02012346968410525
6784,sub40,184,ling_word_target,0.006236981180090827
6785,sub40,185,ling_word_target,-0.025499208973860637
6786,sub40,186,ling_word_target,0.002517584574904049
6787,sub40,187,ling_word_target,0.005963660647878011
6788,sub40,188,ling_word_target,0.0054093822316893594
6789,sub40,189,ling_word_target,-0.0019125650837791416
6790,sub40,190,ling_word_target,-0.0033783594520616347
6791,sub40,191,ling_word_target,0.01822356097899562
6792,sub40,192,ling_word_target,0.010466235651051332
6793,sub40,193,ling_word_target,0.0054117693440700046
6794,sub40,194,ling_word_target,0.00136171537172529
6795,sub40,195,ling_word_target,0.0016332263494962657
6796,sub40,196,ling_word_target,0.029760245242535854
6797,sub40,197,ling_word_target,-0.005341351097449724
6798,sub40,198,ling_word_target,-0.002137357257033973
6799,sub40,199,ling_word_target,0.010790019195752626
6800,sub41,0,ling_word_target,0.015908718942841474
6801,sub41,1,ling_word_target,0.008766887629735789
6802,sub41,2,ling_word_target,0.015208808246093213
6803,sub41,3,ling_word_target,-0.02445025360711713
6804,sub41,4,ling_word_target,-0.004215356628295148
6805,sub41,5,ling_word_target,-0.0038692513376839964
6806,sub41,6,ling_word_target,0.003958788790636555
6807,sub41,7,ling_word_target,-0.0019551041902250493
6808,sub41,8,ling_word_target,-0.01665978392485569
6809,sub41,9,ling_word_target,-0.0004516066640152341
6810,sub41,10,ling_word_target,-0.0016071562050058203
6811,sub41,11,ling_word_target,0.015238449573420087
6812,sub41,12,ling_word_target,0.0103527967894028
6813,sub41,13,ling_word_target,-0.01504967298378818
6814,sub41,14,ling_word_target,-0.00964334442726999
6815,sub41,15,ling_word_target,-0.011883005933386181
6816,sub41,16,ling_word_target,-0.0001758113490959403
6817,sub41,17,ling_word_target,0.010406235109230453
6818,sub41,18,ling_word_target,0.0022388544858988452
6819,sub41,19,ling_word_target,0.005849630423494279
6820,sub41,20,ling_word_target,0.007975694581912069
6821,sub41,21,ling_word_target,-0.004364253175503945
6822,sub41,22,ling_word_target,0.004242400643346604
6823,sub41,23,ling_word_target,0.0013016167990907812
6824,sub41,24,ling_word_target,-0.00421410307486641
6825,sub41,25,ling_word_target,0.0004526170968930772
6826,sub41,26,ling_word_target,-0.017536035621087423
6827,sub41,27,ling_word_target,0.008698301393694088
6828,sub41,28,ling_word_target,0.018848618881429705
6829,sub41,29,ling_word_target,0.013069428024259824
6830,sub41,30,ling_word_target,0.027186036303605363
6831,sub41,31,ling_word_target,-0.004617151302456917
6832,sub41,32,ling_word_target,0.014668174438805527
6833,sub41,33,ling_word_target,0.001910728695721829
6834,sub41,34,ling_word_target,-0.0207409019116709
6835,sub41,35,ling_word_target,0.0018007010225741325
6836,sub41,36,ling_word_target,-0.01575625826337143
6837,sub41,37,ling_word_target,-0.004045103801441063
6838,sub41,38,ling_word_target,0.0004973174176583251
6839,sub41,39,ling_word_target,0.008491629061966379
6840,sub41,40,ling_word_target,-0.01979164026656835
6841,sub41,41,ling_word_target,0.01300468878077156
6842,sub41,42,ling_word_target,0.010859009457453054
6843,sub41,43,ling_word_target,-0.01909241640776189
6844,sub41,44,ling_word_target,0.0068739244449468676
6845,sub41,45,ling_word_target,-0.012776172127629323
6846,sub41,46,ling_word_target,-0.006312668588909637
6847,sub41,47,ling_word_target,0.0035511758062218746
6848,sub41,48,ling_word_target,-0.02218662772069779
6849,sub41,49,ling_word_target,0.0157075911033086
6850,sub41,50,ling_word_target,0.005211898205396513
6851,sub41,51,ling_word_target,-0.0005316033266325575
6852,sub41,52,ling_word_target,0.005147687245441662
6853,sub41,53,ling_word_target,-0.0010374564591699763
6854,sub41,54,ling_word_target,-0.0032592793681496353
6855,sub41,55,ling_word_target,-0.004864427477667919
6856,sub41,56,ling_word_target,-0.006215673233139867
6857,sub41,57,ling_word_target,0.007891497940028004
6858,sub41,58,ling_word_target,0.023300285726985497
6859,sub41,59,ling_word_target,-0.019009446346509588
6860,sub41,60,ling_word_target,0.012382170720721855
6861,sub41,61,ling_word_target,-0.0031476285873092
6862,sub41,62,ling_word_target,0.012172899579069179
6863,sub41,63,ling_word_target,-0.01855399598048172
6864,sub41,64,ling_word_target,0.007618706144253399
6865,sub41,65,ling_word_target,-0.017416220362504845
6866,sub41,66,ling_word_target,0.003989821689905625
6867,sub41,67,ling_word_target,0.0022597269057795357
6868,sub41,68,ling_word_target,0.006216287587816741
6869,sub41,69,ling_word_target,-0.014315245054657196
6870,sub41,70,ling_word_target,-0.002119748898072322
6871,sub41,71,ling_word_target,0.0014853211576516387
6872,sub41,72,ling_word_target,0.013464193620241878
6873,sub41,73,ling_word_target,-0.022887099092234298
6874,sub41,74,ling_word_target,3.4956567840256575e-05
6875,sub41,75,ling_word_target,-0.004203519018271741
6876,sub41,76,ling_word_target,-0.012493566329197939
6877,sub41,77,ling_word_target,0.003926218454027966
6878,sub41,78,ling_word_target,0.006742722004655917
6879,sub41,79,ling_word_target,-0.003358805133487344
6880,sub41,80,ling_word_target,-0.005970256822837896
6881,sub41,81,ling_word_target,0.0051994431684103245
6882,sub41,82,ling_word_target,0.003032904566016121
6883,sub41,83,ling_word_target,0.007053397479445379
6884,sub41,84,ling_word_target,0.0026475539658617204
6885,sub41,85,ling_word_target,0.004075318844762498
6886,sub41,86,ling_word_target,-0.004544920866130068
6887,sub41,87,ling_word_target,0.005670822607534744
6888,sub41,88,ling_word_target,0.005278831126619772
6889,sub41,89,ling_word_target,0.0067345984850857975
6890,sub41,90,ling_word_target,0.005552434490956208
6891,sub41,91,ling_word_target,-0.003338139435982362
6892,sub41,92,ling_word_target,0.007864506366711594
6893,sub41,93,ling_word_target,-0.014970835781513883
6894,sub41,94,ling_word_target,0.0026355749404476376
6895,sub41,95,ling_word_target,-0.005508732419059834
6896,sub41,96,ling_word_target,0.004044334089700494
6897,sub41,97,ling_word_target,-0.00699919552272434
6898,sub41,98,ling_word_target,0.003166834004701898
6899,sub41,99,ling_word_target,0.00011124481417585005
6900,sub41,100,ling_word_target,0.011388948222676115
6901,sub41,101,ling_word_target,-0.015497457736886999
6902,sub41,102,ling_word_target,-0.023669218361436418
6903,sub41,103,ling_word_target,-0.005653530713070852
6904,sub41,104,ling_word_target,0.004099547213368435
6905,sub41,105,ling_word_target,-0.005388718018179688
6906,sub41,106,ling_word_target,-0.0037362169807277175
6907,sub41,107,ling_word_target,-0.029785060192303595
6908,sub41,108,ling_word_target,0.011216204743178424
6909,sub41,109,ling_word_target,0.004922261420946072
6910,sub41,110,ling_word_target,0.017048857886082996
6911,sub41,111,ling_word_target,0.014840981985048502
6912,sub41,112,ling_word_target,-0.010821077852908681
6913,sub41,113,ling_word_target,-0.004398050085350426
6914,sub41,114,ling_word_target,0.011036899114133077
6915,sub41,115,ling_word_target,0.0076484493578336974
6916,sub41,116,ling_word_target,0.0031065806778125264
6917,sub41,117,ling_word_target,-0.0325595868354659
6918,sub41,118,ling_word_target,-0.003924272711771286
6919,sub41,119,ling_word_target,-0.013049915520479127
6920,sub41,120,ling_word_target,-0.006618179307738894
6921,sub41,121,ling_word_target,-0.0025631044010334014
6922,sub41,122,ling_word_target,0.005924146511738963
6923,sub41,123,ling_word_target,0.015272619875350219
6924,sub41,124,ling_word_target,-0.004052645541112696
6925,sub41,125,ling_word_target,0.0025392468354105057
6926,sub41,126,ling_word_target,-0.011350016034586186
6927,sub41,127,ling_word_target,-0.007660607605211265
6928,sub41,128,ling_word_target,-0.0031788230003699024
6929,sub41,129,ling_word_target,-0.0059722276123358575
6930,sub41,130,ling_word_target,-0.003734730972255571
6931,sub41,131,ling_word_target,0.009333708320906277
6932,sub41,132,ling_word_target,-0.012752963439508406
6933,sub41,133,ling_word_target,-0.029767922172813047
6934,sub41,134,ling_word_target,-2.2716428924506495e-05
6935,sub41,135,ling_word_target,-0.015297365835097426
6936,sub41,136,ling_word_target,-0.017910247308345565
6937,sub41,137,ling_word_target,0.000768778021407446
6938,sub41,138,ling_word_target,0.004448613118714524
6939,sub41,139,ling_word_target,-0.022054312675621034
6940,sub41,140,ling_word_target,-0.006557907249669102
6941,sub41,141,ling_word_target,-0.005534195754662427
6942,sub41,142,ling_word_target,0.012520325714780973
6943,sub41,143,ling_word_target,-0.003917518486756695
6944,sub41,144,ling_word_target,-0.0012129754189994467
6945,sub41,145,ling_word_target,-0.002790802396675661
6946,sub41,146,ling_word_target,0.014967436994733579
6947,sub41,147,ling_word_target,0.008440801312219129
6948,sub41,148,ling_word_target,0.015130984154059172
6949,sub41,149,ling_word_target,0.0019057318993108635
6950,sub41,150,ling_word_target,-0.0009133671845429241
6951,sub41,151,ling_word_target,-0.012655645103201305
6952,sub41,152,ling_word_target,-0.001126463876887323
6953,sub41,153,ling_word_target,-0.004227298643203748
6954,sub41,154,ling_word_target,-0.005778262060980285
6955,sub41,155,ling_word_target,-0.016473188296451908
6956,sub41,156,ling_word_target,-0.00690296259465824
6957,sub41,157,ling_word_target,0.0015839311320920589
6958,sub41,158,ling_word_target,-0.0051026493347358275
6959,sub41,159,ling_word_target,0.005346341649014751
6960,sub41,160,ling_word_target,-0.0010149739868654684
6961,sub41,161,ling_word_target,-0.001240601648755561
6962,sub41,162,ling_word_target,0.01635309396708712
6963,sub41,163,ling_word_target,0.006217098044646552
6964,sub41,164,ling_word_target,0.008724916629728713
6965,sub41,165,ling_word_target,0.0075113424935785095
6966,sub41,166,ling_word_target,-0.01097716005147155
6967,sub41,167,ling_word_target,-0.00779831912125378
6968,sub41,168,ling_word_target,0.00178144206197872
6969,sub41,169,ling_word_target,-0.0010628439493683218
6970,sub41,170,ling_word_target,-0.010309649829644475
6971,sub41,171,ling_word_target,0.0026077113353201948
6972,sub41,172,ling_word_target,-0.009211128062562043
6973,sub41,173,ling_word_target,0.004525587049351337
6974,sub41,174,ling_word_target,-0.0011081581743235473
6975,sub41,175,ling_word_target,0.0062668144654770734
6976,sub41,176,ling_word_target,0.0042785404989848655
6977,sub41,177,ling_word_target,-0.006727700665768093
6978,sub41,178,ling_word_target,0.017293676605529197
6979,sub41,179,ling_word_target,0.010877354215181665
6980,sub41,180,ling_word_target,-0.011547420634513637
6981,sub41,181,ling_word_target,0.003356301657912312
6982,sub41,182,ling_word_target,0.00986091411829586
6983,sub41,183,ling_word_target,-0.0038023097781363364
6984,sub41,184,ling_word_target,-0.02419654174473923
6985,sub41,185,ling_word_target,0.014563220246234727
6986,sub41,186,ling_word_target,-0.002197016999725676
6987,sub41,187,ling_word_target,0.0057165558523389415
6988,sub41,188,ling_word_target,0.00034322834032005865
6989,sub41,189,ling_word_target,-0.0017970420843804505
6990,sub41,190,ling_word_target,-0.008455691763554615
6991,sub41,191,ling_word_target,9.33369428018275e-06
6992,sub41,192,ling_word_target,-0.016428254356380866
6993,sub41,193,ling_word_target,-0.003838531885203122
6994,sub41,194,ling_word_target,0.005876745702087736
6995,sub41,195,ling_word_target,0.008111173536341484
6996,sub41,196,ling_word_target,0.01328298310371114
6997,sub41,197,ling_word_target,-0.0335813592381635
6998,sub41,198,ling_word_target,-0.015133926765175306
6999,sub41,199,ling_word_target,0.012579388416511815
7000,sub42,0,ling_word_target,0.0020498142593355483
7001,sub42,1,ling_word_target,0.018831656780524415
7002,sub42,2,ling_word_target,0.018362186960280365
7003,sub42,3,ling_word_target,0.018347506898806723
7004,sub42,4,ling_word_target,-0.012875071067657543
7005,sub42,5,ling_word_target,0.005990839707215271
7006,sub42,6,ling_word_target,-0.0035259557439713614
7007,sub42,7,ling_word_target,-0.0006034457199109565
7008,sub42,8,ling_word_target,-0.002861536458396242
7009,sub42,9,ling_word_target,-0.015442173602532722
7010,sub42,10,ling_word_target,-0.022753140931037637
7011,sub42,11,ling_word_target,-0.0104212019481418
7012,sub42,12,ling_word_target,0.0009032231514994015
7013,sub42,13,ling_word_target,0.019087850251823916
7014,sub42,14,ling_word_target,0.0028470625078990497
7015,sub42,15,ling_word_target,-0.0003849330804529795
7016,sub42,16,ling_word_target,0.008363613381315377
7017,sub42,17,ling_word_target,-0.010075579256956266
7018,sub42,18,ling_word_target,-0.002761493855717394
7019,sub42,19,ling_word_target,-0.006804248739295698
7020,sub42,20,ling_word_target,-0.005861734284738437
7021,sub42,21,ling_word_target,0.002311927472863117
7022,sub42,22,ling_word_target,-0.008215651199776105
7023,sub42,23,ling_word_target,-0.010856440722753538
7024,sub42,24,ling_word_target,-0.03204183274969264
7025,sub42,25,ling_word_target,-0.0014077610800289088
7026,sub42,26,ling_word_target,0.007270452571300956
7027,sub42,27,ling_word_target,0.0011803663020141574
7028,sub42,28,ling_word_target,-0.0013495719227287182
7029,sub42,29,ling_word_target,-0.011652847805803177
7030,sub42,30,ling_word_target,0.012847678351428119
7031,sub42,31,ling_word_target,-0.013770955589145085
7032,sub42,32,ling_word_target,0.024870083951542804
7033,sub42,33,ling_word_target,-0.017299792192560056
7034,sub42,34,ling_word_target,-0.00021447534027714717
7035,sub42,35,ling_word_target,0.01234461177003314
7036,sub42,36,ling_word_target,-0.0015934998316337176
7037,sub42,37,ling_word_target,0.011411437659272085
7038,sub42,38,ling_word_target,-0.009644085027357597
7039,sub42,39,ling_word_target,-0.004405852001628807
7040,sub42,40,ling_word_target,-0.020652982885319523
7041,sub42,41,ling_word_target,-0.009059654325444071
7042,sub42,42,ling_word_target,-0.002116873364994023
7043,sub42,43,ling_word_target,0.003974232051657091
7044,sub42,44,ling_word_target,-0.006498331294153612
7045,sub42,45,ling_word_target,-0.010409379219273502
7046,sub42,46,ling_word_target,0.006536943842121746
7047,sub42,47,ling_word_target,0.00866785057291356
7048,sub42,48,ling_word_target,0.003818310918336388
7049,sub42,49,ling_word_target,0.008832731779639683
7050,sub42,50,ling_word_target,0.0016853924230807453
7051,sub42,51,ling_word_target,-0.02642765598959102
7052,sub42,52,ling_word_target,-0.006316166807185868
7053,sub42,53,ling_word_target,0.016105647460979543
7054,sub42,54,ling_word_target,0.014702497761993113
7055,sub42,55,ling_word_target,0.003294977479131216
7056,sub42,56,ling_word_target,0.008420803682161712
7057,sub42,57,ling_word_target,0.01252305822215595
7058,sub42,58,ling_word_target,0.010553114576157008
7059,sub42,59,ling_word_target,-0.0032281280301783575
7060,sub42,60,ling_word_target,0.019999500575065426
7061,sub42,61,ling_word_target,0.03407422951760088
7062,sub42,62,ling_word_target,0.003950597252081154
7063,sub42,63,ling_word_target,0.0089691851441095
7064,sub42,64,ling_word_target,-0.0019813780461240614
7065,sub42,65,ling_word_target,-0.024264575175100635
7066,sub42,66,ling_word_target,-0.020351296738941115
7067,sub42,67,ling_word_target,-0.0012680749502364222
7068,sub42,68,ling_word_target,-0.010693965280454803
7069,sub42,69,ling_word_target,-0.0423802719556202
7070,sub42,70,ling_word_target,0.00122325645311866
7071,sub42,71,ling_word_target,0.011786228145053597
7072,sub42,72,ling_word_target,-0.013272455364576012
7073,sub42,73,ling_word_target,0.01489618840448874
7074,sub42,74,ling_word_target,-0.02304156502939195
7075,sub42,75,ling_word_target,-0.008921128086629886
7076,sub42,76,ling_word_target,0.03569978425254933
7077,sub42,77,ling_word_target,-0.032440916939575966
7078,sub42,78,ling_word_target,0.008799684347836411
7079,sub42,79,ling_word_target,-0.011213594058327916
7080,sub42,80,ling_word_target,-0.011826372067353822
7081,sub42,81,ling_word_target,0.0006806425834997703
7082,sub42,82,ling_word_target,0.02790583919315506
7083,sub42,83,ling_word_target,0.026274286253068976
7084,sub42,84,ling_word_target,-0.006093613785966094
7085,sub42,85,ling_word_target,-0.04556238401109957
7086,sub42,86,ling_word_target,-0.012857714633501731
7087,sub42,87,ling_word_target,0.004218905179365637
7088,sub42,88,ling_word_target,-0.017315407649427683
7089,sub42,89,ling_word_target,-0.007619295085360137
7090,sub42,90,ling_word_target,0.01483511116169068
7091,sub42,91,ling_word_target,0.02826765448640761
7092,sub42,92,ling_word_target,0.008482029561871404
7093,sub42,93,ling_word_target,-0.017492880258496043
7094,sub42,94,ling_word_target,-0.010543799674968093
7095,sub42,95,ling_word_target,-0.00901085301904812
7096,sub42,96,ling_word_target,-0.022430611141524476
7097,sub42,97,ling_word_target,-0.02123453930498846
7098,sub42,98,ling_word_target,-0.02289124500959919
7099,sub42,99,ling_word_target,-0.014554598058610747
7100,sub42,100,ling_word_target,0.009829991195754067
7101,sub42,101,ling_word_target,-0.028285419907785204
7102,sub42,102,ling_word_target,-0.01217400889138555
7103,sub42,103,ling_word_target,0.006204995283592405
7104,sub42,104,ling_word_target,-0.004996152613291984
7105,sub42,105,ling_word_target,0.013997827686990752
7106,sub42,106,ling_word_target,0.01266977952278511
7107,sub42,107,ling_word_target,0.006570153527878495
7108,sub42,108,ling_word_target,-0.04359850706216206
7109,sub42,109,ling_word_target,-0.019912579960123113
7110,sub42,110,ling_word_target,-0.02092985746421506
7111,sub42,111,ling_word_target,-0.008507412345088916
7112,sub42,112,ling_word_target,0.014468254716884192
7113,sub42,113,ling_word_target,-0.00768007070434226
7114,sub42,114,ling_word_target,0.00651234588397428
7115,sub42,115,ling_word_target,-0.02115029927618254
7116,sub42,116,ling_word_target,-0.015769328256338644
7117,sub42,117,ling_word_target,0.01990733104248354
7118,sub42,118,ling_word_target,0.00693038616141732
7119,sub42,119,ling_word_target,-0.0022742754366391446
7120,sub42,120,ling_word_target,-0.008061364292341302
7121,sub42,121,ling_word_target,-0.0010578147585162104
7122,sub42,122,ling_word_target,0.006783940319468874
7123,sub42,123,ling_word_target,-0.00275816770311952
7124,sub42,124,ling_word_target,-0.02563360973774297
7125,sub42,125,ling_word_target,0.01197039258230621
7126,sub42,126,ling_word_target,0.001083974729766886
7127,sub42,127,ling_word_target,0.025202985085532748
7128,sub42,128,ling_word_target,0.019445242750089037
7129,sub42,129,ling_word_target,0.0008570960833430824
7130,sub42,130,ling_word_target,0.0026502961952030424
7131,sub42,131,ling_word_target,0.005730725425719207
7132,sub42,132,ling_word_target,0.012833067650947563
7133,sub42,133,ling_word_target,0.006767717626291909
7134,sub42,134,ling_word_target,-0.012249190580598757
7135,sub42,135,ling_word_target,0.003820053063182213
7136,sub42,136,ling_word_target,0.00609675330300795
7137,sub42,137,ling_word_target,0.020791115727396465
7138,sub42,138,ling_word_target,0.0253119012384987
7139,sub42,139,ling_word_target,-0.00423961823671009
7140,sub42,140,ling_word_target,-0.012330186184368238
7141,sub42,141,ling_word_target,-0.0014702956048547825
7142,sub42,142,ling_word_target,0.011433520209798279
7143,sub42,143,ling_word_target,-0.010436156165669478
7144,sub42,144,ling_word_target,0.030562447103134095
7145,sub42,145,ling_word_target,-0.004556989164071662
7146,sub42,146,ling_word_target,-0.008207750737176396
7147,sub42,147,ling_word_target,-0.013932793175978399
7148,sub42,148,ling_word_target,0.0006662689265832926
7149,sub42,149,ling_word_target,-0.00672778835991077
7150,sub42,150,ling_word_target,0.011568574343789127
7151,sub42,151,ling_word_target,-0.006729132800254112
7152,sub42,152,ling_word_target,0.0012078089514164358
7153,sub42,153,ling_word_target,0.022000300065124493
7154,sub42,154,ling_word_target,0.0038173879591735546
7155,sub42,155,ling_word_target,-0.009777547016039004
7156,sub42,156,ling_word_target,-0.0063305561992184935
7157,sub42,157,ling_word_target,0.006959132339427736
7158,sub42,158,ling_word_target,0.011078032343836417
7159,sub42,159,ling_word_target,0.0002809701506148223
7160,sub42,160,ling_word_target,0.0012222421435238175
7161,sub42,161,ling_word_target,0.00969240184204221
7162,sub42,162,ling_word_target,-0.008720583255642914
7163,sub42,163,ling_word_target,0.004891346943077864
7164,sub42,164,ling_word_target,-0.011273082588845074
7165,sub42,165,ling_word_target,0.02111798144066064
7166,sub42,166,ling_word_target,-0.0029393393407655785
7167,sub42,167,ling_word_target,0.0276664401618373
7168,sub42,168,ling_word_target,0.008847212712593545
7169,sub42,169,ling_word_target,-0.007264548253956661
7170,sub42,170,ling_word_target,0.018520068185575292
7171,sub42,171,ling_word_target,0.0027339605396206283
7172,sub42,172,ling_word_target,0.00984596004924914
7173,sub42,173,ling_word_target,-0.009473316564330701
7174,sub42,174,ling_word_target,-0.01470016760638912
7175,sub42,175,ling_word_target,-0.014530588543744137
7176,sub42,176,ling_word_target,-0.002811651746649102
7177,sub42,177,ling_word_target,0.012610366150923088
7178,sub42,178,ling_word_target,0.004613192103899491
7179,sub42,179,ling_word_target,0.015881720480688123
7180,sub42,180,ling_word_target,-0.0008758481550144542
7181,sub42,181,ling_word_target,-0.0004041703835854647
7182,sub42,182,ling_word_target,0.0003711350837797298
7183,sub42,183,ling_word_target,-0.01987603669159107
7184,sub42,184,ling_word_target,-0.009765732790909464
7185,sub42,185,ling_word_target,-0.00016631604002012676
7186,sub42,186,ling_word_target,0.005630463586229788
7187,sub42,187,ling_word_target,-0.0186494408582183
7188,sub42,188,ling_word_target,0.008571396584801726
7189,sub42,189,ling_word_target,0.0034063426886647963
7190,sub42,190,ling_word_target,-0.015332985263388502
7191,sub42,191,ling_word_target,0.02047531756494308
7192,sub42,192,ling_word_target,-0.006822688079170485
7193,sub42,193,ling_word_target,-0.013318786926264713
7194,sub42,194,ling_word_target,0.0032002855203945232
7195,sub42,195,ling_word_target,0.014213373376066901
7196,sub42,196,ling_word_target,-0.007978411208963346
7197,sub42,197,ling_word_target,0.011764647249850917
7198,sub42,198,ling_word_target,0.0015070093140052787
7199,sub42,199,ling_word_target,-0.01434056776303541
7200,sub43,0,ling_word_target,-0.004161602272612401
7201,sub43,1,ling_word_target,0.016726115559673425
7202,sub43,2,ling_word_target,-0.0027488489477790513
7203,sub43,3,ling_word_target,-0.0010037902893916533
7204,sub43,4,ling_word_target,0.0017375202509657824
7205,sub43,5,ling_word_target,0.0056974228981372865
7206,sub43,6,ling_word_target,0.013139161900319803
7207,sub43,7,ling_word_target,0.005971903170372177
7208,sub43,8,ling_word_target,0.008143438597353288
7209,sub43,9,ling_word_target,-0.0006330118770680153
7210,sub43,10,ling_word_target,-0.01573401973045769
7211,sub43,11,ling_word_target,-0.0065378217919230515
7212,sub43,12,ling_word_target,0.0167205421168542
7213,sub43,13,ling_word_target,-0.0005617829861549756
7214,sub43,14,ling_word_target,0.00672457526675653
7215,sub43,15,ling_word_target,0.01684533217308346
7216,sub43,16,ling_word_target,0.006677894663106787
7217,sub43,17,ling_word_target,-0.005635717861978224
7218,sub43,18,ling_word_target,-0.006459855675861155
7219,sub43,19,ling_word_target,0.0013727950255628004
7220,sub43,20,ling_word_target,0.0037077625170019984
7221,sub43,21,ling_word_target,-0.016456283570553572
7222,sub43,22,ling_word_target,-0.007517051610021271
7223,sub43,23,ling_word_target,0.006451942039718086
7224,sub43,24,ling_word_target,-0.005510418044800176
7225,sub43,25,ling_word_target,-0.004589612049042343
7226,sub43,26,ling_word_target,-0.02347823389725187
7227,sub43,27,ling_word_target,0.02163035182850895
7228,sub43,28,ling_word_target,-0.01105786044473342
7229,sub43,29,ling_word_target,-0.01095642516957134
7230,sub43,30,ling_word_target,0.032901363897776134
7231,sub43,31,ling_word_target,0.01803258464396471
7232,sub43,32,ling_word_target,0.00893208465921424
7233,sub43,33,ling_word_target,-0.0032692543504108055
7234,sub43,34,ling_word_target,0.008675391174713543
7235,sub43,35,ling_word_target,-0.004200168407361683
7236,sub43,36,ling_word_target,-0.004295980407843998
7237,sub43,37,ling_word_target,0.01047541264644295
7238,sub43,38,ling_word_target,0.014282049060560872
7239,sub43,39,ling_word_target,0.004389505902023538
7240,sub43,40,ling_word_target,-0.02151536773672135
7241,sub43,41,ling_word_target,0.0039011593820339288
7242,sub43,42,ling_word_target,0.009738540887359197
7243,sub43,43,ling_word_target,0.015212339620297215
7244,sub43,44,ling_word_target,-0.00718417943065783
7245,sub43,45,ling_word_target,0.0012374837100948956
7246,sub43,46,ling_word_target,-0.011246033871135482
7247,sub43,47,ling_word_target,0.0010539968117073172
7248,sub43,48,ling_word_target,-0.01109885282685115
7249,sub43,49,ling_word_target,-0.024230838631075308
7250,sub43,50,ling_word_target,0.001650072571830877
7251,sub43,51,ling_word_target,0.002811528001615569
7252,sub43,52,ling_word_target,-0.01561827965029337
7253,sub43,53,ling_word_target,0.009014267373993887
7254,sub43,54,ling_word_target,-0.012996026554532403
7255,sub43,55,ling_word_target,0.002075880442155538
7256,sub43,56,ling_word_target,0.0003840015007209305
7257,sub43,57,ling_word_target,-0.0016960847867819278
7258,sub43,58,ling_word_target,-0.006899532097457215
7259,sub43,59,ling_word_target,0.0044384829884287404
7260,sub43,60,ling_word_target,0.005802458317943985
7261,sub43,61,ling_word_target,-0.004853444172076633
7262,sub43,62,ling_word_target,-0.002734628291044849
7263,sub43,63,ling_word_target,-0.008296490333427253
7264,sub43,64,ling_word_target,0.007566109767987124
7265,sub43,65,ling_word_target,-0.005650284379194014
7266,sub43,66,ling_word_target,-7.905933100074827e-05
7267,sub43,67,ling_word_target,-0.005620427659725333
7268,sub43,68,ling_word_target,0.022692132468220595
7269,sub43,69,ling_word_target,-0.0054253775182107515
7270,sub43,70,ling_word_target,-0.01021217267418133
7271,sub43,71,ling_word_target,-0.009592016406287221
7272,sub43,72,ling_word_target,0.0010882316564487437
7273,sub43,73,ling_word_target,-0.01192941676084585
7274,sub43,74,ling_word_target,4.8910163453120374e-05
7275,sub43,75,ling_word_target,-0.01466715264137679
7276,sub43,76,ling_word_target,0.0025634237457164352
7277,sub43,77,ling_word_target,0.005223994998798151
7278,sub43,78,ling_word_target,-0.0026455321900475054
7279,sub43,79,ling_word_target,0.007011660025537823
7280,sub43,80,ling_word_target,0.007540608210843541
7281,sub43,81,ling_word_target,-0.00012510332915189083
7282,sub43,82,ling_word_target,0.014846281306925507
7283,sub43,83,ling_word_target,-0.003488142673724126
7284,sub43,84,ling_word_target,0.0007951203341771251
7285,sub43,85,ling_word_target,-0.004819360202665144
7286,sub43,86,ling_word_target,-0.0029317531962365895
7287,sub43,87,ling_word_target,-0.02233030085442859
7288,sub43,88,ling_word_target,-0.018520934365140736
7289,sub43,89,ling_word_target,-0.0019969647760277173
7290,sub43,90,ling_word_target,0.010530923845077375
7291,sub43,91,ling_word_target,0.0018911740540123471
7292,sub43,92,ling_word_target,-0.008290530118815285
7293,sub43,93,ling_word_target,-0.004455936908010249
7294,sub43,94,ling_word_target,-0.019855770489970406
7295,sub43,95,ling_word_target,-0.0076068004718643605
7296,sub43,96,ling_word_target,-0.01564812461458497
7297,sub43,97,ling_word_target,-0.0005867410070054891
7298,sub43,98,ling_word_target,-0.013186311687142627
7299,sub43,99,ling_word_target,0.005626112483498803
7300,sub43,100,ling_word_target,-0.015314479768724128
7301,sub43,101,ling_word_target,-0.001400964094866521
7302,sub43,102,ling_word_target,-0.008151868542188396
7303,sub43,103,ling_word_target,0.008477019333129778
7304,sub43,104,ling_word_target,0.009466106632868745
7305,sub43,105,ling_word_target,-0.015156728292489484
7306,sub43,106,ling_word_target,-0.004342371422291348
7307,sub43,107,ling_word_target,-0.002543765707068837
7308,sub43,108,ling_word_target,0.016990995242693815
7309,sub43,109,ling_word_target,-0.025959578269442316
7310,sub43,110,ling_word_target,-0.020491563534998588
7311,sub43,111,ling_word_target,0.007327774042575012
7312,sub43,112,ling_word_target,0.011930986012981582
7313,sub43,113,ling_word_target,0.0010396138752726762
7314,sub43,114,ling_word_target,-0.008127218203035564
7315,sub43,115,ling_word_target,-0.0010169750498390017
7316,sub43,116,ling_word_target,0.01689915057239218
7317,sub43,117,ling_word_target,-0.00460946991891611
7318,sub43,118,ling_word_target,-0.016326808730708256
7319,sub43,119,ling_word_target,-0.004492314008918366
7320,sub43,120,ling_word_target,-0.00651400385846858
7321,sub43,121,ling_word_target,0.007016339383504433
7322,sub43,122,ling_word_target,-0.010116312937115329
7323,sub43,123,ling_word_target,-0.016100110197883193
7324,sub43,124,ling_word_target,0.027788753290323525
7325,sub43,125,ling_word_target,-0.01031488122726401
7326,sub43,126,ling_word_target,-0.013964323215753362
7327,sub43,127,ling_word_target,-0.0077882573930286225
7328,sub43,128,ling_word_target,-0.010649542671326069
7329,sub43,129,ling_word_target,0.0023553888770312175
7330,sub43,130,ling_word_target,0.02058629200508456
7331,sub43,131,ling_word_target,0.0019674465032756393
7332,sub43,132,ling_word_target,-0.010232955742075913
7333,sub43,133,ling_word_target,0.034052603345830657
7334,sub43,134,ling_word_target,0.006194277942579554
7335,sub43,135,ling_word_target,0.0067940998923756105
7336,sub43,136,ling_word_target,-0.004373448158179086
7337,sub43,137,ling_word_target,0.006697242795165739
7338,sub43,138,ling_word_target,-0.000816859880802596
7339,sub43,139,ling_word_target,0.009806732483789351
7340,sub43,140,ling_word_target,0.0024224735962970595
7341,sub43,141,ling_word_target,-0.00421079929265049
7342,sub43,142,ling_word_target,0.01621300596038798
7343,sub43,143,ling_word_target,-0.004721249202949546
7344,sub43,144,ling_word_target,0.001181843895498254
7345,sub43,145,ling_word_target,0.019135470632031564
7346,sub43,146,ling_word_target,0.012460311995574647
7347,sub43,147,ling_word_target,0.00993016744910548
7348,sub43,148,ling_word_target,0.006762574329951023
7349,sub43,149,ling_word_target,0.0008556093386179094
7350,sub43,150,ling_word_target,0.002218733219395264
7351,sub43,151,ling_word_target,0.005097072464016757
7352,sub43,152,ling_word_target,-0.01401072955091173
7353,sub43,153,ling_word_target,0.008288643927491639
7354,sub43,154,ling_word_target,-0.012406842443864748
7355,sub43,155,ling_word_target,-0.010531762723401951
7356,sub43,156,ling_word_target,0.0009483376001804838
7357,sub43,157,ling_word_target,-0.007070675949708952
7358,sub43,158,ling_word_target,0.0078006181458159345
7359,sub43,159,ling_word_target,0.006210448862597569
7360,sub43,160,ling_word_target,0.010117317469621703
7361,sub43,161,ling_word_target,0.0013254201385505403
7362,sub43,162,ling_word_target,0.010290493060528235
7363,sub43,163,ling_word_target,0.01170257318442203
7364,sub43,164,ling_word_target,-0.02350989997584246
7365,sub43,165,ling_word_target,-0.0001997920692695193
7366,sub43,166,ling_word_target,-0.0066024928862630184
7367,sub43,167,ling_word_target,-0.004005319421054521
7368,sub43,168,ling_word_target,0.007380120578698835
7369,sub43,169,ling_word_target,-6.927574959541157e-05
7370,sub43,170,ling_word_target,0.0061985593813231295
7371,sub43,171,ling_word_target,0.027719413932184946
7372,sub43,172,ling_word_target,-0.0006060467765932708
7373,sub43,173,ling_word_target,-0.0010395538003427106
7374,sub43,174,ling_word_target,-0.0012286564863863382
7375,sub43,175,ling_word_target,0.0074573721650920384
7376,sub43,176,ling_word_target,0.0024751863146630602
7377,sub43,177,ling_word_target,-0.006809433491752945
7378,sub43,178,ling_word_target,-0.0018279718851501342
7379,sub43,179,ling_word_target,0.003017079758934636
7380,sub43,180,ling_word_target,-0.008537135595668455
7381,sub43,181,ling_word_target,0.006013343493107442
7382,sub43,182,ling_word_target,0.002747086817918376
7383,sub43,183,ling_word_target,0.009431033162588132
7384,sub43,184,ling_word_target,0.002974557314597118
7385,sub43,185,ling_word_target,0.03497105214295617
7386,sub43,186,ling_word_target,-0.007848202075025918
7387,sub43,187,ling_word_target,0.014324878864509108
7388,sub43,188,ling_word_target,0.008918695152665123
7389,sub43,189,ling_word_target,-0.004013015028687593
7390,sub43,190,ling_word_target,0.00913724744984467
7391,sub43,191,ling_word_target,-0.01143269415763616
7392,sub43,192,ling_word_target,0.00017738494493589163
7393,sub43,193,ling_word_target,0.0019808938326045336
7394,sub43,194,ling_word_target,0.01115028872177013
7395,sub43,195,ling_word_target,-0.01372464091883794
7396,sub43,196,ling_word_target,-0.006118518884503536
7397,sub43,197,ling_word_target,0.0038988276678765333
7398,sub43,198,ling_word_target,0.00593999062488532
7399,sub43,199,ling_word_target,0.017003097060090955
7400,sub44,0,ling_word_target,-2.25285686502261e-05
7401,sub44,1,ling_word_target,-0.00011872214539506822
7402,sub44,2,ling_word_target,-0.021850622217095102
7403,sub44,3,ling_word_target,-0.01629403926214905
7404,sub44,4,ling_word_target,0.012127675819720834
7405,sub44,5,ling_word_target,-0.01128294155354641
7406,sub44,6,ling_word_target,-0.012196104679075762
7407,sub44,7,ling_word_target,0.0052251389279512174
7408,sub44,8,ling_word_target,-0.009167256756903662
7409,sub44,9,ling_word_target,-0.003857051564572265
7410,sub44,10,ling_word_target,0.06066754715065055
7411,sub44,11,ling_word_target,0.015934075267547438
7412,sub44,12,ling_word_target,-0.00868626575962837
7413,sub44,13,ling_word_target,0.0023794240306233777
7414,sub44,14,ling_word_target,0.008348823021821262
7415,sub44,15,ling_word_target,0.028755197798999207
7416,sub44,16,ling_word_target,0.028200805460641413
7417,sub44,17,ling_word_target,0.048312065828532695
7418,sub44,18,ling_word_target,0.02721982763741586
7419,sub44,19,ling_word_target,0.025040568097266392
7420,sub44,20,ling_word_target,0.02438413865053199
7421,sub44,21,ling_word_target,0.04286767032543611
7422,sub44,22,ling_word_target,0.01725519064457483
7423,sub44,23,ling_word_target,-0.0030618992663740342
7424,sub44,24,ling_word_target,0.024241104241695784
7425,sub44,25,ling_word_target,-0.02125731298197498
7426,sub44,26,ling_word_target,0.007941948553686417
7427,sub44,27,ling_word_target,0.005941504364089341
7428,sub44,28,ling_word_target,0.0018048201589971064
7429,sub44,29,ling_word_target,-0.004951722939588783
7430,sub44,30,ling_word_target,-0.009203593941171564
7431,sub44,31,ling_word_target,-0.022212698576635076
7432,sub44,32,ling_word_target,0.0035903494696512862
7433,sub44,33,ling_word_target,0.018223600435695608
7434,sub44,34,ling_word_target,0.01044900331879307
7435,sub44,35,ling_word_target,0.00040305454375449615
7436,sub44,36,ling_word_target,-0.004864289292063466
7437,sub44,37,ling_word_target,0.015941547785899922
7438,sub44,38,ling_word_target,-0.012329905314794052
7439,sub44,39,ling_word_target,-0.004492061546398511
7440,sub44,40,ling_word_target,0.027274971676357705
7441,sub44,41,ling_word_target,0.010958869795850805
7442,sub44,42,ling_word_target,-0.007571322180821273
7443,sub44,43,ling_word_target,0.0006237963922205733
7444,sub44,44,ling_word_target,0.006905603879939584
7445,sub44,45,ling_word_target,0.004464328259965697
7446,sub44,46,ling_word_target,0.0028792210299662477
7447,sub44,47,ling_word_target,-0.025900134408597376
7448,sub44,48,ling_word_target,0.026906809623970206
7449,sub44,49,ling_word_target,0.013800771273798163
7450,sub44,50,ling_word_target,0.022018956596906072
7451,sub44,51,ling_word_target,-0.0009206336458863636
7452,sub44,52,ling_word_target,0.012532193428130969
7453,sub44,53,ling_word_target,0.013668155339047878
7454,sub44,54,ling_word_target,-0.012965901500988442
7455,sub44,55,ling_word_target,-0.02130555959645925
7456,sub44,56,ling_word_target,-0.012866632820646685
7457,sub44,57,ling_word_target,-0.012205291040927487
7458,sub44,58,ling_word_target,-0.004107826307613446
7459,sub44,59,ling_word_target,0.0028623958005574938
7460,sub44,60,ling_word_target,0.005461367062662898
7461,sub44,61,ling_word_target,-0.025131614181098123
7462,sub44,62,ling_word_target,-0.013096905067016334
7463,sub44,63,ling_word_target,-0.015539438161140376
7464,sub44,64,ling_word_target,-0.008471279724409354
7465,sub44,65,ling_word_target,2.3800316824434864e-05
7466,sub44,66,ling_word_target,0.0007123418193276393
7467,sub44,67,ling_word_target,-0.00789586645977824
7468,sub44,68,ling_word_target,0.012760011747494509
7469,sub44,69,ling_word_target,-0.007263321651774144
7470,sub44,70,ling_word_target,-0.006711624328166703
7471,sub44,71,ling_word_target,-0.016764430448304012
7472,sub44,72,ling_word_target,-0.018652471470614947
7473,sub44,73,ling_word_target,-0.000528894650782648
7474,sub44,74,ling_word_target,0.01397422153343824
7475,sub44,75,ling_word_target,-0.005541737535193923
7476,sub44,76,ling_word_target,-0.01813771294122548
7477,sub44,77,ling_word_target,0.014192980563143321
7478,sub44,78,ling_word_target,-0.0021185189498382166
7479,sub44,79,ling_word_target,-0.012941892170721893
7480,sub44,80,ling_word_target,-0.0005328633663171159
7481,sub44,81,ling_word_target,0.027902102148375393
7482,sub44,82,ling_word_target,-0.009063015545709253
7483,sub44,83,ling_word_target,-0.002196820631824373
7484,sub44,84,ling_word_target,0.03970794962032096
7485,sub44,85,ling_word_target,-0.00940324693641891
7486,sub44,86,ling_word_target,0.00198363021386467
7487,sub44,87,ling_word_target,0.02026630149279093
7488,sub44,88,ling_word_target,-0.006218033690377782
7489,sub44,89,ling_word_target,0.011180394141875804
7490,sub44,90,ling_word_target,-0.010847822193898793
7491,sub44,91,ling_word_target,-0.022585101387499907
7492,sub44,92,ling_word_target,-0.022510373932545624
7493,sub44,93,ling_word_target,-0.026725983506769885
7494,sub44,94,ling_word_target,0.0015466785845724706
7495,sub44,95,ling_word_target,-0.0376510436904974
7496,sub44,96,ling_word_target,0.019518941654504546
7497,sub44,97,ling_word_target,-0.03267283018850692
7498,sub44,98,ling_word_target,-0.013242423371104711
7499,sub44,99,ling_word_target,-0.0030219692212577857
7500,sub44,100,ling_word_target,-0.004532911379089239
7501,sub44,101,ling_word_target,0.00554998754556893
7502,sub44,102,ling_word_target,0.0037732568610498503
7503,sub44,103,ling_word_target,-0.015222801794235344
7504,sub44,104,ling_word_target,0.005658406847836195
7505,sub44,105,ling_word_target,0.019210725263730827
7506,sub44,106,ling_word_target,-0.010597588540082213
7507,sub44,107,ling_word_target,-0.006998058181203586
7508,sub44,108,ling_word_target,-0.005918521752284946
7509,sub44,109,ling_word_target,0.008116443620996202
7510,sub44,110,ling_word_target,-0.03426304011259989
7511,sub44,111,ling_word_target,-0.031292213338596137
7512,sub44,112,ling_word_target,-0.023598411710974834
7513,sub44,113,ling_word_target,-0.021369664429118657
7514,sub44,114,ling_word_target,0.01786892452688429
7515,sub44,115,ling_word_target,-0.014420309837319166
7516,sub44,116,ling_word_target,0.010899790712673794
7517,sub44,117,ling_word_target,-0.008705358779382548
7518,sub44,118,ling_word_target,-0.015157287189789467
7519,sub44,119,ling_word_target,0.016818079700503072
7520,sub44,120,ling_word_target,0.02175059859168186
7521,sub44,121,ling_word_target,-0.019925125822426084
7522,sub44,122,ling_word_target,0.006008737682472067
7523,sub44,123,ling_word_target,-0.046826096124544365
7524,sub44,124,ling_word_target,-0.0415199920842268
7525,sub44,125,ling_word_target,-0.0030152760491681508
7526,sub44,126,ling_word_target,0.004921237819039708
7527,sub44,127,ling_word_target,-0.011973603165296396
7528,sub44,128,ling_word_target,-0.017677397283526165
7529,sub44,129,ling_word_target,0.011842490124329122
7530,sub44,130,ling_word_target,0.0030860207284818526
7531,sub44,131,ling_word_target,0.01211602738505091
7532,sub44,132,ling_word_target,0.0026189316752453437
7533,sub44,133,ling_word_target,-0.0057389044303089555
7534,sub44,134,ling_word_target,-0.008170776826490768
7535,sub44,135,ling_word_target,-0.0032071110641733727
7536,sub44,136,ling_word_target,-0.00872066139725222
7537,sub44,137,ling_word_target,-0.00875647390568592
7538,sub44,138,ling_word_target,-0.0042004128391450336
7539,sub44,139,ling_word_target,0.0058466811985079204
7540,sub44,140,ling_word_target,0.00507715647892589
7541,sub44,141,ling_word_target,-0.013275486096590251
7542,sub44,142,ling_word_target,0.004165372270357316
7543,sub44,143,ling_word_target,0.008655815692397555
7544,sub44,144,ling_word_target,0.008776141370274205
7545,sub44,145,ling_word_target,-0.03077550570355309
7546,sub44,146,ling_word_target,-0.0023075291561446666
7547,sub44,147,ling_word_target,-0.0027920568126274187
7548,sub44,148,ling_word_target,0.010245611922002454
7549,sub44,149,ling_word_target,0.035180442149543516
7550,sub44,150,ling_word_target,0.0011965153071285578
7551,sub44,151,ling_word_target,0.005273107222388964
7552,sub44,152,ling_word_target,0.007737513564786485
7553,sub44,153,ling_word_target,0.01737766068776432
7554,sub44,154,ling_word_target,0.00036508450044901795
7555,sub44,155,ling_word_target,0.00503414809294253
7556,sub44,156,ling_word_target,-0.02097026215089656
7557,sub44,157,ling_word_target,-0.0011741368762149974
7558,sub44,158,ling_word_target,0.012017897026159267
7559,sub44,159,ling_word_target,-0.012638777692971866
7560,sub44,160,ling_word_target,0.0038833178570892245
7561,sub44,161,ling_word_target,-0.00789161640712575
7562,sub44,162,ling_word_target,-0.002560834539014823
7563,sub44,163,ling_word_target,0.02165695752812565
7564,sub44,164,ling_word_target,-0.02369439674007554
7565,sub44,165,ling_word_target,-0.017857014626465776
7566,sub44,166,ling_word_target,-0.006349359282501184
7567,sub44,167,ling_word_target,-0.015826990967677285
7568,sub44,168,ling_word_target,0.012030926650170404
7569,sub44,169,ling_word_target,0.003084847452658387
7570,sub44,170,ling_word_target,-0.008691472420669456
7571,sub44,171,ling_word_target,-0.014474838882812606
7572,sub44,172,ling_word_target,0.003761836655117841
7573,sub44,173,ling_word_target,-0.017771510940719916
7574,sub44,174,ling_word_target,0.0010066956043505615
7575,sub44,175,ling_word_target,-0.029844881985594134
7576,sub44,176,ling_word_target,-0.014454507845706023
7577,sub44,177,ling_word_target,0.00799415635351761
7578,sub44,178,ling_word_target,-0.00256039838742035
7579,sub44,179,ling_word_target,0.013767225481200204
7580,sub44,180,ling_word_target,0.0022282268474940426
7581,sub44,181,ling_word_target,0.006935805000610467
7582,sub44,182,ling_word_target,-0.006324253176288208
7583,sub44,183,ling_word_target,0.004498592349325356
7584,sub44,184,ling_word_target,-0.01292534788546198
7585,sub44,185,ling_word_target,0.03738455803323824
7586,sub44,186,ling_word_target,-0.008226309915054183
7587,sub44,187,ling_word_target,-0.01768201179303944
7588,sub44,188,ling_word_target,-0.013678422921668723
7589,sub44,189,ling_word_target,-0.04658824570959196
7590,sub44,190,ling_word_target,0.00766183815146538
7591,sub44,191,ling_word_target,-0.0037350206118725556
7592,sub44,192,ling_word_target,0.006829585761174324
7593,sub44,193,ling_word_target,0.0066143390019428585
7594,sub44,194,ling_word_target,-0.0007015609389071084
7595,sub44,195,ling_word_target,-0.013381599961671263
7596,sub44,196,ling_word_target,-0.01284662378397465
7597,sub44,197,ling_word_target,0.007386766633358535
7598,sub44,198,ling_word_target,0.013381089446107962
7599,sub44,199,ling_word_target,0.0002631453444930363
7600,sub45,0,ling_word_target,-0.009987547605651084
7601,sub45,1,ling_word_target,0.005069878596050493
7602,sub45,2,ling_word_target,0.0013723805086608455
7603,sub45,3,ling_word_target,0.011911921487078286
7604,sub45,4,ling_word_target,-0.0002346171132203946
7605,sub45,5,ling_word_target,0.002569500469658071
7606,sub45,6,ling_word_target,0.003845795445843977
7607,sub45,7,ling_word_target,0.0059757755889307505
7608,sub45,8,ling_word_target,-0.027072184691471088
7609,sub45,9,ling_word_target,0.0017182047156529185
7610,sub45,10,ling_word_target,0.01097177779091608
7611,sub45,11,ling_word_target,0.002261251384904096
7612,sub45,12,ling_word_target,0.007677257855292983
7613,sub45,13,ling_word_target,-0.0063256872246472045
7614,sub45,14,ling_word_target,-0.0015282123613193203
7615,sub45,15,ling_word_target,0.008703881520417926
7616,sub45,16,ling_word_target,-0.009682866898995852
7617,sub45,17,ling_word_target,-0.020054285382951873
7618,sub45,18,ling_word_target,0.010660727290573054
7619,sub45,19,ling_word_target,-0.0004543588444898073
7620,sub45,20,ling_word_target,0.00932222696334813
7621,sub45,21,ling_word_target,0.0018811372357290903
7622,sub45,22,ling_word_target,0.017864506394322674
7623,sub45,23,ling_word_target,0.0034549038777459693
7624,sub45,24,ling_word_target,0.0015339405203803611
7625,sub45,25,ling_word_target,-0.0009825994444846511
7626,sub45,26,ling_word_target,0.007686171906769984
7627,sub45,27,ling_word_target,0.010470159409350479
7628,sub45,28,ling_word_target,-0.020404706770953976
7629,sub45,29,ling_word_target,0.004587841147798516
7630,sub45,30,ling_word_target,0.007620566790837419
7631,sub45,31,ling_word_target,0.003501120844445194
7632,sub45,32,ling_word_target,0.004455900772548965
7633,sub45,33,ling_word_target,0.014004358614846184
7634,sub45,34,ling_word_target,0.0027663146943521393
7635,sub45,35,ling_word_target,0.004338259010898981
7636,sub45,36,ling_word_target,-0.0002737555151345458
7637,sub45,37,ling_word_target,-0.005304156433512589
7638,sub45,38,ling_word_target,0.0024330182083039634
7639,sub45,39,ling_word_target,-0.005761424183101409
7640,sub45,40,ling_word_target,0.0014850024318011688
7641,sub45,41,ling_word_target,0.008354570461942091
7642,sub45,42,ling_word_target,0.0011605344501360903
7643,sub45,43,ling_word_target,0.004936070224875042
7644,sub45,44,ling_word_target,-0.005486164002689916
7645,sub45,45,ling_word_target,-0.006426962736250176
7646,sub45,46,ling_word_target,0.009322019119958055
7647,sub45,47,ling_word_target,0.0025015380834900727
7648,sub45,48,ling_word_target,0.006772646410273738
7649,sub45,49,ling_word_target,-0.001183712910372894
7650,sub45,50,ling_word_target,0.00048054586583731225
7651,sub45,51,ling_word_target,0.0037921235969890954
7652,sub45,52,ling_word_target,0.008764449374290169
7653,sub45,53,ling_word_target,0.0035266365683976576
7654,sub45,54,ling_word_target,0.004150642034417803
7655,sub45,55,ling_word_target,0.016383294986930398
7656,sub45,56,ling_word_target,0.010918768959108932
7657,sub45,57,ling_word_target,0.01792568763792194
7658,sub45,58,ling_word_target,0.008902970048694
7659,sub45,59,ling_word_target,0.01506226844450453
7660,sub45,60,ling_word_target,0.0024561931527057206
7661,sub45,61,ling_word_target,-0.010167783249542435
7662,sub45,62,ling_word_target,0.0007272779715751843
7663,sub45,63,ling_word_target,-0.01637310990970686
7664,sub45,64,ling_word_target,0.012706790680373184
7665,sub45,65,ling_word_target,0.005736155086765768
7666,sub45,66,ling_word_target,0.00397538398766056
7667,sub45,67,ling_word_target,-0.02733474292144293
7668,sub45,68,ling_word_target,-0.0020019732437435798
7669,sub45,69,ling_word_target,-0.0023770445421157763
7670,sub45,70,ling_word_target,0.0049611853693785875
7671,sub45,71,ling_word_target,-0.002640793154416356
7672,sub45,72,ling_word_target,-0.0008149355832410888
7673,sub45,73,ling_word_target,0.018203491277005997
7674,sub45,74,ling_word_target,0.011948232937228428
7675,sub45,75,ling_word_target,-0.015188662397273501
7676,sub45,76,ling_word_target,0.007191482189635069
7677,sub45,77,ling_word_target,0.004609397124780876
7678,sub45,78,ling_word_target,0.0012355939535889666
7679,sub45,79,ling_word_target,-0.005890074235422852
7680,sub45,80,ling_word_target,-0.003451763777838103
7681,sub45,81,ling_word_target,0.0021942032456519745
7682,sub45,82,ling_word_target,-0.009252219588410404
7683,sub45,83,ling_word_target,-0.01505423430037042
7684,sub45,84,ling_word_target,0.007981321794760222
7685,sub45,85,ling_word_target,0.008570626780804547
7686,sub45,86,ling_word_target,-0.0076280574323035755
7687,sub45,87,ling_word_target,0.008185645850837595
7688,sub45,88,ling_word_target,-0.004144127925150815
7689,sub45,89,ling_word_target,0.010429638975471089
7690,sub45,90,ling_word_target,-8.418386766745763e-06
7691,sub45,91,ling_word_target,-0.003495438865127416
7692,sub45,92,ling_word_target,0.0012045677893817827
7693,sub45,93,ling_word_target,0.010149318602270698
7694,sub45,94,ling_word_target,0.010513367636410066
7695,sub45,95,ling_word_target,-0.0330062852385589
7696,sub45,96,ling_word_target,-0.014235870367872399
7697,sub45,97,ling_word_target,-0.007708286128785798
7698,sub45,98,ling_word_target,0.00401489686281378
7699,sub45,99,ling_word_target,0.019495710342512292
7700,sub45,100,ling_word_target,-0.006432885953275897
7701,sub45,101,ling_word_target,0.015266133487156264
7702,sub45,102,ling_word_target,-0.010791267585303676
7703,sub45,103,ling_word_target,0.008279747573219235
7704,sub45,104,ling_word_target,0.004850580123300816
7705,sub45,105,ling_word_target,0.005969624437907596
7706,sub45,106,ling_word_target,0.008628122153256252
7707,sub45,107,ling_word_target,-0.0017261862480236858
7708,sub45,108,ling_word_target,0.001682991716190304
7709,sub45,109,ling_word_target,0.01707935325570846
7710,sub45,110,ling_word_target,0.012883338720170515
7711,sub45,111,ling_word_target,-0.008023576073833956
7712,sub45,112,ling_word_target,0.003339771437635242
7713,sub45,113,ling_word_target,-0.0016415381631253794
7714,sub45,114,ling_word_target,-0.0008653349574409256
7715,sub45,115,ling_word_target,0.008808001551767398
7716,sub45,116,ling_word_target,0.0036685689345804864
7717,sub45,117,ling_word_target,0.0008773826424253782
7718,sub45,118,ling_word_target,-0.005570056792472221
7719,sub45,119,ling_word_target,0.00010926204490642597
7720,sub45,120,ling_word_target,0.00720137038557382
7721,sub45,121,ling_word_target,-0.007523327860242831
7722,sub45,122,ling_word_target,0.007675282841928831
7723,sub45,123,ling_word_target,0.0037755941873870943
7724,sub45,124,ling_word_target,-0.004154395441332735
7725,sub45,125,ling_word_target,-0.003068218124634622
7726,sub45,126,ling_word_target,-0.012161234061768372
7727,sub45,127,ling_word_target,0.007525783119977325
7728,sub45,128,ling_word_target,-0.00788970774100463
7729,sub45,129,ling_word_target,-0.0014181042991828008
7730,sub45,130,ling_word_target,-0.00435914487642684
7731,sub45,131,ling_word_target,0.009867816311721154
7732,sub45,132,ling_word_target,-0.0021917404229236256
7733,sub45,133,ling_word_target,0.0034550777497216476
7734,sub45,134,ling_word_target,-0.0009474040176378571
7735,sub45,135,ling_word_target,-0.0009234225393422502
7736,sub45,136,ling_word_target,0.004107467399910296
7737,sub45,137,ling_word_target,0.012401863178850258
7738,sub45,138,ling_word_target,0.007833254959971628
7739,sub45,139,ling_word_target,0.003293172773043851
7740,sub45,140,ling_word_target,-0.0006839736770466303
7741,sub45,141,ling_word_target,-0.018516759131622835
7742,sub45,142,ling_word_target,0.0006786399220927352
7743,sub45,143,ling_word_target,0.01206972649777627
7744,sub45,144,ling_word_target,0.0033384291388308144
7745,sub45,145,ling_word_target,-0.0033477087646583323
7746,sub45,146,ling_word_target,0.015515579726434027
7747,sub45,147,ling_word_target,0.004389044857512292
7748,sub45,148,ling_word_target,0.0040291825825756345
7749,sub45,149,ling_word_target,0.0032610793067399412
7750,sub45,150,ling_word_target,-0.019154239713787664
7751,sub45,151,ling_word_target,0.006692844687096145
7752,sub45,152,ling_word_target,-0.006831442723399518
7753,sub45,153,ling_word_target,0.010202416557295247
7754,sub45,154,ling_word_target,-0.007171690595957867
7755,sub45,155,ling_word_target,-0.0036039528273980265
7756,sub45,156,ling_word_target,0.0022508184296115715
7757,sub45,157,ling_word_target,0.010829091233325115
7758,sub45,158,ling_word_target,-0.0037076514486014036
7759,sub45,159,ling_word_target,-0.017991890687451165
7760,sub45,160,ling_word_target,0.0035619700337947324
7761,sub45,161,ling_word_target,0.0020321324432509558
7762,sub45,162,ling_word_target,0.0012897005475509106
7763,sub45,163,ling_word_target,-0.004636137280110187
7764,sub45,164,ling_word_target,-0.0041668213992163425
7765,sub45,165,ling_word_target,-0.0035002515296270564
7766,sub45,166,ling_word_target,-0.00020026957844251344
7767,sub45,167,ling_word_target,-0.012499778844718935
7768,sub45,168,ling_word_target,0.00016075486611839498
7769,sub45,169,ling_word_target,-0.0010579591384320302
7770,sub45,170,ling_word_target,-0.004743461526260736
7771,sub45,171,ling_word_target,0.010768282869675672
7772,sub45,172,ling_word_target,0.01635180143360977
7773,sub45,173,ling_word_target,-0.005287583853837161
7774,sub45,174,ling_word_target,0.007612401594904756
7775,sub45,175,ling_word_target,-0.012933521662642288
7776,sub45,176,ling_word_target,0.0008310458320759989
7777,sub45,177,ling_word_target,-0.011346842650461292
7778,sub45,178,ling_word_target,-0.010113593865620761
7779,sub45,179,ling_word_target,-0.0007306378429045529
7780,sub45,180,ling_word_target,-0.002455687721662163
7781,sub45,181,ling_word_target,-0.01195077472677178
7782,sub45,182,ling_word_target,-0.013997727050482984
7783,sub45,183,ling_word_target,-0.0021286278522263287
7784,sub45,184,ling_word_target,0.001479461185048474
7785,sub45,185,ling_word_target,-0.0019824346566563148
7786,sub45,186,ling_word_target,-0.02241865651745735
7787,sub45,187,ling_word_target,-0.0037710578593667054
7788,sub45,188,ling_word_target,-0.006770311112582677
7789,sub45,189,ling_word_target,0.004023162678072805
7790,sub45,190,ling_word_target,-0.01914215678116011
7791,sub45,191,ling_word_target,0.013464331398510505
7792,sub45,192,ling_word_target,-0.010885732538480818
7793,sub45,193,ling_word_target,0.00021738295684915838
7794,sub45,194,ling_word_target,-0.0018770385519099831
7795,sub45,195,ling_word_target,-0.004309904058027803
7796,sub45,196,ling_word_target,-0.0004972712935072123
7797,sub45,197,ling_word_target,0.012701733129837672
7798,sub45,198,ling_word_target,-0.00046363436171880724
7799,sub45,199,ling_word_target,0.00021426621431779264
7800,sub46,0,ling_word_target,0.012867313467651565
7801,sub46,1,ling_word_target,-0.002531732694469076
7802,sub46,2,ling_word_target,0.00891171874804187
7803,sub46,3,ling_word_target,0.011902727550820611
7804,sub46,4,ling_word_target,0.013751662831211108
7805,sub46,5,ling_word_target,0.001353757167009712
7806,sub46,6,ling_word_target,0.01202578257955359
7807,sub46,7,ling_word_target,0.004692684003354612
7808,sub46,8,ling_word_target,-0.0024259965456813835
7809,sub46,9,ling_word_target,0.010120880232682606
7810,sub46,10,ling_word_target,-0.011868399858953134
7811,sub46,11,ling_word_target,0.013165899366771323
7812,sub46,12,ling_word_target,-0.0002835548436044303
7813,sub46,13,ling_word_target,-0.026880134071255595
7814,sub46,14,ling_word_target,0.014730348657772396
7815,sub46,15,ling_word_target,-0.0035005318262589804
7816,sub46,16,ling_word_target,0.008376542993368612
7817,sub46,17,ling_word_target,-0.009803551225406534
7818,sub46,18,ling_word_target,0.023257254177289837
7819,sub46,19,ling_word_target,0.007163207471870683
7820,sub46,20,ling_word_target,-0.00741414106816869
7821,sub46,21,ling_word_target,0.0031153066544570038
7822,sub46,22,ling_word_target,0.0010744623202705882
7823,sub46,23,ling_word_target,0.027775871605370192
7824,sub46,24,ling_word_target,-0.0014697516263871596
7825,sub46,25,ling_word_target,0.007301504696629641
7826,sub46,26,ling_word_target,-0.0061218274301943435
7827,sub46,27,ling_word_target,-0.008108935486130304
7828,sub46,28,ling_word_target,0.005120593059082617
7829,sub46,29,ling_word_target,-0.003445286210838535
7830,sub46,30,ling_word_target,0.014139656308106034
7831,sub46,31,ling_word_target,-0.011394584957292713
7832,sub46,32,ling_word_target,0.006285007653505953
7833,sub46,33,ling_word_target,-0.014602210820782058
7834,sub46,34,ling_word_target,0.0027560671023732384
7835,sub46,35,ling_word_target,-0.008453656557010861
7836,sub46,36,ling_word_target,0.010159810033769907
7837,sub46,37,ling_word_target,0.008668875597745648
7838,sub46,38,ling_word_target,0.007370147300445481
7839,sub46,39,ling_word_target,-0.012908898440658912
7840,sub46,40,ling_word_target,0.001770947628933272
7841,sub46,41,ling_word_target,0.00573862023284372
7842,sub46,42,ling_word_target,-0.028540289922007505
7843,sub46,43,ling_word_target,-0.00016806286048164754
7844,sub46,44,ling_word_target,-0.018404596352979873
7845,sub46,45,ling_word_target,-0.002960090052611589
7846,sub46,46,ling_word_target,-0.0008791065819554125
7847,sub46,47,ling_word_target,0.0022739843693269863
7848,sub46,48,ling_word_target,0.0016100672582256643
7849,sub46,49,ling_word_target,0.009940464809979675
7850,sub46,50,ling_word_target,-0.009937870052927024
7851,sub46,51,ling_word_target,0.0026425107383094546
7852,sub46,52,ling_word_target,-0.0012423495824917725
7853,sub46,53,ling_word_target,-0.0042332796119869155
7854,sub46,54,ling_word_target,0.025723655041594927
7855,sub46,55,ling_word_target,-0.0016391341111854632
7856,sub46,56,ling_word_target,0.022993585240409016
7857,sub46,57,ling_word_target,0.003648462404513486
7858,sub46,58,ling_word_target,-0.014994259454525538
7859,sub46,59,ling_word_target,-0.0015226039977339506
7860,sub46,60,ling_word_target,-0.016597611680867312
7861,sub46,61,ling_word_target,0.013608213358108119
7862,sub46,62,ling_word_target,-0.012896494596412589
7863,sub46,63,ling_word_target,-0.0077242896056648825
7864,sub46,64,ling_word_target,0.006577375215509496
7865,sub46,65,ling_word_target,0.004497086975419297
7866,sub46,66,ling_word_target,0.007448534022245734
7867,sub46,67,ling_word_target,0.012674353735515826
7868,sub46,68,ling_word_target,0.010215893585825237
7869,sub46,69,ling_word_target,0.009210731902168118
7870,sub46,70,ling_word_target,0.0049285752983808115
7871,sub46,71,ling_word_target,0.015489638985639055
7872,sub46,72,ling_word_target,0.005316044209490925
7873,sub46,73,ling_word_target,-0.014327434370984389
7874,sub46,74,ling_word_target,-0.01916321046673845
7875,sub46,75,ling_word_target,0.014895295558067552
7876,sub46,76,ling_word_target,0.014081130269113432
7877,sub46,77,ling_word_target,-0.007498733351560999
7878,sub46,78,ling_word_target,0.0039196898457813
7879,sub46,79,ling_word_target,-0.0003582207681750003
7880,sub46,80,ling_word_target,0.004966106480130715
7881,sub46,81,ling_word_target,0.005187634601109126
7882,sub46,82,ling_word_target,-0.003203320559282501
7883,sub46,83,ling_word_target,0.004087317236236259
7884,sub46,84,ling_word_target,-0.0070085085999262685
7885,sub46,85,ling_word_target,-0.0072156451817088655
7886,sub46,86,ling_word_target,0.0070596740647049395
7887,sub46,87,ling_word_target,0.0027944495412068216
7888,sub46,88,ling_word_target,-0.002725733333501461
7889,sub46,89,ling_word_target,0.017279977125606322
7890,sub46,90,ling_word_target,0.005083004909186933
7891,sub46,91,ling_word_target,0.007949916905472261
7892,sub46,92,ling_word_target,0.006693748325019804
7893,sub46,93,ling_word_target,-0.0019184108000215258
7894,sub46,94,ling_word_target,-0.0007423883701123153
7895,sub46,95,ling_word_target,0.0030719262401907067
7896,sub46,96,ling_word_target,-0.002588876373144482
7897,sub46,97,ling_word_target,0.007723866180928865
7898,sub46,98,ling_word_target,-0.0008650484584762001
7899,sub46,99,ling_word_target,0.013963110053220065
7900,sub46,100,ling_word_target,-0.000943802817820299
7901,sub46,101,ling_word_target,-0.0018359206442832225
7902,sub46,102,ling_word_target,-0.01161835086610121
7903,sub46,103,ling_word_target,0.013574709951406224
7904,sub46,104,ling_word_target,-0.0005499511303416748
7905,sub46,105,ling_word_target,0.010525366152697599
7906,sub46,106,ling_word_target,-0.00886404483920469
7907,sub46,107,ling_word_target,0.002160479772853625
7908,sub46,108,ling_word_target,-0.00377891725849985
7909,sub46,109,ling_word_target,0.0052234963012636705
7910,sub46,110,ling_word_target,-0.003795073681971187
7911,sub46,111,ling_word_target,0.007633296017604029
7912,sub46,112,ling_word_target,-0.015426757786188457
7913,sub46,113,ling_word_target,-0.020745300300738876
7914,sub46,114,ling_word_target,0.014372637557008537
7915,sub46,115,ling_word_target,0.0028829755692524727
7916,sub46,116,ling_word_target,0.009499891167930817
7917,sub46,117,ling_word_target,-0.018061292993998602
7918,sub46,118,ling_word_target,-0.01525537396949851
7919,sub46,119,ling_word_target,-0.005378578201728498
7920,sub46,120,ling_word_target,-0.0027760325137390894
7921,sub46,121,ling_word_target,-0.0017726463248395163
7922,sub46,122,ling_word_target,-0.004207114999183759
7923,sub46,123,ling_word_target,0.020565271835750038
7924,sub46,124,ling_word_target,0.015589556091325714
7925,sub46,125,ling_word_target,0.01533322182087701
7926,sub46,126,ling_word_target,-0.003936164364331752
7927,sub46,127,ling_word_target,0.009376007495781255
7928,sub46,128,ling_word_target,0.01756338375996418
7929,sub46,129,ling_word_target,0.002009596235341625
7930,sub46,130,ling_word_target,0.024990042993359347
7931,sub46,131,ling_word_target,-0.013899552001700831
7932,sub46,132,ling_word_target,-0.00012141244290228434
7933,sub46,133,ling_word_target,-0.006463896670252273
7934,sub46,134,ling_word_target,-0.005967843954983015
7935,sub46,135,ling_word_target,0.0010507197036622063
7936,sub46,136,ling_word_target,-0.00992511455505561
7937,sub46,137,ling_word_target,-0.0006413784468217606
7938,sub46,138,ling_word_target,0.025269704109216393
7939,sub46,139,ling_word_target,-0.0031460541317301083
7940,sub46,140,ling_word_target,0.014234666440760805
7941,sub46,141,ling_word_target,0.02001112689459063
7942,sub46,142,ling_word_target,-0.0011555452385771914
7943,sub46,143,ling_word_target,0.029549883669826353
7944,sub46,144,ling_word_target,-0.0029044502386019193
7945,sub46,145,ling_word_target,-0.017682055463687778
7946,sub46,146,ling_word_target,-0.002899154507783132
7947,sub46,147,ling_word_target,0.0015476226688670356
7948,sub46,148,ling_word_target,-0.018469450384900665
7949,sub46,149,ling_word_target,0.008400847773342254
7950,sub46,150,ling_word_target,-0.010315111952953239
7951,sub46,151,ling_word_target,-0.0050669084299707024
7952,sub46,152,ling_word_target,-0.004695392733967514
7953,sub46,153,ling_word_target,-0.00738937573262294
7954,sub46,154,ling_word_target,-0.0004255080918236824
7955,sub46,155,ling_word_target,0.0059171800788333445
7956,sub46,156,ling_word_target,-0.017717117721161163
7957,sub46,157,ling_word_target,-0.004605520077149125
7958,sub46,158,ling_word_target,-0.002389949555793599
7959,sub46,159,ling_word_target,0.003164421928152807
7960,sub46,160,ling_word_target,-0.017528487077248606
7961,sub46,161,ling_word_target,-0.010870084964315074
7962,sub46,162,ling_word_target,0.01161079466316888
7963,sub46,163,ling_word_target,-0.0303465787029312
7964,sub46,164,ling_word_target,-0.00011821716691549065
7965,sub46,165,ling_word_target,0.01427300168789472
7966,sub46,166,ling_word_target,-0.00894776672819809
7967,sub46,167,ling_word_target,0.010235562179745078
7968,sub46,168,ling_word_target,0.004095340463017623
7969,sub46,169,ling_word_target,0.0003026588124596918
7970,sub46,170,ling_word_target,-0.0023403043385083204
7971,sub46,171,ling_word_target,0.0029336583078066656
7972,sub46,172,ling_word_target,0.02519328674108038
7973,sub46,173,ling_word_target,0.0027814637250059486
7974,sub46,174,ling_word_target,-0.0003242423310912083
7975,sub46,175,ling_word_target,-0.005705646447667831
7976,sub46,176,ling_word_target,0.0021514340164472383
7977,sub46,177,ling_word_target,-0.007499867950794458
7978,sub46,178,ling_word_target,0.010984115916511644
7979,sub46,179,ling_word_target,0.0016695544284256764
7980,sub46,180,ling_word_target,0.011203863686264953
7981,sub46,181,ling_word_target,0.00012467405891574361
7982,sub46,182,ling_word_target,0.014998096775087875
7983,sub46,183,ling_word_target,-0.0030758374829509294
7984,sub46,184,ling_word_target,0.0038387855449314545
7985,sub46,185,ling_word_target,-0.009681576621721203
7986,sub46,186,ling_word_target,0.008088217396823973
7987,sub46,187,ling_word_target,0.009859130505231854
7988,sub46,188,ling_word_target,-0.0018044405135642237
7989,sub46,189,ling_word_target,-0.012508355085338957
7990,sub46,190,ling_word_target,-0.007350493674037559
7991,sub46,191,ling_word_target,-0.0051293354482785025
7992,sub46,192,ling_word_target,0.006850183179625273
7993,sub46,193,ling_word_target,0.015722933726738393
7994,sub46,194,ling_word_target,-0.0036930905012154285
7995,sub46,195,ling_word_target,0.004656052711219239
7996,sub46,196,ling_word_target,-0.011385944069709249
7997,sub46,197,ling_word_target,0.01861981988133097
7998,sub46,198,ling_word_target,0.011306876021416864
7999,sub46,199,ling_word_target,0.008648537402898223
8000,sub47,0,ling_word_target,-0.027551324548054226
8001,sub47,1,ling_word_target,0.015039274482577475
8002,sub47,2,ling_word_target,0.00517156936106225
8003,sub47,3,ling_word_target,0.016788922115583645
8004,sub47,4,ling_word_target,-0.01857166174242906
8005,sub47,5,ling_word_target,0.006965993073115519
8006,sub47,6,ling_word_target,-0.007534997119545073
8007,sub47,7,ling_word_target,0.02291764407679922
8008,sub47,8,ling_word_target,-0.014032147104676818
8009,sub47,9,ling_word_target,0.0280183371486094
8010,sub47,10,ling_word_target,0.010739904436276723
8011,sub47,11,ling_word_target,0.012041759538969132
8012,sub47,12,ling_word_target,-0.0039615947782758515
8013,sub47,13,ling_word_target,-0.022017356699618885
8014,sub47,14,ling_word_target,-0.025497749860954946
8015,sub47,15,ling_word_target,0.0023352651374337224
8016,sub47,16,ling_word_target,-0.019294913907423463
8017,sub47,17,ling_word_target,0.009348113035212371
8018,sub47,18,ling_word_target,0.03005268613004424
8019,sub47,19,ling_word_target,0.0076941524284619865
8020,sub47,20,ling_word_target,-0.006843822296885299
8021,sub47,21,ling_word_target,-0.00046764109857825225
8022,sub47,22,ling_word_target,0.02642347621039519
8023,sub47,23,ling_word_target,-0.0025221173268373236
8024,sub47,24,ling_word_target,-0.00018666150690395685
8025,sub47,25,ling_word_target,-0.00857061743521474
8026,sub47,26,ling_word_target,0.00577818701834347
8027,sub47,27,ling_word_target,0.01998309340205984
8028,sub47,28,ling_word_target,-0.0027173657298810014
8029,sub47,29,ling_word_target,0.02253608137800266
8030,sub47,30,ling_word_target,-0.021758783953249764
8031,sub47,31,ling_word_target,0.016341969191936544
8032,sub47,32,ling_word_target,-0.0018987695452847115
8033,sub47,33,ling_word_target,4.324018988421517e-05
8034,sub47,34,ling_word_target,0.0053496809072658726
8035,sub47,35,ling_word_target,-0.0007479781094544749
8036,sub47,36,ling_word_target,0.004565985978954122
8037,sub47,37,ling_word_target,0.003906844129761554
8038,sub47,38,ling_word_target,0.01001278810077664
8039,sub47,39,ling_word_target,-0.017651296984993358
8040,sub47,40,ling_word_target,0.02180657672573496
8041,sub47,41,ling_word_target,0.007402139758428394
8042,sub47,42,ling_word_target,0.0017264723966575245
8043,sub47,43,ling_word_target,0.015361116555464424
8044,sub47,44,ling_word_target,0.007028805362564233
8045,sub47,45,ling_word_target,-0.007188248117742843
8046,sub47,46,ling_word_target,0.007460440039065973
8047,sub47,47,ling_word_target,0.005441222680498486
8048,sub47,48,ling_word_target,0.006693579087451581
8049,sub47,49,ling_word_target,0.009717933484689235
8050,sub47,50,ling_word_target,-0.0034160778256399848
8051,sub47,51,ling_word_target,0.019263153353786255
8052,sub47,52,ling_word_target,0.002379111695048576
8053,sub47,53,ling_word_target,-0.026284817062803785
8054,sub47,54,ling_word_target,0.00028371201661250004
8055,sub47,55,ling_word_target,0.004015630821247316
8056,sub47,56,ling_word_target,0.009078805702436903
8057,sub47,57,ling_word_target,0.008096996079117723
8058,sub47,58,ling_word_target,-0.015768343460690018
8059,sub47,59,ling_word_target,-0.021815853914503167
8060,sub47,60,ling_word_target,-0.020392857045789945
8061,sub47,61,ling_word_target,-0.002381557689692774
8062,sub47,62,ling_word_target,0.029021916654887906
8063,sub47,63,ling_word_target,-0.013678217618496488
8064,sub47,64,ling_word_target,0.019511600316977424
8065,sub47,65,ling_word_target,6.564984918539e-05
8066,sub47,66,ling_word_target,-0.01814012315353368
8067,sub47,67,ling_word_target,-0.04039970970993815
8068,sub47,68,ling_word_target,0.01502768686298504
8069,sub47,69,ling_word_target,-0.010429138070683854
8070,sub47,70,ling_word_target,-0.018559300092858062
8071,sub47,71,ling_word_target,-0.0027283525383780148
8072,sub47,72,ling_word_target,-0.005240054675424838
8073,sub47,73,ling_word_target,-0.014442357908302818
8074,sub47,74,ling_word_target,0.013880086425808498
8075,sub47,75,ling_word_target,0.0033953001260376143
8076,sub47,76,ling_word_target,-0.0157620016769377
8077,sub47,77,ling_word_target,0.016533415157123196
8078,sub47,78,ling_word_target,0.0192452663453116
8079,sub47,79,ling_word_target,0.008575623162397046
8080,sub47,80,ling_word_target,0.0029890148011646103
8081,sub47,81,ling_word_target,0.004309972780432296
8082,sub47,82,ling_word_target,-0.013822453008144168
8083,sub47,83,ling_word_target,-0.04231014657694051
8084,sub47,84,ling_word_target,0.006471345785901692
8085,sub47,85,ling_word_target,0.0016829540923212203
8086,sub47,86,ling_word_target,-0.017500195386087086
8087,sub47,87,ling_word_target,0.005417767958845401
8088,sub47,88,ling_word_target,0.0010903728874394204
8089,sub47,89,ling_word_target,-0.013358652128095203
8090,sub47,90,ling_word_target,0.01724175953355026
8091,sub47,91,ling_word_target,0.0073258746378757665
8092,sub47,92,ling_word_target,0.014267202304926426
8093,sub47,93,ling_word_target,0.010993535980211423
8094,sub47,94,ling_word_target,0.007781570411237801
8095,sub47,95,ling_word_target,-0.0011261148347360382
8096,sub47,96,ling_word_target,0.01819902444234743
8097,sub47,97,ling_word_target,0.0243467605241976
8098,sub47,98,ling_word_target,-0.030535372999834526
8099,sub47,99,ling_word_target,0.0020469045985529307
8100,sub47,100,ling_word_target,-0.0025366686789886905
8101,sub47,101,ling_word_target,-0.014042778940875638
8102,sub47,102,ling_word_target,0.019725714747169082
8103,sub47,103,ling_word_target,-0.03857555362087246
8104,sub47,104,ling_word_target,0.007915079628713122
8105,sub47,105,ling_word_target,-0.006641372801147541
8106,sub47,106,ling_word_target,-0.0025549734814535405
8107,sub47,107,ling_word_target,-0.03914221680963386
8108,sub47,108,ling_word_target,0.0075326870989669325
8109,sub47,109,ling_word_target,0.012372985954667862
8110,sub47,110,ling_word_target,0.0014565524783158937
8111,sub47,111,ling_word_target,-0.021313422518750017
8112,sub47,112,ling_word_target,-0.02099104612211309
8113,sub47,113,ling_word_target,-0.023557901747254764
8114,sub47,114,ling_word_target,-0.013062048495717791
8115,sub47,115,ling_word_target,-0.008674506241854693
8116,sub47,116,ling_word_target,0.017198863034070047
8117,sub47,117,ling_word_target,-0.018041695840635676
8118,sub47,118,ling_word_target,0.01982215083972643
8119,sub47,119,ling_word_target,0.025740066263059504
8120,sub47,120,ling_word_target,-0.005329471330218765
8121,sub47,121,ling_word_target,0.01747226189032186
8122,sub47,122,ling_word_target,0.015331215972550188
8123,sub47,123,ling_word_target,-0.01964949087478119
8124,sub47,124,ling_word_target,0.009990374217826765
8125,sub47,125,ling_word_target,-0.009227624331773956
8126,sub47,126,ling_word_target,-0.012476748000672071
8127,sub47,127,ling_word_target,-0.019839437142508017
8128,sub47,128,ling_word_target,-0.005626554615908172
8129,sub47,129,ling_word_target,0.006916722708222003
8130,sub47,130,ling_word_target,-0.027879664202307423
8131,sub47,131,ling_word_target,0.008405569869745229
8132,sub47,132,ling_word_target,0.03869423012270954
8133,sub47,133,ling_word_target,0.004685630606906033
8134,sub47,134,ling_word_target,0.0013888736384814234
8135,sub47,135,ling_word_target,0.007880995172500955
8136,sub47,136,ling_word_target,0.016076129800925088
8137,sub47,137,ling_word_target,-0.015720619022390928
8138,sub47,138,ling_word_target,0.01733640953687818
8139,sub47,139,ling_word_target,-0.009224727454679272
8140,sub47,140,ling_word_target,-0.03234771501311976
8141,sub47,141,ling_word_target,0.026126337441422197
8142,sub47,142,ling_word_target,0.0010468787380472112
8143,sub47,143,ling_word_target,-0.017439521824205283
8144,sub47,144,ling_word_target,0.0066556334851979645
8145,sub47,145,ling_word_target,0.019553131583538698
8146,sub47,146,ling_word_target,-0.024632013755336447
8147,sub47,147,ling_word_target,-0.012365092189445913
8148,sub47,148,ling_word_target,0.003638519980571969
8149,sub47,149,ling_word_target,-0.006440092493906371
8150,sub47,150,ling_word_target,0.013459999110396607
8151,sub47,151,ling_word_target,-0.014810717834345403
8152,sub47,152,ling_word_target,0.03317835280453335
8153,sub47,153,ling_word_target,-0.023634546210946145
8154,sub47,154,ling_word_target,-0.0008361965182096484
8155,sub47,155,ling_word_target,0.007626864886596394
8156,sub47,156,ling_word_target,-0.010406614548117293
8157,sub47,157,ling_word_target,0.026983321725380795
8158,sub47,158,ling_word_target,0.006265045158951215
8159,sub47,159,ling_word_target,-0.016029281677392034
8160,sub47,160,ling_word_target,0.009265639284014807
8161,sub47,161,ling_word_target,0.03886854124471324
8162,sub47,162,ling_word_target,0.021753187351326937
8163,sub47,163,ling_word_target,-0.012142785474079834
8164,sub47,164,ling_word_target,0.004571241454717745
8165,sub47,165,ling_word_target,0.000711377493557792
8166,sub47,166,ling_word_target,-0.011919145896313238
8167,sub47,167,ling_word_target,-0.00443288393045345
8168,sub47,168,ling_word_target,-0.024049614712583378
8169,sub47,169,ling_word_target,0.04366110265502189
8170,sub47,170,ling_word_target,-0.03564687067277539
8171,sub47,171,ling_word_target,0.018042164789350685
8172,sub47,172,ling_word_target,0.02116363333517446
8173,sub47,173,ling_word_target,0.010040147404257502
8174,sub47,174,ling_word_target,0.007860594277099087
8175,sub47,175,ling_word_target,-0.015918708297846137
8176,sub47,176,ling_word_target,-0.01290479977603393
8177,sub47,177,ling_word_target,-0.02353402605346332
8178,sub47,178,ling_word_target,0.007767284668090343
8179,sub47,179,ling_word_target,0.014873760686308687
8180,sub47,180,ling_word_target,-0.031172394934954405
8181,sub47,181,ling_word_target,0.022776786480966846
8182,sub47,182,ling_word_target,-0.010047666315483263
8183,sub47,183,ling_word_target,0.0007060164632731688
8184,sub47,184,ling_word_target,-0.015356072326759512
8185,sub47,185,ling_word_target,-0.0037998082157339307
8186,sub47,186,ling_word_target,-0.04933507859257952
8187,sub47,187,ling_word_target,0.004422028886452457
8188,sub47,188,ling_word_target,0.013972266759786496
8189,sub47,189,ling_word_target,0.006660826455127613
8190,sub47,190,ling_word_target,-0.007014778821363822
8191,sub47,191,ling_word_target,0.02693592365646224
8192,sub47,192,ling_word_target,-0.00277595113974646
8193,sub47,193,ling_word_target,-0.006202088006946014
8194,sub47,194,ling_word_target,-0.007755932880872583
8195,sub47,195,ling_word_target,-0.008841364333430447
8196,sub47,196,ling_word_target,0.03994175974224535
8197,sub47,197,ling_word_target,0.0009540294051878441
8198,sub47,198,ling_word_target,0.001799609807681736
8199,sub47,199,ling_word_target,0.01577105046838433
8200,sub48,0,ling_word_target,-0.02234658676944319
8201,sub48,1,ling_word_target,0.006287660564950575
8202,sub48,2,ling_word_target,-0.00013252447036218997
8203,sub48,3,ling_word_target,-0.014164319967985492
8204,sub48,4,ling_word_target,-0.024502001833917826
8205,sub48,5,ling_word_target,-0.005347960392588888
8206,sub48,6,ling_word_target,-0.005704348526644036
8207,sub48,7,ling_word_target,-0.001514160398809227
8208,sub48,8,ling_word_target,-0.010166070282105862
8209,sub48,9,ling_word_target,0.004390587120125172
8210,sub48,10,ling_word_target,0.016060138711563962
8211,sub48,11,ling_word_target,0.007234978671878545
8212,sub48,12,ling_word_target,-0.0019343096216357357
8213,sub48,13,ling_word_target,0.014118713764415373
8214,sub48,14,ling_word_target,-0.018687778459490392
8215,sub48,15,ling_word_target,0.004111923389626772
8216,sub48,16,ling_word_target,0.005342041240169335
8217,sub48,17,ling_word_target,-0.00944892155650189
8218,sub48,18,ling_word_target,0.008233830404306879
8219,sub48,19,ling_word_target,0.003409688774450381
8220,sub48,20,ling_word_target,0.01064130288345744
8221,sub48,21,ling_word_target,0.0015351126773877287
8222,sub48,22,ling_word_target,0.010592974081150763
8223,sub48,23,ling_word_target,-0.007963795776081306
8224,sub48,24,ling_word_target,-0.015454820217216572
8225,sub48,25,ling_word_target,-0.006771854237706479
8226,sub48,26,ling_word_target,-0.010507010023195124
8227,sub48,27,ling_word_target,0.0021319094891409465
8228,sub48,28,ling_word_target,0.006913922773829988
8229,sub48,29,ling_word_target,0.01367567863748993
8230,sub48,30,ling_word_target,-0.008229166849937788
8231,sub48,31,ling_word_target,0.016356718220520046
8232,sub48,32,ling_word_target,0.000356242925103611
8233,sub48,33,ling_word_target,0.004114768813273457
8234,sub48,34,ling_word_target,0.019743083212094944
8235,sub48,35,ling_word_target,0.010084367892758031
8236,sub48,36,ling_word_target,-0.0014001409598219904
8237,sub48,37,ling_word_target,0.010302030664021017
8238,sub48,38,ling_word_target,0.003255248954033933
8239,sub48,39,ling_word_target,0.007431671690889888
8240,sub48,40,ling_word_target,0.02254575369787325
8241,sub48,41,ling_word_target,0.011546353844541057
8242,sub48,42,ling_word_target,0.02290225764270882
8243,sub48,43,ling_word_target,-0.01632854771978896
8244,sub48,44,ling_word_target,0.012250801842853046
8245,sub48,45,ling_word_target,-0.003582706892565178
8246,sub48,46,ling_word_target,-0.0029826767611073157
8247,sub48,47,ling_word_target,0.013491080935659818
8248,sub48,48,ling_word_target,0.009321859168016266
8249,sub48,49,ling_word_target,0.019797989454205373
8250,sub48,50,ling_word_target,-0.03192793462153747
8251,sub48,51,ling_word_target,-0.012303498322964453
8252,sub48,52,ling_word_target,-0.0036884398765420906
8253,sub48,53,ling_word_target,-0.018937521450997183
8254,sub48,54,ling_word_target,0.010174450903074207
8255,sub48,55,ling_word_target,0.010763445213292536
8256,sub48,56,ling_word_target,0.007467009195722639
8257,sub48,57,ling_word_target,0.010668396303756591
8258,sub48,58,ling_word_target,0.0034642361715837055
8259,sub48,59,ling_word_target,0.014933241655906024
8260,sub48,60,ling_word_target,-0.027913238616895816
8261,sub48,61,ling_word_target,-0.006528021537445791
8262,sub48,62,ling_word_target,-0.004712047138937334
8263,sub48,63,ling_word_target,-0.008662363015749965
8264,sub48,64,ling_word_target,-0.009552944923879848
8265,sub48,65,ling_word_target,0.021116523300490703
8266,sub48,66,ling_word_target,0.029509971725856482
8267,sub48,67,ling_word_target,-0.004612445956324738
8268,sub48,68,ling_word_target,0.010061358911168104
8269,sub48,69,ling_word_target,-0.010492171830979696
8270,sub48,70,ling_word_target,-0.005759141403093725
8271,sub48,71,ling_word_target,-0.004850787111772642
8272,sub48,72,ling_word_target,0.0073730833508968445
8273,sub48,73,ling_word_target,-0.009312522860191564
8274,sub48,74,ling_word_target,-0.009589992669151962
8275,sub48,75,ling_word_target,0.010121959155493366
8276,sub48,76,ling_word_target,-0.0007561347602202421
8277,sub48,77,ling_word_target,-0.019735355569704776
8278,sub48,78,ling_word_target,0.011421628205373128
8279,sub48,79,ling_word_target,-0.0037036426457105177
8280,sub48,80,ling_word_target,-0.02044233336113922
8281,sub48,81,ling_word_target,0.003850437554438059
8282,sub48,82,ling_word_target,0.0006014929640375402
8283,sub48,83,ling_word_target,0.012277332408758904
8284,sub48,84,ling_word_target,-0.0006472211306956604
8285,sub48,85,ling_word_target,0.003781615216203952
8286,sub48,86,ling_word_target,-0.0038399099285042516
8287,sub48,87,ling_word_target,-0.0011392794629060488
8288,sub48,88,ling_word_target,-0.0053205072671188534
8289,sub48,89,ling_word_target,0.011135351253153234
8290,sub48,90,ling_word_target,-0.013250130338567938
8291,sub48,91,ling_word_target,0.0034160990686609646
8292,sub48,92,ling_word_target,-0.006889942820366663
8293,sub48,93,ling_word_target,0.021633089905376386
8294,sub48,94,ling_word_target,-0.0010198143131708733
8295,sub48,95,ling_word_target,0.00602660722658521
8296,sub48,96,ling_word_target,-0.00503107158760898
8297,sub48,97,ling_word_target,0.004056940001036027
8298,sub48,98,ling_word_target,0.012085082021108784
8299,sub48,99,ling_word_target,0.0074947935612455574
8300,sub48,100,ling_word_target,0.0066650459511736265
8301,sub48,101,ling_word_target,0.0062797028639743355
8302,sub48,102,ling_word_target,-0.002326299498027777
8303,sub48,103,ling_word_target,0.00914475053755495
8304,sub48,104,ling_word_target,0.00964479537430171
8305,sub48,105,ling_word_target,-0.006483389163225383
8306,sub48,106,ling_word_target,0.026245009679389558
8307,sub48,107,ling_word_target,-0.0037564268367240652
8308,sub48,108,ling_word_target,0.0068577510867689154
8309,sub48,109,ling_word_target,-0.0010042601167408486
8310,sub48,110,ling_word_target,0.004038015335271012
8311,sub48,111,ling_word_target,-0.0107997166277194
8312,sub48,112,ling_word_target,0.0024104788425503175
8313,sub48,113,ling_word_target,-0.011405131911817128
8314,sub48,114,ling_word_target,-0.0053209665399316765
8315,sub48,115,ling_word_target,0.0007208705995225087
8316,sub48,116,ling_word_target,-0.019168399326189522
8317,sub48,117,ling_word_target,-0.005778705880036981
8318,sub48,118,ling_word_target,-0.007272956576156592
8319,sub48,119,ling_word_target,0.0006410416847102981
8320,sub48,120,ling_word_target,-0.004239398121190457
8321,sub48,121,ling_word_target,-0.00917882144091109
8322,sub48,122,ling_word_target,0.008905576097063508
8323,sub48,123,ling_word_target,-0.013170779437946697
8324,sub48,124,ling_word_target,0.011080374393018805
8325,sub48,125,ling_word_target,0.0076396068240437735
8326,sub48,126,ling_word_target,-0.0034209409048289703
8327,sub48,127,ling_word_target,-0.0029048272903949447
8328,sub48,128,ling_word_target,0.007893364785750022
8329,sub48,129,ling_word_target,-0.010726175524426158
8330,sub48,130,ling_word_target,0.0014161856754562683
8331,sub48,131,ling_word_target,-0.02041641247965515
8332,sub48,132,ling_word_target,0.008647834376929515
8333,sub48,133,ling_word_target,0.04346481340964397
8334,sub48,134,ling_word_target,0.01976707556388338
8335,sub48,135,ling_word_target,-0.0008871035449367884
8336,sub48,136,ling_word_target,-0.015822808314150383
8337,sub48,137,ling_word_target,-0.0076847463205422205
8338,sub48,138,ling_word_target,-0.019129458914367535
8339,sub48,139,ling_word_target,-0.009601903015524878
8340,sub48,140,ling_word_target,-0.0036824115824997516
8341,sub48,141,ling_word_target,-0.0020767019112154983
8342,sub48,142,ling_word_target,-0.003788165200618129
8343,sub48,143,ling_word_target,-0.005339094889088561
8344,sub48,144,ling_word_target,0.0005317318746418327
8345,sub48,145,ling_word_target,-0.009138560359365085
8346,sub48,146,ling_word_target,0.016113164387747545
8347,sub48,147,ling_word_target,-0.01777099321264748
8348,sub48,148,ling_word_target,-0.018087002591926016
8349,sub48,149,ling_word_target,0.0031508873755111957
8350,sub48,150,ling_word_target,0.0059787882646265235
8351,sub48,151,ling_word_target,-0.00476316706170572
8352,sub48,152,ling_word_target,-0.002764785269435304
8353,sub48,153,ling_word_target,-0.0010517236846745341
8354,sub48,154,ling_word_target,0.013437915040435105
8355,sub48,155,ling_word_target,0.023680347797298683
8356,sub48,156,ling_word_target,-0.009899183426584919
8357,sub48,157,ling_word_target,0.01325558470188283
8358,sub48,158,ling_word_target,0.011003815194789598
8359,sub48,159,ling_word_target,0.0006758126606405941
8360,sub48,160,ling_word_target,-0.00025645108499414837
8361,sub48,161,ling_word_target,0.01800527152972837
8362,sub48,162,ling_word_target,0.0059705091272625535
8363,sub48,163,ling_word_target,-0.0025956181841228798
8364,sub48,164,ling_word_target,-0.0023849352383455537
8365,sub48,165,ling_word_target,0.0018160333037012444
8366,sub48,166,ling_word_target,-0.014120297992944309
8367,sub48,167,ling_word_target,0.0019553744158731117
8368,sub48,168,ling_word_target,-0.0010262711864565312
8369,sub48,169,ling_word_target,-0.008383417383601766
8370,sub48,170,ling_word_target,0.014197767107016491
8371,sub48,171,ling_word_target,0.002360509847950844
8372,sub48,172,ling_word_target,0.00828970580444075
8373,sub48,173,ling_word_target,-0.014965000908477792
8374,sub48,174,ling_word_target,-0.029614646017764198
8375,sub48,175,ling_word_target,0.019311942679915626
8376,sub48,176,ling_word_target,0.011744717958173905
8377,sub48,177,ling_word_target,-0.013948329005475959
8378,sub48,178,ling_word_target,0.012319698327996998
8379,sub48,179,ling_word_target,0.007514292235161316
8380,sub48,180,ling_word_target,0.005013071227329912
8381,sub48,181,ling_word_target,0.02028217087581137
8382,sub48,182,ling_word_target,0.002781805459392674
8383,sub48,183,ling_word_target,-0.005019640248754319
8384,sub48,184,ling_word_target,0.0028266290828543195
8385,sub48,185,ling_word_target,-0.022469813117315843
8386,sub48,186,ling_word_target,-0.0006222230550201584
8387,sub48,187,ling_word_target,-0.006777965397698854
8388,sub48,188,ling_word_target,-0.0066945668118876785
8389,sub48,189,ling_word_target,0.0024883085168234246
8390,sub48,190,ling_word_target,-0.026056728567372647
8391,sub48,191,ling_word_target,0.02236097320941808
8392,sub48,192,ling_word_target,0.01920374081892409
8393,sub48,193,ling_word_target,0.004098157883135954
8394,sub48,194,ling_word_target,0.017351478936032363
8395,sub48,195,ling_word_target,0.012321405785010437
8396,sub48,196,ling_word_target,0.015204656737200494
8397,sub48,197,ling_word_target,-0.020495247770695835
8398,sub48,198,ling_word_target,0.0029290788007598984
8399,sub48,199,ling_word_target,0.012389477340984336
8400,sub49,0,ling_word_target,0.0016824666832771717
8401,sub49,1,ling_word_target,-0.004018465651421188
8402,sub49,2,ling_word_target,-0.004954245097239258
8403,sub49,3,ling_word_target,0.0026335840925365795
8404,sub49,4,ling_word_target,0.004952005257298236
8405,sub49,5,ling_word_target,-0.0018126388466053246
8406,sub49,6,ling_word_target,0.009475016846891473
8407,sub49,7,ling_word_target,-0.0069136479609151515
8408,sub49,8,ling_word_target,-0.0036519514605728902
8409,sub49,9,ling_word_target,0.0007205866005585921
8410,sub49,10,ling_word_target,-0.005044615373971265
8411,sub49,11,ling_word_target,0.003597603932228282
8412,sub49,12,ling_word_target,-0.012988614755896024
8413,sub49,13,ling_word_target,-0.0016757603169768628
8414,sub49,14,ling_word_target,-0.005262199359238847
8415,sub49,15,ling_word_target,-0.00588596077229993
8416,sub49,16,ling_word_target,0.004450714499834988
8417,sub49,17,ling_word_target,0.00891151615971369
8418,sub49,18,ling_word_target,0.0145236776839285
8419,sub49,19,ling_word_target,-0.01607751788594031
8420,sub49,20,ling_word_target,-0.004215102354872265
8421,sub49,21,ling_word_target,0.00039514145924267406
8422,sub49,22,ling_word_target,0.0011107382309373825
8423,sub49,23,ling_word_target,0.007357123773739691
8424,sub49,24,ling_word_target,0.0023479610116011614
8425,sub49,25,ling_word_target,-0.011653104038969938
8426,sub49,26,ling_word_target,-0.010010742367995259
8427,sub49,27,ling_word_target,-0.011579400460406586
8428,sub49,28,ling_word_target,-0.007555827794568731
8429,sub49,29,ling_word_target,0.011018386259955413
8430,sub49,30,ling_word_target,-0.009709004257751019
8431,sub49,31,ling_word_target,-0.0027531157879044704
8432,sub49,32,ling_word_target,-0.00545747823965113
8433,sub49,33,ling_word_target,0.00044688937759244766
8434,sub49,34,ling_word_target,-0.005778300472337425
8435,sub49,35,ling_word_target,-0.0009801638350688396
8436,sub49,36,ling_word_target,-0.014545392281260464
8437,sub49,37,ling_word_target,0.01210832116751262
8438,sub49,38,ling_word_target,0.0010795615439683783
8439,sub49,39,ling_word_target,-0.002341383515257925
8440,sub49,40,ling_word_target,0.004509237160628673
8441,sub49,41,ling_word_target,-0.006401795213060484
8442,sub49,42,ling_word_target,-0.03175560712646543
8443,sub49,43,ling_word_target,-0.003397147554252242
8444,sub49,44,ling_word_target,-0.01130950846612194
8445,sub49,45,ling_word_target,-0.008770750301658458
8446,sub49,46,ling_word_target,-0.007170862234229489
8447,sub49,47,ling_word_target,-0.009757751610986104
8448,sub49,48,ling_word_target,-0.003547148367773048
8449,sub49,49,ling_word_target,-0.0003884406929600111
8450,sub49,50,ling_word_target,-0.001513874364775771
8451,sub49,51,ling_word_target,-0.012018524678119733
8452,sub49,52,ling_word_target,0.013476917410664969
8453,sub49,53,ling_word_target,-0.0012172025082575295
8454,sub49,54,ling_word_target,0.013872566893431918
8455,sub49,55,ling_word_target,-0.012179605066261383
8456,sub49,56,ling_word_target,0.014549853781178956
8457,sub49,57,ling_word_target,-0.007073813607213378
8458,sub49,58,ling_word_target,0.005523634539499048
8459,sub49,59,ling_word_target,-0.007420805931051451
8460,sub49,60,ling_word_target,-0.00414043956075145
8461,sub49,61,ling_word_target,-0.007347088143075632
8462,sub49,62,ling_word_target,-0.00983779920172951
8463,sub49,63,ling_word_target,0.013330825434184393
8464,sub49,64,ling_word_target,0.0020138780071106118
8465,sub49,65,ling_word_target,0.001677700335855322
8466,sub49,66,ling_word_target,0.012194568885935952
8467,sub49,67,ling_word_target,-0.020293144956050058
8468,sub49,68,ling_word_target,-0.006146289450528384
8469,sub49,69,ling_word_target,0.0030646252557453603
8470,sub49,70,ling_word_target,0.0038390037318120542
8471,sub49,71,ling_word_target,0.008273838651835369
8472,sub49,72,ling_word_target,0.0032557583148508716
8473,sub49,73,ling_word_target,0.001228237289980736
8474,sub49,74,ling_word_target,0.006281857608785631
8475,sub49,75,ling_word_target,0.011008386167008593
8476,sub49,76,ling_word_target,0.01624912816129659
8477,sub49,77,ling_word_target,-0.0033665152703000805
8478,sub49,78,ling_word_target,-0.019530167497670115
8479,sub49,79,ling_word_target,-0.003224295212505508
8480,sub49,80,ling_word_target,-0.007568144274908446
8481,sub49,81,ling_word_target,-0.007586239746547142
8482,sub49,82,ling_word_target,-0.009977183357303543
8483,sub49,83,ling_word_target,-0.0020550235016050713
8484,sub49,84,ling_word_target,0.00850422897815314
8485,sub49,85,ling_word_target,-0.04904733367453218
8486,sub49,86,ling_word_target,-0.010700521363755815
8487,sub49,87,ling_word_target,0.002256570326774348
8488,sub49,88,ling_word_target,-0.010009851837626867
8489,sub49,89,ling_word_target,0.006101636232401427
8490,sub49,90,ling_word_target,-0.0031209717192756826
8491,sub49,91,ling_word_target,0.0031954915829736736
8492,sub49,92,ling_word_target,-0.006680865430322644
8493,sub49,93,ling_word_target,0.011752269815901828
8494,sub49,94,ling_word_target,0.014584705627721031
8495,sub49,95,ling_word_target,0.013491650647977083
8496,sub49,96,ling_word_target,0.0008146613076234088
8497,sub49,97,ling_word_target,0.015247544616347477
8498,sub49,98,ling_word_target,0.0021148894210176227
8499,sub49,99,ling_word_target,-0.004664735588164932
8500,sub49,100,ling_word_target,0.00434901314451575
8501,sub49,101,ling_word_target,0.004397696522277102
8502,sub49,102,ling_word_target,0.0029280907462840068
8503,sub49,103,ling_word_target,-0.008088227323989844
8504,sub49,104,ling_word_target,-0.006719518701788725
8505,sub49,105,ling_word_target,0.010062496037191355
8506,sub49,106,ling_word_target,-0.014917376371163344
8507,sub49,107,ling_word_target,-0.004298691251960039
8508,sub49,108,ling_word_target,-0.004977554040157727
8509,sub49,109,ling_word_target,-0.005245111563876762
8510,sub49,110,ling_word_target,0.0006195848682734559
8511,sub49,111,ling_word_target,0.009970933129249687
8512,sub49,112,ling_word_target,-0.013587501284457678
8513,sub49,113,ling_word_target,0.0018442022934995561
8514,sub49,114,ling_word_target,-0.007346353400015348
8515,sub49,115,ling_word_target,0.016639515160678707
8516,sub49,116,ling_word_target,0.010836608923037365
8517,sub49,117,ling_word_target,-0.015266766469546481
8518,sub49,118,ling_word_target,0.01738672567533142
8519,sub49,119,ling_word_target,-0.003513423739400097
8520,sub49,120,ling_word_target,-0.0035434933000171474
8521,sub49,121,ling_word_target,-0.0010513128087936956
8522,sub49,122,ling_word_target,0.004106544964124568
8523,sub49,123,ling_word_target,-0.014351673382059274
8524,sub49,124,ling_word_target,0.0038868343538924935
8525,sub49,125,ling_word_target,-0.0024751792729759245
8526,sub49,126,ling_word_target,-0.007858952942743155
8527,sub49,127,ling_word_target,-0.005869774790365396
8528,sub49,128,ling_word_target,-0.005893900900435531
8529,sub49,129,ling_word_target,0.01562809901406913
8530,sub49,130,ling_word_target,-0.010530599675172921
8531,sub49,131,ling_word_target,-0.010925780652946958
8532,sub49,132,ling_word_target,-0.006029908306399882
8533,sub49,133,ling_word_target,-0.008866366512014681
8534,sub49,134,ling_word_target,0.005772716763693323
8535,sub49,135,ling_word_target,-0.022487976603370624
8536,sub49,136,ling_word_target,0.016996306103932355
8537,sub49,137,ling_word_target,-0.008551657243131141
8538,sub49,138,ling_word_target,-0.023364257195236656
8539,sub49,139,ling_word_target,0.01734527786622691
8540,sub49,140,ling_word_target,0.012640399075251399
8541,sub49,141,ling_word_target,0.006607373753192888
8542,sub49,142,ling_word_target,0.0002472344106503296
8543,sub49,143,ling_word_target,0.00676160393310054
8544,sub49,144,ling_word_target,0.0035440089402494525
8545,sub49,145,ling_word_target,0.0016113154072788232
8546,sub49,146,ling_word_target,0.00415248266401354
8547,sub49,147,ling_word_target,-0.011397196709343983
8548,sub49,148,ling_word_target,0.004548706976615775
8549,sub49,149,ling_word_target,-0.01137387254327341
8550,sub49,150,ling_word_target,0.005700911563563513
8551,sub49,151,ling_word_target,-0.008019062321604632
8552,sub49,152,ling_word_target,-0.0043769003197498876
8553,sub49,153,ling_word_target,0.012984059055119629
8554,sub49,154,ling_word_target,0.008560455202010004
8555,sub49,155,ling_word_target,0.007960591471881077
8556,sub49,156,ling_word_target,-0.02649914481660827
8557,sub49,157,ling_word_target,-0.006251052207811222
8558,sub49,158,ling_word_target,-0.0066491007620065904
8559,sub49,159,ling_word_target,-0.002521531700643914
8560,sub49,160,ling_word_target,0.0040826501879565056
8561,sub49,161,ling_word_target,-0.008206357214694782
8562,sub49,162,ling_word_target,0.0008289769038273168
8563,sub49,163,ling_word_target,-0.012036168149234526
8564,sub49,164,ling_word_target,0.002228991792296449
8565,sub49,165,ling_word_target,0.007270903139072298
8566,sub49,166,ling_word_target,-0.004517851149409977
8567,sub49,167,ling_word_target,-0.0032232498428423737
8568,sub49,168,ling_word_target,-0.005265265807741098
8569,sub49,169,ling_word_target,-0.005755551469337583
8570,sub49,170,ling_word_target,0.01915576719832021
8571,sub49,171,ling_word_target,0.002835721479968816
8572,sub49,172,ling_word_target,-0.005504323028656549
8573,sub49,173,ling_word_target,0.012554203397000594
8574,sub49,174,ling_word_target,0.006649824223361094
8575,sub49,175,ling_word_target,0.0009023248294057228
8576,sub49,176,ling_word_target,0.023993434942232182
8577,sub49,177,ling_word_target,-0.01682383224644043
8578,sub49,178,ling_word_target,-0.0015883795647476204
8579,sub49,179,ling_word_target,0.021152853593780874
8580,sub49,180,ling_word_target,-0.00013424010625322973
8581,sub49,181,ling_word_target,-0.007307706798768716
8582,sub49,182,ling_word_target,0.01035873916759997
8583,sub49,183,ling_word_target,0.0045247319671723
8584,sub49,184,ling_word_target,-0.0025127756441285926
8585,sub49,185,ling_word_target,0.012892830012158114
8586,sub49,186,ling_word_target,-0.010841538214362068
8587,sub49,187,ling_word_target,0.015406524098218879
8588,sub49,188,ling_word_target,-0.007449333737467434
8589,sub49,189,ling_word_target,0.009180089931671642
8590,sub49,190,ling_word_target,0.01379700692838545
8591,sub49,191,ling_word_target,0.00619486252656964
8592,sub49,192,ling_word_target,0.013449654937071934
8593,sub49,193,ling_word_target,0.0015477470781612933
8594,sub49,194,ling_word_target,0.02556946136859285
8595,sub49,195,ling_word_target,0.0025178783070845035
8596,sub49,196,ling_word_target,0.0008035595331939714
8597,sub49,197,ling_word_target,0.019839930340821404
8598,sub49,198,ling_word_target,0.0031399892533176643
8599,sub49,199,ling_word_target,0.011889907600365797
8600,sub50,0,ling_word_target,0.005817935710813837
8601,sub50,1,ling_word_target,0.012489341329546044
8602,sub50,2,ling_word_target,-0.0003197722533651931
8603,sub50,3,ling_word_target,0.0632730407114784
8604,sub50,4,ling_word_target,0.009648283049416785
8605,sub50,5,ling_word_target,-0.020233352624446456
8606,sub50,6,ling_word_target,0.03340322873580258
8607,sub50,7,ling_word_target,0.016570308107516238
8608,sub50,8,ling_word_target,0.009468288985877874
8609,sub50,9,ling_word_target,0.006503298486341323
8610,sub50,10,ling_word_target,0.017416129937013133
8611,sub50,11,ling_word_target,-0.010122019991789735
8612,sub50,12,ling_word_target,0.024487442445630943
8613,sub50,13,ling_word_target,-0.006143897174969307
8614,sub50,14,ling_word_target,0.0002048647597164162
8615,sub50,15,ling_word_target,0.01175006336370349
8616,sub50,16,ling_word_target,-0.007845220792085312
8617,sub50,17,ling_word_target,0.013871752955620016
8618,sub50,18,ling_word_target,-0.006404355424936963
8619,sub50,19,ling_word_target,-0.03209120479718861
8620,sub50,20,ling_word_target,0.013379530080829304
8621,sub50,21,ling_word_target,0.021691247390478723
8622,sub50,22,ling_word_target,-0.009488864934266567
8623,sub50,23,ling_word_target,-0.02018136138706131
8624,sub50,24,ling_word_target,-0.015266166874522199
8625,sub50,25,ling_word_target,0.04377939790174598
8626,sub50,26,ling_word_target,0.02369955545571589
8627,sub50,27,ling_word_target,-0.0056565337426243735
8628,sub50,28,ling_word_target,-0.00899325112303779
8629,sub50,29,ling_word_target,-0.0011202007623784965
8630,sub50,30,ling_word_target,0.006798832049200027
8631,sub50,31,ling_word_target,-0.023253574526317905
8632,sub50,32,ling_word_target,0.03085829434720794
8633,sub50,33,ling_word_target,0.01629342989168288
8634,sub50,34,ling_word_target,-0.034005620267774324
8635,sub50,35,ling_word_target,0.008064169451667463
8636,sub50,36,ling_word_target,0.0033727097381690296
8637,sub50,37,ling_word_target,-0.004704618720080282
8638,sub50,38,ling_word_target,0.005515097879010301
8639,sub50,39,ling_word_target,0.024638564067261077
8640,sub50,40,ling_word_target,0.029307575722077796
8641,sub50,41,ling_word_target,0.010558991989391099
8642,sub50,42,ling_word_target,0.02024876060569568
8643,sub50,43,ling_word_target,0.03129890753383758
8644,sub50,44,ling_word_target,0.011773639380199395
8645,sub50,45,ling_word_target,-0.004604820198179556
8646,sub50,46,ling_word_target,0.02523580549609523
8647,sub50,47,ling_word_target,0.018854700737848874
8648,sub50,48,ling_word_target,-0.0012871374091638283
8649,sub50,49,ling_word_target,0.0071251802819929265
8650,sub50,50,ling_word_target,0.02014585118617898
8651,sub50,51,ling_word_target,-0.006339214248812016
8652,sub50,52,ling_word_target,0.0070529535300906014
8653,sub50,53,ling_word_target,-0.011253229788262525
8654,sub50,54,ling_word_target,-0.005003274205423116
8655,sub50,55,ling_word_target,0.008055676970647536
8656,sub50,56,ling_word_target,0.048543720383365
8657,sub50,57,ling_word_target,-0.01124461541487129
8658,sub50,58,ling_word_target,0.00808283020033387
8659,sub50,59,ling_word_target,-0.017019205988496464
8660,sub50,60,ling_word_target,0.007308560893986642
8661,sub50,61,ling_word_target,-0.011285686968195202
8662,sub50,62,ling_word_target,-0.036831454140888446
8663,sub50,63,ling_word_target,0.013906151566109649
8664,sub50,64,ling_word_target,0.005810956854581597
8665,sub50,65,ling_word_target,-0.01429483964688354
8666,sub50,66,ling_word_target,0.005075232686143134
8667,sub50,67,ling_word_target,-0.03632825931821985
8668,sub50,68,ling_word_target,0.008703794090029028
8669,sub50,69,ling_word_target,0.006644533848067946
8670,sub50,70,ling_word_target,0.041525139556970236
8671,sub50,71,ling_word_target,0.0023596939895325366
8672,sub50,72,ling_word_target,0.012470810647695809
8673,sub50,73,ling_word_target,0.003737218202333353
8674,sub50,74,ling_word_target,0.017886736932050604
8675,sub50,75,ling_word_target,-0.004260498260879651
8676,sub50,76,ling_word_target,-0.005861533398731713
8677,sub50,77,ling_word_target,-0.0004933229599136607
8678,sub50,78,ling_word_target,-0.00045908632625183456
8679,sub50,79,ling_word_target,-0.012282002070984689
8680,sub50,80,ling_word_target,-0.02592998436249451
8681,sub50,81,ling_word_target,-0.008252423483954706
8682,sub50,82,ling_word_target,0.004820593075497862
8683,sub50,83,ling_word_target,0.011941762224056145
8684,sub50,84,ling_word_target,0.0021069807943356026
8685,sub50,85,ling_word_target,0.03164276762958881
8686,sub50,86,ling_word_target,0.021901548926259527
8687,sub50,87,ling_word_target,0.00033236571670526615
8688,sub50,88,ling_word_target,0.004975759223728259
8689,sub50,89,ling_word_target,-0.0011368997176523605
8690,sub50,90,ling_word_target,0.03704824962173875
8691,sub50,91,ling_word_target,0.011313498194875461
8692,sub50,92,ling_word_target,-0.007121109654193101
8693,sub50,93,ling_word_target,0.022856706940435748
8694,sub50,94,ling_word_target,-0.013904688046817775
8695,sub50,95,ling_word_target,0.022227548301788577
8696,sub50,96,ling_word_target,-0.021697455008052063
8697,sub50,97,ling_word_target,0.03421972117074012
8698,sub50,98,ling_word_target,-0.010168185284253327
8699,sub50,99,ling_word_target,-0.020943320716455154
8700,sub50,100,ling_word_target,0.000673698317801347
8701,sub50,101,ling_word_target,0.010630261165317645
8702,sub50,102,ling_word_target,0.02505767018561943
8703,sub50,103,ling_word_target,-0.012270846903392032
8704,sub50,104,ling_word_target,-0.006334538614973768
8705,sub50,105,ling_word_target,-0.005314980958399269
8706,sub50,106,ling_word_target,-0.0023312968065270774
8707,sub50,107,ling_word_target,0.0150737058906562
8708,sub50,108,ling_word_target,-8.037275093639568e-05
8709,sub50,109,ling_word_target,-0.020012033026061467
8710,sub50,110,ling_word_target,0.00892593873348173
8711,sub50,111,ling_word_target,-0.0077990143828824575
8712,sub50,112,ling_word_target,-0.0010889221251905576
8713,sub50,113,ling_word_target,0.00250376475107714
8714,sub50,114,ling_word_target,-0.00046533211092688584
8715,sub50,115,ling_word_target,-0.003000385550179678
8716,sub50,116,ling_word_target,-0.02177168774561541
8717,sub50,117,ling_word_target,-0.009280890183533253
8718,sub50,118,ling_word_target,-0.0174295166787822
8719,sub50,119,ling_word_target,0.034382557052771205
8720,sub50,120,ling_word_target,0.018268475923718653
8721,sub50,121,ling_word_target,-0.004892742335390281
8722,sub50,122,ling_word_target,0.02021828448884531
8723,sub50,123,ling_word_target,-0.0025808479820031392
8724,sub50,124,ling_word_target,0.0027194993838691
8725,sub50,125,ling_word_target,0.00042139151480619205
8726,sub50,126,ling_word_target,0.008528093626777226
8727,sub50,127,ling_word_target,-0.016113834905412485
8728,sub50,128,ling_word_target,0.012770817706313616
8729,sub50,129,ling_word_target,0.02424990521552769
8730,sub50,130,ling_word_target,0.0064215362868677815
8731,sub50,131,ling_word_target,0.006896258504907515
8732,sub50,132,ling_word_target,0.014351690660576531
8733,sub50,133,ling_word_target,0.009394068313355746
8734,sub50,134,ling_word_target,-0.0036208480836521155
8735,sub50,135,ling_word_target,0.0012302757414331571
8736,sub50,136,ling_word_target,0.020859604650170897
8737,sub50,137,ling_word_target,0.04530135372001074
8738,sub50,138,ling_word_target,0.020277497112830476
8739,sub50,139,ling_word_target,0.0037206830191748638
8740,sub50,140,ling_word_target,0.015173056096984192
8741,sub50,141,ling_word_target,-0.0008585432084776595
8742,sub50,142,ling_word_target,0.02280485742366435
8743,sub50,143,ling_word_target,0.002626443819537202
8744,sub50,144,ling_word_target,0.0013710881731224208
8745,sub50,145,ling_word_target,0.008126815983357755
8746,sub50,146,ling_word_target,0.007186283526289793
8747,sub50,147,ling_word_target,-0.014723174220852436
8748,sub50,148,ling_word_target,-0.015883060209318876
8749,sub50,149,ling_word_target,-0.00637808248505705
8750,sub50,150,ling_word_target,0.03435312282711843
8751,sub50,151,ling_word_target,0.010443867131162304
8752,sub50,152,ling_word_target,0.0021530883559168395
8753,sub50,153,ling_word_target,-0.0044837153255079445
8754,sub50,154,ling_word_target,0.005619497549757537
8755,sub50,155,ling_word_target,0.0010350744822024648
8756,sub50,156,ling_word_target,0.01303426667212997
8757,sub50,157,ling_word_target,7.715491261042992e-05
8758,sub50,158,ling_word_target,0.005861310741457802
8759,sub50,159,ling_word_target,0.006683576788647773
8760,sub50,160,ling_word_target,0.003481414544184019
8761,sub50,161,ling_word_target,0.02286922437982352
8762,sub50,162,ling_word_target,-0.05333205468541627
8763,sub50,163,ling_word_target,-0.0011453912527898352
8764,sub50,164,ling_word_target,0.012016993341693297
8765,sub50,165,ling_word_target,0.015346871792263642
8766,sub50,166,ling_word_target,0.013311756753834635
8767,sub50,167,ling_word_target,0.03582839020287487
8768,sub50,168,ling_word_target,0.013923879257930715
8769,sub50,169,ling_word_target,-0.010776074943263351
8770,sub50,170,ling_word_target,-0.030178705907957574
8771,sub50,171,ling_word_target,0.00893588661535304
8772,sub50,172,ling_word_target,0.0005578734715974596
8773,sub50,173,ling_word_target,0.015260835858835153
8774,sub50,174,ling_word_target,-0.0004993905300059158
8775,sub50,175,ling_word_target,0.011022683773669925
8776,sub50,176,ling_word_target,0.014242063517691922
8777,sub50,177,ling_word_target,0.004545045879939806
8778,sub50,178,ling_word_target,0.018596588475500806
8779,sub50,179,ling_word_target,0.0003991488341213831
8780,sub50,180,ling_word_target,0.0025658086734101243
8781,sub50,181,ling_word_target,-0.024498738513260086
8782,sub50,182,ling_word_target,0.015162002466843974
8783,sub50,183,ling_word_target,-0.015937424147184125
8784,sub50,184,ling_word_target,-0.00957577913821902
8785,sub50,185,ling_word_target,-0.006580543182062376
8786,sub50,186,ling_word_target,0.020633403188590214
8787,sub50,187,ling_word_target,0.002154490658761541
8788,sub50,188,ling_word_target,-0.013804907540684069
8789,sub50,189,ling_word_target,-0.002495401317844494
8790,sub50,190,ling_word_target,-0.012766537574707778
8791,sub50,191,ling_word_target,0.008790996871718589
8792,sub50,192,ling_word_target,-0.014013650815816972
8793,sub50,193,ling_word_target,0.0425726894995925
8794,sub50,194,ling_word_target,-0.009909934030013515
8795,sub50,195,ling_word_target,-0.0031365602282006837
8796,sub50,196,ling_word_target,0.020528576284771338
8797,sub50,197,ling_word_target,0.006511525507780833
8798,sub50,198,ling_word_target,-0.0022495538775761863
8799,sub50,199,ling_word_target,0.02841327624170275
8800,sub51,0,ling_word_target,0.001766470285800599
8801,sub51,1,ling_word_target,-0.004781856584970513
8802,sub51,2,ling_word_target,-0.02369033716973569
8803,sub51,3,ling_word_target,0.006259419767719795
8804,sub51,4,ling_word_target,-0.008429529730861827
8805,sub51,5,ling_word_target,-0.005202239411191498
8806,sub51,6,ling_word_target,-0.013511881248012057
8807,sub51,7,ling_word_target,0.028195819908796445
8808,sub51,8,ling_word_target,0.004962650724259158
8809,sub51,9,ling_word_target,-0.010597484529711548
8810,sub51,10,ling_word_target,0.011418027113322592
8811,sub51,11,ling_word_target,0.004241660742600413
8812,sub51,12,ling_word_target,-0.006370228654730259
8813,sub51,13,ling_word_target,0.033727843581097226
8814,sub51,14,ling_word_target,0.005352268476025928
8815,sub51,15,ling_word_target,0.023655841700690693
8816,sub51,16,ling_word_target,-0.0048114106501693935
8817,sub51,17,ling_word_target,0.000967286700045736
8818,sub51,18,ling_word_target,-0.011979102484790644
8819,sub51,19,ling_word_target,0.02572967745638935
8820,sub51,20,ling_word_target,-0.00718799369287354
8821,sub51,21,ling_word_target,-0.005477467806698534
8822,sub51,22,ling_word_target,0.003580462969386086
8823,sub51,23,ling_word_target,0.006439914068434257
8824,sub51,24,ling_word_target,0.01101488673130097
8825,sub51,25,ling_word_target,-0.009618832822934999
8826,sub51,26,ling_word_target,0.01190350773500006
8827,sub51,27,ling_word_target,0.010490638632601901
8828,sub51,28,ling_word_target,-0.003078454026143075
8829,sub51,29,ling_word_target,0.0021523151120600654
8830,sub51,30,ling_word_target,0.0020947645211513767
8831,sub51,31,ling_word_target,0.01917254995059206
8832,sub51,32,ling_word_target,-0.013739435779110716
8833,sub51,33,ling_word_target,-0.0048216125351742715
8834,sub51,34,ling_word_target,0.015388332610762202
8835,sub51,35,ling_word_target,-0.02267798397144714
8836,sub51,36,ling_word_target,-0.02792510314211503
8837,sub51,37,ling_word_target,-0.009959217354392879
8838,sub51,38,ling_word_target,-0.01409185803659235
8839,sub51,39,ling_word_target,-0.022410841709537523
8840,sub51,40,ling_word_target,0.01647208791295188
8841,sub51,41,ling_word_target,-0.011421965971080411
8842,sub51,42,ling_word_target,-0.021384103018268312
8843,sub51,43,ling_word_target,-0.005813175358260574
8844,sub51,44,ling_word_target,0.002483763060506819
8845,sub51,45,ling_word_target,-0.0013341456569442257
8846,sub51,46,ling_word_target,0.012499700420951733
8847,sub51,47,ling_word_target,-0.015429222253987502
8848,sub51,48,ling_word_target,-0.008469617422799917
8849,sub51,49,ling_word_target,-0.0103790386253001
8850,sub51,50,ling_word_target,0.0026957195227069503
8851,sub51,51,ling_word_target,0.0002947243715294253
8852,sub51,52,ling_word_target,0.007198541899364266
8853,sub51,53,ling_word_target,0.012701303254828395
8854,sub51,54,ling_word_target,-0.01042860021168592
8855,sub51,55,ling_word_target,-0.0071937817729241
8856,sub51,56,ling_word_target,0.004207690632087125
8857,sub51,57,ling_word_target,0.007098958798502032
8858,sub51,58,ling_word_target,-0.0036046203521851532
8859,sub51,59,ling_word_target,0.007702327178126835
8860,sub51,60,ling_word_target,-0.0019281763887454542
8861,sub51,61,ling_word_target,0.028098563975616483
8862,sub51,62,ling_word_target,-0.0020043634013623443
8863,sub51,63,ling_word_target,0.014680775817750279
8864,sub51,64,ling_word_target,0.005111200250351079
8865,sub51,65,ling_word_target,0.0009634450099179883
8866,sub51,66,ling_word_target,-0.008193735961344617
8867,sub51,67,ling_word_target,-0.010453590776282745
8868,sub51,68,ling_word_target,-0.0064875705904184474
8869,sub51,69,ling_word_target,0.0032473116553626293
8870,sub51,70,ling_word_target,-0.023887288243057928
8871,sub51,71,ling_word_target,0.01160436243104741
8872,sub51,72,ling_word_target,-0.0033785807284637615
8873,sub51,73,ling_word_target,0.0004206562305386103
8874,sub51,74,ling_word_target,-0.005569183589192236
8875,sub51,75,ling_word_target,-0.005174212474345667
8876,sub51,76,ling_word_target,0.0009348970500916422
8877,sub51,77,ling_word_target,0.0008432045887538986
8878,sub51,78,ling_word_target,-0.010844364940527085
8879,sub51,79,ling_word_target,0.004484341622217081
8880,sub51,80,ling_word_target,-0.0005366298271199851
8881,sub51,81,ling_word_target,-0.001976107756988077
8882,sub51,82,ling_word_target,0.007018990747304752
8883,sub51,83,ling_word_target,0.003826229715380216
8884,sub51,84,ling_word_target,-0.008425823144347826
8885,sub51,85,ling_word_target,-0.0034083944504947105
8886,sub51,86,ling_word_target,0.0004508500546188703
8887,sub51,87,ling_word_target,0.02743118844896216
8888,sub51,88,ling_word_target,0.0014589675368216145
8889,sub51,89,ling_word_target,0.029436538123434764
8890,sub51,90,ling_word_target,-0.01632131442535102
8891,sub51,91,ling_word_target,0.012093855547380307
8892,sub51,92,ling_word_target,-0.012157409803771729
8893,sub51,93,ling_word_target,-0.009856260257326431
8894,sub51,94,ling_word_target,0.003815436558201464
8895,sub51,95,ling_word_target,0.004050563774335471
8896,sub51,96,ling_word_target,-0.005732132775361332
8897,sub51,97,ling_word_target,0.02318787431068853
8898,sub51,98,ling_word_target,0.012041255377542366
8899,sub51,99,ling_word_target,-0.01801049696558474
8900,sub51,100,ling_word_target,-0.024574027285476804
8901,sub51,101,ling_word_target,-0.005442100715722413
8902,sub51,102,ling_word_target,0.0032964221084096287
8903,sub51,103,ling_word_target,-0.01804225469967186
8904,sub51,104,ling_word_target,0.0075164318035715535
8905,sub51,105,ling_word_target,0.011093954280155777
8906,sub51,106,ling_word_target,0.0002718904552294331
8907,sub51,107,ling_word_target,0.023753873704492875
8908,sub51,108,ling_word_target,-0.016351503745822383
8909,sub51,109,ling_word_target,0.03628969370346584
8910,sub51,110,ling_word_target,-0.0045317643654602495
8911,sub51,111,ling_word_target,0.013297157626967104
8912,sub51,112,ling_word_target,0.006834799421615454
8913,sub51,113,ling_word_target,-0.002706153638049418
8914,sub51,114,ling_word_target,-0.005386401945075349
8915,sub51,115,ling_word_target,0.03600151721838376
8916,sub51,116,ling_word_target,-0.006395968550010498
8917,sub51,117,ling_word_target,0.0014866883865962402
8918,sub51,118,ling_word_target,0.007946569278092529
8919,sub51,119,ling_word_target,0.0044112333651177725
8920,sub51,120,ling_word_target,-0.021862947072540204
8921,sub51,121,ling_word_target,-0.0048372323837447455
8922,sub51,122,ling_word_target,0.01588846373810951
8923,sub51,123,ling_word_target,-0.016776663484010572
8924,sub51,124,ling_word_target,0.008193492644663541
8925,sub51,125,ling_word_target,-0.008488725962041917
8926,sub51,126,ling_word_target,-0.0009776673410015065
8927,sub51,127,ling_word_target,0.001698606598152197
8928,sub51,128,ling_word_target,-0.006683657682530494
8929,sub51,129,ling_word_target,0.0030481196922211716
8930,sub51,130,ling_word_target,0.002652559019747711
8931,sub51,131,ling_word_target,-0.01984126180031392
8932,sub51,132,ling_word_target,0.008433973158895734
8933,sub51,133,ling_word_target,0.0005670912217697245
8934,sub51,134,ling_word_target,0.014276783839484553
8935,sub51,135,ling_word_target,-0.007827979875058982
8936,sub51,136,ling_word_target,-0.004352282430048502
8937,sub51,137,ling_word_target,0.008598394541976603
8938,sub51,138,ling_word_target,4.259549154497595e-05
8939,sub51,139,ling_word_target,0.007101833616487906
8940,sub51,140,ling_word_target,-1.7231154476114803e-05
8941,sub51,141,ling_word_target,-0.010426166374006533
8942,sub51,142,ling_word_target,0.012857950474268895
8943,sub51,143,ling_word_target,-0.002262059964335113
8944,sub51,144,ling_word_target,0.005288891851624429
8945,sub51,145,ling_word_target,-0.01466790873954319
8946,sub51,146,ling_word_target,-0.0006089535096911232
8947,sub51,147,ling_word_target,0.03737223249454007
8948,sub51,148,ling_word_target,-0.0012961263987742815
8949,sub51,149,ling_word_target,0.030267275365938724
8950,sub51,150,ling_word_target,-0.010565742386359519
8951,sub51,151,ling_word_target,0.024331355826266048
8952,sub51,152,ling_word_target,0.01604749860386942
8953,sub51,153,ling_word_target,-0.013805870281363021
8954,sub51,154,ling_word_target,-0.012127317926451137
8955,sub51,155,ling_word_target,0.0007137473965574601
8956,sub51,156,ling_word_target,-0.0030572278505556546
8957,sub51,157,ling_word_target,-0.013495673512109738
8958,sub51,158,ling_word_target,-0.01376490447690315
8959,sub51,159,ling_word_target,-0.0016976186482425752
8960,sub51,160,ling_word_target,-0.008867007613389613
8961,sub51,161,ling_word_target,-0.0021293706138896845
8962,sub51,162,ling_word_target,0.0014045847939513742
8963,sub51,163,ling_word_target,0.002289240050114074
8964,sub51,164,ling_word_target,-0.0029832018771825683
8965,sub51,165,ling_word_target,0.011958966684784696
8966,sub51,166,ling_word_target,-0.012267577548616689
8967,sub51,167,ling_word_target,0.005841177217213541
8968,sub51,168,ling_word_target,0.009502484019585982
8969,sub51,169,ling_word_target,0.012423722945299136
8970,sub51,170,ling_word_target,0.007365278490934071
8971,sub51,171,ling_word_target,-0.001832498016469146
8972,sub51,172,ling_word_target,0.007147806431120477
8973,sub51,173,ling_word_target,-0.001414320900375455
8974,sub51,174,ling_word_target,0.008213771838042531
8975,sub51,175,ling_word_target,0.01625954813392276
8976,sub51,176,ling_word_target,-0.004094304184013462
8977,sub51,177,ling_word_target,0.017595244570573744
8978,sub51,178,ling_word_target,0.019146637655407906
8979,sub51,179,ling_word_target,-0.013731503644448091
8980,sub51,180,ling_word_target,-0.006684000243016581
8981,sub51,181,ling_word_target,0.026680173667551915
8982,sub51,182,ling_word_target,0.005551576971311556
8983,sub51,183,ling_word_target,0.017107760305796235
8984,sub51,184,ling_word_target,0.0017506732920670217
8985,sub51,185,ling_word_target,0.0019059508627352348
8986,sub51,186,ling_word_target,0.007197754418714718
8987,sub51,187,ling_word_target,0.005323575005280539
8988,sub51,188,ling_word_target,-0.029625683369901623
8989,sub51,189,ling_word_target,0.004331610072021115
8990,sub51,190,ling_word_target,-0.005632243774472368
8991,sub51,191,ling_word_target,-0.0023769905571470592
8992,sub51,192,ling_word_target,0.005996690978146911
8993,sub51,193,ling_word_target,0.007636865490376014
8994,sub51,194,ling_word_target,0.0065224378357078075
8995,sub51,195,ling_word_target,-0.006826161855845603
8996,sub51,196,ling_word_target,0.014121657300873378
8997,sub51,197,ling_word_target,-0.005416019304748386
8998,sub51,198,ling_word_target,0.0008586814527621754
8999,sub51,199,ling_word_target,-0.004193905916866719
9000,sub52,0,ling_word_target,0.027093214964803377
9001,sub52,1,ling_word_target,-0.008753643653810107
9002,sub52,2,ling_word_target,-0.007628362144921056
9003,sub52,3,ling_word_target,0.026561503584906936
9004,sub52,4,ling_word_target,-0.018176683982603064
9005,sub52,5,ling_word_target,0.009565142796718343
9006,sub52,6,ling_word_target,-0.003551939601835107
9007,sub52,7,ling_word_target,-0.00998231067069354
9008,sub52,8,ling_word_target,0.010278674780355334
9009,sub52,9,ling_word_target,0.005483258395880213
9010,sub52,10,ling_word_target,0.025735344480139758
9011,sub52,11,ling_word_target,-0.022672793881419885
9012,sub52,12,ling_word_target,0.023252196479421054
9013,sub52,13,ling_word_target,0.0019230712873677446
9014,sub52,14,ling_word_target,0.0009938062750721361
9015,sub52,15,ling_word_target,-0.015130986986550266
9016,sub52,16,ling_word_target,0.0007657279967435976
9017,sub52,17,ling_word_target,-0.007856434603334682
9018,sub52,18,ling_word_target,-0.020026893606683315
9019,sub52,19,ling_word_target,-0.0109945352072558
9020,sub52,20,ling_word_target,0.0034972744506119985
9021,sub52,21,ling_word_target,-0.0010523132864994377
9022,sub52,22,ling_word_target,3.1339270862899526e-05
9023,sub52,23,ling_word_target,0.022774569484599272
9024,sub52,24,ling_word_target,-0.0001783160554063087
9025,sub52,25,ling_word_target,0.009923945028680364
9026,sub52,26,ling_word_target,0.01582583959621671
9027,sub52,27,ling_word_target,0.00917147723460526
9028,sub52,28,ling_word_target,0.0030911935173936304
9029,sub52,29,ling_word_target,-0.006983693628928963
9030,sub52,30,ling_word_target,0.024088637431369693
9031,sub52,31,ling_word_target,0.0012869652578087348
9032,sub52,32,ling_word_target,-0.023663293457228035
9033,sub52,33,ling_word_target,0.021038636217204115
9034,sub52,34,ling_word_target,0.012974784330308058
9035,sub52,35,ling_word_target,-0.007063761809696695
9036,sub52,36,ling_word_target,0.00768221521030356
9037,sub52,37,ling_word_target,0.01833203573724444
9038,sub52,38,ling_word_target,0.0011886712230870235
9039,sub52,39,ling_word_target,-0.008368837769356489
9040,sub52,40,ling_word_target,-0.0074125402668667306
9041,sub52,41,ling_word_target,-0.004432607462960714
9042,sub52,42,ling_word_target,0.0016124094157871432
9043,sub52,43,ling_word_target,0.013932217700497192
9044,sub52,44,ling_word_target,0.009070368593538913
9045,sub52,45,ling_word_target,-0.000548682486746416
9046,sub52,46,ling_word_target,0.013234906761757377
9047,sub52,47,ling_word_target,0.018826386246662347
9048,sub52,48,ling_word_target,-0.005346539684634242
9049,sub52,49,ling_word_target,-0.003153519537999817
9050,sub52,50,ling_word_target,0.018682901951712936
9051,sub52,51,ling_word_target,0.027912596632397802
9052,sub52,52,ling_word_target,0.009737097274756865
9053,sub52,53,ling_word_target,0.011115311640393425
9054,sub52,54,ling_word_target,0.0019853575676175043
9055,sub52,55,ling_word_target,0.0005627596272179287
9056,sub52,56,ling_word_target,0.004037377849228965
9057,sub52,57,ling_word_target,-0.017205396050848535
9058,sub52,58,ling_word_target,0.005656717513060572
9059,sub52,59,ling_word_target,0.005358863773374977
9060,sub52,60,ling_word_target,0.01952087510004504
9061,sub52,61,ling_word_target,0.0005404547710460217
9062,sub52,62,ling_word_target,0.013080670545493082
9063,sub52,63,ling_word_target,-0.001224872861760339
9064,sub52,64,ling_word_target,0.0139505972285264
9065,sub52,65,ling_word_target,-0.01575743495116773
9066,sub52,66,ling_word_target,0.0035742737243793544
9067,sub52,67,ling_word_target,0.012428250073780523
9068,sub52,68,ling_word_target,0.013748022465510143
9069,sub52,69,ling_word_target,0.03791919245411414
9070,sub52,70,ling_word_target,-0.02150071243178121
9071,sub52,71,ling_word_target,-0.0193173583676219
9072,sub52,72,ling_word_target,0.001683996602867409
9073,sub52,73,ling_word_target,-0.019620524180939812
9074,sub52,74,ling_word_target,0.01271561381134481
9075,sub52,75,ling_word_target,-0.008867863555230733
9076,sub52,76,ling_word_target,0.017263013747711203
9077,sub52,77,ling_word_target,0.008612104079593482
9078,sub52,78,ling_word_target,-0.0005918108343133938
9079,sub52,79,ling_word_target,-0.002818827252915091
9080,sub52,80,ling_word_target,-0.014649991138877367
9081,sub52,81,ling_word_target,0.014277540898222703
9082,sub52,82,ling_word_target,-0.014512729738535724
9083,sub52,83,ling_word_target,0.015741840142174748
9084,sub52,84,ling_word_target,0.03982279973427057
9085,sub52,85,ling_word_target,0.011720431737962785
9086,sub52,86,ling_word_target,0.006645929849709006
9087,sub52,87,ling_word_target,-0.001449898376690556
9088,sub52,88,ling_word_target,0.015344695540760945
9089,sub52,89,ling_word_target,-0.021036488500202254
9090,sub52,90,ling_word_target,0.0026004383722013596
9091,sub52,91,ling_word_target,-0.00503706717936385
9092,sub52,92,ling_word_target,0.026545751332480105
9093,sub52,93,ling_word_target,-0.025250756073254735
9094,sub52,94,ling_word_target,-0.0016825023614253508
9095,sub52,95,ling_word_target,0.020909762979682642
9096,sub52,96,ling_word_target,-0.01764791921459672
9097,sub52,97,ling_word_target,0.019635809593696985
9098,sub52,98,ling_word_target,0.02682308707921708
9099,sub52,99,ling_word_target,0.006031178917887889
9100,sub52,100,ling_word_target,-0.0046292129492110125
9101,sub52,101,ling_word_target,-0.013766353694387317
9102,sub52,102,ling_word_target,-0.008924261321645224
9103,sub52,103,ling_word_target,-0.023419827512673363
9104,sub52,104,ling_word_target,0.007928262413091918
9105,sub52,105,ling_word_target,0.0006029625730907339
9106,sub52,106,ling_word_target,0.0011783022763500464
9107,sub52,107,ling_word_target,0.005475925925645474
9108,sub52,108,ling_word_target,0.0203767485422236
9109,sub52,109,ling_word_target,0.03289685227277652
9110,sub52,110,ling_word_target,0.01086191638136428
9111,sub52,111,ling_word_target,0.024949939002223896
9112,sub52,112,ling_word_target,0.000441780672560931
9113,sub52,113,ling_word_target,0.0030717377626030013
9114,sub52,114,ling_word_target,0.038268856040932026
9115,sub52,115,ling_word_target,0.0037042904466393412
9116,sub52,116,ling_word_target,0.0025046576643177627
9117,sub52,117,ling_word_target,0.003849404348751993
9118,sub52,118,ling_word_target,0.00021477754748626035
9119,sub52,119,ling_word_target,0.0009401132079667761
9120,sub52,120,ling_word_target,-0.0021597215426519653
9121,sub52,121,ling_word_target,-0.001389990489255766
9122,sub52,122,ling_word_target,0.014582257099877255
9123,sub52,123,ling_word_target,0.010129262781022124
9124,sub52,124,ling_word_target,-0.034277616143103075
9125,sub52,125,ling_word_target,-0.0026623122979127613
9126,sub52,126,ling_word_target,-0.009542252100259592
9127,sub52,127,ling_word_target,0.004595873271149726
9128,sub52,128,ling_word_target,0.022002444515848638
9129,sub52,129,ling_word_target,0.014382707553876932
9130,sub52,130,ling_word_target,0.010244125182987607
9131,sub52,131,ling_word_target,0.008300829802752126
9132,sub52,132,ling_word_target,0.011585882989888201
9133,sub52,133,ling_word_target,0.009092881016775717
9134,sub52,134,ling_word_target,-0.009511012545244897
9135,sub52,135,ling_word_target,0.012400097571570002
9136,sub52,136,ling_word_target,0.0006338158519664049
9137,sub52,137,ling_word_target,0.007395655238804127
9138,sub52,138,ling_word_target,-0.006241853248461596
9139,sub52,139,ling_word_target,-0.011022536488908663
9140,sub52,140,ling_word_target,0.026592531166010985
9141,sub52,141,ling_word_target,0.006762592484367643
9142,sub52,142,ling_word_target,-0.007273556845770022
9143,sub52,143,ling_word_target,0.038588000573982574
9144,sub52,144,ling_word_target,0.004373406593129791
9145,sub52,145,ling_word_target,-0.007783762715631816
9146,sub52,146,ling_word_target,-0.01013706155433645
9147,sub52,147,ling_word_target,-0.011505838648426971
9148,sub52,148,ling_word_target,0.004110023052579882
9149,sub52,149,ling_word_target,-0.009685540689400269
9150,sub52,150,ling_word_target,-0.004848827402527599
9151,sub52,151,ling_word_target,-0.021952388597918072
9152,sub52,152,ling_word_target,-0.0024137384084380177
9153,sub52,153,ling_word_target,-0.007616658035164663
9154,sub52,154,ling_word_target,0.002243521170643225
9155,sub52,155,ling_word_target,0.002270874048812724
9156,sub52,156,ling_word_target,0.001256003546276564
9157,sub52,157,ling_word_target,0.02080329065488639
9158,sub52,158,ling_word_target,0.005629891002079005
9159,sub52,159,ling_word_target,-0.00491262543028653
9160,sub52,160,ling_word_target,0.019945162149555783
9161,sub52,161,ling_word_target,-0.0037643724000498667
9162,sub52,162,ling_word_target,0.014559803179218784
9163,sub52,163,ling_word_target,0.0028225836245813134
9164,sub52,164,ling_word_target,0.009172077554691875
9165,sub52,165,ling_word_target,0.006960499953808899
9166,sub52,166,ling_word_target,0.006922363893270883
9167,sub52,167,ling_word_target,-0.009332408765659614
9168,sub52,168,ling_word_target,-0.023522830856131792
9169,sub52,169,ling_word_target,-0.002747150845274465
9170,sub52,170,ling_word_target,-0.0131994505091035
9171,sub52,171,ling_word_target,0.005565463642132904
9172,sub52,172,ling_word_target,0.005757069777319114
9173,sub52,173,ling_word_target,-0.00041506814369923946
9174,sub52,174,ling_word_target,0.0034303437294078915
9175,sub52,175,ling_word_target,0.018247485200142008
9176,sub52,176,ling_word_target,0.014582728829525531
9177,sub52,177,ling_word_target,0.01159205653373364
9178,sub52,178,ling_word_target,0.0042003601702572295
9179,sub52,179,ling_word_target,0.016350262274284245
9180,sub52,180,ling_word_target,-0.008969507331609805
9181,sub52,181,ling_word_target,0.007338679408132135
9182,sub52,182,ling_word_target,-0.01694156689563562
9183,sub52,183,ling_word_target,-0.014368788586727292
9184,sub52,184,ling_word_target,0.002632205123324351
9185,sub52,185,ling_word_target,0.011575909785578204
9186,sub52,186,ling_word_target,-0.002847105866357749
9187,sub52,187,ling_word_target,0.005715162469014
9188,sub52,188,ling_word_target,-0.01096377357447734
9189,sub52,189,ling_word_target,-0.00489545957845526
9190,sub52,190,ling_word_target,0.004717145954727348
9191,sub52,191,ling_word_target,0.010765706005713823
9192,sub52,192,ling_word_target,-0.014796453628301419
9193,sub52,193,ling_word_target,-5.121995166372788e-05
9194,sub52,194,ling_word_target,-0.0046732592552376495
9195,sub52,195,ling_word_target,0.04235876477403785
9196,sub52,196,ling_word_target,-0.013098238961635878
9197,sub52,197,ling_word_target,0.0033804751357577583
9198,sub52,198,ling_word_target,0.003177336280529142
9199,sub52,199,ling_word_target,0.006546183129020782
9200,sub53,0,ling_word_target,-0.00712067646286135
9201,sub53,1,ling_word_target,-0.0523481360828029
9202,sub53,2,ling_word_target,-0.005549499421174347
9203,sub53,3,ling_word_target,0.00367329512393377
9204,sub53,4,ling_word_target,0.008704667236202612
9205,sub53,5,ling_word_target,-0.033523733577531536
9206,sub53,6,ling_word_target,-0.01304518641718853
9207,sub53,7,ling_word_target,0.010860973975553538
9208,sub53,8,ling_word_target,-0.021866626736432734
9209,sub53,9,ling_word_target,0.014832953013470611
9210,sub53,10,ling_word_target,-0.01735108178743397
9211,sub53,11,ling_word_target,0.011516997839999519
9212,sub53,12,ling_word_target,-0.007151772178650604
9213,sub53,13,ling_word_target,0.0007666988637701799
9214,sub53,14,ling_word_target,-0.004404658704065888
9215,sub53,15,ling_word_target,0.015417668090051562
9216,sub53,16,ling_word_target,-0.0023207592290032256
9217,sub53,17,ling_word_target,0.0006944615155408722
9218,sub53,18,ling_word_target,-0.005000691731059489
9219,sub53,19,ling_word_target,-0.017065921211080068
9220,sub53,20,ling_word_target,-0.007036700843319869
9221,sub53,21,ling_word_target,-0.0024621854948786675
9222,sub53,22,ling_word_target,-0.0005216441181898825
9223,sub53,23,ling_word_target,0.009456561108727154
9224,sub53,24,ling_word_target,-0.0062465977014674245
9225,sub53,25,ling_word_target,-0.0005021020691472283
9226,sub53,26,ling_word_target,0.0067767689480809365
9227,sub53,27,ling_word_target,-0.0004889517546297766
9228,sub53,28,ling_word_target,-0.005697054962571551
9229,sub53,29,ling_word_target,-0.008586581045464753
9230,sub53,30,ling_word_target,0.01870787442448855
9231,sub53,31,ling_word_target,0.012161175724447219
9232,sub53,32,ling_word_target,0.00937995528301691
9233,sub53,33,ling_word_target,0.010155810885564075
9234,sub53,34,ling_word_target,0.02705322324168598
9235,sub53,35,ling_word_target,-0.008696896491428699
9236,sub53,36,ling_word_target,-0.011687932611360608
9237,sub53,37,ling_word_target,-0.0006217978317032979
9238,sub53,38,ling_word_target,-0.009488170794217333
9239,sub53,39,ling_word_target,-0.00023026463797905228
9240,sub53,40,ling_word_target,0.005915424466403115
9241,sub53,41,ling_word_target,0.0012123862344839793
9242,sub53,42,ling_word_target,0.0025926033372116212
9243,sub53,43,ling_word_target,-0.011056821071274123
9244,sub53,44,ling_word_target,0.0005337085525157756
9245,sub53,45,ling_word_target,0.003462763969552978
9246,sub53,46,ling_word_target,0.010509535391375675
9247,sub53,47,ling_word_target,-0.003802417612596333
9248,sub53,48,ling_word_target,0.0020179841685462473
9249,sub53,49,ling_word_target,0.008964353190224669
9250,sub53,50,ling_word_target,-0.00864515634294103
9251,sub53,51,ling_word_target,-0.004137613947226465
9252,sub53,52,ling_word_target,-0.023076293885786626
9253,sub53,53,ling_word_target,0.019184194275307893
9254,sub53,54,ling_word_target,-0.0018924124499538756
9255,sub53,55,ling_word_target,-0.004991161168693598
9256,sub53,56,ling_word_target,0.0062145404891360955
9257,sub53,57,ling_word_target,-0.020711107878210764
9258,sub53,58,ling_word_target,0.007509672372866964
9259,sub53,59,ling_word_target,-0.0061275664179287976
9260,sub53,60,ling_word_target,0.00768019296272729
9261,sub53,61,ling_word_target,0.015016284101817354
9262,sub53,62,ling_word_target,0.003314608752275951
9263,sub53,63,ling_word_target,0.0034665001619236502
9264,sub53,64,ling_word_target,0.001962939248203444
9265,sub53,65,ling_word_target,0.0009377437523733175
9266,sub53,66,ling_word_target,0.007819117702528723
9267,sub53,67,ling_word_target,-0.0066253520393613746
9268,sub53,68,ling_word_target,-0.020253446991047877
9269,sub53,69,ling_word_target,-0.0032505649898100274
9270,sub53,70,ling_word_target,0.023814734382900334
9271,sub53,71,ling_word_target,0.006310342412971379
9272,sub53,72,ling_word_target,-0.001409471632016991
9273,sub53,73,ling_word_target,0.0038583615000590482
9274,sub53,74,ling_word_target,-0.0038816634363676578
9275,sub53,75,ling_word_target,-0.041742806611731034
9276,sub53,76,ling_word_target,0.005842394172893823
9277,sub53,77,ling_word_target,-0.00580358162653922
9278,sub53,78,ling_word_target,0.02551159800123907
9279,sub53,79,ling_word_target,-0.01072138306553507
9280,sub53,80,ling_word_target,-0.0054028625453354595
9281,sub53,81,ling_word_target,-0.0035383102712509703
9282,sub53,82,ling_word_target,0.008820854609200728
9283,sub53,83,ling_word_target,-0.0028473524827215516
9284,sub53,84,ling_word_target,0.013584613484592035
9285,sub53,85,ling_word_target,-0.007360400506000424
9286,sub53,86,ling_word_target,-0.021253446436475698
9287,sub53,87,ling_word_target,-0.011936819231194318
9288,sub53,88,ling_word_target,-0.03390986201426712
9289,sub53,89,ling_word_target,-0.015007854450863176
9290,sub53,90,ling_word_target,-0.00274738297908312
9291,sub53,91,ling_word_target,-0.007855592991981065
9292,sub53,92,ling_word_target,-0.0038531302287383466
9293,sub53,93,ling_word_target,0.0038428461171603036
9294,sub53,94,ling_word_target,-0.003072872033548459
9295,sub53,95,ling_word_target,-0.00020279672226446448
9296,sub53,96,ling_word_target,-0.003714139810661738
9297,sub53,97,ling_word_target,0.011487722320232924
9298,sub53,98,ling_word_target,0.001909511544579379
9299,sub53,99,ling_word_target,-0.0040064485458632506
9300,sub53,100,ling_word_target,0.000328442019744091
9301,sub53,101,ling_word_target,-0.0017120277520282045
9302,sub53,102,ling_word_target,0.015744971809953257
9303,sub53,103,ling_word_target,0.017499761122505474
9304,sub53,104,ling_word_target,0.002846365065121391
9305,sub53,105,ling_word_target,0.01890582286094899
9306,sub53,106,ling_word_target,-0.0188874240744611
9307,sub53,107,ling_word_target,0.006968792813345046
9308,sub53,108,ling_word_target,0.017229269523174683
9309,sub53,109,ling_word_target,0.020898023342147437
9310,sub53,110,ling_word_target,0.007569874988155546
9311,sub53,111,ling_word_target,0.001204579295660238
9312,sub53,112,ling_word_target,-0.011811796028267513
9313,sub53,113,ling_word_target,0.016990351015079414
9314,sub53,114,ling_word_target,0.0003081989850408705
9315,sub53,115,ling_word_target,0.00343079427617588
9316,sub53,116,ling_word_target,0.003686484760414324
9317,sub53,117,ling_word_target,0.0012821412853646504
9318,sub53,118,ling_word_target,-0.0030214610958699444
9319,sub53,119,ling_word_target,0.0006252382828590381
9320,sub53,120,ling_word_target,-0.008456504919894263
9321,sub53,121,ling_word_target,-0.00033631446179551496
9322,sub53,122,ling_word_target,-0.0028809296715253457
9323,sub53,123,ling_word_target,0.002638319566387392
9324,sub53,124,ling_word_target,0.01362037213384038
9325,sub53,125,ling_word_target,-0.012581828114576754
9326,sub53,126,ling_word_target,-0.006724046620535472
9327,sub53,127,ling_word_target,0.011000310695355495
9328,sub53,128,ling_word_target,-0.008105154217847257
9329,sub53,129,ling_word_target,0.029741640867889444
9330,sub53,130,ling_word_target,0.011493127539386744
9331,sub53,131,ling_word_target,0.001370154875223694
9332,sub53,132,ling_word_target,0.017952518895710083
9333,sub53,133,ling_word_target,-0.0007287689072689595
9334,sub53,134,ling_word_target,-0.005419148926234495
9335,sub53,135,ling_word_target,0.01618411339263364
9336,sub53,136,ling_word_target,0.006270206711156918
9337,sub53,137,ling_word_target,0.004594687141865557
9338,sub53,138,ling_word_target,-0.012984796325334376
9339,sub53,139,ling_word_target,0.005078566740953041
9340,sub53,140,ling_word_target,0.005483191849160893
9341,sub53,141,ling_word_target,-0.005325655781655595
9342,sub53,142,ling_word_target,-0.016225042048330324
9343,sub53,143,ling_word_target,0.0028954218524618876
9344,sub53,144,ling_word_target,-0.015455507087274676
9345,sub53,145,ling_word_target,0.02202151876093241
9346,sub53,146,ling_word_target,0.0015991209357017892
9347,sub53,147,ling_word_target,0.008635942321693724
9348,sub53,148,ling_word_target,-0.0061690456616929484
9349,sub53,149,ling_word_target,0.0008282320418162426
9350,sub53,150,ling_word_target,-0.012775512092936658
9351,sub53,151,ling_word_target,-0.03282576191353105
9352,sub53,152,ling_word_target,-0.0012036142971898274
9353,sub53,153,ling_word_target,0.007692248289015784
9354,sub53,154,ling_word_target,-0.004964299470209283
9355,sub53,155,ling_word_target,-0.004015051026282582
9356,sub53,156,ling_word_target,0.016391227764963857
9357,sub53,157,ling_word_target,-0.013847154491359225
9358,sub53,158,ling_word_target,0.002625080777577236
9359,sub53,159,ling_word_target,-0.012288105596559577
9360,sub53,160,ling_word_target,0.012161505988530764
9361,sub53,161,ling_word_target,0.011965311725858425
9362,sub53,162,ling_word_target,0.01840344741411541
9363,sub53,163,ling_word_target,0.003783115717406659
9364,sub53,164,ling_word_target,0.015952433348333992
9365,sub53,165,ling_word_target,-0.0028925862519017455
9366,sub53,166,ling_word_target,0.0019130650196190605
9367,sub53,167,ling_word_target,-0.007751959906016692
9368,sub53,168,ling_word_target,-0.01695685301040429
9369,sub53,169,ling_word_target,0.014006583803869202
9370,sub53,170,ling_word_target,0.000334943327822136
9371,sub53,171,ling_word_target,0.0004629815182964078
9372,sub53,172,ling_word_target,-0.0015734259044015019
9373,sub53,173,ling_word_target,-0.002201838759086533
9374,sub53,174,ling_word_target,-0.0015298030085777728
9375,sub53,175,ling_word_target,-0.0015648941550126076
9376,sub53,176,ling_word_target,-0.011061520764556187
9377,sub53,177,ling_word_target,0.012492075372439543
9378,sub53,178,ling_word_target,0.008227986113132479
9379,sub53,179,ling_word_target,-0.006876176794101872
9380,sub53,180,ling_word_target,-0.0021811964927497935
9381,sub53,181,ling_word_target,0.01402985573501005
9382,sub53,182,ling_word_target,0.008144484886291305
9383,sub53,183,ling_word_target,-0.006273367243052069
9384,sub53,184,ling_word_target,-0.020493931931277822
9385,sub53,185,ling_word_target,-0.013064156617144594
9386,sub53,186,ling_word_target,0.0111340530904119
9387,sub53,187,ling_word_target,-0.001259992170052473
9388,sub53,188,ling_word_target,-0.002953928971788005
9389,sub53,189,ling_word_target,0.025972604756111527
9390,sub53,190,ling_word_target,0.004458698839451695
9391,sub53,191,ling_word_target,0.010281961130976677
9392,sub53,192,ling_word_target,-0.005022825913441243
9393,sub53,193,ling_word_target,-0.0021137627522755512
9394,sub53,194,ling_word_target,-0.009467436613569845
9395,sub53,195,ling_word_target,0.009672584453269925
9396,sub53,196,ling_word_target,0.0005286906954730501
9397,sub53,197,ling_word_target,0.02900359101973486
9398,sub53,198,ling_word_target,-0.014125320415842751
9399,sub53,199,ling_word_target,0.007685938467160005
9400,sub55,0,ling_word_target,-0.030148850637902062
9401,sub55,1,ling_word_target,-0.02562353881302205
9402,sub55,2,ling_word_target,0.014905702979111389
9403,sub55,3,ling_word_target,-0.007116233295051765
9404,sub55,4,ling_word_target,0.01696051310596752
9405,sub55,5,ling_word_target,-0.000543635846154099
9406,sub55,6,ling_word_target,0.009789269445056736
9407,sub55,7,ling_word_target,-0.026130830430516398
9408,sub55,8,ling_word_target,-0.0035013565705231046
9409,sub55,9,ling_word_target,-0.001333951350433678
9410,sub55,10,ling_word_target,-0.013317560987250303
9411,sub55,11,ling_word_target,0.008581572958869544
9412,sub55,12,ling_word_target,-0.024910670995603235
9413,sub55,13,ling_word_target,-0.009761271582158252
9414,sub55,14,ling_word_target,-0.00258881006120866
9415,sub55,15,ling_word_target,-0.0021756415853285633
9416,sub55,16,ling_word_target,-0.04280710529308868
9417,sub55,17,ling_word_target,0.0078056902525004196
9418,sub55,18,ling_word_target,0.008669278071624424
9419,sub55,19,ling_word_target,-0.00877079008603686
9420,sub55,20,ling_word_target,-0.00016697063638507274
9421,sub55,21,ling_word_target,0.01338657545644216
9422,sub55,22,ling_word_target,-0.020059464453492472
9423,sub55,23,ling_word_target,-0.0026266498798237885
9424,sub55,24,ling_word_target,-0.017960735219981382
9425,sub55,25,ling_word_target,-0.002593114251973046
9426,sub55,26,ling_word_target,-0.0022303821840514893
9427,sub55,27,ling_word_target,0.011705812655163012
9428,sub55,28,ling_word_target,-0.011556182628523575
9429,sub55,29,ling_word_target,0.0025044183858013605
9430,sub55,30,ling_word_target,-0.00846258758287807
9431,sub55,31,ling_word_target,-0.008130671578539299
9432,sub55,32,ling_word_target,-0.004655853330879509
9433,sub55,33,ling_word_target,0.0018908830661614163
9434,sub55,34,ling_word_target,0.018454180506576334
9435,sub55,35,ling_word_target,0.015571479508127999
9436,sub55,36,ling_word_target,0.009701621605735936
9437,sub55,37,ling_word_target,-0.0033087002624393046
9438,sub55,38,ling_word_target,0.0017333181101641469
9439,sub55,39,ling_word_target,0.0006740854073774822
9440,sub55,40,ling_word_target,-0.024773420054196933
9441,sub55,41,ling_word_target,0.01153789646028295
9442,sub55,42,ling_word_target,-0.012784475968418604
9443,sub55,43,ling_word_target,-0.028252983775778145
9444,sub55,44,ling_word_target,-0.015083521821576077
9445,sub55,45,ling_word_target,0.013644867268457369
9446,sub55,46,ling_word_target,-0.019068938372967838
9447,sub55,47,ling_word_target,0.03621715011298428
9448,sub55,48,ling_word_target,-0.03685541350881168
9449,sub55,49,ling_word_target,-0.009460809933204414
9450,sub55,50,ling_word_target,0.0022240804733426795
9451,sub55,51,ling_word_target,-0.004937579268472829
9452,sub55,52,ling_word_target,-0.008751100153174258
9453,sub55,53,ling_word_target,0.01030724852563396
9454,sub55,54,ling_word_target,-0.009781824865421531
9455,sub55,55,ling_word_target,0.009241966545505423
9456,sub55,56,ling_word_target,0.001863319957381263
9457,sub55,57,ling_word_target,-0.027868388784334314
9458,sub55,58,ling_word_target,-0.006185665379559297
9459,sub55,59,ling_word_target,-0.008032285957117979
9460,sub55,60,ling_word_target,-0.01562770278943351
9461,sub55,61,ling_word_target,0.01829121211478609
9462,sub55,62,ling_word_target,-0.007569614216640977
9463,sub55,63,ling_word_target,-0.021665529247683536
9464,sub55,64,ling_word_target,-0.004897090670730299
9465,sub55,65,ling_word_target,-0.0355071043756714
9466,sub55,66,ling_word_target,-0.015803057160685526
9467,sub55,67,ling_word_target,0.0021698289284021945
9468,sub55,68,ling_word_target,0.0055046195500957655
9469,sub55,69,ling_word_target,0.0029832059802503254
9470,sub55,70,ling_word_target,-0.0008532443551819098
9471,sub55,71,ling_word_target,-0.00016971572848064245
9472,sub55,72,ling_word_target,-0.01460252128938642
9473,sub55,73,ling_word_target,-0.01847097319376551
9474,sub55,74,ling_word_target,0.005802859120393477
9475,sub55,75,ling_word_target,0.005111132846266628
9476,sub55,76,ling_word_target,0.012484417304738909
9477,sub55,77,ling_word_target,0.006206512536712224
9478,sub55,78,ling_word_target,0.01806835390813045
9479,sub55,79,ling_word_target,0.000991230825883165
9480,sub55,80,ling_word_target,-0.0009415779980028678
9481,sub55,81,ling_word_target,0.014861630010108543
9482,sub55,82,ling_word_target,-0.018805967324408906
9483,sub55,83,ling_word_target,-0.02999028225306996
9484,sub55,84,ling_word_target,-0.0025215954220547854
9485,sub55,85,ling_word_target,0.007897853578928317
9486,sub55,86,ling_word_target,0.0025019683800911797
9487,sub55,87,ling_word_target,0.009104686057104468
9488,sub55,88,ling_word_target,0.0005611946924850348
9489,sub55,89,ling_word_target,0.005484253190426827
9490,sub55,90,ling_word_target,-0.00318600912188493
9491,sub55,91,ling_word_target,0.015267137237757912
9492,sub55,92,ling_word_target,-0.0024199340603613885
9493,sub55,93,ling_word_target,-0.010930744578451789
9494,sub55,94,ling_word_target,-0.00015343441949866926
9495,sub55,95,ling_word_target,-0.0010913824311215262
9496,sub55,96,ling_word_target,-0.024562422195614587
9497,sub55,97,ling_word_target,-0.016196194017453144
9498,sub55,98,ling_word_target,-0.024147883499125923
9499,sub55,99,ling_word_target,0.004376700718518195
9500,sub55,100,ling_word_target,0.01427750727678058
9501,sub55,101,ling_word_target,0.009341282000125647
9502,sub55,102,ling_word_target,0.001561353683334578
9503,sub55,103,ling_word_target,-0.010894049619916297
9504,sub55,104,ling_word_target,0.014483168268567726
9505,sub55,105,ling_word_target,-0.0034085241681804435
9506,sub55,106,ling_word_target,-0.010784546691484643
9507,sub55,107,ling_word_target,-0.010927182660170447
9508,sub55,108,ling_word_target,-0.016380323364914767
9509,sub55,109,ling_word_target,-0.0002404939640203733
9510,sub55,110,ling_word_target,0.02236253077693364
9511,sub55,111,ling_word_target,0.011475675577726262
9512,sub55,112,ling_word_target,0.019165667788026718
9513,sub55,113,ling_word_target,0.002630901726151659
9514,sub55,114,ling_word_target,-0.00960259361195527
9515,sub55,115,ling_word_target,-0.00595837460569133
9516,sub55,116,ling_word_target,0.01316318469012048
9517,sub55,117,ling_word_target,0.021731937225211505
9518,sub55,118,ling_word_target,0.004469802933707197
9519,sub55,119,ling_word_target,0.03663651087335277
9520,sub55,120,ling_word_target,0.0017957361797970258
9521,sub55,121,ling_word_target,0.01659493071202225
9522,sub55,122,ling_word_target,-0.0010813086900081743
9523,sub55,123,ling_word_target,0.00640308161774403
9524,sub55,124,ling_word_target,-0.0051187075185209
9525,sub55,125,ling_word_target,0.010607843983405882
9526,sub55,126,ling_word_target,0.00013763957930349122
9527,sub55,127,ling_word_target,0.002553076207383754
9528,sub55,128,ling_word_target,-0.007396226385555899
9529,sub55,129,ling_word_target,0.0005799270122876792
9530,sub55,130,ling_word_target,0.003322016971702163
9531,sub55,131,ling_word_target,-0.03460723969487583
9532,sub55,132,ling_word_target,-0.01096497374375766
9533,sub55,133,ling_word_target,0.016169947774169455
9534,sub55,134,ling_word_target,-0.019971430589792023
9535,sub55,135,ling_word_target,-0.0036608684118817664
9536,sub55,136,ling_word_target,-0.0005347518008876324
9537,sub55,137,ling_word_target,-0.0052266849825012155
9538,sub55,138,ling_word_target,-0.013100885782028535
9539,sub55,139,ling_word_target,-0.010172942184883172
9540,sub55,140,ling_word_target,0.010891974579363636
9541,sub55,141,ling_word_target,0.011517787154677744
9542,sub55,142,ling_word_target,-0.007323694381233061
9543,sub55,143,ling_word_target,-0.002634042417844524
9544,sub55,144,ling_word_target,0.014889662158211317
9545,sub55,145,ling_word_target,-0.002277404145590379
9546,sub55,146,ling_word_target,0.01098118251617474
9547,sub55,147,ling_word_target,0.008089925338371174
9548,sub55,148,ling_word_target,-0.0012835649140136723
9549,sub55,149,ling_word_target,0.002573065607849733
9550,sub55,150,ling_word_target,0.007376235071254071
9551,sub55,151,ling_word_target,0.009128461067390431
9552,sub55,152,ling_word_target,-0.010341967395916321
9553,sub55,153,ling_word_target,0.004374010282782113
9554,sub55,154,ling_word_target,-0.009919892519753446
9555,sub55,155,ling_word_target,-0.004766042590620644
9556,sub55,156,ling_word_target,-0.005983286545849248
9557,sub55,157,ling_word_target,0.0038672549682902137
9558,sub55,158,ling_word_target,-0.0013546896263496031
9559,sub55,159,ling_word_target,-0.014168382637684702
9560,sub55,160,ling_word_target,0.01078377506172317
9561,sub55,161,ling_word_target,-0.0014403267015069858
9562,sub55,162,ling_word_target,0.008373738289365067
9563,sub55,163,ling_word_target,0.01747944750499135
9564,sub55,164,ling_word_target,-0.00588198105685007
9565,sub55,165,ling_word_target,-0.0035029333356222914
9566,sub55,166,ling_word_target,-0.008828688040653983
9567,sub55,167,ling_word_target,-0.00992514674469217
9568,sub55,168,ling_word_target,0.011857386253730588
9569,sub55,169,ling_word_target,-0.005693956752968859
9570,sub55,170,ling_word_target,0.008910728007367192
9571,sub55,171,ling_word_target,-0.007215387313295909
9572,sub55,172,ling_word_target,-0.0010724920974585252
9573,sub55,173,ling_word_target,-0.021587189000347635
9574,sub55,174,ling_word_target,0.005402651938130582
9575,sub55,175,ling_word_target,0.011755781995326469
9576,sub55,176,ling_word_target,0.002074092989001549
9577,sub55,177,ling_word_target,0.0044241225591355356
9578,sub55,178,ling_word_target,-1.710755479014053e-05
9579,sub55,179,ling_word_target,0.002159992285194846
9580,sub55,180,ling_word_target,0.004170292685028347
9581,sub55,181,ling_word_target,-0.00807417159326476
9582,sub55,182,ling_word_target,0.006716804342338048
9583,sub55,183,ling_word_target,-0.002017515027451799
9584,sub55,184,ling_word_target,-0.002393213364625118
9585,sub55,185,ling_word_target,0.016642697940382704
9586,sub55,186,ling_word_target,-0.018380622186487432
9587,sub55,187,ling_word_target,0.005148587440234607
9588,sub55,188,ling_word_target,0.005753791169010937
9589,sub55,189,ling_word_target,0.004059470069098792
9590,sub55,190,ling_word_target,-0.03761821855230269
9591,sub55,191,ling_word_target,-0.02468019022208566
9592,sub55,192,ling_word_target,-0.007486084857560637
9593,sub55,193,ling_word_target,-0.0017990277837024457
9594,sub55,194,ling_word_target,0.01215849697577792
9595,sub55,195,ling_word_target,-0.004301533881115966
9596,sub55,196,ling_word_target,-0.004772607774841895
9597,sub55,197,ling_word_target,-0.0003351155648898511
9598,sub55,198,ling_word_target,-0.0249756062363239
9599,sub55,199,ling_word_target,-0.012410782753918501
9600,sub56,0,ling_word_target,0.0066847907243186636
9601,sub56,1,ling_word_target,0.0017961921559738992
9602,sub56,2,ling_word_target,0.007715013125368755
9603,sub56,3,ling_word_target,-0.006194388018079782
9604,sub56,4,ling_word_target,0.01285599953614571
9605,sub56,5,ling_word_target,-0.012953362203062918
9606,sub56,6,ling_word_target,7.818892568540657e-05
9607,sub56,7,ling_word_target,-0.00957024952893485
9608,sub56,8,ling_word_target,0.0020013166084722777
9609,sub56,9,ling_word_target,-0.005546759357920381
9610,sub56,10,ling_word_target,0.00025674264095353847
9611,sub56,11,ling_word_target,0.0031331409691458777
9612,sub56,12,ling_word_target,-0.003739702251728166
9613,sub56,13,ling_word_target,-0.001357115975894182
9614,sub56,14,ling_word_target,0.008399834379138391
9615,sub56,15,ling_word_target,0.011419295758355277
9616,sub56,16,ling_word_target,-0.0023244087643454025
9617,sub56,17,ling_word_target,-0.008044822841773882
9618,sub56,18,ling_word_target,-0.006800971253023004
9619,sub56,19,ling_word_target,-0.009603960657829645
9620,sub56,20,ling_word_target,-0.001998481965361466
9621,sub56,21,ling_word_target,-0.015597556076337601
9622,sub56,22,ling_word_target,0.0016821769956060918
9623,sub56,23,ling_word_target,-0.01657286323195681
9624,sub56,24,ling_word_target,-0.015089121036519462
9625,sub56,25,ling_word_target,-0.0008374671392960539
9626,sub56,26,ling_word_target,0.007830813364697318
9627,sub56,27,ling_word_target,0.02732842288582681
9628,sub56,28,ling_word_target,0.008984919341334713
9629,sub56,29,ling_word_target,0.01587193393031449
9630,sub56,30,ling_word_target,-0.012983136741245831
9631,sub56,31,ling_word_target,0.0066641414963221676
9632,sub56,32,ling_word_target,-0.004307605532706535
9633,sub56,33,ling_word_target,-0.00934028974625527
9634,sub56,34,ling_word_target,0.021664783332071388
9635,sub56,35,ling_word_target,1.8564530593627785e-05
9636,sub56,36,ling_word_target,-0.013044203899905753
9637,sub56,37,ling_word_target,0.01219941121410639
9638,sub56,38,ling_word_target,0.008807234677923815
9639,sub56,39,ling_word_target,0.0015234140802258005
9640,sub56,40,ling_word_target,0.006701598540323033
9641,sub56,41,ling_word_target,-0.015524545755245261
9642,sub56,42,ling_word_target,0.0034903019935666768
9643,sub56,43,ling_word_target,-0.036825364595501724
9644,sub56,44,ling_word_target,-0.0022797166014590265
9645,sub56,45,ling_word_target,-0.03576212126421296
9646,sub56,46,ling_word_target,-0.002263220045604524
9647,sub56,47,ling_word_target,-0.002334437785595087
9648,sub56,48,ling_word_target,0.003977075184672907
9649,sub56,49,ling_word_target,0.0048994372840624615
9650,sub56,50,ling_word_target,0.007098754903695361
9651,sub56,51,ling_word_target,-0.001291202280127794
9652,sub56,52,ling_word_target,3.955959161415672e-05
9653,sub56,53,ling_word_target,0.015053912883231052
9654,sub56,54,ling_word_target,0.008553951158472331
9655,sub56,55,ling_word_target,-0.0036971321780957067
9656,sub56,56,ling_word_target,-0.07850147093698523
9657,sub56,57,ling_word_target,-0.013502692814879228
9658,sub56,58,ling_word_target,0.014836400394674525
9659,sub56,59,ling_word_target,0.012834837200909392
9660,sub56,60,ling_word_target,-0.004334864911600764
9661,sub56,61,ling_word_target,-0.005897469564443046
9662,sub56,62,ling_word_target,-0.0020955260548675453
9663,sub56,63,ling_word_target,0.005496688027044135
9664,sub56,64,ling_word_target,-0.0049338896408766915
9665,sub56,65,ling_word_target,-0.004998532139997548
9666,sub56,66,ling_word_target,0.013277917447863444
9667,sub56,67,ling_word_target,-0.006608813737374319
9668,sub56,68,ling_word_target,0.01800239119057035
9669,sub56,69,ling_word_target,0.012440317729717305
9670,sub56,70,ling_word_target,-0.0017467443797975699
9671,sub56,71,ling_word_target,-0.003807059330039784
9672,sub56,72,ling_word_target,0.019472219206285227
9673,sub56,73,ling_word_target,0.003337693287378885
9674,sub56,74,ling_word_target,0.00028062366533839286
9675,sub56,75,ling_word_target,-0.01994375553072864
9676,sub56,76,ling_word_target,0.03344234259006016
9677,sub56,77,ling_word_target,0.017074901919990147
9678,sub56,78,ling_word_target,-0.0009357151410758751
9679,sub56,79,ling_word_target,-0.013482015900340528
9680,sub56,80,ling_word_target,-0.01446355604787949
9681,sub56,81,ling_word_target,0.018600483227932747
9682,sub56,82,ling_word_target,-0.003342126479248597
9683,sub56,83,ling_word_target,0.009598509096935928
9684,sub56,84,ling_word_target,0.005703723218286399
9685,sub56,85,ling_word_target,-0.0006393422714712047
9686,sub56,86,ling_word_target,-0.010449825983167767
9687,sub56,87,ling_word_target,0.0027228265286744187
9688,sub56,88,ling_word_target,-0.0019205716400510467
9689,sub56,89,ling_word_target,-0.0037165436153848304
9690,sub56,90,ling_word_target,0.006967900074577804
9691,sub56,91,ling_word_target,0.013192103333379149
9692,sub56,92,ling_word_target,0.007130808083899802
9693,sub56,93,ling_word_target,0.007687008843995234
9694,sub56,94,ling_word_target,0.007019444037475513
9695,sub56,95,ling_word_target,-0.002020381635301757
9696,sub56,96,ling_word_target,-0.0051361844401976295
9697,sub56,97,ling_word_target,-0.013792342654194649
9698,sub56,98,ling_word_target,0.0034907198940337153
9699,sub56,99,ling_word_target,-0.028524469033289538
9700,sub56,100,ling_word_target,0.007546748309946341
9701,sub56,101,ling_word_target,-0.000819059972225108
9702,sub56,102,ling_word_target,0.012686327271994913
9703,sub56,103,ling_word_target,-0.008046909036015109
9704,sub56,104,ling_word_target,-0.014901434031798427
9705,sub56,105,ling_word_target,0.004407542533288757
9706,sub56,106,ling_word_target,-0.004357404716861493
9707,sub56,107,ling_word_target,-0.0009500007669214477
9708,sub56,108,ling_word_target,-0.007841317811604171
9709,sub56,109,ling_word_target,-0.005636676617081749
9710,sub56,110,ling_word_target,8.048220932420931e-05
9711,sub56,111,ling_word_target,0.013715269435527156
9712,sub56,112,ling_word_target,-0.010772796799924284
9713,sub56,113,ling_word_target,0.0026066015065838717
9714,sub56,114,ling_word_target,0.02324187616695202
9715,sub56,115,ling_word_target,-0.0019727552589940793
9716,sub56,116,ling_word_target,-0.011977850717313986
9717,sub56,117,ling_word_target,-0.01750811607138651
9718,sub56,118,ling_word_target,-0.014855009893582348
9719,sub56,119,ling_word_target,0.015421601209417851
9720,sub56,120,ling_word_target,-0.002095610724026945
9721,sub56,121,ling_word_target,-7.212993400619381e-05
9722,sub56,122,ling_word_target,0.009959898107713744
9723,sub56,123,ling_word_target,0.011272773387061437
9724,sub56,124,ling_word_target,0.013096256921141037
9725,sub56,125,ling_word_target,0.004657398546816425
9726,sub56,126,ling_word_target,-0.0076652261753112315
9727,sub56,127,ling_word_target,-0.005483331537293187
9728,sub56,128,ling_word_target,0.001689141443549544
9729,sub56,129,ling_word_target,-0.010095137165429936
9730,sub56,130,ling_word_target,0.0078249404298247
9731,sub56,131,ling_word_target,-0.002971602122197153
9732,sub56,132,ling_word_target,-0.021112268243974112
9733,sub56,133,ling_word_target,0.026882809618862007
9734,sub56,134,ling_word_target,-0.004702766423196392
9735,sub56,135,ling_word_target,0.0007418802785596733
9736,sub56,136,ling_word_target,-0.01872467572303413
9737,sub56,137,ling_word_target,-0.015661499526199787
9738,sub56,138,ling_word_target,-0.014013036737026287
9739,sub56,139,ling_word_target,0.0010881521547830098
9740,sub56,140,ling_word_target,0.012054409913259232
9741,sub56,141,ling_word_target,-0.005640309868271242
9742,sub56,142,ling_word_target,0.00647956956220679
9743,sub56,143,ling_word_target,-0.02314411260126443
9744,sub56,144,ling_word_target,-0.01672402875796174
9745,sub56,145,ling_word_target,0.012241289565371414
9746,sub56,146,ling_word_target,0.0014691236882039276
9747,sub56,147,ling_word_target,-0.024822606304858205
9748,sub56,148,ling_word_target,0.0028493505702698397
9749,sub56,149,ling_word_target,-0.0007740481417672007
9750,sub56,150,ling_word_target,-0.01412096021492082
9751,sub56,151,ling_word_target,-0.009676049286822253
9752,sub56,152,ling_word_target,0.01327530823232425
9753,sub56,153,ling_word_target,-0.0022704061999418174
9754,sub56,154,ling_word_target,-0.0023958596338355446
9755,sub56,155,ling_word_target,-0.0062541468277114475
9756,sub56,156,ling_word_target,0.00388895474905215
9757,sub56,157,ling_word_target,-0.012565029710418124
9758,sub56,158,ling_word_target,0.006489287084268414
9759,sub56,159,ling_word_target,-0.011677155445084067
9760,sub56,160,ling_word_target,-0.010473449544803195
9761,sub56,161,ling_word_target,-0.004585992257804654
9762,sub56,162,ling_word_target,0.01682792576845667
9763,sub56,163,ling_word_target,0.009781606507048008
9764,sub56,164,ling_word_target,0.0007910619284199383
9765,sub56,165,ling_word_target,0.008074260735279216
9766,sub56,166,ling_word_target,0.005440581200780279
9767,sub56,167,ling_word_target,-0.010025858953989195
9768,sub56,168,ling_word_target,0.00960260842813609
9769,sub56,169,ling_word_target,-0.003533429225370725
9770,sub56,170,ling_word_target,0.019190670272586686
9771,sub56,171,ling_word_target,-0.0072381693409079954
9772,sub56,172,ling_word_target,-0.005797533924203797
9773,sub56,173,ling_word_target,-0.004070678773816269
9774,sub56,174,ling_word_target,-0.007180512067078545
9775,sub56,175,ling_word_target,0.003742485877402777
9776,sub56,176,ling_word_target,-0.005310107993856262
9777,sub56,177,ling_word_target,-0.00012172897129977634
9778,sub56,178,ling_word_target,0.003997627864332837
9779,sub56,179,ling_word_target,0.014256550725276158
9780,sub56,180,ling_word_target,0.01297833743847857
9781,sub56,181,ling_word_target,0.008196788160264075
9782,sub56,182,ling_word_target,0.007359266697927574
9783,sub56,183,ling_word_target,0.008206132353109241
9784,sub56,184,ling_word_target,0.0011978567917527731
9785,sub56,185,ling_word_target,0.003106490203995923
9786,sub56,186,ling_word_target,-0.019001293151561568
9787,sub56,187,ling_word_target,-0.0009223153605885437
9788,sub56,188,ling_word_target,0.0006851867607579908
9789,sub56,189,ling_word_target,-0.005439784826747396
9790,sub56,190,ling_word_target,0.003781776017739495
9791,sub56,191,ling_word_target,0.01685081089286422
9792,sub56,192,ling_word_target,-0.005364119033747454
9793,sub56,193,ling_word_target,0.00038269842174100746
9794,sub56,194,ling_word_target,-0.0252189310286367
9795,sub56,195,ling_word_target,0.003971792211641598
9796,sub56,196,ling_word_target,0.014950960101345114
9797,sub56,197,ling_word_target,-0.00876312419867552
9798,sub56,198,ling_word_target,-0.001105099676440663
9799,sub56,199,ling_word_target,-0.0050764503393409205
9800,sub57,0,ling_word_target,-0.0025875731905751504
9801,sub57,1,ling_word_target,0.0031604791416304703
9802,sub57,2,ling_word_target,0.0008953833801163428
9803,sub57,3,ling_word_target,0.0027013259001188333
9804,sub57,4,ling_word_target,0.0030704010934915404
9805,sub57,5,ling_word_target,0.008777679400585804
9806,sub57,6,ling_word_target,0.008700873255194969
9807,sub57,7,ling_word_target,0.005794506859268263
9808,sub57,8,ling_word_target,-0.005300509526493559
9809,sub57,9,ling_word_target,-0.006878630979831689
9810,sub57,10,ling_word_target,-0.016994287356879995
9811,sub57,11,ling_word_target,0.015283858792081518
9812,sub57,12,ling_word_target,0.0022018407660971476
9813,sub57,13,ling_word_target,-0.010540082399905969
9814,sub57,14,ling_word_target,0.0006510424008750613
9815,sub57,15,ling_word_target,-0.011485866210933556
9816,sub57,16,ling_word_target,0.0003112050076011276
9817,sub57,17,ling_word_target,0.006677789684921106
9818,sub57,18,ling_word_target,-0.005776627296633091
9819,sub57,19,ling_word_target,0.000689508215806883
9820,sub57,20,ling_word_target,0.0009292851533683965
9821,sub57,21,ling_word_target,0.0001735565663852995
9822,sub57,22,ling_word_target,-0.00797185672399415
9823,sub57,23,ling_word_target,0.0027245917037840525
9824,sub57,24,ling_word_target,-0.010336176179956217
9825,sub57,25,ling_word_target,0.011078794497492663
9826,sub57,26,ling_word_target,-0.0011585292872631366
9827,sub57,27,ling_word_target,0.007788840967267055
9828,sub57,28,ling_word_target,0.009116398551466445
9829,sub57,29,ling_word_target,0.007931477270182227
9830,sub57,30,ling_word_target,-0.0008423143943348886
9831,sub57,31,ling_word_target,-0.007086343896993141
9832,sub57,32,ling_word_target,0.004098654868874118
9833,sub57,33,ling_word_target,0.005594638592933556
9834,sub57,34,ling_word_target,-0.00011462056944157485
9835,sub57,35,ling_word_target,-0.011184226989234654
9836,sub57,36,ling_word_target,0.001032196738739625
9837,sub57,37,ling_word_target,0.0072625156527793165
9838,sub57,38,ling_word_target,0.010286941003243464
9839,sub57,39,ling_word_target,-0.0038429292936249092
9840,sub57,40,ling_word_target,-0.0160295684381522
9841,sub57,41,ling_word_target,0.003910454608691833
9842,sub57,42,ling_word_target,0.00814535800364827
9843,sub57,43,ling_word_target,0.012723589706776638
9844,sub57,44,ling_word_target,-0.014733851527807288
9845,sub57,45,ling_word_target,-0.006839277638334051
9846,sub57,46,ling_word_target,-0.0001156283298618106
9847,sub57,47,ling_word_target,0.021118620434580015
9848,sub57,48,ling_word_target,-0.003429801152023962
9849,sub57,49,ling_word_target,0.008446391535925482
9850,sub57,50,ling_word_target,-0.020734650389390277
9851,sub57,51,ling_word_target,-0.016544221887947314
9852,sub57,52,ling_word_target,0.002227164299082464
9853,sub57,53,ling_word_target,0.0008861242860156687
9854,sub57,54,ling_word_target,-0.012583954161328617
9855,sub57,55,ling_word_target,6.646488535434831e-05
9856,sub57,56,ling_word_target,-0.0033128797809857933
9857,sub57,57,ling_word_target,0.0001650317194295288
9858,sub57,58,ling_word_target,-0.005889023058318687
9859,sub57,59,ling_word_target,0.009293116475800133
9860,sub57,60,ling_word_target,-0.00018031846177399123
9861,sub57,61,ling_word_target,-0.005809970930780894
9862,sub57,62,ling_word_target,-0.006941326077516734
9863,sub57,63,ling_word_target,-0.005890136021653264
9864,sub57,64,ling_word_target,-0.003741071981255091
9865,sub57,65,ling_word_target,0.0065872909333198285
9866,sub57,66,ling_word_target,0.0189639368709485
9867,sub57,67,ling_word_target,0.009567573589758566
9868,sub57,68,ling_word_target,-0.0004254028460994654
9869,sub57,69,ling_word_target,0.0037373838435624017
9870,sub57,70,ling_word_target,-0.004077431511973504
9871,sub57,71,ling_word_target,0.0038623003791079043
9872,sub57,72,ling_word_target,0.005558573479391225
9873,sub57,73,ling_word_target,0.0021415742151804393
9874,sub57,74,ling_word_target,0.001440822559749193
9875,sub57,75,ling_word_target,0.004936174543044416
9876,sub57,76,ling_word_target,-0.011384317361153303
9877,sub57,77,ling_word_target,-0.005443426753662038
9878,sub57,78,ling_word_target,-0.0012746082260632985
9879,sub57,79,ling_word_target,-0.008783084923830222
9880,sub57,80,ling_word_target,-0.019838061338331246
9881,sub57,81,ling_word_target,0.001798119083002868
9882,sub57,82,ling_word_target,0.0012054676218626005
9883,sub57,83,ling_word_target,-0.003714588258667934
9884,sub57,84,ling_word_target,0.0031539507312755605
9885,sub57,85,ling_word_target,-0.0007026280470756092
9886,sub57,86,ling_word_target,-0.0024173702431127767
9887,sub57,87,ling_word_target,-0.013331951367522271
9888,sub57,88,ling_word_target,0.0003634805519130054
9889,sub57,89,ling_word_target,7.70852472087461e-06
9890,sub57,90,ling_word_target,0.007536321987767922
9891,sub57,91,ling_word_target,-0.005001791130719609
9892,sub57,92,ling_word_target,0.0006066050219224388
9893,sub57,93,ling_word_target,-0.013635223995813784
9894,sub57,94,ling_word_target,-0.008224080772048647
9895,sub57,95,ling_word_target,-0.006057716547148012
9896,sub57,96,ling_word_target,-0.013075551394889147
9897,sub57,97,ling_word_target,-0.0009551863181128063
9898,sub57,98,ling_word_target,-0.004008405385354883
9899,sub57,99,ling_word_target,0.005529778000450112
9900,sub57,100,ling_word_target,0.005498551872817641
9901,sub57,101,ling_word_target,0.006293630892895976
9902,sub57,102,ling_word_target,0.0027688455449118654
9903,sub57,103,ling_word_target,0.006404257601895038
9904,sub57,104,ling_word_target,-0.0003289591533515989
9905,sub57,105,ling_word_target,-0.001601441975870671
9906,sub57,106,ling_word_target,0.0035117023307401356
9907,sub57,107,ling_word_target,-0.00018008676073075623
9908,sub57,108,ling_word_target,-0.008064102526349372
9909,sub57,109,ling_word_target,0.015558131061857373
9910,sub57,110,ling_word_target,0.004092921414514396
9911,sub57,111,ling_word_target,-0.00014378946352126606
9912,sub57,112,ling_word_target,-0.00564669707610157
9913,sub57,113,ling_word_target,0.00778074468297533
9914,sub57,114,ling_word_target,0.0031398698363528502
9915,sub57,115,ling_word_target,-0.003594941602720517
9916,sub57,116,ling_word_target,0.0058107077682582236
9917,sub57,117,ling_word_target,-0.0056849159814563845
9918,sub57,118,ling_word_target,-0.001257662032702475
9919,sub57,119,ling_word_target,0.00010098268804956062
9920,sub57,120,ling_word_target,0.0034095209194666067
9921,sub57,121,ling_word_target,0.004957451673374183
9922,sub57,122,ling_word_target,-0.012173859788629128
9923,sub57,123,ling_word_target,-0.007355963722477025
9924,sub57,124,ling_word_target,-0.009568666060209802
9925,sub57,125,ling_word_target,-0.011718038349597726
9926,sub57,126,ling_word_target,-0.010810305172891749
9927,sub57,127,ling_word_target,-0.002396105523994303
9928,sub57,128,ling_word_target,-0.006143410931535274
9929,sub57,129,ling_word_target,-0.002790240819767874
9930,sub57,130,ling_word_target,0.008853638469390924
9931,sub57,131,ling_word_target,-0.012693321941764634
9932,sub57,132,ling_word_target,-0.004756980687636567
9933,sub57,133,ling_word_target,-0.006779148185846741
9934,sub57,134,ling_word_target,0.004482595253054771
9935,sub57,135,ling_word_target,-0.0005826106687656547
9936,sub57,136,ling_word_target,-0.009310084433947319
9937,sub57,137,ling_word_target,-0.023619195000237965
9938,sub57,138,ling_word_target,-0.01260810603293242
9939,sub57,139,ling_word_target,0.0043655085843317025
9940,sub57,140,ling_word_target,0.012817233935647968
9941,sub57,141,ling_word_target,0.0039256846322187795
9942,sub57,142,ling_word_target,0.010084803298262978
9943,sub57,143,ling_word_target,-0.0020012816198152826
9944,sub57,144,ling_word_target,0.00020117651443590044
9945,sub57,145,ling_word_target,0.014703453676616378
9946,sub57,146,ling_word_target,-0.003499637774188912
9947,sub57,147,ling_word_target,0.004799181970803517
9948,sub57,148,ling_word_target,-0.002510400667256845
9949,sub57,149,ling_word_target,0.013580588857177658
9950,sub57,150,ling_word_target,0.010286062358689289
9951,sub57,151,ling_word_target,0.0120288600199715
9952,sub57,152,ling_word_target,-0.004207121052306902
9953,sub57,153,ling_word_target,-0.002517820828716414
9954,sub57,154,ling_word_target,-0.0030678978360086625
9955,sub57,155,ling_word_target,0.01532480415376347
9956,sub57,156,ling_word_target,0.008750220398592972
9957,sub57,157,ling_word_target,0.007639156807041367
9958,sub57,158,ling_word_target,0.02149153262386373
9959,sub57,159,ling_word_target,-0.004144540070018789
9960,sub57,160,ling_word_target,0.0018038444108924967
9961,sub57,161,ling_word_target,0.029242490631794592
9962,sub57,162,ling_word_target,-0.0031357505211292627
9963,sub57,163,ling_word_target,-0.0020886486677175386
9964,sub57,164,ling_word_target,-0.006392595828223916
9965,sub57,165,ling_word_target,-0.016752804086895168
9966,sub57,166,ling_word_target,-0.034419341063799055
9967,sub57,167,ling_word_target,0.012762155122772713
9968,sub57,168,ling_word_target,-0.018880929467742828
9969,sub57,169,ling_word_target,0.004409135013913018
9970,sub57,170,ling_word_target,0.01123257544311829
9971,sub57,171,ling_word_target,-0.003195204946013811
9972,sub57,172,ling_word_target,-0.006438438702714195
9973,sub57,173,ling_word_target,0.0021242332132502457
9974,sub57,174,ling_word_target,-0.0007261671463896004
9975,sub57,175,ling_word_target,0.008134105708338038
9976,sub57,176,ling_word_target,-0.00766098178546748
9977,sub57,177,ling_word_target,0.013732455702838084
9978,sub57,178,ling_word_target,-0.013319222985669435
9979,sub57,179,ling_word_target,-0.006453039589579223
9980,sub57,180,ling_word_target,0.004818874138537906
9981,sub57,181,ling_word_target,-0.004675182313221799
9982,sub57,182,ling_word_target,0.0030870409514649785
9983,sub57,183,ling_word_target,0.0026433033328325593
9984,sub57,184,ling_word_target,0.009702707620791043
9985,sub57,185,ling_word_target,-0.029508529163551102
9986,sub57,186,ling_word_target,-0.01720648720254162
9987,sub57,187,ling_word_target,0.010823308201361114
9988,sub57,188,ling_word_target,-0.0037958059121967463
9989,sub57,189,ling_word_target,-6.828315526306248e-05
9990,sub57,190,ling_word_target,0.005761531129681412
9991,sub57,191,ling_word_target,-0.0002050168119036391
9992,sub57,192,ling_word_target,-0.02375041950288996
9993,sub57,193,ling_word_target,0.0053720159300567945
9994,sub57,194,ling_word_target,-0.0054585010044856585
9995,sub57,195,ling_word_target,0.011122760028514181
9996,sub57,196,ling_word_target,0.01320849882469205
9997,sub57,197,ling_word_target,0.0010524073237759624
9998,sub57,198,ling_word_target,-0.0053791383903183665
9999,sub57,199,ling_word_target,0.0038227134167851226
10000,sub58,0,ling_word_target,0.0023126330331308402
10001,sub58,1,ling_word_target,0.02101402708356998
10002,sub58,2,ling_word_target,0.012260272901398958
10003,sub58,3,ling_word_target,-0.00988751939573404
10004,sub58,4,ling_word_target,0.009643502328525722
10005,sub58,5,ling_word_target,0.01507238647111952
10006,sub58,6,ling_word_target,-0.014909006648014663
10007,sub58,7,ling_word_target,0.02233425078415498
10008,sub58,8,ling_word_target,0.01218071832769862
10009,sub58,9,ling_word_target,-0.0042248570674496945
10010,sub58,10,ling_word_target,0.022333879411223223
10011,sub58,11,ling_word_target,0.003095325684210485
10012,sub58,12,ling_word_target,0.007464660927841414
10013,sub58,13,ling_word_target,0.000810439928967105
10014,sub58,14,ling_word_target,0.0013197979827275041
10015,sub58,15,ling_word_target,-0.0013135944688721637
10016,sub58,16,ling_word_target,0.007884964433296093
10017,sub58,17,ling_word_target,-0.0015081920660029002
10018,sub58,18,ling_word_target,0.023033247718048645
10019,sub58,19,ling_word_target,0.009979522866575288
10020,sub58,20,ling_word_target,-0.011053262056824826
10021,sub58,21,ling_word_target,0.002831267440660225
10022,sub58,22,ling_word_target,0.003901509700932355
10023,sub58,23,ling_word_target,0.013865417812108554
10024,sub58,24,ling_word_target,-0.014501758772652586
10025,sub58,25,ling_word_target,-0.02044647941329806
10026,sub58,26,ling_word_target,0.01116393610138645
10027,sub58,27,ling_word_target,0.014864300726853977
10028,sub58,28,ling_word_target,0.019775972642979693
10029,sub58,29,ling_word_target,0.013773807293633648
10030,sub58,30,ling_word_target,0.003617269071809311
10031,sub58,31,ling_word_target,0.005890901960754603
10032,sub58,32,ling_word_target,0.022525452236648064
10033,sub58,33,ling_word_target,0.024047403809835978
10034,sub58,34,ling_word_target,0.01579030536592061
10035,sub58,35,ling_word_target,0.009668858814187945
10036,sub58,36,ling_word_target,-0.04173293250772422
10037,sub58,37,ling_word_target,0.008046471862706019
10038,sub58,38,ling_word_target,0.005904821090738097
10039,sub58,39,ling_word_target,-0.003648234845523428
10040,sub58,40,ling_word_target,0.003991343792936327
10041,sub58,41,ling_word_target,-0.006309260451909732
10042,sub58,42,ling_word_target,0.011685653271092687
10043,sub58,43,ling_word_target,-0.0068287463517600145
10044,sub58,44,ling_word_target,-0.03445132698245682
10045,sub58,45,ling_word_target,0.014120117408958957
10046,sub58,46,ling_word_target,-0.01013247409299459
10047,sub58,47,ling_word_target,0.003005688693799153
10048,sub58,48,ling_word_target,-0.01352449591336376
10049,sub58,49,ling_word_target,0.007011685127588919
10050,sub58,50,ling_word_target,-0.012821632841701291
10051,sub58,51,ling_word_target,-0.015116711256888505
10052,sub58,52,ling_word_target,-0.0037177125063504535
10053,sub58,53,ling_word_target,0.01327106453576746
10054,sub58,54,ling_word_target,0.001356671196853765
10055,sub58,55,ling_word_target,-0.013748883479337044
10056,sub58,56,ling_word_target,0.01807153456705617
10057,sub58,57,ling_word_target,0.0058066057385276915
10058,sub58,58,ling_word_target,-0.00259646737543537
10059,sub58,59,ling_word_target,0.016073111799705338
10060,sub58,60,ling_word_target,-0.011805821668002316
10061,sub58,61,ling_word_target,0.013746435959108627
10062,sub58,62,ling_word_target,0.006758125065007077
10063,sub58,63,ling_word_target,0.007505259030927924
10064,sub58,64,ling_word_target,-0.00773787777889488
10065,sub58,65,ling_word_target,-9.911374367756752e-05
10066,sub58,66,ling_word_target,0.0007243946231729496
10067,sub58,67,ling_word_target,0.0074991084647179
10068,sub58,68,ling_word_target,-0.0023534816159095705
10069,sub58,69,ling_word_target,-0.012811267255472089
10070,sub58,70,ling_word_target,-0.03913780965783447
10071,sub58,71,ling_word_target,-0.0009605694964414794
10072,sub58,72,ling_word_target,-0.004052084240870943
10073,sub58,73,ling_word_target,-0.010872065506600168
10074,sub58,74,ling_word_target,0.021673942742524866
10075,sub58,75,ling_word_target,-0.005010031497460974
10076,sub58,76,ling_word_target,0.012998872175087096
10077,sub58,77,ling_word_target,0.00899906566949538
10078,sub58,78,ling_word_target,-0.006791982935260366
10079,sub58,79,ling_word_target,0.0003001299058073546
10080,sub58,80,ling_word_target,-0.0019082216165412003
10081,sub58,81,ling_word_target,-0.007998608048568388
10082,sub58,82,ling_word_target,0.013073134571744126
10083,sub58,83,ling_word_target,-0.004591638643202101
10084,sub58,84,ling_word_target,-0.015666723796249202
10085,sub58,85,ling_word_target,0.01707769798819843
10086,sub58,86,ling_word_target,0.002422888718262774
10087,sub58,87,ling_word_target,0.01090396355644901
10088,sub58,88,ling_word_target,-0.0030235204849847234
10089,sub58,89,ling_word_target,0.026674697727770643
10090,sub58,90,ling_word_target,0.009946214341161544
10091,sub58,91,ling_word_target,0.00629514895780296
10092,sub58,92,ling_word_target,-0.0017572621120645873
10093,sub58,93,ling_word_target,0.0014987406938142976
10094,sub58,94,ling_word_target,-0.006853582026958739
10095,sub58,95,ling_word_target,0.010496648830273018
10096,sub58,96,ling_word_target,-0.01046745300646913
10097,sub58,97,ling_word_target,0.004529213680408209
10098,sub58,98,ling_word_target,-0.02125732480178271
10099,sub58,99,ling_word_target,-0.0012475313747899986
10100,sub58,100,ling_word_target,0.006429053514303652
10101,sub58,101,ling_word_target,-0.009492691241660732
10102,sub58,102,ling_word_target,0.0001717209941809586
10103,sub58,103,ling_word_target,0.002175933120470603
10104,sub58,104,ling_word_target,-0.00446899670574449
10105,sub58,105,ling_word_target,0.000518288325006387
10106,sub58,106,ling_word_target,-0.014474115475970054
10107,sub58,107,ling_word_target,-0.01963648396964316
10108,sub58,108,ling_word_target,0.006212117205984202
10109,sub58,109,ling_word_target,-0.013882138849878689
10110,sub58,110,ling_word_target,-0.02433397030219099
10111,sub58,111,ling_word_target,0.013181197998638199
10112,sub58,112,ling_word_target,0.015556503718070285
10113,sub58,113,ling_word_target,0.003491305418480863
10114,sub58,114,ling_word_target,0.03563529442585037
10115,sub58,115,ling_word_target,-0.00015430248090444795
10116,sub58,116,ling_word_target,0.006177831996978063
10117,sub58,117,ling_word_target,-0.002789295955023485
10118,sub58,118,ling_word_target,-0.026773022050360785
10119,sub58,119,ling_word_target,-0.010846397760500039
10120,sub58,120,ling_word_target,0.012070921773279054
10121,sub58,121,ling_word_target,0.011017175462222655
10122,sub58,122,ling_word_target,-0.004570788260972951
10123,sub58,123,ling_word_target,-0.016488538300408896
10124,sub58,124,ling_word_target,-0.012545858896156531
10125,sub58,125,ling_word_target,-0.006288040269010976
10126,sub58,126,ling_word_target,0.0006534441362849866
10127,sub58,127,ling_word_target,-0.006508793681164451
10128,sub58,128,ling_word_target,0.0049929841831587735
10129,sub58,129,ling_word_target,0.018490527679517386
10130,sub58,130,ling_word_target,-0.006435458119478487
10131,sub58,131,ling_word_target,0.0003778799100715069
10132,sub58,132,ling_word_target,0.02137867811327725
10133,sub58,133,ling_word_target,0.01380060920829166
10134,sub58,134,ling_word_target,-0.0038820565515834023
10135,sub58,135,ling_word_target,0.006300386104609932
10136,sub58,136,ling_word_target,-0.0067968919997990805
10137,sub58,137,ling_word_target,-0.02138596608409212
10138,sub58,138,ling_word_target,-0.004987851361570206
10139,sub58,139,ling_word_target,-0.002397765734687391
10140,sub58,140,ling_word_target,-0.003863527449994954
10141,sub58,141,ling_word_target,-0.010786749403467438
10142,sub58,142,ling_word_target,0.003546348170765714
10143,sub58,143,ling_word_target,-0.016118818987076653
10144,sub58,144,ling_word_target,0.010428320879833813
10145,sub58,145,ling_word_target,0.0033401250439531486
10146,sub58,146,ling_word_target,-2.197066008143333e-05
10147,sub58,147,ling_word_target,-0.003036113663014893
10148,sub58,148,ling_word_target,-0.003691179968538132
10149,sub58,149,ling_word_target,-0.0015978293572101448
10150,sub58,150,ling_word_target,0.005014393523746031
10151,sub58,151,ling_word_target,0.003776513065376482
10152,sub58,152,ling_word_target,0.010852310168525243
10153,sub58,153,ling_word_target,0.00285146234360792
10154,sub58,154,ling_word_target,0.003369672240501672
10155,sub58,155,ling_word_target,0.0013237574729106564
10156,sub58,156,ling_word_target,0.00011685489849590859
10157,sub58,157,ling_word_target,-0.0016337833240351058
10158,sub58,158,ling_word_target,0.005688617059500704
10159,sub58,159,ling_word_target,-0.004322110540429775
10160,sub58,160,ling_word_target,0.033542511359217146
10161,sub58,161,ling_word_target,0.011398047638837118
10162,sub58,162,ling_word_target,0.006453609057811515
10163,sub58,163,ling_word_target,-0.00781526632166343
10164,sub58,164,ling_word_target,-0.008451023341895817
10165,sub58,165,ling_word_target,0.014639410588950496
10166,sub58,166,ling_word_target,0.005137508721142515
10167,sub58,167,ling_word_target,0.0012542565038142712
10168,sub58,168,ling_word_target,0.023531014147053487
10169,sub58,169,ling_word_target,0.016252064554766896
10170,sub58,170,ling_word_target,-0.027944532719900488
10171,sub58,171,ling_word_target,0.01190651707107012
10172,sub58,172,ling_word_target,0.01695966597613418
10173,sub58,173,ling_word_target,-0.013520337371931784
10174,sub58,174,ling_word_target,0.004894006867109727
10175,sub58,175,ling_word_target,0.008752765719105488
10176,sub58,176,ling_word_target,0.0003685051490912652
10177,sub58,177,ling_word_target,0.0025739584972080502
10178,sub58,178,ling_word_target,0.008714855281852197
10179,sub58,179,ling_word_target,0.005032383730325742
10180,sub58,180,ling_word_target,0.0005063473211243984
10181,sub58,181,ling_word_target,0.0036946690805883106
10182,sub58,182,ling_word_target,0.004060164274192638
10183,sub58,183,ling_word_target,0.006753118888085616
10184,sub58,184,ling_word_target,0.024742062152531663
10185,sub58,185,ling_word_target,-0.008551840744184051
10186,sub58,186,ling_word_target,0.01749586842461721
10187,sub58,187,ling_word_target,-0.006507739684890615
10188,sub58,188,ling_word_target,-0.004527808033367474
10189,sub58,189,ling_word_target,0.010124942569867476
10190,sub58,190,ling_word_target,0.008174946751955951
10191,sub58,191,ling_word_target,0.021729056201117664
10192,sub58,192,ling_word_target,-0.0007750455016539281
10193,sub58,193,ling_word_target,0.010591182448206145
10194,sub58,194,ling_word_target,-0.02207490744586544
10195,sub58,195,ling_word_target,-0.01752814024559144
10196,sub58,196,ling_word_target,-0.0037398655636069387
10197,sub58,197,ling_word_target,0.002235940397760328
10198,sub58,198,ling_word_target,0.00570138495540305
10199,sub58,199,ling_word_target,-0.03607605833003397
10200,sub59,0,ling_word_target,-0.02704416237096473
10201,sub59,1,ling_word_target,0.02226994148910528
10202,sub59,2,ling_word_target,-0.004010344133632587
10203,sub59,3,ling_word_target,0.0058640900062368285
10204,sub59,4,ling_word_target,-0.0005760025559862883
10205,sub59,5,ling_word_target,0.01760688200590875
10206,sub59,6,ling_word_target,-0.01011840911867348
10207,sub59,7,ling_word_target,0.012002688303781381
10208,sub59,8,ling_word_target,-0.01932939895703407
10209,sub59,9,ling_word_target,-0.0006007211836353487
10210,sub59,10,ling_word_target,0.0059622034394334065
10211,sub59,11,ling_word_target,-0.002390079391558673
10212,sub59,12,ling_word_target,-0.019625453075376
10213,sub59,13,ling_word_target,0.008853488874253305
10214,sub59,14,ling_word_target,-0.007200488275615494
10215,sub59,15,ling_word_target,-0.011215269784033501
10216,sub59,16,ling_word_target,0.008663373333318534
10217,sub59,17,ling_word_target,-0.0019495926008146166
10218,sub59,18,ling_word_target,0.013580949340117577
10219,sub59,19,ling_word_target,0.03690130701000618
10220,sub59,20,ling_word_target,0.0036222175646590496
10221,sub59,21,ling_word_target,0.02129085889995191
10222,sub59,22,ling_word_target,0.040898094798408224
10223,sub59,23,ling_word_target,0.029820135958285948
10224,sub59,24,ling_word_target,0.010027317605222102
10225,sub59,25,ling_word_target,-0.011880364872116233
10226,sub59,26,ling_word_target,-3.978743593997002e-05
10227,sub59,27,ling_word_target,0.02288004259406641
10228,sub59,28,ling_word_target,-0.005761325262867563
10229,sub59,29,ling_word_target,-0.010386474528472823
10230,sub59,30,ling_word_target,-0.01245613209867052
10231,sub59,31,ling_word_target,0.026448796364098758
10232,sub59,32,ling_word_target,0.01632710528903124
10233,sub59,33,ling_word_target,-0.028809522242036992
10234,sub59,34,ling_word_target,-0.02656791433577861
10235,sub59,35,ling_word_target,0.015911108050511016
10236,sub59,36,ling_word_target,-0.01553564641842974
10237,sub59,37,ling_word_target,-0.004640396111481186
10238,sub59,38,ling_word_target,0.008199992029090311
10239,sub59,39,ling_word_target,0.014972786146146722
10240,sub59,40,ling_word_target,0.0011775441651941413
10241,sub59,41,ling_word_target,-0.004155121879108052
10242,sub59,42,ling_word_target,0.0046506527255021374
10243,sub59,43,ling_word_target,0.012428631845473706
10244,sub59,44,ling_word_target,0.005984079917616328
10245,sub59,45,ling_word_target,-0.020203436598725727
10246,sub59,46,ling_word_target,-0.006028366511866085
10247,sub59,47,ling_word_target,-0.013667723464810114
10248,sub59,48,ling_word_target,-0.0030341328466526613
10249,sub59,49,ling_word_target,-0.004588753604937078
10250,sub59,50,ling_word_target,-0.018879622850014044
10251,sub59,51,ling_word_target,-0.011336539458138705
10252,sub59,52,ling_word_target,0.0058007010482885365
10253,sub59,53,ling_word_target,-0.007799829337742923
10254,sub59,54,ling_word_target,0.02825592427432964
10255,sub59,55,ling_word_target,-0.008216713020673906
10256,sub59,56,ling_word_target,0.017350703800554618
10257,sub59,57,ling_word_target,-0.0628776868467785
10258,sub59,58,ling_word_target,-0.007950775181615867
10259,sub59,59,ling_word_target,0.002158161901394783
10260,sub59,60,ling_word_target,0.00979815954631545
10261,sub59,61,ling_word_target,0.00467763912213348
10262,sub59,62,ling_word_target,-0.012609946845396056
10263,sub59,63,ling_word_target,-0.0008189301810124503
10264,sub59,64,ling_word_target,-0.005747394784479493
10265,sub59,65,ling_word_target,0.011108146354222243
10266,sub59,66,ling_word_target,-0.01675746512024007
10267,sub59,67,ling_word_target,-0.02847477463035689
10268,sub59,68,ling_word_target,-0.0026213394678104795
10269,sub59,69,ling_word_target,-0.02646508981252239
10270,sub59,70,ling_word_target,0.0018130733361821007
10271,sub59,71,ling_word_target,0.021329460922718858
10272,sub59,72,ling_word_target,-0.007839441281786081
10273,sub59,73,ling_word_target,-0.0019485711688998295
10274,sub59,74,ling_word_target,-0.009145091568637565
10275,sub59,75,ling_word_target,0.03695346008293669
10276,sub59,76,ling_word_target,0.0035477763347231384
10277,sub59,77,ling_word_target,0.005846569807390651
10278,sub59,78,ling_word_target,-0.014639057358665598
10279,sub59,79,ling_word_target,0.014486120172795538
10280,sub59,80,ling_word_target,-0.012852841055495532
10281,sub59,81,ling_word_target,-0.0240512589406328
10282,sub59,82,ling_word_target,0.005343262265708965
10283,sub59,83,ling_word_target,0.00215175269500557
10284,sub59,84,ling_word_target,-0.0008137315465727223
10285,sub59,85,ling_word_target,0.013834140275526345
10286,sub59,86,ling_word_target,-0.012780668378698049
10287,sub59,87,ling_word_target,0.00482554938592867
10288,sub59,88,ling_word_target,-0.013420580802609184
10289,sub59,89,ling_word_target,-0.00028760760649354527
10290,sub59,90,ling_word_target,-0.015236607559194265
10291,sub59,91,ling_word_target,-0.0022486743198875153
10292,sub59,92,ling_word_target,0.017450331637605218
10293,sub59,93,ling_word_target,-0.002978525109825272
10294,sub59,94,ling_word_target,0.02993257757832566
10295,sub59,95,ling_word_target,0.0058291661844594314
10296,sub59,96,ling_word_target,-0.0016583050598239421
10297,sub59,97,ling_word_target,-0.018759366126072863
10298,sub59,98,ling_word_target,0.0026420882960252585
10299,sub59,99,ling_word_target,-0.035582893765321866
10300,sub59,100,ling_word_target,0.0036999303928011117
10301,sub59,101,ling_word_target,0.02291983444829663
10302,sub59,102,ling_word_target,0.002507362549468978
10303,sub59,103,ling_word_target,-0.030851050100540373
10304,sub59,104,ling_word_target,0.009385007829824238
10305,sub59,105,ling_word_target,0.0017253385355909174
10306,sub59,106,ling_word_target,-0.0007473833007433467
10307,sub59,107,ling_word_target,0.006433068492606473
10308,sub59,108,ling_word_target,0.0019275612305985265
10309,sub59,109,ling_word_target,-0.0010886221405907702
10310,sub59,110,ling_word_target,0.0020566909984959564
10311,sub59,111,ling_word_target,0.001697795661286405
10312,sub59,112,ling_word_target,0.01088105952039672
10313,sub59,113,ling_word_target,0.0009339285542397459
10314,sub59,114,ling_word_target,0.018180304521649943
10315,sub59,115,ling_word_target,-0.0003091815119269099
10316,sub59,116,ling_word_target,0.003057617452577161
10317,sub59,117,ling_word_target,0.006741008277289212
10318,sub59,118,ling_word_target,-0.010585202303719649
10319,sub59,119,ling_word_target,0.0014603885230305533
10320,sub59,120,ling_word_target,0.023584754845866026
10321,sub59,121,ling_word_target,0.0009432927147351676
10322,sub59,122,ling_word_target,-0.02049843927234819
10323,sub59,123,ling_word_target,0.007432842850066243
10324,sub59,124,ling_word_target,-0.016005791456359657
10325,sub59,125,ling_word_target,0.012938783855954785
10326,sub59,126,ling_word_target,-0.0064862473697439894
10327,sub59,127,ling_word_target,0.002361721572968397
10328,sub59,128,ling_word_target,0.009061759958769938
10329,sub59,129,ling_word_target,-0.002685856555918704
10330,sub59,130,ling_word_target,0.016665200210648674
10331,sub59,131,ling_word_target,-0.002525163005884677
10332,sub59,132,ling_word_target,-0.010103223762156015
10333,sub59,133,ling_word_target,-0.02446264946138842
10334,sub59,134,ling_word_target,0.0014743090534923202
10335,sub59,135,ling_word_target,0.012747111068171611
10336,sub59,136,ling_word_target,0.002807328409328248
10337,sub59,137,ling_word_target,0.016994719870518923
10338,sub59,138,ling_word_target,-0.014156573150824272
10339,sub59,139,ling_word_target,0.018221460139703726
10340,sub59,140,ling_word_target,-0.00962724446859166
10341,sub59,141,ling_word_target,0.011926911440569605
10342,sub59,142,ling_word_target,-0.004827615859006967
10343,sub59,143,ling_word_target,-0.03770574204343659
10344,sub59,144,ling_word_target,0.0015261076424141708
10345,sub59,145,ling_word_target,0.00853960109823239
10346,sub59,146,ling_word_target,-0.013764782061819868
10347,sub59,147,ling_word_target,0.022467315619747474
10348,sub59,148,ling_word_target,0.009823687032599707
10349,sub59,149,ling_word_target,-0.03327111654752609
10350,sub59,150,ling_word_target,0.011981594638274458
10351,sub59,151,ling_word_target,0.028101120575282645
10352,sub59,152,ling_word_target,0.005018697312023076
10353,sub59,153,ling_word_target,0.009479341219329652
10354,sub59,154,ling_word_target,-0.004344779257034641
10355,sub59,155,ling_word_target,0.005619475554211387
10356,sub59,156,ling_word_target,-0.020508678132312587
10357,sub59,157,ling_word_target,-0.024507669238480693
10358,sub59,158,ling_word_target,0.018852641728207817
10359,sub59,159,ling_word_target,-0.02918043409553707
10360,sub59,160,ling_word_target,0.016706853654951823
10361,sub59,161,ling_word_target,0.00751719255147709
10362,sub59,162,ling_word_target,-0.0006929080694651684
10363,sub59,163,ling_word_target,-0.0057128728013498345
10364,sub59,164,ling_word_target,-0.014349282378183887
10365,sub59,165,ling_word_target,0.008869463696255983
10366,sub59,166,ling_word_target,-0.004752533432879165
10367,sub59,167,ling_word_target,-0.02855832342093679
10368,sub59,168,ling_word_target,-0.017913838368641546
10369,sub59,169,ling_word_target,-0.015276762987995159
10370,sub59,170,ling_word_target,-0.019959547594912325
10371,sub59,171,ling_word_target,0.0003432918957138703
10372,sub59,172,ling_word_target,0.005893709896336961
10373,sub59,173,ling_word_target,0.013633918430388976
10374,sub59,174,ling_word_target,0.007855124409290398
10375,sub59,175,ling_word_target,0.014918033848705154
10376,sub59,176,ling_word_target,0.015648275500336515
10377,sub59,177,ling_word_target,-0.004607316386568483
10378,sub59,178,ling_word_target,0.0030412379843808945
10379,sub59,179,ling_word_target,0.004698095871554766
10380,sub59,180,ling_word_target,-0.018071820941352304
10381,sub59,181,ling_word_target,0.0049472570177448594
10382,sub59,182,ling_word_target,-0.004626737633704789
10383,sub59,183,ling_word_target,-0.0049300182935176
10384,sub59,184,ling_word_target,-0.04528626654425899
10385,sub59,185,ling_word_target,0.005105327259351825
10386,sub59,186,ling_word_target,-0.011515195328769063
10387,sub59,187,ling_word_target,0.011393632722862892
10388,sub59,188,ling_word_target,0.017602463484371642
10389,sub59,189,ling_word_target,0.006973420167002186
10390,sub59,190,ling_word_target,-0.005244290643218943
10391,sub59,191,ling_word_target,0.016446688441939913
10392,sub59,192,ling_word_target,0.005010871812268371
10393,sub59,193,ling_word_target,0.002122024477643934
10394,sub59,194,ling_word_target,-0.009265555883871067
10395,sub59,195,ling_word_target,-0.0036932665717592044
10396,sub59,196,ling_word_target,0.0029018751764347843
10397,sub59,197,ling_word_target,0.004699592979147415
10398,sub59,198,ling_word_target,0.008294525693645733
10399,sub59,199,ling_word_target,0.03324026303610433
10400,sub60,0,ling_word_target,0.01699972254297765
10401,sub60,1,ling_word_target,-0.004183441864708302
10402,sub60,2,ling_word_target,-0.005407963570082151
10403,sub60,3,ling_word_target,0.007420530695326881
10404,sub60,4,ling_word_target,0.011353733711996735
10405,sub60,5,ling_word_target,-0.008362067888266376
10406,sub60,6,ling_word_target,-0.02360781426750488
10407,sub60,7,ling_word_target,0.016143149100155352
10408,sub60,8,ling_word_target,0.019907923197096528
10409,sub60,9,ling_word_target,-0.012262748638339685
10410,sub60,10,ling_word_target,0.0023929657443200504
10411,sub60,11,ling_word_target,-0.014978786466467527
10412,sub60,12,ling_word_target,-0.0021228162741045516
10413,sub60,13,ling_word_target,0.0038500004000602958
10414,sub60,14,ling_word_target,-0.011419500397074005
10415,sub60,15,ling_word_target,-0.027255310344995846
10416,sub60,16,ling_word_target,-0.013081836606976578
10417,sub60,17,ling_word_target,0.012396356381021352
10418,sub60,18,ling_word_target,0.002493018443916763
10419,sub60,19,ling_word_target,0.003442426687573142
10420,sub60,20,ling_word_target,-0.008237026796994184
10421,sub60,21,ling_word_target,-0.001713262664731088
10422,sub60,22,ling_word_target,0.015088663918461885
10423,sub60,23,ling_word_target,0.023207492436744682
10424,sub60,24,ling_word_target,0.0033109700176423866
10425,sub60,25,ling_word_target,0.006484255225238424
10426,sub60,26,ling_word_target,-0.033498964402255235
10427,sub60,27,ling_word_target,0.005247459669936943
10428,sub60,28,ling_word_target,0.007294622635770472
10429,sub60,29,ling_word_target,0.00912072115063951
10430,sub60,30,ling_word_target,-0.0043398795530689765
10431,sub60,31,ling_word_target,0.01942583149950693
10432,sub60,32,ling_word_target,0.016150339194422835
10433,sub60,33,ling_word_target,0.023224552684112523
10434,sub60,34,ling_word_target,-0.006621548492913715
10435,sub60,35,ling_word_target,0.013886235017575996
10436,sub60,36,ling_word_target,0.017129438875358033
10437,sub60,37,ling_word_target,0.003622669211505459
10438,sub60,38,ling_word_target,0.0027680464044325475
10439,sub60,39,ling_word_target,-0.015001212475190531
10440,sub60,40,ling_word_target,0.01646727808676641
10441,sub60,41,ling_word_target,-0.003627223672959231
10442,sub60,42,ling_word_target,-0.0035185125312158882
10443,sub60,43,ling_word_target,0.010103523491123957
10444,sub60,44,ling_word_target,0.0030296985656139033
10445,sub60,45,ling_word_target,0.0012173993283395037
10446,sub60,46,ling_word_target,0.008258789017403066
10447,sub60,47,ling_word_target,0.018683639697343848
10448,sub60,48,ling_word_target,-0.0037011675102575714
10449,sub60,49,ling_word_target,0.013951115141843414
10450,sub60,50,ling_word_target,-0.0010045205788942915
10451,sub60,51,ling_word_target,-0.00048139977691634054
10452,sub60,52,ling_word_target,-0.009730357584266571
10453,sub60,53,ling_word_target,0.006979078555297223
10454,sub60,54,ling_word_target,0.00022766430178744224
10455,sub60,55,ling_word_target,-0.0067355494169958445
10456,sub60,56,ling_word_target,0.007441578084176119
10457,sub60,57,ling_word_target,-0.018410764352905173
10458,sub60,58,ling_word_target,-0.0027469558380248172
10459,sub60,59,ling_word_target,-0.0017603501891824865
10460,sub60,60,ling_word_target,0.0031626307642178162
10461,sub60,61,ling_word_target,-0.0019747971216495705
10462,sub60,62,ling_word_target,0.01752646758357794
10463,sub60,63,ling_word_target,0.015297635376960526
10464,sub60,64,ling_word_target,0.02032159595433395
10465,sub60,65,ling_word_target,-0.001765741517159151
10466,sub60,66,ling_word_target,0.0034153526232591114
10467,sub60,67,ling_word_target,0.0027592276645293685
10468,sub60,68,ling_word_target,0.002134966761966264
10469,sub60,69,ling_word_target,0.015642933529582022
10470,sub60,70,ling_word_target,0.01398496071652096
10471,sub60,71,ling_word_target,-0.00643775621807177
10472,sub60,72,ling_word_target,-0.001190381155215655
10473,sub60,73,ling_word_target,0.004085974837988336
10474,sub60,74,ling_word_target,0.0014064880164315018
10475,sub60,75,ling_word_target,0.004170407629557529
10476,sub60,76,ling_word_target,-0.00843034485380503
10477,sub60,77,ling_word_target,0.005776277372855612
10478,sub60,78,ling_word_target,0.010281639504987622
10479,sub60,79,ling_word_target,-0.016290392489989536
10480,sub60,80,ling_word_target,-0.007190301232737082
10481,sub60,81,ling_word_target,0.029877980146400068
10482,sub60,82,ling_word_target,0.003617557558266748
10483,sub60,83,ling_word_target,-0.029034388112934004
10484,sub60,84,ling_word_target,0.02507060928066505
10485,sub60,85,ling_word_target,-0.009684676096475853
10486,sub60,86,ling_word_target,0.007399553587214713
10487,sub60,87,ling_word_target,-0.008855754343316742
10488,sub60,88,ling_word_target,-0.01724483530351834
10489,sub60,89,ling_word_target,0.013640979414351084
10490,sub60,90,ling_word_target,0.0027290810379410058
10491,sub60,91,ling_word_target,0.008652419680829611
10492,sub60,92,ling_word_target,-0.007998980488305697
10493,sub60,93,ling_word_target,-0.008397588913694675
10494,sub60,94,ling_word_target,0.007836210368834326
10495,sub60,95,ling_word_target,-0.020333760540438197
10496,sub60,96,ling_word_target,-0.00671429805155598
10497,sub60,97,ling_word_target,0.030169984442715788
10498,sub60,98,ling_word_target,-0.009481120101389112
10499,sub60,99,ling_word_target,-0.0029076402039513905
10500,sub60,100,ling_word_target,-0.020349552384851997
10501,sub60,101,ling_word_target,0.005322173152527235
10502,sub60,102,ling_word_target,-0.0035610776218941423
10503,sub60,103,ling_word_target,0.007568082465011293
10504,sub60,104,ling_word_target,-0.011980488032066606
10505,sub60,105,ling_word_target,0.00795909569170864
10506,sub60,106,ling_word_target,-0.006553990172253287
10507,sub60,107,ling_word_target,0.008518922874520137
10508,sub60,108,ling_word_target,-0.01922481891994816
10509,sub60,109,ling_word_target,-0.0015448868935994237
10510,sub60,110,ling_word_target,-0.006753031251209364
10511,sub60,111,ling_word_target,0.004590136790528049
10512,sub60,112,ling_word_target,0.031345428397629424
10513,sub60,113,ling_word_target,0.01424329801706197
10514,sub60,114,ling_word_target,0.007962028317685856
10515,sub60,115,ling_word_target,-0.0222598753335017
10516,sub60,116,ling_word_target,0.008960043193626012
10517,sub60,117,ling_word_target,-0.02359742657452252
10518,sub60,118,ling_word_target,-0.0019292840606349253
10519,sub60,119,ling_word_target,0.0016733976598648957
10520,sub60,120,ling_word_target,-0.011797549187221281
10521,sub60,121,ling_word_target,-0.003112939408077042
10522,sub60,122,ling_word_target,-0.005381330749875193
10523,sub60,123,ling_word_target,0.00940755070532234
10524,sub60,124,ling_word_target,0.003203184038577768
10525,sub60,125,ling_word_target,0.006414851699645034
10526,sub60,126,ling_word_target,0.0029897012104490744
10527,sub60,127,ling_word_target,0.00023120380291894986
10528,sub60,128,ling_word_target,-0.01104598673538159
10529,sub60,129,ling_word_target,0.0010591250338235572
10530,sub60,130,ling_word_target,-0.0009974096399097462
10531,sub60,131,ling_word_target,0.008532147673715323
10532,sub60,132,ling_word_target,-0.029749308423382567
10533,sub60,133,ling_word_target,0.04576189540485992
10534,sub60,134,ling_word_target,0.01929247996223382
10535,sub60,135,ling_word_target,0.00016082406670432382
10536,sub60,136,ling_word_target,-0.006578624928475391
10537,sub60,137,ling_word_target,0.0027296308528539236
10538,sub60,138,ling_word_target,-0.0015823294773466712
10539,sub60,139,ling_word_target,0.012552345597740208
10540,sub60,140,ling_word_target,-0.009824501643471173
10541,sub60,141,ling_word_target,-0.002918390410787678
10542,sub60,142,ling_word_target,0.009383603295175614
10543,sub60,143,ling_word_target,0.003804465306763937
10544,sub60,144,ling_word_target,-0.00037670963690783043
10545,sub60,145,ling_word_target,-0.01105177273172845
10546,sub60,146,ling_word_target,0.014557982020371035
10547,sub60,147,ling_word_target,-0.001128869659244773
10548,sub60,148,ling_word_target,-0.008491501245999903
10549,sub60,149,ling_word_target,-0.0006809653973065337
10550,sub60,150,ling_word_target,-0.012778359573279656
10551,sub60,151,ling_word_target,0.006744910139249023
10552,sub60,152,ling_word_target,0.0028775806666420357
10553,sub60,153,ling_word_target,-0.011032885951864413
10554,sub60,154,ling_word_target,-0.006154826032905402
10555,sub60,155,ling_word_target,-0.001786078188448362
10556,sub60,156,ling_word_target,0.0003157657560186426
10557,sub60,157,ling_word_target,0.018577169257801486
10558,sub60,158,ling_word_target,0.027360901563268765
10559,sub60,159,ling_word_target,-0.003279129584467947
10560,sub60,160,ling_word_target,0.007279325522541877
10561,sub60,161,ling_word_target,0.020069218479827268
10562,sub60,162,ling_word_target,0.0019919666063169285
10563,sub60,163,ling_word_target,-0.028154868755837996
10564,sub60,164,ling_word_target,0.008424732585446036
10565,sub60,165,ling_word_target,0.008973947846589142
10566,sub60,166,ling_word_target,-0.012467033467498657
10567,sub60,167,ling_word_target,0.011115730983085714
10568,sub60,168,ling_word_target,0.009677866524273347
10569,sub60,169,ling_word_target,-0.004347469737568798
10570,sub60,170,ling_word_target,-0.01385301361794004
10571,sub60,171,ling_word_target,-0.004465240638171865
10572,sub60,172,ling_word_target,-0.0022194192555449336
10573,sub60,173,ling_word_target,-0.01115288236760719
10574,sub60,174,ling_word_target,0.027239747157426743
10575,sub60,175,ling_word_target,-0.006813011163698654
10576,sub60,176,ling_word_target,0.019238651860288353
10577,sub60,177,ling_word_target,0.0002181378277714402
10578,sub60,178,ling_word_target,0.0011686710512419749
10579,sub60,179,ling_word_target,-0.0016723084930775813
10580,sub60,180,ling_word_target,0.005708760755472435
10581,sub60,181,ling_word_target,0.000315337797196975
10582,sub60,182,ling_word_target,-0.008856115944395119
10583,sub60,183,ling_word_target,-0.009396081083483932
10584,sub60,184,ling_word_target,0.002083550528608194
10585,sub60,185,ling_word_target,-0.03645233790426454
10586,sub60,186,ling_word_target,0.02880474589570341
10587,sub60,187,ling_word_target,-0.024062808679591544
10588,sub60,188,ling_word_target,0.02058259834611386
10589,sub60,189,ling_word_target,0.015754187317401237
10590,sub60,190,ling_word_target,0.02734454337345427
10591,sub60,191,ling_word_target,0.008050376385027634
10592,sub60,192,ling_word_target,-0.010565869896808425
10593,sub60,193,ling_word_target,-0.004894666374455042
10594,sub60,194,ling_word_target,-0.00035664103414420655
10595,sub60,195,ling_word_target,0.017845128405436016
10596,sub60,196,ling_word_target,0.018251404164570783
10597,sub60,197,ling_word_target,0.0032435790543708944
10598,sub60,198,ling_word_target,0.004430221000553338
10599,sub60,199,ling_word_target,0.004880093424856728
10600,sub61,0,ling_word_target,0.009269778664845447
10601,sub61,1,ling_word_target,0.01981184666391486
10602,sub61,2,ling_word_target,0.014057276528336776
10603,sub61,3,ling_word_target,0.0024254170341900753
10604,sub61,4,ling_word_target,0.009249552980408611
10605,sub61,5,ling_word_target,-0.01602196763870346
10606,sub61,6,ling_word_target,-0.0120417310356564
10607,sub61,7,ling_word_target,-0.01321324787983868
10608,sub61,8,ling_word_target,0.02268650934234248
10609,sub61,9,ling_word_target,-0.03021524857630067
10610,sub61,10,ling_word_target,0.009394124718441942
10611,sub61,11,ling_word_target,0.009373386666268128
10612,sub61,12,ling_word_target,-0.015393917399531923
10613,sub61,13,ling_word_target,-0.02349551780830062
10614,sub61,14,ling_word_target,-0.00046919194898948475
10615,sub61,15,ling_word_target,-0.03255178224290243
10616,sub61,16,ling_word_target,-0.03923239331580028
10617,sub61,17,ling_word_target,0.024141023446624423
10618,sub61,18,ling_word_target,0.02547176160381409
10619,sub61,19,ling_word_target,0.004364573164511308
10620,sub61,20,ling_word_target,-0.005862529435707491
10621,sub61,21,ling_word_target,-0.0041141322217945015
10622,sub61,22,ling_word_target,-0.003879739424826417
10623,sub61,23,ling_word_target,0.0022019654453085367
10624,sub61,24,ling_word_target,0.026538383312946886
10625,sub61,25,ling_word_target,0.010267741668988396
10626,sub61,26,ling_word_target,0.03327498367332647
10627,sub61,27,ling_word_target,0.0005635913197612496
10628,sub61,28,ling_word_target,0.022629206971741273
10629,sub61,29,ling_word_target,0.0127553128891763
10630,sub61,30,ling_word_target,0.02729597424831945
10631,sub61,31,ling_word_target,0.0029145523309955664
10632,sub61,32,ling_word_target,-0.024808055935588713
10633,sub61,33,ling_word_target,0.051604840524102066
10634,sub61,34,ling_word_target,0.02875863016092166
10635,sub61,35,ling_word_target,-0.004455463786440408
10636,sub61,36,ling_word_target,0.021836554581168698
10637,sub61,37,ling_word_target,0.003525538027925075
10638,sub61,38,ling_word_target,-0.012874604885409978
10639,sub61,39,ling_word_target,-0.0023408136249874075
10640,sub61,40,ling_word_target,0.0036909294985124673
10641,sub61,41,ling_word_target,0.01694086947037226
10642,sub61,42,ling_word_target,0.028827196271973003
10643,sub61,43,ling_word_target,-0.0005967677580534543
10644,sub61,44,ling_word_target,0.014825297084194881
10645,sub61,45,ling_word_target,0.017513906839431184
10646,sub61,46,ling_word_target,0.03363557565455118
10647,sub61,47,ling_word_target,0.008403370315221252
10648,sub61,48,ling_word_target,-0.005525092324868697
10649,sub61,49,ling_word_target,0.017502964392123007
10650,sub61,50,ling_word_target,-0.017913188783536652
10651,sub61,51,ling_word_target,-0.016917383783131
10652,sub61,52,ling_word_target,-0.01692347912283929
10653,sub61,53,ling_word_target,-0.006860284005506521
10654,sub61,54,ling_word_target,-0.01229262853477328
10655,sub61,55,ling_word_target,0.0022918622505927215
10656,sub61,56,ling_word_target,-0.014965400379472192
10657,sub61,57,ling_word_target,0.003975709196320631
10658,sub61,58,ling_word_target,-0.015937666509772137
10659,sub61,59,ling_word_target,0.006582635792618358
10660,sub61,60,ling_word_target,-0.0060415083701131755
10661,sub61,61,ling_word_target,0.009679681579375982
10662,sub61,62,ling_word_target,0.004252518804932976
10663,sub61,63,ling_word_target,0.02782541753656251
10664,sub61,64,ling_word_target,-0.007525569995089853
10665,sub61,65,ling_word_target,-0.02458915687682877
10666,sub61,66,ling_word_target,-0.0073546900870738365
10667,sub61,67,ling_word_target,0.013473468771590402
10668,sub61,68,ling_word_target,-0.018581323276985445
10669,sub61,69,ling_word_target,0.022545925825958022
10670,sub61,70,ling_word_target,0.022445517773790558
10671,sub61,71,ling_word_target,0.03792176479386816
10672,sub61,72,ling_word_target,0.02208178146832574
10673,sub61,73,ling_word_target,0.039121865331722
10674,sub61,74,ling_word_target,0.00032098012945560195
10675,sub61,75,ling_word_target,-0.0067011455675813816
10676,sub61,76,ling_word_target,0.013513662910900713
10677,sub61,77,ling_word_target,0.005546751382195148
10678,sub61,78,ling_word_target,-0.012351313734747264
10679,sub61,79,ling_word_target,0.019632052092838484
10680,sub61,80,ling_word_target,0.017557849579772713
10681,sub61,81,ling_word_target,0.02656946652643529
10682,sub61,82,ling_word_target,0.025772618157307633
10683,sub61,83,ling_word_target,-0.0303002481764575
10684,sub61,84,ling_word_target,0.01704524244466784
10685,sub61,85,ling_word_target,0.032115534737434934
10686,sub61,86,ling_word_target,-0.00627022279394091
10687,sub61,87,ling_word_target,-0.005621935099626725
10688,sub61,88,ling_word_target,-0.02442607464529675
10689,sub61,89,ling_word_target,0.011784027733357443
10690,sub61,90,ling_word_target,0.027720875027508658
10691,sub61,91,ling_word_target,0.008534487220359285
10692,sub61,92,ling_word_target,0.00663641108506443
10693,sub61,93,ling_word_target,-0.00275253678112271
10694,sub61,94,ling_word_target,0.0010114946577157462
10695,sub61,95,ling_word_target,0.004140292606152366
10696,sub61,96,ling_word_target,0.02343365777509602
10697,sub61,97,ling_word_target,-0.006782588277350534
10698,sub61,98,ling_word_target,-0.006646276033484825
10699,sub61,99,ling_word_target,-0.03326874875997545
10700,sub61,100,ling_word_target,0.012330591847958351
10701,sub61,101,ling_word_target,0.007204662241604428
10702,sub61,102,ling_word_target,0.015116530454700046
10703,sub61,103,ling_word_target,0.004564995089605346
10704,sub61,104,ling_word_target,0.020350750389454237
10705,sub61,105,ling_word_target,0.038393540948974875
10706,sub61,106,ling_word_target,0.009210345269827355
10707,sub61,107,ling_word_target,0.015480306552173943
10708,sub61,108,ling_word_target,0.015466589771387694
10709,sub61,109,ling_word_target,0.011375988771935654
10710,sub61,110,ling_word_target,-0.03555382613598902
10711,sub61,111,ling_word_target,-0.006452294894859649
10712,sub61,112,ling_word_target,-0.003124725371339694
10713,sub61,113,ling_word_target,0.0010873081320540749
10714,sub61,114,ling_word_target,0.02162211113613181
10715,sub61,115,ling_word_target,-0.022841596267173473
10716,sub61,116,ling_word_target,-0.0018248545687536706
10717,sub61,117,ling_word_target,0.01370636955222521
10718,sub61,118,ling_word_target,0.01141531792889276
10719,sub61,119,ling_word_target,-0.022671784918691415
10720,sub61,120,ling_word_target,-0.00503662923046173
10721,sub61,121,ling_word_target,0.0025915753721866435
10722,sub61,122,ling_word_target,-5.1460965108889e-05
10723,sub61,123,ling_word_target,0.004231676645650503
10724,sub61,124,ling_word_target,-0.01078324964816259
10725,sub61,125,ling_word_target,0.008225956121027502
10726,sub61,126,ling_word_target,0.008217332136133515
10727,sub61,127,ling_word_target,0.016993741745009058
10728,sub61,128,ling_word_target,-0.03282969189379632
10729,sub61,129,ling_word_target,0.02705128772052209
10730,sub61,130,ling_word_target,0.008057140325987812
10731,sub61,131,ling_word_target,0.012131564449576217
10732,sub61,132,ling_word_target,-0.01530060035092842
10733,sub61,133,ling_word_target,-0.008720935939292865
10734,sub61,134,ling_word_target,0.003300599832116044
10735,sub61,135,ling_word_target,-0.017498290002957155
10736,sub61,136,ling_word_target,-0.017972646791576962
10737,sub61,137,ling_word_target,0.05353907347153994
10738,sub61,138,ling_word_target,-0.024456031152892136
10739,sub61,139,ling_word_target,-0.0033400005524944908
10740,sub61,140,ling_word_target,-0.012123931383222798
10741,sub61,141,ling_word_target,-0.0032433973419211614
10742,sub61,142,ling_word_target,0.018388038776248866
10743,sub61,143,ling_word_target,-0.014248181135561993
10744,sub61,144,ling_word_target,0.0021101285288320478
10745,sub61,145,ling_word_target,-0.01589056126060831
10746,sub61,146,ling_word_target,0.009035617530924108
10747,sub61,147,ling_word_target,-0.008405838255989012
10748,sub61,148,ling_word_target,-0.016947002941399173
10749,sub61,149,ling_word_target,-0.007017079572951111
10750,sub61,150,ling_word_target,0.018062761004583844
10751,sub61,151,ling_word_target,0.016737565603908548
10752,sub61,152,ling_word_target,0.031337283057483206
10753,sub61,153,ling_word_target,0.0004150853593330651
10754,sub61,154,ling_word_target,-0.0009074065216831568
10755,sub61,155,ling_word_target,0.02584196468162754
10756,sub61,156,ling_word_target,-0.014390024941933786
10757,sub61,157,ling_word_target,0.006530536392043477
10758,sub61,158,ling_word_target,0.011179294579730157
10759,sub61,159,ling_word_target,-0.0014863238501719655
10760,sub61,160,ling_word_target,-0.015287007578640195
10761,sub61,161,ling_word_target,-0.0010215261515024853
10762,sub61,162,ling_word_target,-0.010227578911947303
10763,sub61,163,ling_word_target,0.015329406235510434
10764,sub61,164,ling_word_target,-0.020458828353420205
10765,sub61,165,ling_word_target,-0.035350789545041734
10766,sub61,166,ling_word_target,0.00408951292877092
10767,sub61,167,ling_word_target,0.006618212831093324
10768,sub61,168,ling_word_target,-0.010633374017968752
10769,sub61,169,ling_word_target,0.02532545248359618
10770,sub61,170,ling_word_target,0.006757278521943697
10771,sub61,171,ling_word_target,-0.009581113626391987
10772,sub61,172,ling_word_target,0.03460440542032031
10773,sub61,173,ling_word_target,-0.002188548939151803
10774,sub61,174,ling_word_target,0.03180041226429238
10775,sub61,175,ling_word_target,-0.042127462267855846
10776,sub61,176,ling_word_target,0.006814759230982785
10777,sub61,177,ling_word_target,-0.02103594791488248
10778,sub61,178,ling_word_target,0.01899112693109908
10779,sub61,179,ling_word_target,0.02117859710921375
10780,sub61,180,ling_word_target,-0.0027531297995306925
10781,sub61,181,ling_word_target,-0.010835430555779244
10782,sub61,182,ling_word_target,0.011266012818640307
10783,sub61,183,ling_word_target,-0.01995054587530908
10784,sub61,184,ling_word_target,0.024820767281507224
10785,sub61,185,ling_word_target,0.010214970376209456
10786,sub61,186,ling_word_target,0.00840361452246448
10787,sub61,187,ling_word_target,0.008321990195226754
10788,sub61,188,ling_word_target,-0.0002540670288912684
10789,sub61,189,ling_word_target,0.021035329883763863
10790,sub61,190,ling_word_target,0.03062512027159494
10791,sub61,191,ling_word_target,0.013524796442697318
10792,sub61,192,ling_word_target,0.0005522959760606616
10793,sub61,193,ling_word_target,0.02087212058094346
10794,sub61,194,ling_word_target,-0.031311289453628086
10795,sub61,195,ling_word_target,-0.01335611041761917
10796,sub61,196,ling_word_target,0.010569912521206565
10797,sub61,197,ling_word_target,0.00805387372632679
10798,sub61,198,ling_word_target,0.014446855925908424
10799,sub61,199,ling_word_target,-0.006771903475615379
10800,sub62,0,ling_word_target,-0.017414590224714855
10801,sub62,1,ling_word_target,-0.015823270333442944
10802,sub62,2,ling_word_target,-0.015041327458153368
10803,sub62,3,ling_word_target,0.025078876960129448
10804,sub62,4,ling_word_target,0.02439068414814649
10805,sub62,5,ling_word_target,0.006594356534381299
10806,sub62,6,ling_word_target,-0.004891963014925098
10807,sub62,7,ling_word_target,-0.003691824151290974
10808,sub62,8,ling_word_target,0.006935741334370127
10809,sub62,9,ling_word_target,0.008004544542955353
10810,sub62,10,ling_word_target,-0.0021473533744562983
10811,sub62,11,ling_word_target,0.00849226064241721
10812,sub62,12,ling_word_target,-0.01795976661510721
10813,sub62,13,ling_word_target,0.00048044999361088886
10814,sub62,14,ling_word_target,0.01151095921758601
10815,sub62,15,ling_word_target,-0.013969838969703751
10816,sub62,16,ling_word_target,-0.010515635194947552
10817,sub62,17,ling_word_target,0.021713015491948328
10818,sub62,18,ling_word_target,-0.0051954444537055736
10819,sub62,19,ling_word_target,0.01117625838729596
10820,sub62,20,ling_word_target,0.019600248340527083
10821,sub62,21,ling_word_target,0.013521194671585796
10822,sub62,22,ling_word_target,-0.010758398152452523
10823,sub62,23,ling_word_target,-3.872431394313406e-05
10824,sub62,24,ling_word_target,0.022389511596442594
10825,sub62,25,ling_word_target,-0.010394885475919866
10826,sub62,26,ling_word_target,-0.008314763683884467
10827,sub62,27,ling_word_target,-0.0030074575391295204
10828,sub62,28,ling_word_target,-0.002000140551402982
10829,sub62,29,ling_word_target,0.014076806725961772
10830,sub62,30,ling_word_target,0.04221208536396113
10831,sub62,31,ling_word_target,0.01641721344135098
10832,sub62,32,ling_word_target,-0.00353352358600484
10833,sub62,33,ling_word_target,0.0037619431752373787
10834,sub62,34,ling_word_target,0.025825244979796984
10835,sub62,35,ling_word_target,-0.015954399466849047
10836,sub62,36,ling_word_target,0.02981217233577534
10837,sub62,37,ling_word_target,0.008306234209779549
10838,sub62,38,ling_word_target,0.006562649320344465
10839,sub62,39,ling_word_target,0.0043994834765249905
10840,sub62,40,ling_word_target,0.02589256759162215
10841,sub62,41,ling_word_target,0.01596343235785875
10842,sub62,42,ling_word_target,0.03936505545231056
10843,sub62,43,ling_word_target,-0.03255692576128169
10844,sub62,44,ling_word_target,-0.023773496936621813
10845,sub62,45,ling_word_target,-0.04880963311389948
10846,sub62,46,ling_word_target,0.003694696731739114
10847,sub62,47,ling_word_target,0.0026109259459178853
10848,sub62,48,ling_word_target,0.006442129188441062
10849,sub62,49,ling_word_target,0.0055542140429014
10850,sub62,50,ling_word_target,-0.0034165552156804812
10851,sub62,51,ling_word_target,0.01158426279029519
10852,sub62,52,ling_word_target,0.010402321753534565
10853,sub62,53,ling_word_target,0.016016254904532123
10854,sub62,54,ling_word_target,0.006047264839530872
10855,sub62,55,ling_word_target,-0.0015840174271731632
10856,sub62,56,ling_word_target,0.01638216991701665
10857,sub62,57,ling_word_target,0.01188098190636243
10858,sub62,58,ling_word_target,-0.0033677114322534945
10859,sub62,59,ling_word_target,0.00808364644900933
10860,sub62,60,ling_word_target,-0.012696169717185804
10861,sub62,61,ling_word_target,0.001980073092087479
10862,sub62,62,ling_word_target,0.007892220131799953
10863,sub62,63,ling_word_target,0.022155799279271176
10864,sub62,64,ling_word_target,-0.004256207481839377
10865,sub62,65,ling_word_target,0.009506486949354503
10866,sub62,66,ling_word_target,0.003563153445383106
10867,sub62,67,ling_word_target,0.002483636451942812
10868,sub62,68,ling_word_target,0.009786188411775754
10869,sub62,69,ling_word_target,0.008824253841121534
10870,sub62,70,ling_word_target,0.009087832126742055
10871,sub62,71,ling_word_target,0.010470406766211617
10872,sub62,72,ling_word_target,0.015272518362553885
10873,sub62,73,ling_word_target,-0.01781617006011875
10874,sub62,74,ling_word_target,0.013551530236320705
10875,sub62,75,ling_word_target,0.0037289602100037023
10876,sub62,76,ling_word_target,-0.011383845454820471
10877,sub62,77,ling_word_target,0.023274077654729636
10878,sub62,78,ling_word_target,0.024731536271436965
10879,sub62,79,ling_word_target,0.021812218419865904
10880,sub62,80,ling_word_target,-0.007186349194924595
10881,sub62,81,ling_word_target,0.01887723529569134
10882,sub62,82,ling_word_target,0.004145157867413909
10883,sub62,83,ling_word_target,0.004821762642580758
10884,sub62,84,ling_word_target,0.004876974803376789
10885,sub62,85,ling_word_target,0.03060577384893351
10886,sub62,86,ling_word_target,-0.018883785914295022
10887,sub62,87,ling_word_target,-0.05382200327923572
10888,sub62,88,ling_word_target,-0.02926707420669516
10889,sub62,89,ling_word_target,0.02713868949395233
10890,sub62,90,ling_word_target,0.034252719717266726
10891,sub62,91,ling_word_target,0.022122631886556398
10892,sub62,92,ling_word_target,0.009481102575362986
10893,sub62,93,ling_word_target,-0.007610306937690142
10894,sub62,94,ling_word_target,0.021441992455162293
10895,sub62,95,ling_word_target,-0.010699991106122828
10896,sub62,96,ling_word_target,0.0007874014696905692
10897,sub62,97,ling_word_target,-0.00040475078399195566
10898,sub62,98,ling_word_target,0.015131125847331011
10899,sub62,99,ling_word_target,0.009377016142911466
10900,sub62,100,ling_word_target,0.009597679423083334
10901,sub62,101,ling_word_target,0.010376211277169612
10902,sub62,102,ling_word_target,-0.003171995340729142
10903,sub62,103,ling_word_target,0.008534500171342815
10904,sub62,104,ling_word_target,0.010865522451845829
10905,sub62,105,ling_word_target,-0.022380032596189692
10906,sub62,106,ling_word_target,-0.006318192007030693
10907,sub62,107,ling_word_target,-0.005074573126286244
10908,sub62,108,ling_word_target,-0.001543376317876852
10909,sub62,109,ling_word_target,0.0018134167677682483
10910,sub62,110,ling_word_target,-0.0116908429854846
10911,sub62,111,ling_word_target,0.005200587290962499
10912,sub62,112,ling_word_target,0.02836146253319122
10913,sub62,113,ling_word_target,-0.005567727274149355
10914,sub62,114,ling_word_target,0.009007684019595785
10915,sub62,115,ling_word_target,0.029066011184489864
10916,sub62,116,ling_word_target,-0.005817567314421071
10917,sub62,117,ling_word_target,0.00031379475064047843
10918,sub62,118,ling_word_target,-0.01563447108899243
10919,sub62,119,ling_word_target,-0.0025954013171444385
10920,sub62,120,ling_word_target,-0.010596327683706995
10921,sub62,121,ling_word_target,-0.010196606185533023
10922,sub62,122,ling_word_target,-0.021017808416154096
10923,sub62,123,ling_word_target,0.00757414979797693
10924,sub62,124,ling_word_target,0.006581432396399339
10925,sub62,125,ling_word_target,0.00549193410189002
10926,sub62,126,ling_word_target,0.02422962110356683
10927,sub62,127,ling_word_target,0.0019596919698162303
10928,sub62,128,ling_word_target,-0.02020154190254416
10929,sub62,129,ling_word_target,-0.023020508678607342
10930,sub62,130,ling_word_target,-0.008068586291671842
10931,sub62,131,ling_word_target,-0.002723703956590176
10932,sub62,132,ling_word_target,0.00242464173799753
10933,sub62,133,ling_word_target,-0.0011925402622672981
10934,sub62,134,ling_word_target,0.006713117068185858
10935,sub62,135,ling_word_target,-0.004167006144228349
10936,sub62,136,ling_word_target,0.030124412221088203
10937,sub62,137,ling_word_target,0.019293257187874793
10938,sub62,138,ling_word_target,-0.009428995243405553
10939,sub62,139,ling_word_target,-0.016428840891096957
10940,sub62,140,ling_word_target,0.019598863107090976
10941,sub62,141,ling_word_target,0.00034298237078382983
10942,sub62,142,ling_word_target,0.005817972911016134
10943,sub62,143,ling_word_target,0.0022321615342481326
10944,sub62,144,ling_word_target,-0.0075524052092371535
10945,sub62,145,ling_word_target,-0.007669753783478975
10946,sub62,146,ling_word_target,0.004355367524550027
10947,sub62,147,ling_word_target,0.010542066750586858
10948,sub62,148,ling_word_target,0.007239484201374573
10949,sub62,149,ling_word_target,0.016472150046051705
10950,sub62,150,ling_word_target,-0.018433408725171886
10951,sub62,151,ling_word_target,0.013233385495574306
10952,sub62,152,ling_word_target,0.004579411849254716
10953,sub62,153,ling_word_target,0.0020473982282925894
10954,sub62,154,ling_word_target,0.004773324803397528
10955,sub62,155,ling_word_target,0.010995534989449182
10956,sub62,156,ling_word_target,0.01703594970833283
10957,sub62,157,ling_word_target,-0.012122115896351099
10958,sub62,158,ling_word_target,-0.00796948554460993
10959,sub62,159,ling_word_target,-0.0067845938635104994
10960,sub62,160,ling_word_target,-0.00214136766455793
10961,sub62,161,ling_word_target,0.00215169926302484
10962,sub62,162,ling_word_target,-0.01640083730307021
10963,sub62,163,ling_word_target,-0.0053873327703041
10964,sub62,164,ling_word_target,0.011317032733831786
10965,sub62,165,ling_word_target,0.015603643632104614
10966,sub62,166,ling_word_target,-0.0358146609815276
10967,sub62,167,ling_word_target,0.009348822551774423
10968,sub62,168,ling_word_target,0.04345853322374469
10969,sub62,169,ling_word_target,0.025602061930026836
10970,sub62,170,ling_word_target,0.01705144812110035
10971,sub62,171,ling_word_target,0.00737867132161241
10972,sub62,172,ling_word_target,-0.013229397953042898
10973,sub62,173,ling_word_target,-0.01564596034799592
10974,sub62,174,ling_word_target,0.026612160131103332
10975,sub62,175,ling_word_target,-0.01023853715915224
10976,sub62,176,ling_word_target,-0.0012916931206761793
10977,sub62,177,ling_word_target,0.006903554360703089
10978,sub62,178,ling_word_target,0.003802403649544539
10979,sub62,179,ling_word_target,-0.01365626046721632
10980,sub62,180,ling_word_target,0.011133799909099013
10981,sub62,181,ling_word_target,0.016388546164681276
10982,sub62,182,ling_word_target,0.003678387719027291
10983,sub62,183,ling_word_target,0.0031122465348602094
10984,sub62,184,ling_word_target,4.440544375650219e-06
10985,sub62,185,ling_word_target,0.009397945014650936
10986,sub62,186,ling_word_target,0.002196156191095907
10987,sub62,187,ling_word_target,-0.0181003137157734
10988,sub62,188,ling_word_target,-0.009012406145858937
10989,sub62,189,ling_word_target,0.0009788810073407977
10990,sub62,190,ling_word_target,-0.00020653594851118153
10991,sub62,191,ling_word_target,0.01885400201031581
10992,sub62,192,ling_word_target,0.006605471290363621
10993,sub62,193,ling_word_target,0.014729393226403945
10994,sub62,194,ling_word_target,-0.013305811396656087
10995,sub62,195,ling_word_target,0.00955421090679179
10996,sub62,196,ling_word_target,-0.006287399024624916
10997,sub62,197,ling_word_target,0.009671828630977593
10998,sub62,198,ling_word_target,0.0025395884206167504
10999,sub62,199,ling_word_target,-0.0032095250784447316
11000,sub64,0,ling_word_target,0.026533011117158237
11001,sub64,1,ling_word_target,0.030930203446653395
11002,sub64,2,ling_word_target,-0.01945730394335113
11003,sub64,3,ling_word_target,0.020254179258922225
11004,sub64,4,ling_word_target,0.011301033690685436
11005,sub64,5,ling_word_target,0.026417333753898015
11006,sub64,6,ling_word_target,0.00035318837535254564
11007,sub64,7,ling_word_target,-0.0036982369030747033
11008,sub64,8,ling_word_target,0.02228133553944239
11009,sub64,9,ling_word_target,0.0035197734964865757
11010,sub64,10,ling_word_target,0.004775832847214681
11011,sub64,11,ling_word_target,-0.00974221859869615
11012,sub64,12,ling_word_target,-0.004254136578223224
11013,sub64,13,ling_word_target,0.0070263961099109665
11014,sub64,14,ling_word_target,-0.0034400297497044793
11015,sub64,15,ling_word_target,0.0020967423267626516
11016,sub64,16,ling_word_target,0.017918886542326404
11017,sub64,17,ling_word_target,0.025701294691109808
11018,sub64,18,ling_word_target,0.008294741113990822
11019,sub64,19,ling_word_target,-0.006755036558373501
11020,sub64,20,ling_word_target,0.014968207958156034
11021,sub64,21,ling_word_target,0.000859990003409113
11022,sub64,22,ling_word_target,0.0031154884088818776
11023,sub64,23,ling_word_target,0.014183112598187275
11024,sub64,24,ling_word_target,0.0005013054225889755
11025,sub64,25,ling_word_target,-0.002919403764013075
11026,sub64,26,ling_word_target,0.0180441817818095
11027,sub64,27,ling_word_target,-0.0005336903458122758
11028,sub64,28,ling_word_target,0.012969258111866059
11029,sub64,29,ling_word_target,0.01378190037790683
11030,sub64,30,ling_word_target,0.00165803899563129
11031,sub64,31,ling_word_target,-0.012785629855864695
11032,sub64,32,ling_word_target,0.009172942668758836
11033,sub64,33,ling_word_target,-0.006723749059445454
11034,sub64,34,ling_word_target,0.007874170132453721
11035,sub64,35,ling_word_target,-0.0055069666280129
11036,sub64,36,ling_word_target,0.013987199308159904
11037,sub64,37,ling_word_target,0.005843441222914688
11038,sub64,38,ling_word_target,0.006925023308269596
11039,sub64,39,ling_word_target,0.01254257351178591
11040,sub64,40,ling_word_target,-0.004129383351137233
11041,sub64,41,ling_word_target,-0.017606702341425643
11042,sub64,42,ling_word_target,-0.004908252246237927
11043,sub64,43,ling_word_target,0.016265509110348537
11044,sub64,44,ling_word_target,0.022363077622747363
11045,sub64,45,ling_word_target,-0.006043962481267638
11046,sub64,46,ling_word_target,-0.025642182271009895
11047,sub64,47,ling_word_target,0.0031172911945523633
11048,sub64,48,ling_word_target,0.003945922645330142
11049,sub64,49,ling_word_target,0.004076622817172651
11050,sub64,50,ling_word_target,-8.684197639396562e-05
11051,sub64,51,ling_word_target,-0.00857104101919541
11052,sub64,52,ling_word_target,0.006488742109539406
11053,sub64,53,ling_word_target,-0.021298832007814565
11054,sub64,54,ling_word_target,0.016064861019743935
11055,sub64,55,ling_word_target,-0.017785318892284442
11056,sub64,56,ling_word_target,0.02198656621309728
11057,sub64,57,ling_word_target,-0.009767282734062853
11058,sub64,58,ling_word_target,0.0035413014928842197
11059,sub64,59,ling_word_target,-0.0007058424307792912
11060,sub64,60,ling_word_target,-0.012502182671122483
11061,sub64,61,ling_word_target,0.022580014894543622
11062,sub64,62,ling_word_target,0.00876555950747001
11063,sub64,63,ling_word_target,-0.005433239878519273
11064,sub64,64,ling_word_target,0.03259516029482597
11065,sub64,65,ling_word_target,0.019174089579885346
11066,sub64,66,ling_word_target,-0.009937049689898914
11067,sub64,67,ling_word_target,0.001723583920779537
11068,sub64,68,ling_word_target,-0.0009543795298307746
11069,sub64,69,ling_word_target,-0.009276360922139773
11070,sub64,70,ling_word_target,0.0063634976641241976
11071,sub64,71,ling_word_target,0.009856129483603412
11072,sub64,72,ling_word_target,0.002305074573213988
11073,sub64,73,ling_word_target,0.006591587123350875
11074,sub64,74,ling_word_target,-0.00697899919881612
11075,sub64,75,ling_word_target,-0.014279598975994064
11076,sub64,76,ling_word_target,0.006748246695445346
11077,sub64,77,ling_word_target,-0.004273998899528627
11078,sub64,78,ling_word_target,-0.024849372426356646
11079,sub64,79,ling_word_target,0.009716026642765127
11080,sub64,80,ling_word_target,-0.005018550958232763
11081,sub64,81,ling_word_target,0.0029729634386576093
11082,sub64,82,ling_word_target,0.0024991968682920277
11083,sub64,83,ling_word_target,0.0038471486026768436
11084,sub64,84,ling_word_target,-0.006595727457546622
11085,sub64,85,ling_word_target,0.01023883991614442
11086,sub64,86,ling_word_target,0.029788908251907508
11087,sub64,87,ling_word_target,0.0045840863077259
11088,sub64,88,ling_word_target,-0.015748737234525204
11089,sub64,89,ling_word_target,0.01714335153376772
11090,sub64,90,ling_word_target,-0.01276621682869951
11091,sub64,91,ling_word_target,0.0023750743999810166
11092,sub64,92,ling_word_target,0.019733094626263534
11093,sub64,93,ling_word_target,0.011232459646258668
11094,sub64,94,ling_word_target,-0.00757042836208266
11095,sub64,95,ling_word_target,0.005139718591393167
11096,sub64,96,ling_word_target,0.015345170457531405
11097,sub64,97,ling_word_target,-0.003042582121727472
11098,sub64,98,ling_word_target,-0.01399291107460604
11099,sub64,99,ling_word_target,0.0031325003825596423
11100,sub64,100,ling_word_target,-0.00770847715780664
11101,sub64,101,ling_word_target,-0.004308181551473155
11102,sub64,102,ling_word_target,-0.010893071889223248
11103,sub64,103,ling_word_target,0.0026771917483575645
11104,sub64,104,ling_word_target,0.0075215721701254136
11105,sub64,105,ling_word_target,0.02059916182261049
11106,sub64,106,ling_word_target,0.0062117828217014975
11107,sub64,107,ling_word_target,-0.020750608204095144
11108,sub64,108,ling_word_target,0.004925582399441196
11109,sub64,109,ling_word_target,-0.024015957840330903
11110,sub64,110,ling_word_target,-0.005436985575977716
11111,sub64,111,ling_word_target,0.009201173174962161
11112,sub64,112,ling_word_target,0.030171288934027336
11113,sub64,113,ling_word_target,0.01078436852810139
11114,sub64,114,ling_word_target,-0.021805712942581986
11115,sub64,115,ling_word_target,-0.008332191725462339
11116,sub64,116,ling_word_target,-0.01950083568763644
11117,sub64,117,ling_word_target,0.006120364090417034
11118,sub64,118,ling_word_target,0.008228140320616481
11119,sub64,119,ling_word_target,-0.0013105726925209738
11120,sub64,120,ling_word_target,0.011411880951011555
11121,sub64,121,ling_word_target,-0.018958752890321076
11122,sub64,122,ling_word_target,0.0063376801995376495
11123,sub64,123,ling_word_target,-0.0006490574010453665
11124,sub64,124,ling_word_target,-0.0037552279169026062
11125,sub64,125,ling_word_target,0.009112337551468654
11126,sub64,126,ling_word_target,-0.01616395178057797
11127,sub64,127,ling_word_target,-0.01132072490481353
11128,sub64,128,ling_word_target,0.013232532575635931
11129,sub64,129,ling_word_target,-0.007843408441265921
11130,sub64,130,ling_word_target,0.02758790664509987
11131,sub64,131,ling_word_target,0.010085895448108863
11132,sub64,132,ling_word_target,-0.0028788884814987844
11133,sub64,133,ling_word_target,-0.0031903916039823254
11134,sub64,134,ling_word_target,-0.012726086151970007
11135,sub64,135,ling_word_target,-0.006007155829847033
11136,sub64,136,ling_word_target,-0.0009952549227066779
11137,sub64,137,ling_word_target,-0.01661634012166264
11138,sub64,138,ling_word_target,-0.0022006622555479425
11139,sub64,139,ling_word_target,-0.000976883511236152
11140,sub64,140,ling_word_target,-0.007337005655881621
11141,sub64,141,ling_word_target,-0.0033476645794701045
11142,sub64,142,ling_word_target,0.003414715299757227
11143,sub64,143,ling_word_target,0.003518947684959641
11144,sub64,144,ling_word_target,-0.020402963793881027
11145,sub64,145,ling_word_target,0.008760954877833994
11146,sub64,146,ling_word_target,-0.007792303626065278
11147,sub64,147,ling_word_target,-0.011243279858854564
11148,sub64,148,ling_word_target,-0.0025899655539262855
11149,sub64,149,ling_word_target,0.007388512464762985
11150,sub64,150,ling_word_target,0.013773325238044705
11151,sub64,151,ling_word_target,-0.002929771335450643
11152,sub64,152,ling_word_target,-0.008778773363338472
11153,sub64,153,ling_word_target,0.009626770505096121
11154,sub64,154,ling_word_target,-0.0211080082651459
11155,sub64,155,ling_word_target,-0.025529422166744
11156,sub64,156,ling_word_target,0.010766476864909209
11157,sub64,157,ling_word_target,-0.003325700504078479
11158,sub64,158,ling_word_target,-0.0021199528839560625
11159,sub64,159,ling_word_target,-0.0027824944183671165
11160,sub64,160,ling_word_target,0.0047615623031195126
11161,sub64,161,ling_word_target,-0.006205106264945274
11162,sub64,162,ling_word_target,0.0023656127993063056
11163,sub64,163,ling_word_target,0.008494127511040242
11164,sub64,164,ling_word_target,0.0016430623053932834
11165,sub64,165,ling_word_target,0.003928421556085085
11166,sub64,166,ling_word_target,-0.006732157065201651
11167,sub64,167,ling_word_target,0.0060372509855940275
11168,sub64,168,ling_word_target,0.0032858631612255914
11169,sub64,169,ling_word_target,0.02209140538376682
11170,sub64,170,ling_word_target,-0.004498673703520091
11171,sub64,171,ling_word_target,-0.0030227359241398657
11172,sub64,172,ling_word_target,0.0005089686284524001
11173,sub64,173,ling_word_target,-0.0013492479129537378
11174,sub64,174,ling_word_target,0.021714623881951313
11175,sub64,175,ling_word_target,0.010299695300264524
11176,sub64,176,ling_word_target,-0.01310172363907578
11177,sub64,177,ling_word_target,0.0016879076410433412
11178,sub64,178,ling_word_target,0.015855664751588623
11179,sub64,179,ling_word_target,0.010791546288695665
11180,sub64,180,ling_word_target,0.007400030324403886
11181,sub64,181,ling_word_target,0.016376206492193457
11182,sub64,182,ling_word_target,0.00973124442816333
11183,sub64,183,ling_word_target,-0.014107140101426812
11184,sub64,184,ling_word_target,-0.0019572481259389316
11185,sub64,185,ling_word_target,-0.0027489140355755584
11186,sub64,186,ling_word_target,-0.009355699617413981
11187,sub64,187,ling_word_target,0.002106185813247797
11188,sub64,188,ling_word_target,0.0038626461512595925
11189,sub64,189,ling_word_target,-0.0012709833859660647
11190,sub64,190,ling_word_target,-0.011539253628149719
11191,sub64,191,ling_word_target,-0.0022826027421529857
11192,sub64,192,ling_word_target,0.0010646794497910278
11193,sub64,193,ling_word_target,-0.01177816647746031
11194,sub64,194,ling_word_target,0.014273793650332304
11195,sub64,195,ling_word_target,-0.01456380905855017
11196,sub64,196,ling_word_target,0.002837012089531854
11197,sub64,197,ling_word_target,7.021499743113092e-05
11198,sub64,198,ling_word_target,-0.01005946698943585
11199,sub64,199,ling_word_target,-0.015532656530647448
11200,sub65,0,ling_word_target,0.00291142336443305
11201,sub65,1,ling_word_target,0.011784539329441174
11202,sub65,2,ling_word_target,-0.0032792607138031967
11203,sub65,3,ling_word_target,-0.0043484438621949105
11204,sub65,4,ling_word_target,0.0050574392351949715
11205,sub65,5,ling_word_target,0.0035278139579839746
11206,sub65,6,ling_word_target,-0.010798435135752422
11207,sub65,7,ling_word_target,0.008933984449394678
11208,sub65,8,ling_word_target,-0.0180172170684041
11209,sub65,9,ling_word_target,0.005733856136219129
11210,sub65,10,ling_word_target,-0.001653109299970775
11211,sub65,11,ling_word_target,-0.004970186567380966
11212,sub65,12,ling_word_target,-0.014360173703277123
11213,sub65,13,ling_word_target,-0.001584159229516321
11214,sub65,14,ling_word_target,0.004955604741019836
11215,sub65,15,ling_word_target,0.01204639868219515
11216,sub65,16,ling_word_target,-0.007035287284087238
11217,sub65,17,ling_word_target,0.002430201756472928
11218,sub65,18,ling_word_target,0.010471896146781401
11219,sub65,19,ling_word_target,0.0039227072788707296
11220,sub65,20,ling_word_target,-0.002205155056117731
11221,sub65,21,ling_word_target,-0.0010625219397305296
11222,sub65,22,ling_word_target,-0.0038356465765710442
11223,sub65,23,ling_word_target,-0.006892302514345439
11224,sub65,24,ling_word_target,-0.02355551434865792
11225,sub65,25,ling_word_target,0.007177157656403727
11226,sub65,26,ling_word_target,0.004657450197498252
11227,sub65,27,ling_word_target,0.01367990055608402
11228,sub65,28,ling_word_target,-0.0011943827106020645
11229,sub65,29,ling_word_target,0.0087651743798506
11230,sub65,30,ling_word_target,0.0030378941709633305
11231,sub65,31,ling_word_target,0.00970688914952012
11232,sub65,32,ling_word_target,-0.0022984242848971105
11233,sub65,33,ling_word_target,-0.000916665481669878
11234,sub65,34,ling_word_target,-0.004981012585541849
11235,sub65,35,ling_word_target,-0.02084361254276891
11236,sub65,36,ling_word_target,0.011480564857280905
11237,sub65,37,ling_word_target,-0.01400353442306752
11238,sub65,38,ling_word_target,0.008685538159500449
11239,sub65,39,ling_word_target,0.013854222039971078
11240,sub65,40,ling_word_target,0.001865459002849818
11241,sub65,41,ling_word_target,0.005603102385756778
11242,sub65,42,ling_word_target,-0.022500672881448816
11243,sub65,43,ling_word_target,-0.013610504188297293
11244,sub65,44,ling_word_target,-0.002311519114945065
11245,sub65,45,ling_word_target,-0.0027319957534614665
11246,sub65,46,ling_word_target,-0.004747127492533477
11247,sub65,47,ling_word_target,-0.0025587211774753048
11248,sub65,48,ling_word_target,0.008047270406760072
11249,sub65,49,ling_word_target,-0.007969856387933119
11250,sub65,50,ling_word_target,-0.0028281084849819515
11251,sub65,51,ling_word_target,-0.006868751181961998
11252,sub65,52,ling_word_target,0.0021177300946913892
11253,sub65,53,ling_word_target,0.006839778405114212
11254,sub65,54,ling_word_target,-0.00922367084160032
11255,sub65,55,ling_word_target,0.0014412068239185094
11256,sub65,56,ling_word_target,-0.011722140597803361
11257,sub65,57,ling_word_target,-0.017809910210031588
11258,sub65,58,ling_word_target,-0.003214309896415202
11259,sub65,59,ling_word_target,0.001392955947930823
11260,sub65,60,ling_word_target,-0.0024538671905294323
11261,sub65,61,ling_word_target,-0.005572320202578353
11262,sub65,62,ling_word_target,0.0011001605124135385
11263,sub65,63,ling_word_target,-0.0002809394403585663
11264,sub65,64,ling_word_target,-0.005122344030005322
11265,sub65,65,ling_word_target,-0.015895075753729965
11266,sub65,66,ling_word_target,0.010623738205832914
11267,sub65,67,ling_word_target,-0.009592440615596463
11268,sub65,68,ling_word_target,-0.0073642416681321925
11269,sub65,69,ling_word_target,0.01222671402239014
11270,sub65,70,ling_word_target,0.001987028786660565
11271,sub65,71,ling_word_target,-0.005729939542968445
11272,sub65,72,ling_word_target,0.006724108705015715
11273,sub65,73,ling_word_target,0.0016824631038230122
11274,sub65,74,ling_word_target,0.010432587834481736
11275,sub65,75,ling_word_target,0.009859756212595243
11276,sub65,76,ling_word_target,-0.012805741993410287
11277,sub65,77,ling_word_target,0.011985839538373249
11278,sub65,78,ling_word_target,-0.007579027060799907
11279,sub65,79,ling_word_target,-0.013236116100116645
11280,sub65,80,ling_word_target,-0.010037836913881784
11281,sub65,81,ling_word_target,0.005383124929057879
11282,sub65,82,ling_word_target,0.007000846054456389
11283,sub65,83,ling_word_target,-0.015207382132074862
11284,sub65,84,ling_word_target,-0.0004194207114205032
11285,sub65,85,ling_word_target,-0.0062033514381274754
11286,sub65,86,ling_word_target,0.006519095605072153
11287,sub65,87,ling_word_target,-0.007789484226247095
11288,sub65,88,ling_word_target,-0.009576466544706667
11289,sub65,89,ling_word_target,0.007115724716710395
11290,sub65,90,ling_word_target,-0.02313344775582814
11291,sub65,91,ling_word_target,-0.003710733854467565
11292,sub65,92,ling_word_target,0.010469422251557083
11293,sub65,93,ling_word_target,0.014336923144069001
11294,sub65,94,ling_word_target,0.002259116849723575
11295,sub65,95,ling_word_target,-0.0007747972878270489
11296,sub65,96,ling_word_target,0.009698417727350722
11297,sub65,97,ling_word_target,-4.145765781016738e-05
11298,sub65,98,ling_word_target,-0.009951807171714308
11299,sub65,99,ling_word_target,0.00721319645318806
11300,sub65,100,ling_word_target,-0.01714824677223757
11301,sub65,101,ling_word_target,0.004471985711281188
11302,sub65,102,ling_word_target,0.0032455537592039506
11303,sub65,103,ling_word_target,-0.017617603330903873
11304,sub65,104,ling_word_target,-0.004003703366755306
11305,sub65,105,ling_word_target,-0.009968827157536945
11306,sub65,106,ling_word_target,-0.01587126419425674
11307,sub65,107,ling_word_target,-0.002006579855104271
11308,sub65,108,ling_word_target,-0.0027969360931881762
11309,sub65,109,ling_word_target,0.006233099487119043
11310,sub65,110,ling_word_target,0.017092554739703374
11311,sub65,111,ling_word_target,0.0008890657918492947
11312,sub65,112,ling_word_target,-0.007123586630825654
11313,sub65,113,ling_word_target,0.0015358495133737237
11314,sub65,114,ling_word_target,-0.008667656061176032
11315,sub65,115,ling_word_target,-0.005236205059394754
11316,sub65,116,ling_word_target,0.0051113133481460885
11317,sub65,117,ling_word_target,0.009975781726856571
11318,sub65,118,ling_word_target,-0.011033812004527242
11319,sub65,119,ling_word_target,0.007664110459989642
11320,sub65,120,ling_word_target,0.008133200199220203
11321,sub65,121,ling_word_target,-0.004494679232387252
11322,sub65,122,ling_word_target,-0.0005595759091513542
11323,sub65,123,ling_word_target,0.003021805868202865
11324,sub65,124,ling_word_target,0.0035325358666028067
11325,sub65,125,ling_word_target,0.0067506085656909515
11326,sub65,126,ling_word_target,-0.0012482051134789748
11327,sub65,127,ling_word_target,-0.01638075650172181
11328,sub65,128,ling_word_target,0.0040495608452015405
11329,sub65,129,ling_word_target,0.00925375834061166
11330,sub65,130,ling_word_target,-0.006040598628453902
11331,sub65,131,ling_word_target,0.0012697648272187545
11332,sub65,132,ling_word_target,-0.010274972470022771
11333,sub65,133,ling_word_target,-0.012309763153652991
11334,sub65,134,ling_word_target,-0.007735783297399161
11335,sub65,135,ling_word_target,0.000823515399842988
11336,sub65,136,ling_word_target,0.002227795048672821
11337,sub65,137,ling_word_target,0.004487089148226487
11338,sub65,138,ling_word_target,-0.015471956159778685
11339,sub65,139,ling_word_target,-0.0011347272325647286
11340,sub65,140,ling_word_target,-0.004789585794547678
11341,sub65,141,ling_word_target,-0.006395479571973672
11342,sub65,142,ling_word_target,-0.004107583337631748
11343,sub65,143,ling_word_target,-0.0007475788882168126
11344,sub65,144,ling_word_target,-0.0020483259927450144
11345,sub65,145,ling_word_target,-0.0012869973337153093
11346,sub65,146,ling_word_target,-0.005562982648436201
11347,sub65,147,ling_word_target,-0.010877970539745178
11348,sub65,148,ling_word_target,-0.004483728440983433
11349,sub65,149,ling_word_target,-0.007978882968437497
11350,sub65,150,ling_word_target,0.005974973014683052
11351,sub65,151,ling_word_target,-0.013737847166030742
11352,sub65,152,ling_word_target,-0.005866017693216183
11353,sub65,153,ling_word_target,0.0008371968911162208
11354,sub65,154,ling_word_target,0.0015042016572958392
11355,sub65,155,ling_word_target,0.0039332575291959725
11356,sub65,156,ling_word_target,-0.000660940490285512
11357,sub65,157,ling_word_target,0.005946579564642189
11358,sub65,158,ling_word_target,0.00037330612363178765
11359,sub65,159,ling_word_target,-0.0012386487790867476
11360,sub65,160,ling_word_target,-0.006691831605224243
11361,sub65,161,ling_word_target,0.0070351167696520705
11362,sub65,162,ling_word_target,-0.0013597996522169253
11363,sub65,163,ling_word_target,0.007858513963045282
11364,sub65,164,ling_word_target,-0.0005145697911080809
11365,sub65,165,ling_word_target,0.0005533916118718443
11366,sub65,166,ling_word_target,-0.0012522365923473913
11367,sub65,167,ling_word_target,-0.0009528460327776684
11368,sub65,168,ling_word_target,0.013700913208673771
11369,sub65,169,ling_word_target,0.008476229735557408
11370,sub65,170,ling_word_target,-0.016429281407197578
11371,sub65,171,ling_word_target,0.009991208703433818
11372,sub65,172,ling_word_target,-0.008607488723657354
11373,sub65,173,ling_word_target,0.0028056693001514785
11374,sub65,174,ling_word_target,-0.0030086796761113668
11375,sub65,175,ling_word_target,0.001880272654438564
11376,sub65,176,ling_word_target,-0.00747189775956626
11377,sub65,177,ling_word_target,-0.009103557039856358
11378,sub65,178,ling_word_target,-0.010992139294974177
11379,sub65,179,ling_word_target,-0.012609923190431763
11380,sub65,180,ling_word_target,0.011801967692567769
11381,sub65,181,ling_word_target,-0.001974000043214076
11382,sub65,182,ling_word_target,-0.00343444683004133
11383,sub65,183,ling_word_target,-0.02025087761563893
11384,sub65,184,ling_word_target,-0.0023704283732384128
11385,sub65,185,ling_word_target,-0.004006971235798232
11386,sub65,186,ling_word_target,0.007629556615704077
11387,sub65,187,ling_word_target,-0.005099738621008744
11388,sub65,188,ling_word_target,0.018012340442751917
11389,sub65,189,ling_word_target,-0.009459089397560216
11390,sub65,190,ling_word_target,0.0012727890487584626
11391,sub65,191,ling_word_target,0.0010923897464363062
11392,sub65,192,ling_word_target,0.007650261564526869
11393,sub65,193,ling_word_target,0.0021670819931686376
11394,sub65,194,ling_word_target,0.0012690557565764786
11395,sub65,195,ling_word_target,0.012696921203145476
11396,sub65,196,ling_word_target,0.007835338005174278
11397,sub65,197,ling_word_target,0.0078790118626852
11398,sub65,198,ling_word_target,0.008932328803886884
11399,sub65,199,ling_word_target,0.005244860213645335
11400,sub66,0,ling_word_target,6.550339209729406e-05
11401,sub66,1,ling_word_target,0.011358424461810344
11402,sub66,2,ling_word_target,-0.03173346285180681
11403,sub66,3,ling_word_target,0.003974207853633356
11404,sub66,4,ling_word_target,-0.00012911639623959748
11405,sub66,5,ling_word_target,0.012508206854892769
11406,sub66,6,ling_word_target,0.03772796657451395
11407,sub66,7,ling_word_target,0.005901212893528926
11408,sub66,8,ling_word_target,0.030861774867199963
11409,sub66,9,ling_word_target,0.012347358492242095
11410,sub66,10,ling_word_target,0.00243209533519742
11411,sub66,11,ling_word_target,-0.016563489809171963
11412,sub66,12,ling_word_target,-0.015046431750548102
11413,sub66,13,ling_word_target,-0.004928985144834623
11414,sub66,14,ling_word_target,0.02269737440989916
11415,sub66,15,ling_word_target,0.0041845168026859005
11416,sub66,16,ling_word_target,-0.006213616359903041
11417,sub66,17,ling_word_target,0.006070333757751124
11418,sub66,18,ling_word_target,-0.00930095121371668
11419,sub66,19,ling_word_target,0.02553672763186025
11420,sub66,20,ling_word_target,0.009433658806587935
11421,sub66,21,ling_word_target,0.02246642910034307
11422,sub66,22,ling_word_target,-0.0060044252095260734
11423,sub66,23,ling_word_target,0.026216859025800517
11424,sub66,24,ling_word_target,0.014813432195097127
11425,sub66,25,ling_word_target,0.00724868511366105
11426,sub66,26,ling_word_target,-0.031399466794176906
11427,sub66,27,ling_word_target,0.00021554907546388657
11428,sub66,28,ling_word_target,-0.0018487246661676132
11429,sub66,29,ling_word_target,-0.0039808182182045244
11430,sub66,30,ling_word_target,-0.002503545261442096
11431,sub66,31,ling_word_target,0.018002790782624307
11432,sub66,32,ling_word_target,0.004074339336890446
11433,sub66,33,ling_word_target,-0.005230982051429879
11434,sub66,34,ling_word_target,0.005594762702462955
11435,sub66,35,ling_word_target,0.001142317849660927
11436,sub66,36,ling_word_target,-0.01045422172495771
11437,sub66,37,ling_word_target,-0.006217122302974157
11438,sub66,38,ling_word_target,0.005734425830302044
11439,sub66,39,ling_word_target,0.00037106939470241227
11440,sub66,40,ling_word_target,0.011476247745486914
11441,sub66,41,ling_word_target,-0.0264031008366929
11442,sub66,42,ling_word_target,-0.018440047668983515
11443,sub66,43,ling_word_target,-0.006141078447519845
11444,sub66,44,ling_word_target,-0.011370303437907636
11445,sub66,45,ling_word_target,-0.012186487073094842
11446,sub66,46,ling_word_target,0.0001701116022498348
11447,sub66,47,ling_word_target,-0.019116552929426274
11448,sub66,48,ling_word_target,-0.0008872030035583482
11449,sub66,49,ling_word_target,0.019841710755452283
11450,sub66,50,ling_word_target,0.013319366567797789
11451,sub66,51,ling_word_target,0.021020368316783923
11452,sub66,52,ling_word_target,0.019190716230943407
11453,sub66,53,ling_word_target,-3.564796877334266e-05
11454,sub66,54,ling_word_target,-0.03027723274822543
11455,sub66,55,ling_word_target,-0.008130287368197736
11456,sub66,56,ling_word_target,0.00867806430650039
11457,sub66,57,ling_word_target,0.005422132986842621
11458,sub66,58,ling_word_target,-0.006872307728406027
11459,sub66,59,ling_word_target,-0.00786275773607291
11460,sub66,60,ling_word_target,0.0017675115936249815
11461,sub66,61,ling_word_target,-0.0029110995078585737
11462,sub66,62,ling_word_target,0.018021118193391486
11463,sub66,63,ling_word_target,-0.015260574611056581
11464,sub66,64,ling_word_target,0.0017107155870941626
11465,sub66,65,ling_word_target,-0.0003495488035209885
11466,sub66,66,ling_word_target,0.008337090437418598
11467,sub66,67,ling_word_target,-0.003252506232560002
11468,sub66,68,ling_word_target,-0.026590522162725113
11469,sub66,69,ling_word_target,-0.00021390860285154975
11470,sub66,70,ling_word_target,0.008727099019342226
11471,sub66,71,ling_word_target,-0.0013190987611875727
11472,sub66,72,ling_word_target,0.01187504431897443
11473,sub66,73,ling_word_target,0.009757744095106331
11474,sub66,74,ling_word_target,0.009741324013987179
11475,sub66,75,ling_word_target,0.010361883313650715
11476,sub66,76,ling_word_target,0.02383125228727904
11477,sub66,77,ling_word_target,0.007931068163731278
11478,sub66,78,ling_word_target,-0.008921852830246076
11479,sub66,79,ling_word_target,0.02355094760852637
11480,sub66,80,ling_word_target,-0.006642732597011255
11481,sub66,81,ling_word_target,0.00032756597073214423
11482,sub66,82,ling_word_target,-0.003984592052450061
11483,sub66,83,ling_word_target,-0.012970812635076791
11484,sub66,84,ling_word_target,-0.009397645333893204
11485,sub66,85,ling_word_target,0.006773992546364304
11486,sub66,86,ling_word_target,-0.007120310395174224
11487,sub66,87,ling_word_target,-0.0076079738669426146
11488,sub66,88,ling_word_target,-0.0005867989278320453
11489,sub66,89,ling_word_target,0.011161179772647956
11490,sub66,90,ling_word_target,0.00440852671760291
11491,sub66,91,ling_word_target,0.0025841506702797014
11492,sub66,92,ling_word_target,0.015634847137933415
11493,sub66,93,ling_word_target,-0.03316524045723289
11494,sub66,94,ling_word_target,0.012514649299640654
11495,sub66,95,ling_word_target,0.0036840360992955396
11496,sub66,96,ling_word_target,-0.002801372155162906
11497,sub66,97,ling_word_target,-0.006883245026239029
11498,sub66,98,ling_word_target,0.002947679588877494
11499,sub66,99,ling_word_target,0.000392606906879658
11500,sub66,100,ling_word_target,0.02816391803689605
11501,sub66,101,ling_word_target,0.01657982229927397
11502,sub66,102,ling_word_target,-0.0025308999660516866
11503,sub66,103,ling_word_target,0.017448718949775236
11504,sub66,104,ling_word_target,0.01971018047275577
11505,sub66,105,ling_word_target,0.0077128347286608955
11506,sub66,106,ling_word_target,0.002609671939266082
11507,sub66,107,ling_word_target,0.013149957416949699
11508,sub66,108,ling_word_target,-0.01629211062101719
11509,sub66,109,ling_word_target,-0.004394439619493145
11510,sub66,110,ling_word_target,-0.008755098434877352
11511,sub66,111,ling_word_target,0.011177880220959238
11512,sub66,112,ling_word_target,-0.0022104706311015746
11513,sub66,113,ling_word_target,0.024517104831371747
11514,sub66,114,ling_word_target,0.0028272244763718544
11515,sub66,115,ling_word_target,-0.01738059436545789
11516,sub66,116,ling_word_target,-0.019712179486740675
11517,sub66,117,ling_word_target,-0.0012738391901898518
11518,sub66,118,ling_word_target,-0.004228047505612224
11519,sub66,119,ling_word_target,-0.0020596019385906088
11520,sub66,120,ling_word_target,-0.011417845073616916
11521,sub66,121,ling_word_target,0.001172068663954338
11522,sub66,122,ling_word_target,-0.010311444948618888
11523,sub66,123,ling_word_target,0.011408364439686375
11524,sub66,124,ling_word_target,-0.008862511999686844
11525,sub66,125,ling_word_target,-0.020305608260701435
11526,sub66,126,ling_word_target,-0.00373866599832275
11527,sub66,127,ling_word_target,0.009071237275030947
11528,sub66,128,ling_word_target,0.00646213388700893
11529,sub66,129,ling_word_target,0.002783268784938935
11530,sub66,130,ling_word_target,0.013255193409175704
11531,sub66,131,ling_word_target,-0.0031737070592261557
11532,sub66,132,ling_word_target,-0.012963679578015032
11533,sub66,133,ling_word_target,0.009735033690889777
11534,sub66,134,ling_word_target,0.005610541369789777
11535,sub66,135,ling_word_target,0.008892550098471227
11536,sub66,136,ling_word_target,-0.012437681633620284
11537,sub66,137,ling_word_target,0.0011560182736050247
11538,sub66,138,ling_word_target,0.006743493710361076
11539,sub66,139,ling_word_target,-0.012330307843026425
11540,sub66,140,ling_word_target,-0.009169970070824143
11541,sub66,141,ling_word_target,0.006839524417519391
11542,sub66,142,ling_word_target,0.027191728712097983
11543,sub66,143,ling_word_target,0.015174676722988145
11544,sub66,144,ling_word_target,-0.019032585469042903
11545,sub66,145,ling_word_target,-0.009861650840008921
11546,sub66,146,ling_word_target,-0.007259213947241007
11547,sub66,147,ling_word_target,0.011504910358889354
11548,sub66,148,ling_word_target,-0.007246250540098395
11549,sub66,149,ling_word_target,-0.011225195497822714
11550,sub66,150,ling_word_target,0.00840683588360689
11551,sub66,151,ling_word_target,-0.007270138827466465
11552,sub66,152,ling_word_target,0.013433907423082436
11553,sub66,153,ling_word_target,0.012172108258454462
11554,sub66,154,ling_word_target,0.002781486472699992
11555,sub66,155,ling_word_target,0.01022807410805068
11556,sub66,156,ling_word_target,0.009499886407664623
11557,sub66,157,ling_word_target,-0.021854819745479506
11558,sub66,158,ling_word_target,0.001888446255049393
11559,sub66,159,ling_word_target,0.023339025369047535
11560,sub66,160,ling_word_target,-0.01489464189678669
11561,sub66,161,ling_word_target,0.005434471963551578
11562,sub66,162,ling_word_target,0.0024566492434443454
11563,sub66,163,ling_word_target,0.00022809716831355395
11564,sub66,164,ling_word_target,0.004248083830688967
11565,sub66,165,ling_word_target,-0.02394542764373304
11566,sub66,166,ling_word_target,-0.0130638089030448
11567,sub66,167,ling_word_target,-0.013967432696943496
11568,sub66,168,ling_word_target,-0.00890206160626871
11569,sub66,169,ling_word_target,0.00045000882347453173
11570,sub66,170,ling_word_target,0.011489290836929103
11571,sub66,171,ling_word_target,-0.01664878995078888
11572,sub66,172,ling_word_target,0.02643479606708857
11573,sub66,173,ling_word_target,-0.0004589670305625355
11574,sub66,174,ling_word_target,0.022142727235267827
11575,sub66,175,ling_word_target,0.010961896629320025
11576,sub66,176,ling_word_target,-0.008367459197242405
11577,sub66,177,ling_word_target,0.008270638832131628
11578,sub66,178,ling_word_target,-0.016688051270944255
11579,sub66,179,ling_word_target,-0.006965178112582189
11580,sub66,180,ling_word_target,-0.0050753231989723036
11581,sub66,181,ling_word_target,0.008455984384075337
11582,sub66,182,ling_word_target,0.011653422810664437
11583,sub66,183,ling_word_target,-0.004905820710670908
11584,sub66,184,ling_word_target,0.009997382195436997
11585,sub66,185,ling_word_target,0.003596012542908572
11586,sub66,186,ling_word_target,-0.008025187533644436
11587,sub66,187,ling_word_target,-0.0015938101601893756
11588,sub66,188,ling_word_target,0.024594032145601286
11589,sub66,189,ling_word_target,-0.003009490583865905
11590,sub66,190,ling_word_target,0.008179340160848082
11591,sub66,191,ling_word_target,-0.0033907241092441163
11592,sub66,192,ling_word_target,-0.0020767235515718467
11593,sub66,193,ling_word_target,-0.006449618712794401
11594,sub66,194,ling_word_target,-0.007664325354652618
11595,sub66,195,ling_word_target,-0.017521937378992998
11596,sub66,196,ling_word_target,0.0035977459579977834
11597,sub66,197,ling_word_target,-0.013228904703803404
11598,sub66,198,ling_word_target,-0.010221313953998078
11599,sub66,199,ling_word_target,-0.006739945510576576
11600,sub67,0,ling_word_target,-0.003081116635835537
11601,sub67,1,ling_word_target,0.007006285871499095
11602,sub67,2,ling_word_target,-0.003912393264537674
11603,sub67,3,ling_word_target,-0.01869189973579193
11604,sub67,4,ling_word_target,0.000561379644127859
11605,sub67,5,ling_word_target,-0.03449270645062574
11606,sub67,6,ling_word_target,-0.0078002353207768365
11607,sub67,7,ling_word_target,0.013423309560833279
11608,sub67,8,ling_word_target,0.02719958622023995
11609,sub67,9,ling_word_target,0.01931164102025913
11610,sub67,10,ling_word_target,-0.0044141672271343045
11611,sub67,11,ling_word_target,-0.002499680310412711
11612,sub67,12,ling_word_target,0.008743499434864016
11613,sub67,13,ling_word_target,-0.005958036620363323
11614,sub67,14,ling_word_target,0.002838318044963147
11615,sub67,15,ling_word_target,0.00978981510043977
11616,sub67,16,ling_word_target,-0.012941904384661609
11617,sub67,17,ling_word_target,-0.004551974452720179
11618,sub67,18,ling_word_target,0.019771454629193577
11619,sub67,19,ling_word_target,-0.0009462926038078979
11620,sub67,20,ling_word_target,-0.010365122853403665
11621,sub67,21,ling_word_target,0.005001054479900803
11622,sub67,22,ling_word_target,0.016327769206516306
11623,sub67,23,ling_word_target,0.01232838234586798
11624,sub67,24,ling_word_target,-0.01843316173154446
11625,sub67,25,ling_word_target,0.0017863920537948329
11626,sub67,26,ling_word_target,0.0077506102864859676
11627,sub67,27,ling_word_target,-0.005431312397811019
11628,sub67,28,ling_word_target,0.0028053434478198234
11629,sub67,29,ling_word_target,0.0031331059488214122
11630,sub67,30,ling_word_target,-0.0035430821102478125
11631,sub67,31,ling_word_target,0.010003582573143965
11632,sub67,32,ling_word_target,0.005571741720237101
11633,sub67,33,ling_word_target,0.005634579773271747
11634,sub67,34,ling_word_target,0.0009714681888505442
11635,sub67,35,ling_word_target,-0.006853941398774708
11636,sub67,36,ling_word_target,-0.009168670969593463
11637,sub67,37,ling_word_target,0.008821807403512913
11638,sub67,38,ling_word_target,0.010587132846946975
11639,sub67,39,ling_word_target,0.004148279546719431
11640,sub67,40,ling_word_target,0.009332870031009998
11641,sub67,41,ling_word_target,-0.0073799870538508675
11642,sub67,42,ling_word_target,-0.010049917347784397
11643,sub67,43,ling_word_target,0.006215673199173791
11644,sub67,44,ling_word_target,0.004558474499447944
11645,sub67,45,ling_word_target,-0.007767187326990623
11646,sub67,46,ling_word_target,-0.010444394432259032
11647,sub67,47,ling_word_target,0.009903418726872499
11648,sub67,48,ling_word_target,0.008398753867106996
11649,sub67,49,ling_word_target,0.010712483171595259
11650,sub67,50,ling_word_target,0.010725834036813191
11651,sub67,51,ling_word_target,-0.00822201735255573
11652,sub67,52,ling_word_target,-0.015582409398954626
11653,sub67,53,ling_word_target,-0.0015664985741204326
11654,sub67,54,ling_word_target,0.008949023536222546
11655,sub67,55,ling_word_target,-0.026294720284992284
11656,sub67,56,ling_word_target,0.008673528564587947
11657,sub67,57,ling_word_target,-0.009310638082236908
11658,sub67,58,ling_word_target,-0.040768391824896104
11659,sub67,59,ling_word_target,0.00841570879930435
11660,sub67,60,ling_word_target,0.010145930261605936
11661,sub67,61,ling_word_target,-0.015251474088448267
11662,sub67,62,ling_word_target,-0.0014650764815632511
11663,sub67,63,ling_word_target,0.006147949698873625
11664,sub67,64,ling_word_target,-0.006172713309255462
11665,sub67,65,ling_word_target,0.007411915662594182
11666,sub67,66,ling_word_target,-0.0019451611072865019
11667,sub67,67,ling_word_target,0.0021693772475674875
11668,sub67,68,ling_word_target,0.01039286252567425
11669,sub67,69,ling_word_target,0.001904752297534507
11670,sub67,70,ling_word_target,-0.01021063003182017
11671,sub67,71,ling_word_target,0.0019198898469502627
11672,sub67,72,ling_word_target,0.01110757353685191
11673,sub67,73,ling_word_target,0.006558514950469254
11674,sub67,74,ling_word_target,0.013893189806594134
11675,sub67,75,ling_word_target,0.00709299008221538
11676,sub67,76,ling_word_target,0.007932077222431935
11677,sub67,77,ling_word_target,0.0028031098179735012
11678,sub67,78,ling_word_target,0.0041327646640101755
11679,sub67,79,ling_word_target,0.0019171647649947668
11680,sub67,80,ling_word_target,0.006439924855476596
11681,sub67,81,ling_word_target,0.0006107847448186501
11682,sub67,82,ling_word_target,-0.008450984512825745
11683,sub67,83,ling_word_target,-0.01777158474034104
11684,sub67,84,ling_word_target,-0.007746391430927221
11685,sub67,85,ling_word_target,-0.0020747332158464076
11686,sub67,86,ling_word_target,0.008903842593217155
11687,sub67,87,ling_word_target,0.005949306201277135
11688,sub67,88,ling_word_target,-0.015897304431146852
11689,sub67,89,ling_word_target,-0.009605260398088851
11690,sub67,90,ling_word_target,0.020852929233295566
11691,sub67,91,ling_word_target,0.006652050872230024
11692,sub67,92,ling_word_target,0.006741755454133667
11693,sub67,93,ling_word_target,0.0058244960708838025
11694,sub67,94,ling_word_target,0.012147480035742272
11695,sub67,95,ling_word_target,0.0075358229716292625
11696,sub67,96,ling_word_target,0.002989940470094419
11697,sub67,97,ling_word_target,-0.013531838536798348
11698,sub67,98,ling_word_target,-0.012092714654556039
11699,sub67,99,ling_word_target,0.0061352828379685085
11700,sub67,100,ling_word_target,0.007524932453303759
11701,sub67,101,ling_word_target,-0.009392426003617177
11702,sub67,102,ling_word_target,-0.003148666050769059
11703,sub67,103,ling_word_target,0.020552653923337286
11704,sub67,104,ling_word_target,0.006260992251600451
11705,sub67,105,ling_word_target,0.001260829766426065
11706,sub67,106,ling_word_target,0.010257621666272893
11707,sub67,107,ling_word_target,-0.0050765517435982285
11708,sub67,108,ling_word_target,0.024698650243870014
11709,sub67,109,ling_word_target,0.0055654237763454436
11710,sub67,110,ling_word_target,-0.009683171703082107
11711,sub67,111,ling_word_target,0.005066414375669338
11712,sub67,112,ling_word_target,-0.01816939165575581
11713,sub67,113,ling_word_target,0.003189050935352108
11714,sub67,114,ling_word_target,0.011774788945717648
11715,sub67,115,ling_word_target,0.02026287402325189
11716,sub67,116,ling_word_target,0.003939456332332519
11717,sub67,117,ling_word_target,-0.0012592135721921091
11718,sub67,118,ling_word_target,-0.02237081146232824
11719,sub67,119,ling_word_target,0.016313212991313913
11720,sub67,120,ling_word_target,0.0035987122781182116
11721,sub67,121,ling_word_target,0.004517655652024466
11722,sub67,122,ling_word_target,0.003806927490403298
11723,sub67,123,ling_word_target,-0.020740965888296714
11724,sub67,124,ling_word_target,-0.0005828946335294626
11725,sub67,125,ling_word_target,-0.00821071579392402
11726,sub67,126,ling_word_target,0.002302110752680742
11727,sub67,127,ling_word_target,0.0009715697215484964
11728,sub67,128,ling_word_target,0.007549333207731281
11729,sub67,129,ling_word_target,0.008755402749965974
11730,sub67,130,ling_word_target,0.01656265722044552
11731,sub67,131,ling_word_target,-0.00038071967187322997
11732,sub67,132,ling_word_target,-0.007400209656665466
11733,sub67,133,ling_word_target,-0.016846880801766884
11734,sub67,134,ling_word_target,0.0024850471902908987
11735,sub67,135,ling_word_target,0.0027336126710930807
11736,sub67,136,ling_word_target,-0.0049444592144130975
11737,sub67,137,ling_word_target,0.007023243880378809
11738,sub67,138,ling_word_target,0.013238604100988942
11739,sub67,139,ling_word_target,-0.013537336537405568
11740,sub67,140,ling_word_target,0.02231838959978054
11741,sub67,141,ling_word_target,-0.0015070461888208565
11742,sub67,142,ling_word_target,-0.018921024534251013
11743,sub67,143,ling_word_target,-0.0020207049973194184
11744,sub67,144,ling_word_target,0.007181159535030283
11745,sub67,145,ling_word_target,-0.003821753055459642
11746,sub67,146,ling_word_target,-0.0001592769493357992
11747,sub67,147,ling_word_target,0.013786926255681602
11748,sub67,148,ling_word_target,-0.0026978518707315657
11749,sub67,149,ling_word_target,-0.017336150477656985
11750,sub67,150,ling_word_target,0.012248376381323173
11751,sub67,151,ling_word_target,0.00132248310311747
11752,sub67,152,ling_word_target,0.0030508148169785545
11753,sub67,153,ling_word_target,-0.0016193950213440297
11754,sub67,154,ling_word_target,0.006101380999817899
11755,sub67,155,ling_word_target,0.01584325390143455
11756,sub67,156,ling_word_target,-0.003577102318746387
11757,sub67,157,ling_word_target,0.008951441417775147
11758,sub67,158,ling_word_target,0.009230814479209896
11759,sub67,159,ling_word_target,0.0014417557104257149
11760,sub67,160,ling_word_target,0.011907033566432626
11761,sub67,161,ling_word_target,0.0057705638774868465
11762,sub67,162,ling_word_target,0.015607865867523234
11763,sub67,163,ling_word_target,0.005901903742821066
11764,sub67,164,ling_word_target,0.0012215331283969796
11765,sub67,165,ling_word_target,0.0032911173751790307
11766,sub67,166,ling_word_target,0.019626933138745598
11767,sub67,167,ling_word_target,0.01815642648420846
11768,sub67,168,ling_word_target,0.009000850070725193
11769,sub67,169,ling_word_target,-0.0032216695763933514
11770,sub67,170,ling_word_target,0.001955384416826654
11771,sub67,171,ling_word_target,-0.0010557244164857617
11772,sub67,172,ling_word_target,0.024759645831228513
11773,sub67,173,ling_word_target,0.005025081740791963
11774,sub67,174,ling_word_target,0.012588868188566311
11775,sub67,175,ling_word_target,0.011274428276934749
11776,sub67,176,ling_word_target,-0.004589143881564726
11777,sub67,177,ling_word_target,0.016802194848590725
11778,sub67,178,ling_word_target,-0.009312121685521325
11779,sub67,179,ling_word_target,0.012111009571041276
11780,sub67,180,ling_word_target,0.007981620217682214
11781,sub67,181,ling_word_target,0.009062707900574639
11782,sub67,182,ling_word_target,0.014473342570012942
11783,sub67,183,ling_word_target,0.013741545458906846
11784,sub67,184,ling_word_target,-0.006316313901266741
11785,sub67,185,ling_word_target,0.001008834105421399
11786,sub67,186,ling_word_target,-0.011739970192216159
11787,sub67,187,ling_word_target,-0.0006609938660099662
11788,sub67,188,ling_word_target,0.025365620387683453
11789,sub67,189,ling_word_target,-0.0048954956791072085
11790,sub67,190,ling_word_target,-0.020082322719843077
11791,sub67,191,ling_word_target,-0.0010533566732991312
11792,sub67,192,ling_word_target,0.004893583546956279
11793,sub67,193,ling_word_target,-0.011412414874550842
11794,sub67,194,ling_word_target,-0.007392674526408258
11795,sub67,195,ling_word_target,0.006119108424308844
11796,sub67,196,ling_word_target,-0.0014377296598821149
11797,sub67,197,ling_word_target,-0.001647510890352137
11798,sub67,198,ling_word_target,-0.007852120057514868
11799,sub67,199,ling_word_target,-0.013686545321094474
11800,sub68,0,ling_word_target,0.0034018399389319303
11801,sub68,1,ling_word_target,-0.014224987181867108
11802,sub68,2,ling_word_target,0.016028566388446484
11803,sub68,3,ling_word_target,0.0019548362416789275
11804,sub68,4,ling_word_target,-0.05270008624701182
11805,sub68,5,ling_word_target,0.01801419787246743
11806,sub68,6,ling_word_target,-0.0054092318407692
11807,sub68,7,ling_word_target,0.02932554256447039
11808,sub68,8,ling_word_target,0.004451912410527762
11809,sub68,9,ling_word_target,0.007905402492990246
11810,sub68,10,ling_word_target,0.02542977286832715
11811,sub68,11,ling_word_target,0.04504725906883545
11812,sub68,12,ling_word_target,0.005443464012447792
11813,sub68,13,ling_word_target,0.031792591440302935
11814,sub68,14,ling_word_target,0.009035388587708026
11815,sub68,15,ling_word_target,-0.03197584505224987
11816,sub68,16,ling_word_target,0.02802897221227687
11817,sub68,17,ling_word_target,-0.0037147393256391783
11818,sub68,18,ling_word_target,0.0052947585582824395
11819,sub68,19,ling_word_target,0.005363423150909336
11820,sub68,20,ling_word_target,-0.028456489886406484
11821,sub68,21,ling_word_target,0.0004145847493291283
11822,sub68,22,ling_word_target,0.016765373461540858
11823,sub68,23,ling_word_target,0.009163802651087074
11824,sub68,24,ling_word_target,0.018484175074568197
11825,sub68,25,ling_word_target,0.02634818540059645
11826,sub68,26,ling_word_target,0.019407767442259978
11827,sub68,27,ling_word_target,0.007901129981670283
11828,sub68,28,ling_word_target,0.023453980114633392
11829,sub68,29,ling_word_target,0.016382814219790123
11830,sub68,30,ling_word_target,0.004341341509960865
11831,sub68,31,ling_word_target,0.010319745222989056
11832,sub68,32,ling_word_target,-0.012549346025346965
11833,sub68,33,ling_word_target,-0.008577043703134581
11834,sub68,34,ling_word_target,-0.007652685688209081
11835,sub68,35,ling_word_target,0.004348094165845458
11836,sub68,36,ling_word_target,0.04523758239810879
11837,sub68,37,ling_word_target,-0.02058646288950037
11838,sub68,38,ling_word_target,0.00033791320058729446
11839,sub68,39,ling_word_target,-0.0003928425134269218
11840,sub68,40,ling_word_target,0.016102497425731888
11841,sub68,41,ling_word_target,0.0316189736269778
11842,sub68,42,ling_word_target,-0.0060178987004641
11843,sub68,43,ling_word_target,-0.0009470838027959142
11844,sub68,44,ling_word_target,0.012460446500167482
11845,sub68,45,ling_word_target,-0.017127908592083727
11846,sub68,46,ling_word_target,0.012579836412727495
11847,sub68,47,ling_word_target,-0.011657052054051247
11848,sub68,48,ling_word_target,-0.007936016001364727
11849,sub68,49,ling_word_target,-0.0020115065984635558
11850,sub68,50,ling_word_target,0.019303378410000748
11851,sub68,51,ling_word_target,-0.003082851860932739
11852,sub68,52,ling_word_target,0.0022071813291062387
11853,sub68,53,ling_word_target,0.0095551111284955
11854,sub68,54,ling_word_target,0.018162190397530687
11855,sub68,55,ling_word_target,0.019510492179291003
11856,sub68,56,ling_word_target,-0.009498981288841806
11857,sub68,57,ling_word_target,-0.006358071794443366
11858,sub68,58,ling_word_target,0.0023490742999820657
11859,sub68,59,ling_word_target,0.0013167646565559515
11860,sub68,60,ling_word_target,0.0023883414075141257
11861,sub68,61,ling_word_target,0.03873276783271553
11862,sub68,62,ling_word_target,-0.01158275002462258
11863,sub68,63,ling_word_target,-0.0061879459822446505
11864,sub68,64,ling_word_target,0.0041068545425164745
11865,sub68,65,ling_word_target,-0.011115706327813533
11866,sub68,66,ling_word_target,0.005487955985464738
11867,sub68,67,ling_word_target,0.008682012848600694
11868,sub68,68,ling_word_target,-0.008048095434134343
11869,sub68,69,ling_word_target,0.003089441883347229
11870,sub68,70,ling_word_target,0.001852454830715095
11871,sub68,71,ling_word_target,0.0026965229503856897
11872,sub68,72,ling_word_target,-0.016755502027525838
11873,sub68,73,ling_word_target,0.004529205573110282
11874,sub68,74,ling_word_target,0.028953903302723613
11875,sub68,75,ling_word_target,-0.011049551586942125
11876,sub68,76,ling_word_target,-0.020926770835703365
11877,sub68,77,ling_word_target,0.00842183948804533
11878,sub68,78,ling_word_target,-0.006270197220281531
11879,sub68,79,ling_word_target,-0.016718198651876254
11880,sub68,80,ling_word_target,-0.011403331991516072
11881,sub68,81,ling_word_target,-0.021186309743085094
11882,sub68,82,ling_word_target,0.005011806237273717
11883,sub68,83,ling_word_target,-0.017844828601536834
11884,sub68,84,ling_word_target,-0.010833384838370794
11885,sub68,85,ling_word_target,0.016759110332765673
11886,sub68,86,ling_word_target,-0.003903971470692273
11887,sub68,87,ling_word_target,0.03581322729218912
11888,sub68,88,ling_word_target,-0.0015403941868847482
11889,sub68,89,ling_word_target,0.05475466787180752
11890,sub68,90,ling_word_target,0.022883404540479768
11891,sub68,91,ling_word_target,-0.005701933561578446
11892,sub68,92,ling_word_target,0.0007807460622468329
11893,sub68,93,ling_word_target,0.003075191456266172
11894,sub68,94,ling_word_target,-0.005794852259634904
11895,sub68,95,ling_word_target,-0.00909386933375814
11896,sub68,96,ling_word_target,0.011682915436351925
11897,sub68,97,ling_word_target,-0.02507553906270054
11898,sub68,98,ling_word_target,0.0020341275864292196
11899,sub68,99,ling_word_target,0.011779509583251677
11900,sub68,100,ling_word_target,-0.004835247770586055
11901,sub68,101,ling_word_target,-0.0035264796796529037
11902,sub68,102,ling_word_target,-0.00296225198346233
11903,sub68,103,ling_word_target,-0.01259091528613577
11904,sub68,104,ling_word_target,0.02531361442827658
11905,sub68,105,ling_word_target,0.00030867377265340223
11906,sub68,106,ling_word_target,-0.012587989137162574
11907,sub68,107,ling_word_target,-0.014199447674599961
11908,sub68,108,ling_word_target,-0.007057298313561774
11909,sub68,109,ling_word_target,0.010691152004317585
11910,sub68,110,ling_word_target,-0.0022524706906348626
11911,sub68,111,ling_word_target,-0.0018915278901470607
11912,sub68,112,ling_word_target,0.019238161358282622
11913,sub68,113,ling_word_target,0.01317186177204662
11914,sub68,114,ling_word_target,0.0013629825466514429
11915,sub68,115,ling_word_target,0.013465722070832726
11916,sub68,116,ling_word_target,0.00191974085253028
11917,sub68,117,ling_word_target,0.032027159503648935
11918,sub68,118,ling_word_target,0.029683149798448785
11919,sub68,119,ling_word_target,0.034053413056682254
11920,sub68,120,ling_word_target,0.015057635649184924
11921,sub68,121,ling_word_target,-0.0018107020555261251
11922,sub68,122,ling_word_target,0.0032986640244862795
11923,sub68,123,ling_word_target,-0.005180543494598997
11924,sub68,124,ling_word_target,0.0135961415385553
11925,sub68,125,ling_word_target,0.006289747362817644
11926,sub68,126,ling_word_target,0.0032760923928157083
11927,sub68,127,ling_word_target,-0.006789606933668215
11928,sub68,128,ling_word_target,-0.0008090765183113344
11929,sub68,129,ling_word_target,-0.02410373349215242
11930,sub68,130,ling_word_target,-0.00401493403796271
11931,sub68,131,ling_word_target,0.011647443936358364
11932,sub68,132,ling_word_target,0.03793927105648701
11933,sub68,133,ling_word_target,-0.02404409112670876
11934,sub68,134,ling_word_target,-0.0026785282680892013
11935,sub68,135,ling_word_target,-0.03896516007229214
11936,sub68,136,ling_word_target,0.03364023361096439
11937,sub68,137,ling_word_target,0.022203082849763477
11938,sub68,138,ling_word_target,0.00048474742961160166
11939,sub68,139,ling_word_target,0.020592067428243856
11940,sub68,140,ling_word_target,-0.004602990865421979
11941,sub68,141,ling_word_target,-0.016243191963366724
11942,sub68,142,ling_word_target,0.0047716975615497885
11943,sub68,143,ling_word_target,0.005091156328795956
11944,sub68,144,ling_word_target,-0.02123157497020734
11945,sub68,145,ling_word_target,0.0023089816899015676
11946,sub68,146,ling_word_target,-0.0024670846260202834
11947,sub68,147,ling_word_target,-0.01985360328300106
11948,sub68,148,ling_word_target,0.009920057254371265
11949,sub68,149,ling_word_target,-0.06592051922422804
11950,sub68,150,ling_word_target,0.006422211367313496
11951,sub68,151,ling_word_target,0.0012613418679016776
11952,sub68,152,ling_word_target,-0.018827305850615532
11953,sub68,153,ling_word_target,-0.022073794248752294
11954,sub68,154,ling_word_target,0.007614999429565606
11955,sub68,155,ling_word_target,0.019388790026235444
11956,sub68,156,ling_word_target,0.01558987196763576
11957,sub68,157,ling_word_target,-0.03309742831115169
11958,sub68,158,ling_word_target,-0.04508048373275306
11959,sub68,159,ling_word_target,-0.008612434752614584
11960,sub68,160,ling_word_target,-0.012136632352215626
11961,sub68,161,ling_word_target,0.002308423687760768
11962,sub68,162,ling_word_target,0.011126066567494245
11963,sub68,163,ling_word_target,0.01539943124082339
11964,sub68,164,ling_word_target,-0.00801731271335555
11965,sub68,165,ling_word_target,0.02552995452345201
11966,sub68,166,ling_word_target,0.018143729553434237
11967,sub68,167,ling_word_target,0.028375227281116723
11968,sub68,168,ling_word_target,0.034761626439120896
11969,sub68,169,ling_word_target,-0.010624130670237285
11970,sub68,170,ling_word_target,-0.004003745097532558
11971,sub68,171,ling_word_target,0.015151670544007893
11972,sub68,172,ling_word_target,0.005948450861935423
11973,sub68,173,ling_word_target,-0.02146269384136845
11974,sub68,174,ling_word_target,0.03806624930737133
11975,sub68,175,ling_word_target,0.0006965111521705471
11976,sub68,176,ling_word_target,0.005383977292457086
11977,sub68,177,ling_word_target,0.027361381256259504
11978,sub68,178,ling_word_target,-0.02016977325575756
11979,sub68,179,ling_word_target,0.00016370051637619608
11980,sub68,180,ling_word_target,0.0338759607582099
11981,sub68,181,ling_word_target,-0.00038302434732109304
11982,sub68,182,ling_word_target,-0.020837649199147844
11983,sub68,183,ling_word_target,0.020416302565184043
11984,sub68,184,ling_word_target,0.006371169964129422
11985,sub68,185,ling_word_target,0.03119258612072307
11986,sub68,186,ling_word_target,-0.018416475134111567
11987,sub68,187,ling_word_target,-0.0004076392998552361
11988,sub68,188,ling_word_target,-0.00832873422521184
11989,sub68,189,ling_word_target,0.010191857729071259
11990,sub68,190,ling_word_target,-0.0071238801546449175
11991,sub68,191,ling_word_target,0.0024633879066272976
11992,sub68,192,ling_word_target,0.0012469156002218984
11993,sub68,193,ling_word_target,0.02813648929397628
11994,sub68,194,ling_word_target,-0.02016931872098524
11995,sub68,195,ling_word_target,0.011969176687716734
11996,sub68,196,ling_word_target,-0.004871391309350314
11997,sub68,197,ling_word_target,0.04313277841636166
11998,sub68,198,ling_word_target,-0.011152816094123117
11999,sub68,199,ling_word_target,0.02449390230580647
12000,sub69,0,ling_word_target,-0.05747713483929677
12001,sub69,1,ling_word_target,0.011648448247492916
12002,sub69,2,ling_word_target,0.011906960062784043
12003,sub69,3,ling_word_target,-0.040379002395864394
12004,sub69,4,ling_word_target,-0.001059279164599722
12005,sub69,5,ling_word_target,0.009179957585505633
12006,sub69,6,ling_word_target,0.003250021177283782
12007,sub69,7,ling_word_target,0.003026925221045397
12008,sub69,8,ling_word_target,0.04104844083619176
12009,sub69,9,ling_word_target,-0.005461166182335827
12010,sub69,10,ling_word_target,-8.251800304754693e-05
12011,sub69,11,ling_word_target,0.01750081648587966
12012,sub69,12,ling_word_target,0.025564197096527064
12013,sub69,13,ling_word_target,-0.014312590427491261
12014,sub69,14,ling_word_target,0.039438292287121
12015,sub69,15,ling_word_target,-0.030278607259858658
12016,sub69,16,ling_word_target,0.00911143845602272
12017,sub69,17,ling_word_target,0.013933713213342873
12018,sub69,18,ling_word_target,-0.007127820676460628
12019,sub69,19,ling_word_target,0.03924111405357764
12020,sub69,20,ling_word_target,0.011649746655980455
12021,sub69,21,ling_word_target,-0.03995577590178918
12022,sub69,22,ling_word_target,0.005174590248234692
12023,sub69,23,ling_word_target,-0.0008087126963768495
12024,sub69,24,ling_word_target,0.02563956839794322
12025,sub69,25,ling_word_target,-0.041610001033474744
12026,sub69,26,ling_word_target,0.01697686695402566
12027,sub69,27,ling_word_target,0.0469159203930367
12028,sub69,28,ling_word_target,0.008806943642678852
12029,sub69,29,ling_word_target,-0.02143204198740676
12030,sub69,30,ling_word_target,-0.027412896914663365
12031,sub69,31,ling_word_target,0.0017873873448368553
12032,sub69,32,ling_word_target,0.009087055084659904
12033,sub69,33,ling_word_target,-0.007484162821250241
12034,sub69,34,ling_word_target,0.01550206776550201
12035,sub69,35,ling_word_target,0.013830479221694673
12036,sub69,36,ling_word_target,-0.0023608232761558917
12037,sub69,37,ling_word_target,-0.028805678096381276
12038,sub69,38,ling_word_target,0.024629353462351473
12039,sub69,39,ling_word_target,0.008543649612962055
12040,sub69,40,ling_word_target,-0.006498359708135753
12041,sub69,41,ling_word_target,-0.020435354819360325
12042,sub69,42,ling_word_target,-0.01196268904007218
12043,sub69,43,ling_word_target,0.007620611779055767
12044,sub69,44,ling_word_target,-0.021056821228171877
12045,sub69,45,ling_word_target,0.0021518340978535764
12046,sub69,46,ling_word_target,0.0021595115471615177
12047,sub69,47,ling_word_target,-0.003902030082715776
12048,sub69,48,ling_word_target,0.03318339427354704
12049,sub69,49,ling_word_target,0.0007679510530974246
12050,sub69,50,ling_word_target,-0.029006593827021185
12051,sub69,51,ling_word_target,-0.01594020388682424
12052,sub69,52,ling_word_target,0.020402905642239302
12053,sub69,53,ling_word_target,-0.001368962062965365
12054,sub69,54,ling_word_target,-0.0130687110655704
12055,sub69,55,ling_word_target,-0.005431070953152838
12056,sub69,56,ling_word_target,0.007910012267984755
12057,sub69,57,ling_word_target,0.011476921847599941
12058,sub69,58,ling_word_target,0.03439732915719819
12059,sub69,59,ling_word_target,-0.0003805973708251004
12060,sub69,60,ling_word_target,-0.004983327760870613
12061,sub69,61,ling_word_target,0.02499247422799206
12062,sub69,62,ling_word_target,0.020430884087975765
12063,sub69,63,ling_word_target,0.016102569286185486
12064,sub69,64,ling_word_target,0.028967121006308907
12065,sub69,65,ling_word_target,-0.013300663524754727
12066,sub69,66,ling_word_target,-0.02297116620066961
12067,sub69,67,ling_word_target,0.010929126191037213
12068,sub69,68,ling_word_target,0.005865481889177067
12069,sub69,69,ling_word_target,0.012348103788024343
12070,sub69,70,ling_word_target,0.004188825190386517
12071,sub69,71,ling_word_target,-0.023945954055818723
12072,sub69,72,ling_word_target,0.01623182197169099
12073,sub69,73,ling_word_target,0.0446317741866267
12074,sub69,74,ling_word_target,-0.00360964073052906
12075,sub69,75,ling_word_target,-0.004396300189827246
12076,sub69,76,ling_word_target,-0.005839397274093609
12077,sub69,77,ling_word_target,-0.0048370993058781085
12078,sub69,78,ling_word_target,-0.017294756419197605
12079,sub69,79,ling_word_target,0.0068920256989789775
12080,sub69,80,ling_word_target,0.01471880819921628
12081,sub69,81,ling_word_target,-0.003811351376581683
12082,sub69,82,ling_word_target,-0.02355235622222836
12083,sub69,83,ling_word_target,0.008326631949973705
12084,sub69,84,ling_word_target,-0.008739482987619831
12085,sub69,85,ling_word_target,0.003915875002820775
12086,sub69,86,ling_word_target,0.00490593000127398
12087,sub69,87,ling_word_target,-0.015070110438487551
12088,sub69,88,ling_word_target,0.012335088934930084
12089,sub69,89,ling_word_target,0.04291796298853827
12090,sub69,90,ling_word_target,0.00038779387206902175
12091,sub69,91,ling_word_target,-0.020414915906075068
12092,sub69,92,ling_word_target,0.029631976656154947
12093,sub69,93,ling_word_target,0.035874776575086885
12094,sub69,94,ling_word_target,-0.006262934609022247
12095,sub69,95,ling_word_target,-0.0166236208073582
12096,sub69,96,ling_word_target,0.017725605592339867
12097,sub69,97,ling_word_target,-0.007909663532634796
12098,sub69,98,ling_word_target,-0.01947633891340756
12099,sub69,99,ling_word_target,-0.003902889517138329
12100,sub69,100,ling_word_target,-0.015247419893101659
12101,sub69,101,ling_word_target,-0.00853939436364098
12102,sub69,102,ling_word_target,0.012288217299511255
12103,sub69,103,ling_word_target,-0.02636605780352392
12104,sub69,104,ling_word_target,0.011238877940438229
12105,sub69,105,ling_word_target,0.0007732978872412713
12106,sub69,106,ling_word_target,0.021675126424053025
12107,sub69,107,ling_word_target,0.031399519647477
12108,sub69,108,ling_word_target,-0.0026330774557765235
12109,sub69,109,ling_word_target,-0.010879286382820022
12110,sub69,110,ling_word_target,-0.015351012544443713
12111,sub69,111,ling_word_target,0.007826266023140419
12112,sub69,112,ling_word_target,0.018211096778467745
12113,sub69,113,ling_word_target,-0.014070332539017755
12114,sub69,114,ling_word_target,-0.02483548181917916
12115,sub69,115,ling_word_target,0.007073987027655541
12116,sub69,116,ling_word_target,0.03978120513836498
12117,sub69,117,ling_word_target,-0.03290487123379173
12118,sub69,118,ling_word_target,-0.01675669773153677
12119,sub69,119,ling_word_target,0.012103304147920366
12120,sub69,120,ling_word_target,0.011671579120652559
12121,sub69,121,ling_word_target,0.004568920093960226
12122,sub69,122,ling_word_target,-0.01624151407898357
12123,sub69,123,ling_word_target,-0.007825518673362255
12124,sub69,124,ling_word_target,0.010666185448774753
12125,sub69,125,ling_word_target,0.01935342845499968
12126,sub69,126,ling_word_target,-0.0018529553493991512
12127,sub69,127,ling_word_target,-0.027587148438704925
12128,sub69,128,ling_word_target,0.004686441680780735
12129,sub69,129,ling_word_target,0.032853852512973306
12130,sub69,130,ling_word_target,0.014632717298457887
12131,sub69,131,ling_word_target,-0.020466647596689008
12132,sub69,132,ling_word_target,0.003017889067977121
12133,sub69,133,ling_word_target,0.0091004240200944
12134,sub69,134,ling_word_target,0.002427952290211145
12135,sub69,135,ling_word_target,-0.01148924492507556
12136,sub69,136,ling_word_target,0.022979065133336377
12137,sub69,137,ling_word_target,-0.02266856330548442
12138,sub69,138,ling_word_target,0.013282481830053676
12139,sub69,139,ling_word_target,0.0007656443076185563
12140,sub69,140,ling_word_target,0.0006042127708108909
12141,sub69,141,ling_word_target,-0.013261040446545637
12142,sub69,142,ling_word_target,0.02648339292334702
12143,sub69,143,ling_word_target,-0.0019886424657340075
12144,sub69,144,ling_word_target,-0.00048402165764116235
12145,sub69,145,ling_word_target,0.011163279150438115
12146,sub69,146,ling_word_target,0.00021822259934038801
12147,sub69,147,ling_word_target,0.010584926526515367
12148,sub69,148,ling_word_target,-0.023600113427671696
12149,sub69,149,ling_word_target,0.006983438016386282
12150,sub69,150,ling_word_target,0.0022520886396420955
12151,sub69,151,ling_word_target,-0.026614903430676677
12152,sub69,152,ling_word_target,0.009236843673871066
12153,sub69,153,ling_word_target,-0.018046100553085802
12154,sub69,154,ling_word_target,-0.0009327362235061105
12155,sub69,155,ling_word_target,0.01840138740388292
12156,sub69,156,ling_word_target,-0.00794105853877429
12157,sub69,157,ling_word_target,-0.02246229826926208
12158,sub69,158,ling_word_target,0.01897683134697685
12159,sub69,159,ling_word_target,-0.010728599012989087
12160,sub69,160,ling_word_target,0.045785646008006275
12161,sub69,161,ling_word_target,0.003735699012330617
12162,sub69,162,ling_word_target,-0.00429101598492394
12163,sub69,163,ling_word_target,0.005567379502517518
12164,sub69,164,ling_word_target,-0.0017933066156578482
12165,sub69,165,ling_word_target,-0.007833542981289169
12166,sub69,166,ling_word_target,-0.010280675487141795
12167,sub69,167,ling_word_target,-0.0034529461284671503
12168,sub69,168,ling_word_target,0.018549051150810403
12169,sub69,169,ling_word_target,0.02164053169143994
12170,sub69,170,ling_word_target,0.03207421531818367
12171,sub69,171,ling_word_target,-0.01295444034743318
12172,sub69,172,ling_word_target,0.009971212578860763
12173,sub69,173,ling_word_target,0.035516651485163586
12174,sub69,174,ling_word_target,-0.010775318694514233
12175,sub69,175,ling_word_target,-0.017787847946479116
12176,sub69,176,ling_word_target,-0.0005427245454518819
12177,sub69,177,ling_word_target,-0.030965019855548837
12178,sub69,178,ling_word_target,-0.006218022870504724
12179,sub69,179,ling_word_target,-0.0020046971857793383
12180,sub69,180,ling_word_target,-0.0021382787129838716
12181,sub69,181,ling_word_target,0.010865470016807969
12182,sub69,182,ling_word_target,-0.009647176606382972
12183,sub69,183,ling_word_target,-0.00011304148183160161
12184,sub69,184,ling_word_target,-0.0003893550337371782
12185,sub69,185,ling_word_target,-0.026665294678192668
12186,sub69,186,ling_word_target,-0.017990697495426047
12187,sub69,187,ling_word_target,-0.005763211381708468
12188,sub69,188,ling_word_target,0.0019364768855631613
12189,sub69,189,ling_word_target,0.008499929177561493
12190,sub69,190,ling_word_target,-0.002999732390475608
12191,sub69,191,ling_word_target,0.005198679802123291
12192,sub69,192,ling_word_target,0.011092474579986846
12193,sub69,193,ling_word_target,-0.006101901514665469
12194,sub69,194,ling_word_target,-0.038733623525118686
12195,sub69,195,ling_word_target,-0.05688449593230495
12196,sub69,196,ling_word_target,0.043352512358751025
12197,sub69,197,ling_word_target,-0.01437326435765403
12198,sub69,198,ling_word_target,-0.020683864103507785
12199,sub69,199,ling_word_target,-0.013423982722061273
12200,sub70,0,ling_word_target,-0.008141314588807794
12201,sub70,1,ling_word_target,-0.0030321706149433725
12202,sub70,2,ling_word_target,-0.007457526407096165
12203,sub70,3,ling_word_target,-0.017520675172452087
12204,sub70,4,ling_word_target,-0.009090052954927184
12205,sub70,5,ling_word_target,-0.008696057327804787
12206,sub70,6,ling_word_target,-0.004917495608492495
12207,sub70,7,ling_word_target,0.0013064513335705494
12208,sub70,8,ling_word_target,0.015759327852880322
12209,sub70,9,ling_word_target,0.009502199003483019
12210,sub70,10,ling_word_target,-0.009073821202502153
12211,sub70,11,ling_word_target,-0.0206917831618101
12212,sub70,12,ling_word_target,-0.015225576710202757
12213,sub70,13,ling_word_target,-0.005114192785783472
12214,sub70,14,ling_word_target,0.0033801691801564416
12215,sub70,15,ling_word_target,-0.005239489559815347
12216,sub70,16,ling_word_target,0.0029944172639153437
12217,sub70,17,ling_word_target,-0.007569729539289173
12218,sub70,18,ling_word_target,0.008116921948830465
12219,sub70,19,ling_word_target,0.019042051821275958
12220,sub70,20,ling_word_target,0.0008583687302340007
12221,sub70,21,ling_word_target,-0.004799931815689186
12222,sub70,22,ling_word_target,0.014038681153530397
12223,sub70,23,ling_word_target,-0.007816442256356507
12224,sub70,24,ling_word_target,-0.029991915586868315
12225,sub70,25,ling_word_target,0.005166921565234011
12226,sub70,26,ling_word_target,0.011946827799091819
12227,sub70,27,ling_word_target,0.014039958247059519
12228,sub70,28,ling_word_target,-0.007560328707519935
12229,sub70,29,ling_word_target,-0.026015516892815033
12230,sub70,30,ling_word_target,0.003214502098931446
12231,sub70,31,ling_word_target,0.00847539513360236
12232,sub70,32,ling_word_target,0.0006257357431590828
12233,sub70,33,ling_word_target,0.02100879818053265
12234,sub70,34,ling_word_target,0.002373106999291434
12235,sub70,35,ling_word_target,0.0022332095707977874
12236,sub70,36,ling_word_target,-0.00771831258268012
12237,sub70,37,ling_word_target,0.00184366298781804
12238,sub70,38,ling_word_target,0.023586523962255867
12239,sub70,39,ling_word_target,-0.01159801684619078
12240,sub70,40,ling_word_target,-0.007482541551711232
12241,sub70,41,ling_word_target,0.015937298753720984
12242,sub70,42,ling_word_target,0.01688689227319639
12243,sub70,43,ling_word_target,-0.020339568694928332
12244,sub70,44,ling_word_target,-0.011871498069670219
12245,sub70,45,ling_word_target,-0.01173184421572712
12246,sub70,46,ling_word_target,0.004847468524417197
12247,sub70,47,ling_word_target,-9.541064357917522e-06
12248,sub70,48,ling_word_target,0.014160482443810843
12249,sub70,49,ling_word_target,0.011301138983141164
12250,sub70,50,ling_word_target,-0.005932285058427001
12251,sub70,51,ling_word_target,-0.01510387203371369
12252,sub70,52,ling_word_target,-0.003674467877592357
12253,sub70,53,ling_word_target,-0.02619813246417812
12254,sub70,54,ling_word_target,-0.007657669836673952
12255,sub70,55,ling_word_target,-0.01338114288917752
12256,sub70,56,ling_word_target,-0.004837873359304783
12257,sub70,57,ling_word_target,0.01918925809606303
12258,sub70,58,ling_word_target,0.029665326317498145
12259,sub70,59,ling_word_target,0.018546204812019438
12260,sub70,60,ling_word_target,0.03318478821329699
12261,sub70,61,ling_word_target,-0.02027571460517795
12262,sub70,62,ling_word_target,0.01688528109164351
12263,sub70,63,ling_word_target,-0.013351801273477269
12264,sub70,64,ling_word_target,-0.009494640024018142
12265,sub70,65,ling_word_target,-0.013528422222372941
12266,sub70,66,ling_word_target,-0.00023300307646235982
12267,sub70,67,ling_word_target,0.032084083458128
12268,sub70,68,ling_word_target,0.011188688402883189
12269,sub70,69,ling_word_target,0.018918834730414384
12270,sub70,70,ling_word_target,0.0023940918986236543
12271,sub70,71,ling_word_target,-0.004525958434349126
12272,sub70,72,ling_word_target,0.01108876344644634
12273,sub70,73,ling_word_target,0.008286950527329083
12274,sub70,74,ling_word_target,0.010092211007198043
12275,sub70,75,ling_word_target,0.00941652078087233
12276,sub70,76,ling_word_target,-0.006296040061729144
12277,sub70,77,ling_word_target,-0.031031185894878563
12278,sub70,78,ling_word_target,0.004746370342489065
12279,sub70,79,ling_word_target,-0.004709673362418851
12280,sub70,80,ling_word_target,0.01672156515812757
12281,sub70,81,ling_word_target,0.0031107492703518307
12282,sub70,82,ling_word_target,-0.01830072732997469
12283,sub70,83,ling_word_target,0.003808295753426659
12284,sub70,84,ling_word_target,0.007720930538019876
12285,sub70,85,ling_word_target,-0.01664509498628835
12286,sub70,86,ling_word_target,-0.010366664192813924
12287,sub70,87,ling_word_target,0.0046237749030689
12288,sub70,88,ling_word_target,0.02262658993656918
12289,sub70,89,ling_word_target,0.01133560416133418
12290,sub70,90,ling_word_target,-0.005663446211812868
12291,sub70,91,ling_word_target,-0.020554560595790087
12292,sub70,92,ling_word_target,-0.025802464490689625
12293,sub70,93,ling_word_target,0.0053672802679790394
12294,sub70,94,ling_word_target,0.0210485942149231
12295,sub70,95,ling_word_target,-0.016762515589319064
12296,sub70,96,ling_word_target,-0.007711126453211262
12297,sub70,97,ling_word_target,-0.01029345375185994
12298,sub70,98,ling_word_target,0.020226455848985816
12299,sub70,99,ling_word_target,-0.0018227405070234117
12300,sub70,100,ling_word_target,-0.0015482702158266925
12301,sub70,101,ling_word_target,-0.007791214695463389
12302,sub70,102,ling_word_target,-0.018903499381149106
12303,sub70,103,ling_word_target,-0.023763077521796974
12304,sub70,104,ling_word_target,-0.011019060932210013
12305,sub70,105,ling_word_target,-0.0019595696760263816
12306,sub70,106,ling_word_target,-0.003600889873046992
12307,sub70,107,ling_word_target,-0.016328503702692745
12308,sub70,108,ling_word_target,-0.0026530277692452236
12309,sub70,109,ling_word_target,0.009378390791311546
12310,sub70,110,ling_word_target,-0.0014885335109488783
12311,sub70,111,ling_word_target,0.011896845025619562
12312,sub70,112,ling_word_target,0.004251852426886441
12313,sub70,113,ling_word_target,-0.00935815564779398
12314,sub70,114,ling_word_target,-0.004609966286137865
12315,sub70,115,ling_word_target,0.006627084453993874
12316,sub70,116,ling_word_target,0.01873594252238398
12317,sub70,117,ling_word_target,0.012144069988444136
12318,sub70,118,ling_word_target,-0.022177487641056357
12319,sub70,119,ling_word_target,0.003745290262090123
12320,sub70,120,ling_word_target,0.009482054808924592
12321,sub70,121,ling_word_target,0.005176018594308242
12322,sub70,122,ling_word_target,-0.0066311930054678905
12323,sub70,123,ling_word_target,0.0017544540780342621
12324,sub70,124,ling_word_target,-0.0036035832793019683
12325,sub70,125,ling_word_target,0.010984180563682127
12326,sub70,126,ling_word_target,-0.01007535474033396
12327,sub70,127,ling_word_target,0.01830514662837939
12328,sub70,128,ling_word_target,0.0035240624071446233
12329,sub70,129,ling_word_target,0.0018820424039746365
12330,sub70,130,ling_word_target,0.0018633993677512218
12331,sub70,131,ling_word_target,0.006218317319408329
12332,sub70,132,ling_word_target,-0.012936486361059561
12333,sub70,133,ling_word_target,-0.025235515227842082
12334,sub70,134,ling_word_target,-0.002624983131516006
12335,sub70,135,ling_word_target,0.003837304674486464
12336,sub70,136,ling_word_target,0.019502610556054945
12337,sub70,137,ling_word_target,0.0071770146147180905
12338,sub70,138,ling_word_target,0.004690447667340785
12339,sub70,139,ling_word_target,0.0054140601547184595
12340,sub70,140,ling_word_target,0.01874073642133302
12341,sub70,141,ling_word_target,0.008348728932215752
12342,sub70,142,ling_word_target,-0.001315754658657114
12343,sub70,143,ling_word_target,-0.018869508687479667
12344,sub70,144,ling_word_target,0.008022501590038993
12345,sub70,145,ling_word_target,-0.004473821272338815
12346,sub70,146,ling_word_target,-0.017279434010107772
12347,sub70,147,ling_word_target,-0.008200216340558345
12348,sub70,148,ling_word_target,0.007923857743008158
12349,sub70,149,ling_word_target,-0.0009726268527337455
12350,sub70,150,ling_word_target,-0.0019442805203434743
12351,sub70,151,ling_word_target,0.01734700457765689
12352,sub70,152,ling_word_target,0.011836135391932612
12353,sub70,153,ling_word_target,8.515943714863632e-05
12354,sub70,154,ling_word_target,-0.01165260346833869
12355,sub70,155,ling_word_target,0.006357423979862403
12356,sub70,156,ling_word_target,0.0019189972122309773
12357,sub70,157,ling_word_target,0.010695080672891826
12358,sub70,158,ling_word_target,0.01831651548776946
12359,sub70,159,ling_word_target,-0.007025871424817427
12360,sub70,160,ling_word_target,-0.006671797878583524
12361,sub70,161,ling_word_target,0.01435851736618
12362,sub70,162,ling_word_target,-0.0020746451540848976
12363,sub70,163,ling_word_target,0.0021217552717616994
12364,sub70,164,ling_word_target,-0.009505415936867337
12365,sub70,165,ling_word_target,0.009525714104884635
12366,sub70,166,ling_word_target,0.004021316052462657
12367,sub70,167,ling_word_target,-0.00433798533200669
12368,sub70,168,ling_word_target,-0.027748518186857227
12369,sub70,169,ling_word_target,0.0036869588246420046
12370,sub70,170,ling_word_target,-0.009971347318252048
12371,sub70,171,ling_word_target,0.002222886701167904
12372,sub70,172,ling_word_target,-0.01104007570352808
12373,sub70,173,ling_word_target,-0.005365016885288836
12374,sub70,174,ling_word_target,-0.00023232917959272527
12375,sub70,175,ling_word_target,-0.008661788337853433
12376,sub70,176,ling_word_target,-0.00712944610109433
12377,sub70,177,ling_word_target,-0.00040050164623182916
12378,sub70,178,ling_word_target,0.015337643005337945
12379,sub70,179,ling_word_target,-0.009164007633714095
12380,sub70,180,ling_word_target,0.00012208603114060183
12381,sub70,181,ling_word_target,-0.004416765984068959
12382,sub70,182,ling_word_target,0.0012861633415391551
12383,sub70,183,ling_word_target,0.011187614366159261
12384,sub70,184,ling_word_target,0.003657957627177375
12385,sub70,185,ling_word_target,-0.00015447709957503133
12386,sub70,186,ling_word_target,-0.006947430702520806
12387,sub70,187,ling_word_target,-0.007880155339675047
12388,sub70,188,ling_word_target,0.010539002188226298
12389,sub70,189,ling_word_target,0.008114557616898088
12390,sub70,190,ling_word_target,-0.0029200718990829845
12391,sub70,191,ling_word_target,-0.0054288580837877805
12392,sub70,192,ling_word_target,-0.006924470595245815
12393,sub70,193,ling_word_target,0.009034801527016209
12394,sub70,194,ling_word_target,0.009764346578071022
12395,sub70,195,ling_word_target,-0.016026076193312616
12396,sub70,196,ling_word_target,-0.006728959591667371
12397,sub70,197,ling_word_target,-9.105086422861436e-05
12398,sub70,198,ling_word_target,-0.014377212603595419
12399,sub70,199,ling_word_target,-0.0014084235883643616
12400,sub72,0,ling_word_target,0.03468405517734915
12401,sub72,1,ling_word_target,0.026861746606448897
12402,sub72,2,ling_word_target,-0.0012497595797227032
12403,sub72,3,ling_word_target,0.036261085880809944
12404,sub72,4,ling_word_target,-0.01071011018412254
12405,sub72,5,ling_word_target,0.010731781814733214
12406,sub72,6,ling_word_target,-0.041397968669659425
12407,sub72,7,ling_word_target,-0.029198247850441825
12408,sub72,8,ling_word_target,0.040343255916364014
12409,sub72,9,ling_word_target,0.020274340289905924
12410,sub72,10,ling_word_target,-0.019159652508198986
12411,sub72,11,ling_word_target,-0.00046581900698427527
12412,sub72,12,ling_word_target,0.0022096346441647535
12413,sub72,13,ling_word_target,-0.006557436569794474
12414,sub72,14,ling_word_target,-0.01108814218807558
12415,sub72,15,ling_word_target,-0.006645221188239576
12416,sub72,16,ling_word_target,0.0238163748545364
12417,sub72,17,ling_word_target,0.02213287373689372
12418,sub72,18,ling_word_target,-0.03006949999254431
12419,sub72,19,ling_word_target,-0.017831463227634087
12420,sub72,20,ling_word_target,-0.013807370800314597
12421,sub72,21,ling_word_target,-0.019467167509047444
12422,sub72,22,ling_word_target,0.0729887140686973
12423,sub72,23,ling_word_target,0.01175933560198276
12424,sub72,24,ling_word_target,-0.06906851075344672
12425,sub72,25,ling_word_target,0.0032391982193247858
12426,sub72,26,ling_word_target,0.021847629198566913
12427,sub72,27,ling_word_target,-0.03569911311235613
12428,sub72,28,ling_word_target,0.033511173879978214
12429,sub72,29,ling_word_target,-0.008602055832438837
12430,sub72,30,ling_word_target,0.018028384488611722
12431,sub72,31,ling_word_target,-0.027484881616853404
12432,sub72,32,ling_word_target,-0.03840764275301434
12433,sub72,33,ling_word_target,0.03367025796567009
12434,sub72,34,ling_word_target,-0.027235791261287782
12435,sub72,35,ling_word_target,0.06626214042902231
12436,sub72,36,ling_word_target,0.025184212753829902
12437,sub72,37,ling_word_target,0.0013855149005497453
12438,sub72,38,ling_word_target,0.03818141819974149
12439,sub72,39,ling_word_target,-0.035835213168762856
12440,sub72,40,ling_word_target,0.07324546182394621
12441,sub72,41,ling_word_target,-0.028727127763725237
12442,sub72,42,ling_word_target,0.03258128348000727
12443,sub72,43,ling_word_target,-0.04182290893625224
12444,sub72,44,ling_word_target,0.04741018750414303
12445,sub72,45,ling_word_target,-0.006724724225392279
12446,sub72,46,ling_word_target,0.054785056098877793
12447,sub72,47,ling_word_target,-0.024930052985480906
12448,sub72,48,ling_word_target,-0.060715455788672094
12449,sub72,49,ling_word_target,0.0034294290389272706
12450,sub72,50,ling_word_target,-0.0074562796280269305
12451,sub72,51,ling_word_target,0.03322985014237505
12452,sub72,52,ling_word_target,-0.054898221298472695
12453,sub72,53,ling_word_target,0.013308808544009915
12454,sub72,54,ling_word_target,0.03215512622365748
12455,sub72,55,ling_word_target,0.00598523249914933
12456,sub72,56,ling_word_target,-0.004819071372223981
12457,sub72,57,ling_word_target,0.025252529063805446
12458,sub72,58,ling_word_target,-0.06596354072405575
12459,sub72,59,ling_word_target,-0.026029833704870494
12460,sub72,60,ling_word_target,0.03697384759386297
12461,sub72,61,ling_word_target,-0.021169899929714867
12462,sub72,62,ling_word_target,-0.03296747544209174
12463,sub72,63,ling_word_target,-0.01303741252866779
12464,sub72,64,ling_word_target,-0.01165905501844136
12465,sub72,65,ling_word_target,0.042923106560593366
12466,sub72,66,ling_word_target,0.06516018110723436
12467,sub72,67,ling_word_target,0.033007606624344724
12468,sub72,68,ling_word_target,-0.04097817277389945
12469,sub72,69,ling_word_target,-0.023305751060076003
12470,sub72,70,ling_word_target,0.04359170427335156
12471,sub72,71,ling_word_target,0.011702077803458404
12472,sub72,72,ling_word_target,0.05871804999991015
12473,sub72,73,ling_word_target,-0.0096032930891654
12474,sub72,74,ling_word_target,0.03152681191066099
12475,sub72,75,ling_word_target,-0.0018909516560386204
12476,sub72,76,ling_word_target,0.07015666030599757
12477,sub72,77,ling_word_target,0.022262555878032456
12478,sub72,78,ling_word_target,-0.014316019368451774
12479,sub72,79,ling_word_target,-0.007862369008195065
12480,sub72,80,ling_word_target,0.030114785354416442
12481,sub72,81,ling_word_target,-0.005415216821112688
12482,sub72,82,ling_word_target,0.0045978106402197695
12483,sub72,83,ling_word_target,-0.013483777369356614
12484,sub72,84,ling_word_target,-0.004937212426031685
12485,sub72,85,ling_word_target,0.028958123580278383
12486,sub72,86,ling_word_target,0.03238720088414174
12487,sub72,87,ling_word_target,0.049626496696956575
12488,sub72,88,ling_word_target,-0.018304209390833857
12489,sub72,89,ling_word_target,0.01729920734137543
12490,sub72,90,ling_word_target,-0.03922432107944963
12491,sub72,91,ling_word_target,0.0754228787109322
12492,sub72,92,ling_word_target,0.04628083490178638
12493,sub72,93,ling_word_target,0.01917438395297118
12494,sub72,94,ling_word_target,0.01127235193304471
12495,sub72,95,ling_word_target,0.05020722131524372
12496,sub72,96,ling_word_target,0.007786479646792639
12497,sub72,97,ling_word_target,0.01378866613375298
12498,sub72,98,ling_word_target,-0.013435364515848024
12499,sub72,99,ling_word_target,0.0025900399227913977
12500,sub72,100,ling_word_target,0.05604417747361389
12501,sub72,101,ling_word_target,0.030914143572295584
12502,sub72,102,ling_word_target,0.04059838116196058
12503,sub72,103,ling_word_target,0.024355173169284833
12504,sub72,104,ling_word_target,0.06207190780648439
12505,sub72,105,ling_word_target,-0.017057215576746897
12506,sub72,106,ling_word_target,-0.006709767776910488
12507,sub72,107,ling_word_target,-0.022818216602530448
12508,sub72,108,ling_word_target,0.03855607940792268
12509,sub72,109,ling_word_target,0.034423215699931654
12510,sub72,110,ling_word_target,0.01601792753400395
12511,sub72,111,ling_word_target,0.025441027830008685
12512,sub72,112,ling_word_target,-0.08504888877905958
12513,sub72,113,ling_word_target,0.04143806853211225
12514,sub72,114,ling_word_target,0.05960020382357936
12515,sub72,115,ling_word_target,0.026801924304445834
12516,sub72,116,ling_word_target,-0.023790580897620022
12517,sub72,117,ling_word_target,-0.01644600113109928
12518,sub72,118,ling_word_target,-0.03229262018052055
12519,sub72,119,ling_word_target,0.043054377036216306
12520,sub72,120,ling_word_target,0.008583667256933764
12521,sub72,121,ling_word_target,-0.008976642943682169
12522,sub72,122,ling_word_target,-0.04588297567183207
12523,sub72,123,ling_word_target,0.07069157069746908
12524,sub72,124,ling_word_target,0.10339540014275722
12525,sub72,125,ling_word_target,0.019470374696720066
12526,sub72,126,ling_word_target,0.06328960248172111
12527,sub72,127,ling_word_target,-0.04400715410010974
12528,sub72,128,ling_word_target,0.037386943171716265
12529,sub72,129,ling_word_target,0.014170269180043575
12530,sub72,130,ling_word_target,0.03770466146309323
12531,sub72,131,ling_word_target,-0.0022952109486372636
12532,sub72,132,ling_word_target,0.05278982540232304
12533,sub72,133,ling_word_target,0.028395482007155165
12534,sub72,134,ling_word_target,0.004642128544202527
12535,sub72,135,ling_word_target,-0.006957794017664581
12536,sub72,136,ling_word_target,-0.0044750806780091135
12537,sub72,137,ling_word_target,0.04608864367078556
12538,sub72,138,ling_word_target,0.008135721484671319
12539,sub72,139,ling_word_target,0.03944946293314554
12540,sub72,140,ling_word_target,0.019325794289812386
12541,sub72,141,ling_word_target,0.027826993011553735
12542,sub72,142,ling_word_target,-0.020852428518199795
12543,sub72,143,ling_word_target,-0.011855806691794334
12544,sub72,144,ling_word_target,-0.033229101593938035
12545,sub72,145,ling_word_target,-0.0015716193163302775
12546,sub72,146,ling_word_target,-0.0552497535084872
12547,sub72,147,ling_word_target,0.05234242838949841
12548,sub72,148,ling_word_target,-0.02792938558264822
12549,sub72,149,ling_word_target,-0.03913777025740978
12550,sub72,150,ling_word_target,0.02635788163604643
12551,sub72,151,ling_word_target,-0.047467690125721815
12552,sub72,152,ling_word_target,0.053437092965848976
12553,sub72,153,ling_word_target,-0.006937589956799767
12554,sub72,154,ling_word_target,-0.059959309493306516
12555,sub72,155,ling_word_target,0.01826372932348414
12556,sub72,156,ling_word_target,0.08130198110616864
12557,sub72,157,ling_word_target,0.022719708287277023
12558,sub72,158,ling_word_target,0.054638735052626106
12559,sub72,159,ling_word_target,-0.04313911769891367
12560,sub72,160,ling_word_target,0.06381310304320272
12561,sub72,161,ling_word_target,0.044057397532683076
12562,sub72,162,ling_word_target,0.06084142021407599
12563,sub72,163,ling_word_target,0.0018764744295828434
12564,sub72,164,ling_word_target,0.040254109380850715
12565,sub72,165,ling_word_target,-0.02339451294711246
12566,sub72,166,ling_word_target,-0.012827152427042396
12567,sub72,167,ling_word_target,-0.02887850901301725
12568,sub72,168,ling_word_target,0.0337066423297106
12569,sub72,169,ling_word_target,0.004922459730170082
12570,sub72,170,ling_word_target,0.014301984376547946
12571,sub72,171,ling_word_target,0.001019143545302112
12572,sub72,172,ling_word_target,-0.030693174374135844
12573,sub72,173,ling_word_target,0.03403858806309886
12574,sub72,174,ling_word_target,-0.04484150279919115
12575,sub72,175,ling_word_target,0.00828342084182027
12576,sub72,176,ling_word_target,-0.04955598790000977
12577,sub72,177,ling_word_target,-0.028696824063902414
12578,sub72,178,ling_word_target,0.003291140193681643
12579,sub72,179,ling_word_target,0.05687006426580128
12580,sub72,180,ling_word_target,0.036398552024421
12581,sub72,181,ling_word_target,0.0503716064854478
12582,sub72,182,ling_word_target,-0.0008803967789703233
12583,sub72,183,ling_word_target,-0.004410807822922167
12584,sub72,184,ling_word_target,-0.00014018634374289967
12585,sub72,185,ling_word_target,0.0213070948710548
12586,sub72,186,ling_word_target,0.03687858403336449
12587,sub72,187,ling_word_target,0.050435934445547594
12588,sub72,188,ling_word_target,-0.015766508291562512
12589,sub72,189,ling_word_target,0.0905175113193584
12590,sub72,190,ling_word_target,0.03177678443325715
12591,sub72,191,ling_word_target,0.036359371524041915
12592,sub72,192,ling_word_target,0.06101537178135836
12593,sub72,193,ling_word_target,0.00032727125170195536
12594,sub72,194,ling_word_target,0.0033711228568728355
12595,sub72,195,ling_word_target,0.016269363357916303
12596,sub72,196,ling_word_target,0.023120044449536966
12597,sub72,197,ling_word_target,0.033537218800238425
12598,sub72,198,ling_word_target,0.001637553993322303
12599,sub72,199,ling_word_target,0.04022692187183429
