,subject,trialnum,feat,correlation
0,sub05,0,ling_word_target,0.006322420445515819
1,sub05,1,ling_word_target,0.025751139306419736
2,sub05,2,ling_word_target,0.010519444223426593
3,sub05,3,ling_word_target,0.0028037379629990587
4,sub05,4,ling_word_target,0.0022314702974971655
5,sub05,5,ling_word_target,0.008241516705159473
6,sub05,6,ling_word_target,0.007802008667311637
7,sub05,7,ling_word_target,0.006308912203648152
8,sub05,8,ling_word_target,0.00014511446682311584
9,sub05,9,ling_word_target,-0.0057484167590145015
10,sub05,10,ling_word_target,0.0035264551836290546
11,sub05,11,ling_word_target,-0.013653631615241125
12,sub05,12,ling_word_target,-0.001438271936412765
13,sub05,13,ling_word_target,0.019155805187053287
14,sub05,14,ling_word_target,-0.004046976977674944
15,sub05,15,ling_word_target,0.010211357811138012
16,sub05,16,ling_word_target,0.005364682327016251
17,sub05,17,ling_word_target,-0.01522172737581586
18,sub05,18,ling_word_target,-0.020997550420464656
19,sub05,19,ling_word_target,-0.0022360162395411256
20,sub05,20,ling_word_target,-0.01187106039959636
21,sub05,21,ling_word_target,0.0019587434044053436
22,sub05,22,ling_word_target,0.0048858560460834175
23,sub05,23,ling_word_target,0.007218235489406318
24,sub05,24,ling_word_target,-0.006285078350672701
25,sub05,25,ling_word_target,-0.012064636225008045
26,sub05,26,ling_word_target,-0.006650768052936495
27,sub05,27,ling_word_target,0.025619976682932616
28,sub05,28,ling_word_target,0.012906398907539389
29,sub05,29,ling_word_target,0.019612952971668925
30,sub05,30,ling_word_target,0.017607866102118244
31,sub05,31,ling_word_target,-0.00724135843283868
32,sub05,32,ling_word_target,-0.011202942462276912
33,sub05,33,ling_word_target,0.008308883650039992
34,sub05,34,ling_word_target,-0.0045888630028905
35,sub05,35,ling_word_target,-0.018956413409307572
36,sub05,36,ling_word_target,-0.023167583186669446
37,sub05,37,ling_word_target,0.004883125137125369
38,sub05,38,ling_word_target,-0.0021916109698798918
39,sub05,39,ling_word_target,-0.010285732940575226
40,sub05,40,ling_word_target,0.0023081986428101406
41,sub05,41,ling_word_target,-0.027615918588237205
42,sub05,42,ling_word_target,-0.0012894064679896393
43,sub05,43,ling_word_target,0.008059822969049028
44,sub05,44,ling_word_target,0.007111846763392632
45,sub05,45,ling_word_target,0.017011040639269375
46,sub05,46,ling_word_target,0.0034852042494531404
47,sub05,47,ling_word_target,0.0013797106959858808
48,sub05,48,ling_word_target,-0.005516211594975978
49,sub05,49,ling_word_target,-0.005445757377322047
50,sub05,50,ling_word_target,0.0008368864950243764
51,sub05,51,ling_word_target,0.012843000948159199
52,sub05,52,ling_word_target,-0.000195843039480884
53,sub05,53,ling_word_target,-0.012152461142498568
54,sub05,54,ling_word_target,-0.001055075781634395
55,sub05,55,ling_word_target,-0.03040394764157964
56,sub05,56,ling_word_target,-0.0012048550996131766
57,sub05,57,ling_word_target,0.017858745348733034
58,sub05,58,ling_word_target,-0.012682327760925904
59,sub05,59,ling_word_target,-0.0020158630382278784
60,sub05,60,ling_word_target,0.010352239573719897
61,sub05,61,ling_word_target,0.019017289525508144
62,sub05,62,ling_word_target,-0.004508630967263481
63,sub05,63,ling_word_target,0.011237245481354097
64,sub05,64,ling_word_target,0.0018901571849882575
65,sub05,65,ling_word_target,-0.008856741397622877
66,sub05,66,ling_word_target,-0.010366977627081877
67,sub05,67,ling_word_target,0.011210597049130414
68,sub05,68,ling_word_target,0.011815858138993275
69,sub05,69,ling_word_target,-0.01028390578356347
70,sub05,70,ling_word_target,-0.00468206528293093
71,sub05,71,ling_word_target,-0.0029335382004933774
72,sub05,72,ling_word_target,0.0028790856526095684
73,sub05,73,ling_word_target,0.002279024632333661
74,sub05,74,ling_word_target,0.0020606075353066917
75,sub05,75,ling_word_target,0.002682333114230388
76,sub05,76,ling_word_target,-0.014517607262710388
77,sub05,77,ling_word_target,-0.004637373387233728
78,sub05,78,ling_word_target,0.005154276871672672
79,sub05,79,ling_word_target,-0.006532071164578779
80,sub05,80,ling_word_target,0.014493626025805234
81,sub05,81,ling_word_target,-0.013097486135277269
82,sub05,82,ling_word_target,0.0027102356664049218
83,sub05,83,ling_word_target,0.0039007132245735773
84,sub05,84,ling_word_target,-0.009862058461842939
85,sub05,85,ling_word_target,0.009810007006823567
86,sub05,86,ling_word_target,-0.006271417215784089
87,sub05,87,ling_word_target,-0.00043626346117342594
88,sub05,88,ling_word_target,-0.004376648349162891
89,sub05,89,ling_word_target,0.0077077287304357315
90,sub05,90,ling_word_target,0.006023100746657498
91,sub05,91,ling_word_target,-0.011676202020732692
92,sub05,92,ling_word_target,-0.0049795937885368105
93,sub05,93,ling_word_target,0.0036230718825005104
94,sub05,94,ling_word_target,-0.02130475969822761
95,sub05,95,ling_word_target,-0.00038897892129186084
96,sub05,96,ling_word_target,-0.01284481387522236
97,sub05,97,ling_word_target,-0.00046691385808639275
98,sub05,98,ling_word_target,-0.0028032940476335364
99,sub05,99,ling_word_target,-0.013589447076284513
100,sub05,100,ling_word_target,0.008658934889163073
101,sub05,101,ling_word_target,0.013778009597774345
102,sub05,102,ling_word_target,0.011910218409397929
103,sub05,103,ling_word_target,0.0029047345494653738
104,sub05,104,ling_word_target,-0.001967831507179052
105,sub05,105,ling_word_target,-0.009179661275544392
106,sub05,106,ling_word_target,-0.004745148081135515
107,sub05,107,ling_word_target,-0.011767937913057028
108,sub05,108,ling_word_target,-0.016735231660303967
109,sub05,109,ling_word_target,-0.016608406227162604
110,sub05,110,ling_word_target,-0.009830650575305617
111,sub05,111,ling_word_target,-0.012356565394899512
112,sub05,112,ling_word_target,-0.005528879435121942
113,sub05,113,ling_word_target,0.003061839389374437
114,sub05,114,ling_word_target,0.009568701751418362
115,sub05,115,ling_word_target,-0.008000247307189632
116,sub05,116,ling_word_target,-0.027602235904069183
117,sub05,117,ling_word_target,0.00035494385448720894
118,sub05,118,ling_word_target,-0.013581031188606808
119,sub05,119,ling_word_target,-0.001147498008477689
120,sub05,120,ling_word_target,-0.0003160855654786955
121,sub05,121,ling_word_target,0.020841091432573164
122,sub05,122,ling_word_target,0.0002815776732475341
123,sub05,123,ling_word_target,0.0022612402854790816
124,sub05,124,ling_word_target,-0.007864390603304539
125,sub05,125,ling_word_target,-0.020987242395475048
126,sub05,126,ling_word_target,0.010022858482315265
127,sub05,127,ling_word_target,0.0042706107868217096
128,sub05,128,ling_word_target,0.006552482828525931
129,sub05,129,ling_word_target,-0.010346148245979684
130,sub05,130,ling_word_target,0.0010527957308236685
131,sub05,131,ling_word_target,0.010358498210394484
132,sub05,132,ling_word_target,0.010631549350327115
133,sub05,133,ling_word_target,-0.02337316250176311
134,sub05,134,ling_word_target,0.016788836852309596
135,sub05,135,ling_word_target,-0.003552719790166403
136,sub05,136,ling_word_target,-0.005122771660700735
137,sub05,137,ling_word_target,-0.005309659554709856
138,sub05,138,ling_word_target,4.956660789176196e-05
139,sub05,139,ling_word_target,0.010085167831701639
140,sub05,140,ling_word_target,0.00871679110841136
141,sub05,141,ling_word_target,0.012239925517310152
142,sub05,142,ling_word_target,0.009921482013613949
143,sub05,143,ling_word_target,-0.010509767914973846
144,sub05,144,ling_word_target,-0.002323570644304767
145,sub05,145,ling_word_target,0.011352561673218539
146,sub05,146,ling_word_target,-0.01109272706951355
147,sub05,147,ling_word_target,0.01517592887605315
148,sub05,148,ling_word_target,-0.004122150359680532
149,sub05,149,ling_word_target,0.006242761578264694
150,sub05,150,ling_word_target,-0.007382473749802188
151,sub05,151,ling_word_target,0.00974828822571881
152,sub05,152,ling_word_target,0.0040969058048034605
153,sub05,153,ling_word_target,-0.0003340189879052292
154,sub05,154,ling_word_target,0.009502785579352918
155,sub05,155,ling_word_target,-0.001642048803171454
156,sub05,156,ling_word_target,-0.0073367014126160075
157,sub05,157,ling_word_target,0.006015132770394074
158,sub05,158,ling_word_target,-0.007796514806983576
159,sub05,159,ling_word_target,-0.019113638241610206
160,sub05,160,ling_word_target,0.0032615386686681764
161,sub05,161,ling_word_target,-0.007878685541557557
162,sub05,162,ling_word_target,0.004461388386091014
163,sub05,163,ling_word_target,-0.001957500881940362
164,sub05,164,ling_word_target,-0.011732697325486773
165,sub05,165,ling_word_target,0.007665191658487981
166,sub05,166,ling_word_target,-0.0052117589514171486
167,sub05,167,ling_word_target,-0.013165637932365035
168,sub05,168,ling_word_target,0.008341994156288474
169,sub05,169,ling_word_target,-0.008531804182008352
170,sub05,170,ling_word_target,0.021624711825912944
171,sub05,171,ling_word_target,-0.03681228996062581
172,sub05,172,ling_word_target,-0.003800298621922251
173,sub05,173,ling_word_target,-0.0076406380458504935
174,sub05,174,ling_word_target,0.00497882918316738
175,sub05,175,ling_word_target,-0.012515465416509528
176,sub05,176,ling_word_target,-0.008933097481061447
177,sub05,177,ling_word_target,-0.0005070464704054021
178,sub05,178,ling_word_target,-4.51298257884358e-05
179,sub05,179,ling_word_target,-0.009736941372157741
180,sub05,180,ling_word_target,-0.0009978149151074868
181,sub05,181,ling_word_target,-0.00351619517231751
182,sub05,182,ling_word_target,-0.020793476649718406
183,sub05,183,ling_word_target,-0.008714293876333877
184,sub05,184,ling_word_target,0.0034159901858829213
185,sub05,185,ling_word_target,0.014653733011006032
186,sub05,186,ling_word_target,0.012727113001847007
187,sub05,187,ling_word_target,0.005476538226155725
188,sub05,188,ling_word_target,-0.015672884602552166
189,sub05,189,ling_word_target,4.3383544623693015e-05
190,sub05,190,ling_word_target,-0.005406653994381755
191,sub05,191,ling_word_target,0.019274308331445816
192,sub05,192,ling_word_target,0.013406610062349292
193,sub05,193,ling_word_target,-0.00018976188268355072
194,sub05,194,ling_word_target,0.006461548636349977
195,sub05,195,ling_word_target,0.0024101011566977264
196,sub05,196,ling_word_target,0.0018560131150973608
197,sub05,197,ling_word_target,-0.008468516509958031
198,sub05,198,ling_word_target,-0.012295392547879105
199,sub05,199,ling_word_target,0.005300077232166928
200,sub06,0,ling_word_target,-0.012429854702583959
201,sub06,1,ling_word_target,-0.0029683342252757776
202,sub06,2,ling_word_target,0.009858431177939036
203,sub06,3,ling_word_target,0.00999087377493498
204,sub06,4,ling_word_target,0.005919101460623563
205,sub06,5,ling_word_target,-0.0025348541328490833
206,sub06,6,ling_word_target,0.0004525755796324645
207,sub06,7,ling_word_target,0.002932051941478535
208,sub06,8,ling_word_target,0.011293167356582104
209,sub06,9,ling_word_target,-0.00030169678408781465
210,sub06,10,ling_word_target,-0.01969115546802508
211,sub06,11,ling_word_target,0.00771587589501765
212,sub06,12,ling_word_target,0.016383441204022894
213,sub06,13,ling_word_target,0.007562384419134754
214,sub06,14,ling_word_target,-1.6153658655286527e-05
215,sub06,15,ling_word_target,-0.009537520621563567
216,sub06,16,ling_word_target,-0.0004943369033436544
217,sub06,17,ling_word_target,-0.0020544859876083167
218,sub06,18,ling_word_target,-0.010401783786371521
219,sub06,19,ling_word_target,0.01424361554244847
220,sub06,20,ling_word_target,0.006178473815667904
221,sub06,21,ling_word_target,-0.008987159517796772
222,sub06,22,ling_word_target,0.011191534829470957
223,sub06,23,ling_word_target,-0.006306337930588143
224,sub06,24,ling_word_target,0.002701775038695641
225,sub06,25,ling_word_target,-0.006878276803675933
226,sub06,26,ling_word_target,0.008587371060791047
227,sub06,27,ling_word_target,-0.0012887274683696269
228,sub06,28,ling_word_target,0.006637495893761371
229,sub06,29,ling_word_target,0.0048239059626512355
230,sub06,30,ling_word_target,0.011785743528726654
231,sub06,31,ling_word_target,-0.005574034842006532
232,sub06,32,ling_word_target,-0.0015189250855930892
233,sub06,33,ling_word_target,-0.015873855570386244
234,sub06,34,ling_word_target,-0.013311207553799723
235,sub06,35,ling_word_target,0.0009685276491695011
236,sub06,36,ling_word_target,0.0011395907221336144
237,sub06,37,ling_word_target,-0.0044243406210250375
238,sub06,38,ling_word_target,0.0073155644415612625
239,sub06,39,ling_word_target,-0.0071661380283128
240,sub06,40,ling_word_target,0.007288026849918896
241,sub06,41,ling_word_target,0.008449709361324215
242,sub06,42,ling_word_target,0.004591918318114452
243,sub06,43,ling_word_target,0.00027296971549909587
244,sub06,44,ling_word_target,0.014153468223748354
245,sub06,45,ling_word_target,0.005151536809633092
246,sub06,46,ling_word_target,-0.0018412649498367618
247,sub06,47,ling_word_target,-0.010611615141539991
248,sub06,48,ling_word_target,-0.006534258003188115
249,sub06,49,ling_word_target,-0.007831533855580568
250,sub06,50,ling_word_target,-0.006907401258035884
251,sub06,51,ling_word_target,-0.0037680635788779316
252,sub06,52,ling_word_target,-0.021614230679845116
253,sub06,53,ling_word_target,-0.0020345162832022755
254,sub06,54,ling_word_target,-0.013891462426694862
255,sub06,55,ling_word_target,-0.003490156626966663
256,sub06,56,ling_word_target,-0.00029423650371366986
257,sub06,57,ling_word_target,0.010997268256077896
258,sub06,58,ling_word_target,-0.0021463932814567528
259,sub06,59,ling_word_target,-0.009274284912661536
260,sub06,60,ling_word_target,0.007472320142286985
261,sub06,61,ling_word_target,-0.00174994207218306
262,sub06,62,ling_word_target,0.010319280528841844
263,sub06,63,ling_word_target,-0.0018319664475051267
264,sub06,64,ling_word_target,-0.0010235556476600185
265,sub06,65,ling_word_target,0.00476057228539256
266,sub06,66,ling_word_target,-0.010107804750906575
267,sub06,67,ling_word_target,-0.001506749907858498
268,sub06,68,ling_word_target,-0.0009723644956460384
269,sub06,69,ling_word_target,-0.0073965901812842886
270,sub06,70,ling_word_target,-0.014503031308527863
271,sub06,71,ling_word_target,0.008102909667612186
272,sub06,72,ling_word_target,0.018944398078984147
273,sub06,73,ling_word_target,-0.0073477228982423
274,sub06,74,ling_word_target,-0.007268287726760643
275,sub06,75,ling_word_target,0.021393044784787214
276,sub06,76,ling_word_target,0.01510026619632352
277,sub06,77,ling_word_target,0.0004343720532170086
278,sub06,78,ling_word_target,0.00725656826860171
279,sub06,79,ling_word_target,-0.031519120221236645
280,sub06,80,ling_word_target,-0.004272178659110501
281,sub06,81,ling_word_target,0.004647460140797299
282,sub06,82,ling_word_target,-0.022894103734036397
283,sub06,83,ling_word_target,-0.010171586179272095
284,sub06,84,ling_word_target,0.003267816757154011
285,sub06,85,ling_word_target,0.009628117481418473
286,sub06,86,ling_word_target,-0.0005719904999192013
287,sub06,87,ling_word_target,0.014271946837372174
288,sub06,88,ling_word_target,-0.009462886007082939
289,sub06,89,ling_word_target,-0.005994368637682083
290,sub06,90,ling_word_target,-0.0010539069318452026
291,sub06,91,ling_word_target,-0.00490169275405602
292,sub06,92,ling_word_target,-0.007196940975312242
293,sub06,93,ling_word_target,0.007912960150420166
294,sub06,94,ling_word_target,0.0062600527061297635
295,sub06,95,ling_word_target,0.0032924625788257624
296,sub06,96,ling_word_target,-0.011501126723410294
297,sub06,97,ling_word_target,-0.009134007236145792
298,sub06,98,ling_word_target,0.0014580871289273187
299,sub06,99,ling_word_target,0.022306308317575945
300,sub06,100,ling_word_target,-0.0139878209211429
301,sub06,101,ling_word_target,0.022940350537244032
302,sub06,102,ling_word_target,0.003941775396205486
303,sub06,103,ling_word_target,0.0019031203761367404
304,sub06,104,ling_word_target,-0.013179339630944807
305,sub06,105,ling_word_target,0.015208290944627887
306,sub06,106,ling_word_target,-0.004048174695691388
307,sub06,107,ling_word_target,0.005597064543511624
308,sub06,108,ling_word_target,-0.010654441103526856
309,sub06,109,ling_word_target,-0.011665602146786861
310,sub06,110,ling_word_target,-0.0010104275260463351
311,sub06,111,ling_word_target,0.00037994342261186455
312,sub06,112,ling_word_target,-0.002060315439153611
313,sub06,113,ling_word_target,-0.0011457121097838135
314,sub06,114,ling_word_target,-0.008819175558083793
315,sub06,115,ling_word_target,0.004211363326221399
316,sub06,116,ling_word_target,-0.003569071399559842
317,sub06,117,ling_word_target,0.010436921277942695
318,sub06,118,ling_word_target,-0.00897310255750223
319,sub06,119,ling_word_target,0.005354150424570442
320,sub06,120,ling_word_target,0.0011944279786299564
321,sub06,121,ling_word_target,0.009390572526703224
322,sub06,122,ling_word_target,0.008021677135113986
323,sub06,123,ling_word_target,-0.010731279117754528
324,sub06,124,ling_word_target,-0.010338108962545162
325,sub06,125,ling_word_target,0.005985520629716499
326,sub06,126,ling_word_target,0.0059277587361006604
327,sub06,127,ling_word_target,0.0049400647673570365
328,sub06,128,ling_word_target,-0.011979501129525049
329,sub06,129,ling_word_target,-0.0008147183648955128
330,sub06,130,ling_word_target,0.0028726311471221995
331,sub06,131,ling_word_target,-0.0032246173352153936
332,sub06,132,ling_word_target,0.017867122619286975
333,sub06,133,ling_word_target,-0.0048602316415278755
334,sub06,134,ling_word_target,-0.02300153336313543
335,sub06,135,ling_word_target,0.026206467810463863
336,sub06,136,ling_word_target,0.001214416385229887
337,sub06,137,ling_word_target,-0.01991296793485425
338,sub06,138,ling_word_target,-0.005202488054369355
339,sub06,139,ling_word_target,0.007912442120087685
340,sub06,140,ling_word_target,0.011570635011038558
341,sub06,141,ling_word_target,-0.018948258807909915
342,sub06,142,ling_word_target,-0.005408143865227118
343,sub06,143,ling_word_target,-0.000392224043217962
344,sub06,144,ling_word_target,-0.004530265563251809
345,sub06,145,ling_word_target,-0.009313268168457815
346,sub06,146,ling_word_target,-0.003388749768104218
347,sub06,147,ling_word_target,-0.00448690450680372
348,sub06,148,ling_word_target,-0.008237649768360876
349,sub06,149,ling_word_target,-0.0023083781311139897
350,sub06,150,ling_word_target,-0.01407851394558322
351,sub06,151,ling_word_target,0.0003442988383601262
352,sub06,152,ling_word_target,-0.01469479136184377
353,sub06,153,ling_word_target,-0.011905293239718364
354,sub06,154,ling_word_target,0.011298599659481368
355,sub06,155,ling_word_target,0.0013101958751113854
356,sub06,156,ling_word_target,0.001955317335963874
357,sub06,157,ling_word_target,-0.024281064771417477
358,sub06,158,ling_word_target,0.011045370918851915
359,sub06,159,ling_word_target,-0.01248766241820869
360,sub06,160,ling_word_target,0.01410121204808874
361,sub06,161,ling_word_target,-0.0032420534529001457
362,sub06,162,ling_word_target,-0.008221323373684914
363,sub06,163,ling_word_target,0.0009934339581096803
364,sub06,164,ling_word_target,0.00745301634324325
365,sub06,165,ling_word_target,0.012976579069383013
366,sub06,166,ling_word_target,-0.002439520579779602
367,sub06,167,ling_word_target,-0.0033184291863729612
368,sub06,168,ling_word_target,-0.0076602198556603995
369,sub06,169,ling_word_target,-0.0012529493224014419
370,sub06,170,ling_word_target,0.018652862102391983
371,sub06,171,ling_word_target,0.0035800965656189025
372,sub06,172,ling_word_target,0.0040351916492223396
373,sub06,173,ling_word_target,0.0084462478988329
374,sub06,174,ling_word_target,0.006189975173182818
375,sub06,175,ling_word_target,-0.0013428532898857304
376,sub06,176,ling_word_target,0.004059546274054601
377,sub06,177,ling_word_target,-0.009674152684551879
378,sub06,178,ling_word_target,-0.010043893209615852
379,sub06,179,ling_word_target,0.003919175736757099
380,sub06,180,ling_word_target,-0.009392575186022078
381,sub06,181,ling_word_target,0.003100798738504691
382,sub06,182,ling_word_target,0.016312858632042123
383,sub06,183,ling_word_target,-0.005334482026064231
384,sub06,184,ling_word_target,-0.008333930936299258
385,sub06,185,ling_word_target,0.014132877595836256
386,sub06,186,ling_word_target,0.004193252721881145
387,sub06,187,ling_word_target,-0.005639714979059594
388,sub06,188,ling_word_target,0.0060681728170759956
389,sub06,189,ling_word_target,0.011466079730436793
390,sub06,190,ling_word_target,0.006281382706777284
391,sub06,191,ling_word_target,-0.02217456031606071
392,sub06,192,ling_word_target,-0.0016053243305597425
393,sub06,193,ling_word_target,0.01530949676223626
394,sub06,194,ling_word_target,0.003789903300386559
395,sub06,195,ling_word_target,0.007517809729083821
396,sub06,196,ling_word_target,-0.00707084308377266
397,sub06,197,ling_word_target,0.007677180505067087
398,sub06,198,ling_word_target,-0.027688260740907626
399,sub06,199,ling_word_target,-0.009265375899660259
400,sub07,0,ling_word_target,-0.008857810345538201
401,sub07,1,ling_word_target,0.013336747746174845
402,sub07,2,ling_word_target,-0.0188065531087343
403,sub07,3,ling_word_target,0.007228419461155574
404,sub07,4,ling_word_target,0.030322864061802072
405,sub07,5,ling_word_target,0.016408590227419313
406,sub07,6,ling_word_target,0.0135366513894088
407,sub07,7,ling_word_target,-0.020257546409026512
408,sub07,8,ling_word_target,-0.010415657186854598
409,sub07,9,ling_word_target,-0.018990054269359895
410,sub07,10,ling_word_target,0.003561134785602173
411,sub07,11,ling_word_target,0.0029068579954314184
412,sub07,12,ling_word_target,-0.02373586373848069
413,sub07,13,ling_word_target,0.010193657600027113
414,sub07,14,ling_word_target,-0.026800051569478685
415,sub07,15,ling_word_target,-0.007986090976183928
416,sub07,16,ling_word_target,-0.017347084800391762
417,sub07,17,ling_word_target,0.022710171678835697
418,sub07,18,ling_word_target,0.0012966444045653587
419,sub07,19,ling_word_target,0.007664345796165258
420,sub07,20,ling_word_target,-0.003815188351598048
421,sub07,21,ling_word_target,0.01572951610076713
422,sub07,22,ling_word_target,0.0167474960872507
423,sub07,23,ling_word_target,0.01553882944300886
424,sub07,24,ling_word_target,0.0046538826572793245
425,sub07,25,ling_word_target,0.002350700837478146
426,sub07,26,ling_word_target,0.010925298215762963
427,sub07,27,ling_word_target,0.0021964959174736037
428,sub07,28,ling_word_target,-0.02348537591998289
429,sub07,29,ling_word_target,-0.004653267986892544
430,sub07,30,ling_word_target,0.00649390156295852
431,sub07,31,ling_word_target,-0.011921018357701567
432,sub07,32,ling_word_target,-0.005244950763664793
433,sub07,33,ling_word_target,-0.015178369293172293
434,sub07,34,ling_word_target,0.001759096813355461
435,sub07,35,ling_word_target,0.006186467510316269
436,sub07,36,ling_word_target,0.006488919998042325
437,sub07,37,ling_word_target,-0.008556479560082996
438,sub07,38,ling_word_target,-0.013272338911905268
439,sub07,39,ling_word_target,-0.023445439031591735
440,sub07,40,ling_word_target,-0.014448343519036783
441,sub07,41,ling_word_target,0.004477477271126375
442,sub07,42,ling_word_target,-0.012799893927656309
443,sub07,43,ling_word_target,-0.025878727619377054
444,sub07,44,ling_word_target,0.011446278339301957
445,sub07,45,ling_word_target,0.007015456601075289
446,sub07,46,ling_word_target,-0.012954354053207835
447,sub07,47,ling_word_target,-0.0039261281215564195
448,sub07,48,ling_word_target,-0.014169972262902899
449,sub07,49,ling_word_target,-0.00865922273666939
450,sub07,50,ling_word_target,-0.0006027445193440251
451,sub07,51,ling_word_target,0.009607340136460212
452,sub07,52,ling_word_target,0.03460442063849985
453,sub07,53,ling_word_target,-0.028925826547516867
454,sub07,54,ling_word_target,0.00830331961200222
455,sub07,55,ling_word_target,-0.005389227184258656
456,sub07,56,ling_word_target,0.0022179663278872083
457,sub07,57,ling_word_target,0.014011669385594915
458,sub07,58,ling_word_target,-0.01996722798919278
459,sub07,59,ling_word_target,0.0002253050973626299
460,sub07,60,ling_word_target,-0.009844049997595696
461,sub07,61,ling_word_target,-0.0222970087842229
462,sub07,62,ling_word_target,-0.00341801942900041
463,sub07,63,ling_word_target,0.003385188936740195
464,sub07,64,ling_word_target,-0.021888514428428412
465,sub07,65,ling_word_target,-0.005442015449555197
466,sub07,66,ling_word_target,-0.002812196877909101
467,sub07,67,ling_word_target,0.0038370476840430432
468,sub07,68,ling_word_target,-0.00974304579131684
469,sub07,69,ling_word_target,-0.026816161159810066
470,sub07,70,ling_word_target,-0.012913957422576372
471,sub07,71,ling_word_target,-0.0032622340338728894
472,sub07,72,ling_word_target,-0.0015869080323346059
473,sub07,73,ling_word_target,-0.018444630526889317
474,sub07,74,ling_word_target,-0.014072984660239724
475,sub07,75,ling_word_target,0.006003693078247089
476,sub07,76,ling_word_target,-0.006119946369443807
477,sub07,77,ling_word_target,-0.009915642369131115
478,sub07,78,ling_word_target,-0.0009038617518927418
479,sub07,79,ling_word_target,-0.01259415228911321
480,sub07,80,ling_word_target,0.0046282968541767186
481,sub07,81,ling_word_target,0.03536406907895628
482,sub07,82,ling_word_target,-0.016232401415295136
483,sub07,83,ling_word_target,0.005817191207551041
484,sub07,84,ling_word_target,0.007603806489842957
485,sub07,85,ling_word_target,-0.01602315000727066
486,sub07,86,ling_word_target,-0.0034156059973861
487,sub07,87,ling_word_target,-0.005773515272247294
488,sub07,88,ling_word_target,0.011557590481723903
489,sub07,89,ling_word_target,-0.0075315000477764295
490,sub07,90,ling_word_target,0.0020487675493511687
491,sub07,91,ling_word_target,-0.0019022590995663253
492,sub07,92,ling_word_target,-0.003528447733523264
493,sub07,93,ling_word_target,0.00831896910948273
494,sub07,94,ling_word_target,0.012285218799712234
495,sub07,95,ling_word_target,-0.015152493121626764
496,sub07,96,ling_word_target,0.0015605716484369332
497,sub07,97,ling_word_target,-0.005612012034053297
498,sub07,98,ling_word_target,-0.0094641029695105
499,sub07,99,ling_word_target,-0.004452364024123517
500,sub07,100,ling_word_target,0.015147814671125543
501,sub07,101,ling_word_target,0.007707262618968723
502,sub07,102,ling_word_target,0.014704405944675009
503,sub07,103,ling_word_target,0.02486512846782852
504,sub07,104,ling_word_target,0.0016013229990015556
505,sub07,105,ling_word_target,-0.015692336633050055
506,sub07,106,ling_word_target,0.019431325687109292
507,sub07,107,ling_word_target,0.00157112934421515
508,sub07,108,ling_word_target,0.007106423874449126
509,sub07,109,ling_word_target,0.0059177928987913285
510,sub07,110,ling_word_target,0.009864980533988786
511,sub07,111,ling_word_target,-0.04376969951651412
512,sub07,112,ling_word_target,0.009008914835792699
513,sub07,113,ling_word_target,0.004323498370820276
514,sub07,114,ling_word_target,0.008361969198085786
515,sub07,115,ling_word_target,0.009200807855221814
516,sub07,116,ling_word_target,0.004573385113323565
517,sub07,117,ling_word_target,0.018104561105805394
518,sub07,118,ling_word_target,0.0029637965431449404
519,sub07,119,ling_word_target,-0.006093734718415923
520,sub07,120,ling_word_target,0.0012236367539085365
521,sub07,121,ling_word_target,-0.007598571282319669
522,sub07,122,ling_word_target,0.013961616563761008
523,sub07,123,ling_word_target,0.01446082881288851
524,sub07,124,ling_word_target,-0.014965276657458566
525,sub07,125,ling_word_target,-0.001076237935966948
526,sub07,126,ling_word_target,0.006236401203458541
527,sub07,127,ling_word_target,0.010678340828888508
528,sub07,128,ling_word_target,-0.016320541236803404
529,sub07,129,ling_word_target,-0.0037700775267978594
530,sub07,130,ling_word_target,0.036204713188891464
531,sub07,131,ling_word_target,-0.002570318370166254
532,sub07,132,ling_word_target,-0.010537910317268966
533,sub07,133,ling_word_target,0.010598367343099262
534,sub07,134,ling_word_target,-0.0017692642346066553
535,sub07,135,ling_word_target,-0.027623519094628183
536,sub07,136,ling_word_target,-0.002430613979652978
537,sub07,137,ling_word_target,-0.0038181434084549734
538,sub07,138,ling_word_target,0.0076119615312799024
539,sub07,139,ling_word_target,-0.005890784806807892
540,sub07,140,ling_word_target,0.008580923642327553
541,sub07,141,ling_word_target,-0.009647138964023713
542,sub07,142,ling_word_target,0.003792077083218768
543,sub07,143,ling_word_target,0.01452569051146654
544,sub07,144,ling_word_target,0.002487125951737608
545,sub07,145,ling_word_target,-0.0012893447730440001
546,sub07,146,ling_word_target,0.021407414199037866
547,sub07,147,ling_word_target,-0.002690823510950321
548,sub07,148,ling_word_target,0.0023344097713041516
549,sub07,149,ling_word_target,0.008153511442437781
550,sub07,150,ling_word_target,0.0090171319626552
551,sub07,151,ling_word_target,0.016747572952452376
552,sub07,152,ling_word_target,0.008686311178400597
553,sub07,153,ling_word_target,-0.0012007254726291705
554,sub07,154,ling_word_target,0.010413064010780751
555,sub07,155,ling_word_target,0.020653976173639097
556,sub07,156,ling_word_target,-0.003319618337236391
557,sub07,157,ling_word_target,0.005361798625146923
558,sub07,158,ling_word_target,0.014337597196633379
559,sub07,159,ling_word_target,-0.015249519618493744
560,sub07,160,ling_word_target,-0.00844978467051903
561,sub07,161,ling_word_target,-0.017980816168936906
562,sub07,162,ling_word_target,0.015874609796928736
563,sub07,163,ling_word_target,-0.006428434790642089
564,sub07,164,ling_word_target,0.010356482943776392
565,sub07,165,ling_word_target,-0.013765383655440874
566,sub07,166,ling_word_target,0.007261616273885456
567,sub07,167,ling_word_target,0.015531222415515264
568,sub07,168,ling_word_target,0.0010698936783404699
569,sub07,169,ling_word_target,-0.011093402735512077
570,sub07,170,ling_word_target,0.0016160850107301023
571,sub07,171,ling_word_target,0.004007830573378253
572,sub07,172,ling_word_target,-0.014775298405940477
573,sub07,173,ling_word_target,-0.01007256021802481
574,sub07,174,ling_word_target,-0.009264184429184676
575,sub07,175,ling_word_target,0.017741875689795503
576,sub07,176,ling_word_target,0.006387868748724616
577,sub07,177,ling_word_target,0.0005837562138487968
578,sub07,178,ling_word_target,0.0039138649643924136
579,sub07,179,ling_word_target,-0.0018869188030281457
580,sub07,180,ling_word_target,0.004196786716501975
581,sub07,181,ling_word_target,0.0020820833663751613
582,sub07,182,ling_word_target,0.010006504497566413
583,sub07,183,ling_word_target,-0.006453628370472107
584,sub07,184,ling_word_target,0.0009391924625199056
585,sub07,185,ling_word_target,0.006510980042104896
586,sub07,186,ling_word_target,-0.008342537307527919
587,sub07,187,ling_word_target,0.007838247775380792
588,sub07,188,ling_word_target,0.003332142059143623
589,sub07,189,ling_word_target,-0.012283119555931627
590,sub07,190,ling_word_target,-0.010160018641944725
591,sub07,191,ling_word_target,-0.00542837167689225
592,sub07,192,ling_word_target,0.01635369703022566
593,sub07,193,ling_word_target,-0.00589519951690038
594,sub07,194,ling_word_target,0.003004997868838773
595,sub07,195,ling_word_target,0.0006787608222639698
596,sub07,196,ling_word_target,-0.002835469039131892
597,sub07,197,ling_word_target,-0.00032766389468319614
598,sub07,198,ling_word_target,-0.012723036295830265
599,sub07,199,ling_word_target,0.0009114480374304624
600,sub08,0,ling_word_target,0.0013654806222907578
601,sub08,1,ling_word_target,0.0021866182111634496
602,sub08,2,ling_word_target,-0.009318069350067003
603,sub08,3,ling_word_target,0.01316654104754152
604,sub08,4,ling_word_target,-0.009917326771826584
605,sub08,5,ling_word_target,-0.007715133847694719
606,sub08,6,ling_word_target,-0.018167389982693405
607,sub08,7,ling_word_target,0.0030184552641485604
608,sub08,8,ling_word_target,0.0032348347136671902
609,sub08,9,ling_word_target,-0.0029949128028661154
610,sub08,10,ling_word_target,-0.029507138863229875
611,sub08,11,ling_word_target,-0.006514598324325335
612,sub08,12,ling_word_target,0.017813539943870676
613,sub08,13,ling_word_target,0.007861396056305424
614,sub08,14,ling_word_target,-0.02012120582656889
615,sub08,15,ling_word_target,0.018529422849821387
616,sub08,16,ling_word_target,0.0016733125458161158
617,sub08,17,ling_word_target,0.017596236645973647
618,sub08,18,ling_word_target,0.0030420212336804663
619,sub08,19,ling_word_target,-0.008013239135357458
620,sub08,20,ling_word_target,-0.007695977196603927
621,sub08,21,ling_word_target,-0.030330963696391787
622,sub08,22,ling_word_target,0.001961807176414178
623,sub08,23,ling_word_target,-0.003269002839105014
624,sub08,24,ling_word_target,-0.012781075866051173
625,sub08,25,ling_word_target,-0.009324741462027029
626,sub08,26,ling_word_target,-0.016249440746894904
627,sub08,27,ling_word_target,-0.0015349341297452486
628,sub08,28,ling_word_target,-0.0020862842798005446
629,sub08,29,ling_word_target,-0.007154261885387852
630,sub08,30,ling_word_target,-0.006251470698671951
631,sub08,31,ling_word_target,-0.0013581076923778438
632,sub08,32,ling_word_target,0.0029917871228148287
633,sub08,33,ling_word_target,-0.01166211667790008
634,sub08,34,ling_word_target,0.01836855113991442
635,sub08,35,ling_word_target,0.013299046043322472
636,sub08,36,ling_word_target,0.006919153309737594
637,sub08,37,ling_word_target,0.0014387451244789347
638,sub08,38,ling_word_target,-0.022190831073185372
639,sub08,39,ling_word_target,-0.00921602021128714
640,sub08,40,ling_word_target,-0.002793333433073072
641,sub08,41,ling_word_target,-0.009061289171698595
642,sub08,42,ling_word_target,-0.009562403869006244
643,sub08,43,ling_word_target,-0.008913214651036151
644,sub08,44,ling_word_target,-0.022330655214416534
645,sub08,45,ling_word_target,0.00025106737805689514
646,sub08,46,ling_word_target,-0.004304768207643857
647,sub08,47,ling_word_target,-0.009311933689900862
648,sub08,48,ling_word_target,-0.005773174845165044
649,sub08,49,ling_word_target,0.022806849071717376
650,sub08,50,ling_word_target,0.009546853772458013
651,sub08,51,ling_word_target,0.0068173425135390564
652,sub08,52,ling_word_target,0.006304293125120783
653,sub08,53,ling_word_target,0.0005012955292601851
654,sub08,54,ling_word_target,0.000730565535477178
655,sub08,55,ling_word_target,-0.00958743522291951
656,sub08,56,ling_word_target,-0.009295476548652414
657,sub08,57,ling_word_target,-0.015538533700344649
658,sub08,58,ling_word_target,-0.0020732957681240767
659,sub08,59,ling_word_target,-0.01578257864133928
660,sub08,60,ling_word_target,-0.009617563259465658
661,sub08,61,ling_word_target,0.008264105995485292
662,sub08,62,ling_word_target,-0.01422852860617976
663,sub08,63,ling_word_target,0.005616111889241228
664,sub08,64,ling_word_target,0.01878635786964222
665,sub08,65,ling_word_target,0.00292055181319628
666,sub08,66,ling_word_target,0.028351767650087196
667,sub08,67,ling_word_target,0.007428322254798921
668,sub08,68,ling_word_target,0.026043596407392223
669,sub08,69,ling_word_target,-0.0029470641145681767
670,sub08,70,ling_word_target,-0.0145643609065187
671,sub08,71,ling_word_target,0.004702248929083667
672,sub08,72,ling_word_target,-0.008763591742370338
673,sub08,73,ling_word_target,0.0042963092974310155
674,sub08,74,ling_word_target,-0.0004025065587096432
675,sub08,75,ling_word_target,0.0010587948167088419
676,sub08,76,ling_word_target,-0.04050341341967245
677,sub08,77,ling_word_target,-0.018177881357102788
678,sub08,78,ling_word_target,-0.017599610532858842
679,sub08,79,ling_word_target,-0.0022571412332465612
680,sub08,80,ling_word_target,0.00051632840505221
681,sub08,81,ling_word_target,-0.0066110387782289054
682,sub08,82,ling_word_target,-0.007807440597557695
683,sub08,83,ling_word_target,-0.008463540530947094
684,sub08,84,ling_word_target,0.0018190055647259507
685,sub08,85,ling_word_target,-0.01061826753720349
686,sub08,86,ling_word_target,-0.014271331646735202
687,sub08,87,ling_word_target,-0.018794112904432544
688,sub08,88,ling_word_target,0.004725284444723822
689,sub08,89,ling_word_target,0.008180630418233251
690,sub08,90,ling_word_target,0.003091155610604543
691,sub08,91,ling_word_target,-0.02421450112668901
692,sub08,92,ling_word_target,-0.0014071898492991728
693,sub08,93,ling_word_target,0.028777382161766844
694,sub08,94,ling_word_target,-0.026265282586769655
695,sub08,95,ling_word_target,-0.0019503008828414149
696,sub08,96,ling_word_target,-0.003959695397496513
697,sub08,97,ling_word_target,0.0022793185240781817
698,sub08,98,ling_word_target,-0.016790224772594134
699,sub08,99,ling_word_target,0.00601049322925507
700,sub08,100,ling_word_target,-0.04125135978423782
701,sub08,101,ling_word_target,0.011446005615660114
702,sub08,102,ling_word_target,0.013675948345805787
703,sub08,103,ling_word_target,0.016764878555245832
704,sub08,104,ling_word_target,0.0124082901891117
705,sub08,105,ling_word_target,-0.0032287326038112386
706,sub08,106,ling_word_target,-0.0009187137784976139
707,sub08,107,ling_word_target,-0.027695768776135533
708,sub08,108,ling_word_target,-0.000275804173937973
709,sub08,109,ling_word_target,0.0017505560355247857
710,sub08,110,ling_word_target,0.010180075010231666
711,sub08,111,ling_word_target,0.011985984521518436
712,sub08,112,ling_word_target,-0.0011863567639738017
713,sub08,113,ling_word_target,-0.005607839180359472
714,sub08,114,ling_word_target,-0.0026431312100684825
715,sub08,115,ling_word_target,0.0013332413364233915
716,sub08,116,ling_word_target,0.022709430190777417
717,sub08,117,ling_word_target,-0.014332311112205457
718,sub08,118,ling_word_target,0.004354918135693174
719,sub08,119,ling_word_target,-0.0036229453725243957
720,sub08,120,ling_word_target,-0.009967072742883994
721,sub08,121,ling_word_target,0.013560563190717558
722,sub08,122,ling_word_target,-0.0031704954784378507
723,sub08,123,ling_word_target,-0.0031382360393576642
724,sub08,124,ling_word_target,0.0054927671608131
725,sub08,125,ling_word_target,0.01656304445501715
726,sub08,126,ling_word_target,0.007429387880026165
727,sub08,127,ling_word_target,-0.012384184291681283
728,sub08,128,ling_word_target,-0.015965699384090426
729,sub08,129,ling_word_target,0.008127241026032121
730,sub08,130,ling_word_target,0.01698147806700688
731,sub08,131,ling_word_target,0.010409936053355561
732,sub08,132,ling_word_target,0.031680326849613714
733,sub08,133,ling_word_target,0.00134500521566883
734,sub08,134,ling_word_target,-0.029636800979132332
735,sub08,135,ling_word_target,-0.0019909852188399325
736,sub08,136,ling_word_target,-0.00871492675531347
737,sub08,137,ling_word_target,0.003553819547397674
738,sub08,138,ling_word_target,-0.004023986170506159
739,sub08,139,ling_word_target,-0.0028445793133013053
740,sub08,140,ling_word_target,-0.01446550109871813
741,sub08,141,ling_word_target,-0.014037219316361012
742,sub08,142,ling_word_target,-0.0077787262812506214
743,sub08,143,ling_word_target,0.002368143663855173
744,sub08,144,ling_word_target,0.01747470810179752
745,sub08,145,ling_word_target,-0.002669223472318733
746,sub08,146,ling_word_target,-0.013564296660459893
747,sub08,147,ling_word_target,-0.006018193517876283
748,sub08,148,ling_word_target,-0.0014590663955043504
749,sub08,149,ling_word_target,-0.007846838441017776
750,sub08,150,ling_word_target,0.029197786106497137
751,sub08,151,ling_word_target,-0.00799154763890214
752,sub08,152,ling_word_target,0.0019420719917035477
753,sub08,153,ling_word_target,-0.0046220856300695145
754,sub08,154,ling_word_target,0.011633909421888331
755,sub08,155,ling_word_target,0.004317847154287136
756,sub08,156,ling_word_target,0.00011094311370080154
757,sub08,157,ling_word_target,-0.016105690472714193
758,sub08,158,ling_word_target,-0.01434794755443567
759,sub08,159,ling_word_target,0.00033353220571067185
760,sub08,160,ling_word_target,-0.01634213137431957
761,sub08,161,ling_word_target,0.016860494059289455
762,sub08,162,ling_word_target,0.016461649976648177
763,sub08,163,ling_word_target,0.0031806657939536377
764,sub08,164,ling_word_target,-0.008436880231195572
765,sub08,165,ling_word_target,-0.007546211231586646
766,sub08,166,ling_word_target,0.003941563501861454
767,sub08,167,ling_word_target,-0.0005051458946308032
768,sub08,168,ling_word_target,-0.004018772642322475
769,sub08,169,ling_word_target,-0.009938611672041195
770,sub08,170,ling_word_target,-0.008546524120647228
771,sub08,171,ling_word_target,0.007453270487594394
772,sub08,172,ling_word_target,-0.0029679770756526965
773,sub08,173,ling_word_target,0.0038373972467148814
774,sub08,174,ling_word_target,0.005879583658398679
775,sub08,175,ling_word_target,0.00693860121425551
776,sub08,176,ling_word_target,0.0050571302135482485
777,sub08,177,ling_word_target,-0.0007044740021009743
778,sub08,178,ling_word_target,-0.002661911244485723
779,sub08,179,ling_word_target,-0.007541773000137852
780,sub08,180,ling_word_target,-0.002106240277262575
781,sub08,181,ling_word_target,0.002459548308386977
782,sub08,182,ling_word_target,0.017053409141694627
783,sub08,183,ling_word_target,-0.002076597578827425
784,sub08,184,ling_word_target,0.004971129950209055
785,sub08,185,ling_word_target,-0.004572086403073968
786,sub08,186,ling_word_target,0.00633770678543036
787,sub08,187,ling_word_target,0.02999360586616447
788,sub08,188,ling_word_target,-0.006624506169779067
789,sub08,189,ling_word_target,-0.0056061211503447995
790,sub08,190,ling_word_target,0.031705830355619184
791,sub08,191,ling_word_target,0.01227211786168718
792,sub08,192,ling_word_target,-0.005642754585763117
793,sub08,193,ling_word_target,-0.012590643855642807
794,sub08,194,ling_word_target,0.0016325841139572894
795,sub08,195,ling_word_target,0.008454029345820522
796,sub08,196,ling_word_target,0.008681158000101635
797,sub08,197,ling_word_target,-0.007857534337677668
798,sub08,198,ling_word_target,0.0016323603452557073
799,sub08,199,ling_word_target,0.0180356729197093
800,sub09,0,ling_word_target,-0.008691965575733141
801,sub09,1,ling_word_target,-0.00896066607787169
802,sub09,2,ling_word_target,0.010965331063909987
803,sub09,3,ling_word_target,0.010486671389598795
804,sub09,4,ling_word_target,-0.00501858776617333
805,sub09,5,ling_word_target,0.0059259826471289734
806,sub09,6,ling_word_target,-0.007473197238120692
807,sub09,7,ling_word_target,0.007484308843399654
808,sub09,8,ling_word_target,0.006291550121652027
809,sub09,9,ling_word_target,0.006819235178191917
810,sub09,10,ling_word_target,-0.0026981169305435922
811,sub09,11,ling_word_target,0.008493479495692523
812,sub09,12,ling_word_target,-0.015879721878632798
813,sub09,13,ling_word_target,0.01221993541211634
814,sub09,14,ling_word_target,-0.02498124789452672
815,sub09,15,ling_word_target,-0.008226300426612645
816,sub09,16,ling_word_target,0.029474248393627216
817,sub09,17,ling_word_target,-0.011771560740240362
818,sub09,18,ling_word_target,0.003258000804981208
819,sub09,19,ling_word_target,0.021883540592014
820,sub09,20,ling_word_target,-0.012180446207183445
821,sub09,21,ling_word_target,0.00834377005366414
822,sub09,22,ling_word_target,-0.02061717359919871
823,sub09,23,ling_word_target,0.005987264489067633
824,sub09,24,ling_word_target,0.008705309876391976
825,sub09,25,ling_word_target,-0.0038082522426241
826,sub09,26,ling_word_target,0.006640553403523919
827,sub09,27,ling_word_target,0.0005499795813071154
828,sub09,28,ling_word_target,0.01123855593190443
829,sub09,29,ling_word_target,-0.017165255896459564
830,sub09,30,ling_word_target,0.023640650883459503
831,sub09,31,ling_word_target,-0.0026110541804213665
832,sub09,32,ling_word_target,-0.004962376305765274
833,sub09,33,ling_word_target,0.0002679962413265404
834,sub09,34,ling_word_target,0.018180727019191708
835,sub09,35,ling_word_target,-0.010395312911115201
836,sub09,36,ling_word_target,-0.004061438602460448
837,sub09,37,ling_word_target,-0.004700994182587995
838,sub09,38,ling_word_target,0.01584642741748351
839,sub09,39,ling_word_target,-0.02169779900893923
840,sub09,40,ling_word_target,-0.0033873913710811207
841,sub09,41,ling_word_target,0.01029366207776734
842,sub09,42,ling_word_target,-0.012362073262669736
843,sub09,43,ling_word_target,0.0054743326731770715
844,sub09,44,ling_word_target,-0.006108571335493556
845,sub09,45,ling_word_target,0.003386954721999443
846,sub09,46,ling_word_target,0.003008128866650516
847,sub09,47,ling_word_target,0.010940392756612946
848,sub09,48,ling_word_target,0.00591053529703205
849,sub09,49,ling_word_target,-0.0006367601371834514
850,sub09,50,ling_word_target,-0.0015536736588021044
851,sub09,51,ling_word_target,0.001153837410850712
852,sub09,52,ling_word_target,-0.002214426396336923
853,sub09,53,ling_word_target,-0.025287989393196795
854,sub09,54,ling_word_target,-0.019550507184353243
855,sub09,55,ling_word_target,-0.02088211527311485
856,sub09,56,ling_word_target,0.005108523830569746
857,sub09,57,ling_word_target,-0.0008485110039317795
858,sub09,58,ling_word_target,-0.0041926149308368
859,sub09,59,ling_word_target,0.011943441257264556
860,sub09,60,ling_word_target,-0.008401431957431956
861,sub09,61,ling_word_target,0.0013831436803608127
862,sub09,62,ling_word_target,0.0009831305390478814
863,sub09,63,ling_word_target,0.023677039896124526
864,sub09,64,ling_word_target,-0.006690442385272279
865,sub09,65,ling_word_target,0.008582064588919107
866,sub09,66,ling_word_target,-0.005927102339495926
867,sub09,67,ling_word_target,0.017161416058957896
868,sub09,68,ling_word_target,0.0054534240759781406
869,sub09,69,ling_word_target,0.001274199634048335
870,sub09,70,ling_word_target,0.005577538392081906
871,sub09,71,ling_word_target,0.003982169833346943
872,sub09,72,ling_word_target,0.013707597671787622
873,sub09,73,ling_word_target,0.02016305298814197
874,sub09,74,ling_word_target,0.019767620280083525
875,sub09,75,ling_word_target,-0.0024488263634985926
876,sub09,76,ling_word_target,-0.0013107082213768214
877,sub09,77,ling_word_target,-0.0029910189439027353
878,sub09,78,ling_word_target,-0.004905887881945667
879,sub09,79,ling_word_target,0.0015365456872479329
880,sub09,80,ling_word_target,-0.0015944206180341194
881,sub09,81,ling_word_target,-0.01473872512659401
882,sub09,82,ling_word_target,0.003309761436915951
883,sub09,83,ling_word_target,0.020732180314366796
884,sub09,84,ling_word_target,-0.014615188725411555
885,sub09,85,ling_word_target,-0.021631645945895606
886,sub09,86,ling_word_target,0.0036876972593478147
887,sub09,87,ling_word_target,0.0012012831393458166
888,sub09,88,ling_word_target,-0.0033553748795018155
889,sub09,89,ling_word_target,-0.0006097324273307147
890,sub09,90,ling_word_target,-0.028013559422756042
891,sub09,91,ling_word_target,0.007087499757496709
892,sub09,92,ling_word_target,-0.003560893901546163
893,sub09,93,ling_word_target,0.002039528531505553
894,sub09,94,ling_word_target,-0.0006841460905685054
895,sub09,95,ling_word_target,-0.004058016821917006
896,sub09,96,ling_word_target,0.017922151855644254
897,sub09,97,ling_word_target,-0.011905841793244125
898,sub09,98,ling_word_target,0.0006907121088864516
899,sub09,99,ling_word_target,-0.0045632752253929555
900,sub09,100,ling_word_target,0.014525375687055432
901,sub09,101,ling_word_target,-0.0040969826076822
902,sub09,102,ling_word_target,0.005169639478622275
903,sub09,103,ling_word_target,0.0035313269305028917
904,sub09,104,ling_word_target,0.006769628163071475
905,sub09,105,ling_word_target,-0.02886604798928357
906,sub09,106,ling_word_target,0.022754516437868015
907,sub09,107,ling_word_target,0.006368987358425095
908,sub09,108,ling_word_target,-0.000742329564126739
909,sub09,109,ling_word_target,-0.01236595968564668
910,sub09,110,ling_word_target,-0.020122110960829553
911,sub09,111,ling_word_target,-0.0006894838938971752
912,sub09,112,ling_word_target,-0.0004278986467300421
913,sub09,113,ling_word_target,-0.0024244850660233063
914,sub09,114,ling_word_target,-0.008361267116821064
915,sub09,115,ling_word_target,0.0006160370104064495
916,sub09,116,ling_word_target,0.006287183970410292
917,sub09,117,ling_word_target,-0.008358790109036392
918,sub09,118,ling_word_target,-0.0029206257244445287
919,sub09,119,ling_word_target,0.0007257232136660879
920,sub09,120,ling_word_target,0.006739183189463823
921,sub09,121,ling_word_target,0.025159451413455054
922,sub09,122,ling_word_target,-0.005810350762014762
923,sub09,123,ling_word_target,-0.0003469482776299145
924,sub09,124,ling_word_target,0.00329806890221546
925,sub09,125,ling_word_target,0.0038448658597424906
926,sub09,126,ling_word_target,0.013145357406637921
927,sub09,127,ling_word_target,-0.003742384893057807
928,sub09,128,ling_word_target,-0.013737060557307805
929,sub09,129,ling_word_target,0.014057893380868798
930,sub09,130,ling_word_target,0.010734918625941035
931,sub09,131,ling_word_target,-0.0063550514778987505
932,sub09,132,ling_word_target,0.0032108884284239784
933,sub09,133,ling_word_target,0.002473244478130695
934,sub09,134,ling_word_target,-0.0009355280733770562
935,sub09,135,ling_word_target,0.01408239399241782
936,sub09,136,ling_word_target,-0.007144291950040339
937,sub09,137,ling_word_target,0.003500037075161257
938,sub09,138,ling_word_target,0.007698260461078713
939,sub09,139,ling_word_target,-0.0014328870988300588
940,sub09,140,ling_word_target,0.010959862495783174
941,sub09,141,ling_word_target,0.0023634473916907426
942,sub09,142,ling_word_target,0.002452681681975853
943,sub09,143,ling_word_target,0.013181814893180273
944,sub09,144,ling_word_target,0.017674469784480035
945,sub09,145,ling_word_target,0.024360824509606006
946,sub09,146,ling_word_target,0.0025007152834702413
947,sub09,147,ling_word_target,0.007787976285119369
948,sub09,148,ling_word_target,-0.0031621483986649405
949,sub09,149,ling_word_target,0.019196797954468055
950,sub09,150,ling_word_target,-0.0016986152452979032
951,sub09,151,ling_word_target,-0.014564859486242443
952,sub09,152,ling_word_target,-0.017662193429267573
953,sub09,153,ling_word_target,-0.01635657081391652
954,sub09,154,ling_word_target,-0.006319651051363601
955,sub09,155,ling_word_target,-0.002692932382705476
956,sub09,156,ling_word_target,-0.042393188454226224
957,sub09,157,ling_word_target,0.01027823031636115
958,sub09,158,ling_word_target,0.019971206304205857
959,sub09,159,ling_word_target,0.004635416974840411
960,sub09,160,ling_word_target,-0.002441512830179667
961,sub09,161,ling_word_target,0.003127135226820003
962,sub09,162,ling_word_target,-0.007608325784147533
963,sub09,163,ling_word_target,0.007499944163371465
964,sub09,164,ling_word_target,-0.0044178386600598465
965,sub09,165,ling_word_target,0.012774014346845927
966,sub09,166,ling_word_target,0.0013794769395641866
967,sub09,167,ling_word_target,-0.0029900991419869066
968,sub09,168,ling_word_target,0.020042277242186754
969,sub09,169,ling_word_target,-0.0002013785047625204
970,sub09,170,ling_word_target,0.018135733306548996
971,sub09,171,ling_word_target,-0.013214652646291623
972,sub09,172,ling_word_target,0.011647650495713235
973,sub09,173,ling_word_target,-0.02095587662887022
974,sub09,174,ling_word_target,-0.005621480706157945
975,sub09,175,ling_word_target,-0.007318182535467447
976,sub09,176,ling_word_target,-0.010203918447107658
977,sub09,177,ling_word_target,-0.0054796755851896466
978,sub09,178,ling_word_target,-0.011298562796121733
979,sub09,179,ling_word_target,-0.0016196669328731662
980,sub09,180,ling_word_target,-0.01964843534538046
981,sub09,181,ling_word_target,0.008672242113269177
982,sub09,182,ling_word_target,-0.00758095326180279
983,sub09,183,ling_word_target,0.008063895377247273
984,sub09,184,ling_word_target,-0.02737348586798205
985,sub09,185,ling_word_target,-0.001973137602697385
986,sub09,186,ling_word_target,-0.02182480089038267
987,sub09,187,ling_word_target,-0.011726743748192818
988,sub09,188,ling_word_target,-0.008277199837482492
989,sub09,189,ling_word_target,-0.006169747682390161
990,sub09,190,ling_word_target,0.0042223248604915135
991,sub09,191,ling_word_target,0.0073093616564058215
992,sub09,192,ling_word_target,0.024620500926809126
993,sub09,193,ling_word_target,0.008892101781229726
994,sub09,194,ling_word_target,0.023998665630159198
995,sub09,195,ling_word_target,0.01220538565441574
996,sub09,196,ling_word_target,0.011470128623423663
997,sub09,197,ling_word_target,-0.006443945100965156
998,sub09,198,ling_word_target,0.008803162293987418
999,sub09,199,ling_word_target,-0.00208419835920313
1000,sub10,0,ling_word_target,-0.005502620142468325
1001,sub10,1,ling_word_target,0.008170053029342773
1002,sub10,2,ling_word_target,0.009095753890694622
1003,sub10,3,ling_word_target,-0.0020519551211923984
1004,sub10,4,ling_word_target,0.00482081807130062
1005,sub10,5,ling_word_target,-0.0005267777153307555
1006,sub10,6,ling_word_target,0.011445229032892905
1007,sub10,7,ling_word_target,-0.006739551956062437
1008,sub10,8,ling_word_target,-0.014594864267792284
1009,sub10,9,ling_word_target,0.015519247685700234
1010,sub10,10,ling_word_target,-0.012751352831580883
1011,sub10,11,ling_word_target,-0.015697007771207777
1012,sub10,12,ling_word_target,-0.010358359185581277
1013,sub10,13,ling_word_target,-0.00800097438400407
1014,sub10,14,ling_word_target,-0.011430802742786565
1015,sub10,15,ling_word_target,-0.017845997889948628
1016,sub10,16,ling_word_target,-0.0004088396870070248
1017,sub10,17,ling_word_target,-0.004353267409056037
1018,sub10,18,ling_word_target,0.010681713113383978
1019,sub10,19,ling_word_target,-0.022608110304538267
1020,sub10,20,ling_word_target,-0.022309877112171514
1021,sub10,21,ling_word_target,-0.007375647177705322
1022,sub10,22,ling_word_target,-0.010022161364052864
1023,sub10,23,ling_word_target,-0.020226713079010233
1024,sub10,24,ling_word_target,-0.00838308363384481
1025,sub10,25,ling_word_target,-0.006197710209712603
1026,sub10,26,ling_word_target,-0.003359623447504726
1027,sub10,27,ling_word_target,0.00810824680796417
1028,sub10,28,ling_word_target,-0.008121797896883684
1029,sub10,29,ling_word_target,0.0011680470410167032
1030,sub10,30,ling_word_target,-0.01773277176032192
1031,sub10,31,ling_word_target,-0.0005553293316025422
1032,sub10,32,ling_word_target,-0.014033603469321216
1033,sub10,33,ling_word_target,-0.007062744493019517
1034,sub10,34,ling_word_target,0.01977770172318543
1035,sub10,35,ling_word_target,0.0056248876079601235
1036,sub10,36,ling_word_target,-0.006326698330066904
1037,sub10,37,ling_word_target,-0.010359729185113891
1038,sub10,38,ling_word_target,-0.011316746257866528
1039,sub10,39,ling_word_target,-0.01786445254698852
1040,sub10,40,ling_word_target,0.0038909140480514037
1041,sub10,41,ling_word_target,-0.011970386340891455
1042,sub10,42,ling_word_target,-0.0012563837987228353
1043,sub10,43,ling_word_target,-0.02141883933875417
1044,sub10,44,ling_word_target,-0.015619430429906276
1045,sub10,45,ling_word_target,0.004900258353629621
1046,sub10,46,ling_word_target,-0.008044983445843527
1047,sub10,47,ling_word_target,0.007599030353506615
1048,sub10,48,ling_word_target,-0.004135662726343013
1049,sub10,49,ling_word_target,0.01066280690139665
1050,sub10,50,ling_word_target,0.010464087159133245
1051,sub10,51,ling_word_target,0.0031989715123642497
1052,sub10,52,ling_word_target,0.006520539049693058
1053,sub10,53,ling_word_target,-0.0006767899091999552
1054,sub10,54,ling_word_target,0.0020416370445917554
1055,sub10,55,ling_word_target,0.004941755570847384
1056,sub10,56,ling_word_target,0.0022792133562131085
1057,sub10,57,ling_word_target,0.0005944180503827676
1058,sub10,58,ling_word_target,0.007848209913077319
1059,sub10,59,ling_word_target,0.008370397723969253
1060,sub10,60,ling_word_target,0.0014091987920506744
1061,sub10,61,ling_word_target,-0.0017630850849244177
1062,sub10,62,ling_word_target,0.01717208638220792
1063,sub10,63,ling_word_target,0.0015623897465946509
1064,sub10,64,ling_word_target,-0.018358383659390468
1065,sub10,65,ling_word_target,-8.174905296126011e-05
1066,sub10,66,ling_word_target,-0.010805505417292464
1067,sub10,67,ling_word_target,-0.011722416787377204
1068,sub10,68,ling_word_target,0.006352346432199547
1069,sub10,69,ling_word_target,-0.014379153541672123
1070,sub10,70,ling_word_target,-0.021602728964323907
1071,sub10,71,ling_word_target,-0.006725640587812525
1072,sub10,72,ling_word_target,-0.021217024084268125
1073,sub10,73,ling_word_target,-0.008645060994458248
1074,sub10,74,ling_word_target,-0.005401093441069114
1075,sub10,75,ling_word_target,0.003955366785244518
1076,sub10,76,ling_word_target,-0.014600663706037877
1077,sub10,77,ling_word_target,0.003645415192894673
1078,sub10,78,ling_word_target,0.001825828294310116
1079,sub10,79,ling_word_target,0.011391880453547177
1080,sub10,80,ling_word_target,0.0007322594837017933
1081,sub10,81,ling_word_target,-0.005414761572958224
1082,sub10,82,ling_word_target,-0.003939278012434355
1083,sub10,83,ling_word_target,0.0023768052423023185
1084,sub10,84,ling_word_target,0.02301163338052533
1085,sub10,85,ling_word_target,0.008209218006479039
1086,sub10,86,ling_word_target,0.00848761177326296
1087,sub10,87,ling_word_target,-0.0042984731893897935
1088,sub10,88,ling_word_target,-0.009241095124921177
1089,sub10,89,ling_word_target,0.019110672961259314
1090,sub10,90,ling_word_target,0.003494600922136698
1091,sub10,91,ling_word_target,0.014243501314343236
1092,sub10,92,ling_word_target,-0.005816283560375252
1093,sub10,93,ling_word_target,0.010678686961594996
1094,sub10,94,ling_word_target,0.01511051990424848
1095,sub10,95,ling_word_target,-0.008774224573186456
1096,sub10,96,ling_word_target,-0.009810052211706069
1097,sub10,97,ling_word_target,-0.013145661052169362
1098,sub10,98,ling_word_target,0.010767763030959757
1099,sub10,99,ling_word_target,0.0009429338497826355
1100,sub10,100,ling_word_target,-0.00553362656666219
1101,sub10,101,ling_word_target,-0.0006932566285259119
1102,sub10,102,ling_word_target,0.0003698669565583999
1103,sub10,103,ling_word_target,-0.011014660541584615
1104,sub10,104,ling_word_target,-0.005932097012020297
1105,sub10,105,ling_word_target,0.021325412085610028
1106,sub10,106,ling_word_target,0.004918732033266321
1107,sub10,107,ling_word_target,0.01293145634298852
1108,sub10,108,ling_word_target,-0.00881297348822686
1109,sub10,109,ling_word_target,-0.0013552165843684618
1110,sub10,110,ling_word_target,-0.003478120187884616
1111,sub10,111,ling_word_target,-0.0029716174073109434
1112,sub10,112,ling_word_target,-0.010999229846621224
1113,sub10,113,ling_word_target,0.005605181592700782
1114,sub10,114,ling_word_target,0.0025595290743584977
1115,sub10,115,ling_word_target,0.0006350658676399463
1116,sub10,116,ling_word_target,-0.0012680509844012625
1117,sub10,117,ling_word_target,0.005734081671129714
1118,sub10,118,ling_word_target,-0.00590846763485359
1119,sub10,119,ling_word_target,-0.01739260305948433
1120,sub10,120,ling_word_target,-0.012104090689422996
1121,sub10,121,ling_word_target,-0.0008087854165917895
1122,sub10,122,ling_word_target,-0.010038295436982928
1123,sub10,123,ling_word_target,-0.0008318721588927506
1124,sub10,124,ling_word_target,0.008230420362891103
1125,sub10,125,ling_word_target,-0.0022544438574621595
1126,sub10,126,ling_word_target,-0.006833986146056224
1127,sub10,127,ling_word_target,-0.015228539414661369
1128,sub10,128,ling_word_target,-0.002614797518034096
1129,sub10,129,ling_word_target,0.0037681067856022072
1130,sub10,130,ling_word_target,-0.015535023634047795
1131,sub10,131,ling_word_target,0.012176234363245003
1132,sub10,132,ling_word_target,0.016690928453939196
1133,sub10,133,ling_word_target,-0.00459222734717174
1134,sub10,134,ling_word_target,0.005157250415914595
1135,sub10,135,ling_word_target,-0.014795600586417944
1136,sub10,136,ling_word_target,-0.002051972556518799
1137,sub10,137,ling_word_target,-0.005124839960690524
1138,sub10,138,ling_word_target,-0.005164379238934733
1139,sub10,139,ling_word_target,-0.0008576594322960654
1140,sub10,140,ling_word_target,-0.015206712874614491
1141,sub10,141,ling_word_target,0.0074531434185378595
1142,sub10,142,ling_word_target,-0.0021343366547372147
1143,sub10,143,ling_word_target,0.007033876208587501
1144,sub10,144,ling_word_target,0.008198965676296344
1145,sub10,145,ling_word_target,0.00857509489006049
1146,sub10,146,ling_word_target,0.0033839652877003515
1147,sub10,147,ling_word_target,0.005629912644991014
1148,sub10,148,ling_word_target,0.005339969042999302
1149,sub10,149,ling_word_target,-0.017268329998945585
1150,sub10,150,ling_word_target,-0.004349331217957
1151,sub10,151,ling_word_target,-0.0015311744243880932
1152,sub10,152,ling_word_target,-0.006910410393860746
1153,sub10,153,ling_word_target,0.019359438398459734
1154,sub10,154,ling_word_target,-0.0013611702304447781
1155,sub10,155,ling_word_target,0.009613329350861914
1156,sub10,156,ling_word_target,-0.007731173083139458
1157,sub10,157,ling_word_target,-0.020720103591683792
1158,sub10,158,ling_word_target,0.005807672253289763
1159,sub10,159,ling_word_target,0.013979560597657509
1160,sub10,160,ling_word_target,-0.0019018097896249717
1161,sub10,161,ling_word_target,-0.017193436733343843
1162,sub10,162,ling_word_target,0.011364830244248614
1163,sub10,163,ling_word_target,-0.012659722765725431
1164,sub10,164,ling_word_target,0.008581407176842764
1165,sub10,165,ling_word_target,0.0015221183345041334
1166,sub10,166,ling_word_target,-0.010113667785005819
1167,sub10,167,ling_word_target,0.012543507262369935
1168,sub10,168,ling_word_target,-0.012496069752409944
1169,sub10,169,ling_word_target,-0.008852134186776574
1170,sub10,170,ling_word_target,0.006122524870708281
1171,sub10,171,ling_word_target,-0.01416914787310314
1172,sub10,172,ling_word_target,-0.008228028541748108
1173,sub10,173,ling_word_target,-0.011417651638519356
1174,sub10,174,ling_word_target,0.011884991879632238
1175,sub10,175,ling_word_target,0.005987067423402976
1176,sub10,176,ling_word_target,-0.008533705333774776
1177,sub10,177,ling_word_target,0.003381317838058614
1178,sub10,178,ling_word_target,0.004553451053929683
1179,sub10,179,ling_word_target,0.005757760813410976
1180,sub10,180,ling_word_target,0.011069545329601773
1181,sub10,181,ling_word_target,-0.0063172265513609365
1182,sub10,182,ling_word_target,-0.022878836253750607
1183,sub10,183,ling_word_target,-0.0011158708023483773
1184,sub10,184,ling_word_target,0.005731100368101616
1185,sub10,185,ling_word_target,0.0005840727437146459
1186,sub10,186,ling_word_target,-0.020197413069192732
1187,sub10,187,ling_word_target,-0.028367493651968445
1188,sub10,188,ling_word_target,-0.0006665554311502576
1189,sub10,189,ling_word_target,0.0054970663086742755
1190,sub10,190,ling_word_target,-0.0030725252113799053
1191,sub10,191,ling_word_target,0.008345527111848836
1192,sub10,192,ling_word_target,-0.0023599033278066677
1193,sub10,193,ling_word_target,0.0046204779361014355
1194,sub10,194,ling_word_target,-0.009606414766052306
1195,sub10,195,ling_word_target,0.012244490025166598
1196,sub10,196,ling_word_target,0.0007695877955239205
1197,sub10,197,ling_word_target,0.011002011132303277
1198,sub10,198,ling_word_target,0.010142184011373557
1199,sub10,199,ling_word_target,0.0029944189424432224
1200,sub11,0,ling_word_target,-0.006806970020665301
1201,sub11,1,ling_word_target,-0.028646501095727233
1202,sub11,2,ling_word_target,-0.012646087461910933
1203,sub11,3,ling_word_target,-0.05746204217077157
1204,sub11,4,ling_word_target,-0.015677473577175634
1205,sub11,5,ling_word_target,0.02271174937684845
1206,sub11,6,ling_word_target,0.0012966297208830751
1207,sub11,7,ling_word_target,-0.0023595078915466155
1208,sub11,8,ling_word_target,0.02472656598815822
1209,sub11,9,ling_word_target,0.00959784611746487
1210,sub11,10,ling_word_target,-0.01587139285655437
1211,sub11,11,ling_word_target,-0.003260224837872488
1212,sub11,12,ling_word_target,0.02992368706816025
1213,sub11,13,ling_word_target,-0.001872221533991533
1214,sub11,14,ling_word_target,0.002257302291522711
1215,sub11,15,ling_word_target,-0.009969293846046178
1216,sub11,16,ling_word_target,-0.0055968340941353455
1217,sub11,17,ling_word_target,0.017248679238713153
1218,sub11,18,ling_word_target,0.008033810035868042
1219,sub11,19,ling_word_target,0.004887027754821508
1220,sub11,20,ling_word_target,0.01005161881911174
1221,sub11,21,ling_word_target,0.007533233654170529
1222,sub11,22,ling_word_target,0.002031249891443122
1223,sub11,23,ling_word_target,0.014776076289526359
1224,sub11,24,ling_word_target,-0.017219730924074344
1225,sub11,25,ling_word_target,0.053688184341823285
1226,sub11,26,ling_word_target,0.010818220838178424
1227,sub11,27,ling_word_target,-0.012530625300265106
1228,sub11,28,ling_word_target,0.001986781938733191
1229,sub11,29,ling_word_target,-0.003445679945534307
1230,sub11,30,ling_word_target,0.0030437023726201935
1231,sub11,31,ling_word_target,-0.007106734084894481
1232,sub11,32,ling_word_target,-0.008761210854977462
1233,sub11,33,ling_word_target,-0.011247004584704916
1234,sub11,34,ling_word_target,0.00033840994804102905
1235,sub11,35,ling_word_target,0.004214916527670425
1236,sub11,36,ling_word_target,-0.01907017710690939
1237,sub11,37,ling_word_target,0.027250497027778944
1238,sub11,38,ling_word_target,0.0006674284226773471
1239,sub11,39,ling_word_target,0.005618210610486704
1240,sub11,40,ling_word_target,-0.00888703773015115
1241,sub11,41,ling_word_target,-0.017355847515583597
1242,sub11,42,ling_word_target,-0.0033057451449809597
1243,sub11,43,ling_word_target,-0.020827571274639106
1244,sub11,44,ling_word_target,-0.006324700093788014
1245,sub11,45,ling_word_target,0.00950990053723447
1246,sub11,46,ling_word_target,0.010030831169170926
1247,sub11,47,ling_word_target,-0.01599731644959588
1248,sub11,48,ling_word_target,0.008644696472649371
1249,sub11,49,ling_word_target,-0.006937349482068021
1250,sub11,50,ling_word_target,-0.003971440884177088
1251,sub11,51,ling_word_target,0.008113871314677995
1252,sub11,52,ling_word_target,0.019744332069673208
1253,sub11,53,ling_word_target,0.027448280420829592
1254,sub11,54,ling_word_target,0.009823576014935697
1255,sub11,55,ling_word_target,-0.010956087943960009
1256,sub11,56,ling_word_target,0.002650663126911046
1257,sub11,57,ling_word_target,-0.020435253498003774
1258,sub11,58,ling_word_target,-0.017013908794355017
1259,sub11,59,ling_word_target,0.017585064150861363
1260,sub11,60,ling_word_target,0.006061220658663452
1261,sub11,61,ling_word_target,0.006086197594761015
1262,sub11,62,ling_word_target,0.019993301262606483
1263,sub11,63,ling_word_target,0.024694184241561824
1264,sub11,64,ling_word_target,0.010584120232033289
1265,sub11,65,ling_word_target,-0.0043541376559822495
1266,sub11,66,ling_word_target,-0.0028586172227313225
1267,sub11,67,ling_word_target,0.007425722500200298
1268,sub11,68,ling_word_target,0.008785743459566363
1269,sub11,69,ling_word_target,-0.02683098201456993
1270,sub11,70,ling_word_target,0.009232467399332417
1271,sub11,71,ling_word_target,0.003923122391874466
1272,sub11,72,ling_word_target,-0.0034064662051707666
1273,sub11,73,ling_word_target,-0.028260465747268097
1274,sub11,74,ling_word_target,-0.0016315475629847657
1275,sub11,75,ling_word_target,0.02960524999043981
1276,sub11,76,ling_word_target,-0.005029586936553374
1277,sub11,77,ling_word_target,0.0213739983293467
1278,sub11,78,ling_word_target,0.014414864091140544
1279,sub11,79,ling_word_target,-0.007401269728081846
1280,sub11,80,ling_word_target,-0.037051792273474674
1281,sub11,81,ling_word_target,0.018236632415749805
1282,sub11,82,ling_word_target,0.017306814435902866
1283,sub11,83,ling_word_target,-0.004783393008091726
1284,sub11,84,ling_word_target,-0.02006620205720998
1285,sub11,85,ling_word_target,0.012094469857897791
1286,sub11,86,ling_word_target,0.023435892076514798
1287,sub11,87,ling_word_target,0.0046684988414048756
1288,sub11,88,ling_word_target,-0.02010503535663352
1289,sub11,89,ling_word_target,0.001372250064000559
1290,sub11,90,ling_word_target,0.03252567030545187
1291,sub11,91,ling_word_target,0.01742588405285088
1292,sub11,92,ling_word_target,0.005861752235511652
1293,sub11,93,ling_word_target,-0.024622958409650904
1294,sub11,94,ling_word_target,-0.003476477180405742
1295,sub11,95,ling_word_target,-0.014133703726713149
1296,sub11,96,ling_word_target,0.009742152725231538
1297,sub11,97,ling_word_target,-0.0063030555180524075
1298,sub11,98,ling_word_target,0.004496287369181468
1299,sub11,99,ling_word_target,-0.0029642158129999695
1300,sub11,100,ling_word_target,-0.0013436452918914113
1301,sub11,101,ling_word_target,-0.011451881703195528
1302,sub11,102,ling_word_target,0.007926060008350078
1303,sub11,103,ling_word_target,-0.004769911299278806
1304,sub11,104,ling_word_target,0.02463465305437401
1305,sub11,105,ling_word_target,-0.009642651170646433
1306,sub11,106,ling_word_target,-0.005228706984858931
1307,sub11,107,ling_word_target,0.0013504670955313842
1308,sub11,108,ling_word_target,0.017475238259591366
1309,sub11,109,ling_word_target,0.007087073415778225
1310,sub11,110,ling_word_target,-0.015949314385407552
1311,sub11,111,ling_word_target,0.014325787792327288
1312,sub11,112,ling_word_target,-0.01491109176222019
1313,sub11,113,ling_word_target,0.0046205621064682595
1314,sub11,114,ling_word_target,-0.002695672896910057
1315,sub11,115,ling_word_target,-0.015112504408360747
1316,sub11,116,ling_word_target,0.020833687344315805
1317,sub11,117,ling_word_target,-0.006973126024902663
1318,sub11,118,ling_word_target,0.0044459007674736714
1319,sub11,119,ling_word_target,0.02428235429192917
1320,sub11,120,ling_word_target,0.001508045444429077
1321,sub11,121,ling_word_target,0.0008714482075726625
1322,sub11,122,ling_word_target,-0.014267423856398362
1323,sub11,123,ling_word_target,4.0127590019956846e-05
1324,sub11,124,ling_word_target,-0.005937933614864144
1325,sub11,125,ling_word_target,0.0017038921454435758
1326,sub11,126,ling_word_target,-0.004068161553111386
1327,sub11,127,ling_word_target,0.006277717601162233
1328,sub11,128,ling_word_target,-0.003020468719225753
1329,sub11,129,ling_word_target,-0.012374680689126297
1330,sub11,130,ling_word_target,-0.00221837894854823
1331,sub11,131,ling_word_target,0.01180441023644168
1332,sub11,132,ling_word_target,0.016483441307197026
1333,sub11,133,ling_word_target,0.02816437985531355
1334,sub11,134,ling_word_target,-0.0015409193999052315
1335,sub11,135,ling_word_target,-0.0049537136520765605
1336,sub11,136,ling_word_target,0.034045367349614074
1337,sub11,137,ling_word_target,0.015876892486533675
1338,sub11,138,ling_word_target,0.015937223726344468
1339,sub11,139,ling_word_target,0.028278727185907394
1340,sub11,140,ling_word_target,0.013521722719735776
1341,sub11,141,ling_word_target,-0.008499245468137835
1342,sub11,142,ling_word_target,0.012806089756946746
1343,sub11,143,ling_word_target,-0.0019252278104620435
1344,sub11,144,ling_word_target,-0.00803109509839918
1345,sub11,145,ling_word_target,0.01646766745155821
1346,sub11,146,ling_word_target,0.010810253888866089
1347,sub11,147,ling_word_target,0.020280619949014932
1348,sub11,148,ling_word_target,-0.004617987713090253
1349,sub11,149,ling_word_target,-0.0018656546965255649
1350,sub11,150,ling_word_target,-0.025853806545421968
1351,sub11,151,ling_word_target,-0.00011343520021593114
1352,sub11,152,ling_word_target,0.019030403823139076
1353,sub11,153,ling_word_target,-0.02522748624150242
1354,sub11,154,ling_word_target,-0.012309502969435924
1355,sub11,155,ling_word_target,0.015099929705938549
1356,sub11,156,ling_word_target,0.019479721734305868
1357,sub11,157,ling_word_target,0.003539240266187037
1358,sub11,158,ling_word_target,0.01791567143073658
1359,sub11,159,ling_word_target,-0.0013620801279050493
1360,sub11,160,ling_word_target,0.02447676132722093
1361,sub11,161,ling_word_target,0.023696497901363963
1362,sub11,162,ling_word_target,0.006110100736869867
1363,sub11,163,ling_word_target,-0.023439927392832953
1364,sub11,164,ling_word_target,0.001707760551778789
1365,sub11,165,ling_word_target,-0.012301946639516975
1366,sub11,166,ling_word_target,-0.006888893031815084
1367,sub11,167,ling_word_target,-0.0021248346236996066
1368,sub11,168,ling_word_target,0.030804674837128898
1369,sub11,169,ling_word_target,0.012393993268424473
1370,sub11,170,ling_word_target,-0.02250661726776682
1371,sub11,171,ling_word_target,0.005737601217902275
1372,sub11,172,ling_word_target,0.007488656357147028
1373,sub11,173,ling_word_target,-0.005956874189668602
1374,sub11,174,ling_word_target,-0.013494830729417226
1375,sub11,175,ling_word_target,0.006411835490940507
1376,sub11,176,ling_word_target,-0.01149301999560756
1377,sub11,177,ling_word_target,0.007072851259633215
1378,sub11,178,ling_word_target,-0.020004620727512523
1379,sub11,179,ling_word_target,0.010801130656896215
1380,sub11,180,ling_word_target,-0.006101765646563257
1381,sub11,181,ling_word_target,0.02414766095405618
1382,sub11,182,ling_word_target,-0.0020280910166967227
1383,sub11,183,ling_word_target,0.017678956367820988
1384,sub11,184,ling_word_target,-0.00645753126795029
1385,sub11,185,ling_word_target,-0.023533010067763614
1386,sub11,186,ling_word_target,0.010032876825156542
1387,sub11,187,ling_word_target,-0.01185975646454287
1388,sub11,188,ling_word_target,0.010113332639573133
1389,sub11,189,ling_word_target,-0.010287939431640563
1390,sub11,190,ling_word_target,0.0076121335732653415
1391,sub11,191,ling_word_target,0.009093284653960521
1392,sub11,192,ling_word_target,0.014388851706640064
1393,sub11,193,ling_word_target,0.021213328171496224
1394,sub11,194,ling_word_target,-0.01103910339348327
1395,sub11,195,ling_word_target,-0.008681320892706127
1396,sub11,196,ling_word_target,0.014111816832111225
1397,sub11,197,ling_word_target,0.023907725796119807
1398,sub11,198,ling_word_target,-0.015205110301593468
1399,sub11,199,ling_word_target,0.002017643837470622
1400,sub12,0,ling_word_target,-0.004643935121887817
1401,sub12,1,ling_word_target,0.0054440475694366285
1402,sub12,2,ling_word_target,-0.007492922156921751
1403,sub12,3,ling_word_target,-0.013725777061068097
1404,sub12,4,ling_word_target,-0.004230173185536
1405,sub12,5,ling_word_target,-0.0011848231160681167
1406,sub12,6,ling_word_target,-0.005951067905240069
1407,sub12,7,ling_word_target,-0.01308877937814785
1408,sub12,8,ling_word_target,0.003872035353543671
1409,sub12,9,ling_word_target,-0.022323685287428768
1410,sub12,10,ling_word_target,0.017682537791827973
1411,sub12,11,ling_word_target,0.00016013173274257166
1412,sub12,12,ling_word_target,-0.018124405833151554
1413,sub12,13,ling_word_target,-0.0012777371508574623
1414,sub12,14,ling_word_target,0.006788678556915659
1415,sub12,15,ling_word_target,-0.0008988458927058063
1416,sub12,16,ling_word_target,0.023273265186214316
1417,sub12,17,ling_word_target,0.016219815257417895
1418,sub12,18,ling_word_target,0.024917440319502628
1419,sub12,19,ling_word_target,0.00422577679583541
1420,sub12,20,ling_word_target,-0.011033640179171533
1421,sub12,21,ling_word_target,0.001728270726091436
1422,sub12,22,ling_word_target,0.004590877960948987
1423,sub12,23,ling_word_target,-0.01626083972408725
1424,sub12,24,ling_word_target,-0.0026426177279824385
1425,sub12,25,ling_word_target,-0.010280732308675706
1426,sub12,26,ling_word_target,0.011373469738834754
1427,sub12,27,ling_word_target,0.016866922009256505
1428,sub12,28,ling_word_target,0.0005204038954830833
1429,sub12,29,ling_word_target,0.046243023111219216
1430,sub12,30,ling_word_target,-0.011926805247506497
1431,sub12,31,ling_word_target,-0.002665547788337689
1432,sub12,32,ling_word_target,-0.0021087316606180316
1433,sub12,33,ling_word_target,0.011643573779669373
1434,sub12,34,ling_word_target,-0.00867937679017441
1435,sub12,35,ling_word_target,0.0025104371666291414
1436,sub12,36,ling_word_target,-0.007836991512480856
1437,sub12,37,ling_word_target,0.0017466578578304794
1438,sub12,38,ling_word_target,0.0020726672260777007
1439,sub12,39,ling_word_target,-0.01498246163548021
1440,sub12,40,ling_word_target,0.006149704209923546
1441,sub12,41,ling_word_target,0.008219390394664797
1442,sub12,42,ling_word_target,-0.007447614402726825
1443,sub12,43,ling_word_target,-0.01749929032066341
1444,sub12,44,ling_word_target,-0.007107788145142606
1445,sub12,45,ling_word_target,-0.00719158638608723
1446,sub12,46,ling_word_target,-0.02183120386150889
1447,sub12,47,ling_word_target,-0.0031557800394770743
1448,sub12,48,ling_word_target,0.0022073734179665575
1449,sub12,49,ling_word_target,0.00373299295954978
1450,sub12,50,ling_word_target,0.009085578098266196
1451,sub12,51,ling_word_target,0.0035487570723572144
1452,sub12,52,ling_word_target,-0.009504747027068333
1453,sub12,53,ling_word_target,-0.0001664274690252937
1454,sub12,54,ling_word_target,-0.0011467505082069472
1455,sub12,55,ling_word_target,0.00829092948085591
1456,sub12,56,ling_word_target,-0.011321902348515567
1457,sub12,57,ling_word_target,0.0008408425083784384
1458,sub12,58,ling_word_target,-0.010635516778696688
1459,sub12,59,ling_word_target,0.00414197318711672
1460,sub12,60,ling_word_target,0.005397419123482556
1461,sub12,61,ling_word_target,-0.007818254225524438
1462,sub12,62,ling_word_target,-0.013033388042739503
1463,sub12,63,ling_word_target,-0.003272653852309551
1464,sub12,64,ling_word_target,-0.0013284280930037505
1465,sub12,65,ling_word_target,0.0003317289988770432
1466,sub12,66,ling_word_target,0.009543062560058308
1467,sub12,67,ling_word_target,0.004787412144361335
1468,sub12,68,ling_word_target,-0.013306531494175737
1469,sub12,69,ling_word_target,-0.00033439560274434085
1470,sub12,70,ling_word_target,-0.026970683611021472
1471,sub12,71,ling_word_target,0.01900485888272175
1472,sub12,72,ling_word_target,-0.003332507774589127
1473,sub12,73,ling_word_target,-0.022127550260342174
1474,sub12,74,ling_word_target,0.006073738145372995
1475,sub12,75,ling_word_target,0.01212860699335346
1476,sub12,76,ling_word_target,-0.007493310863508745
1477,sub12,77,ling_word_target,0.00257351687673082
1478,sub12,78,ling_word_target,0.0058283724144633595
1479,sub12,79,ling_word_target,0.017951097717061708
1480,sub12,80,ling_word_target,-0.012525705070904216
1481,sub12,81,ling_word_target,0.0006766143690440245
1482,sub12,82,ling_word_target,0.01440045171794342
1483,sub12,83,ling_word_target,-0.0017862135545174196
1484,sub12,84,ling_word_target,-0.0012999688264632267
1485,sub12,85,ling_word_target,-0.00915303777724414
1486,sub12,86,ling_word_target,-0.00503395205002665
1487,sub12,87,ling_word_target,-0.0005041394528401021
1488,sub12,88,ling_word_target,0.0030557255153956945
1489,sub12,89,ling_word_target,0.00335819246941142
1490,sub12,90,ling_word_target,0.005897803356316366
1491,sub12,91,ling_word_target,-0.009657479729375437
1492,sub12,92,ling_word_target,-0.008991417484982887
1493,sub12,93,ling_word_target,-0.001335300628660168
1494,sub12,94,ling_word_target,0.005904817366505795
1495,sub12,95,ling_word_target,-0.0009311992360822213
1496,sub12,96,ling_word_target,-0.008231531061361735
1497,sub12,97,ling_word_target,-0.005421251261087015
1498,sub12,98,ling_word_target,0.012910919231789431
1499,sub12,99,ling_word_target,0.001590131488288485
1500,sub12,100,ling_word_target,0.023017084629827007
1501,sub12,101,ling_word_target,0.015933956646209512
1502,sub12,102,ling_word_target,-0.006484943630077484
1503,sub12,103,ling_word_target,0.00047761287285514546
1504,sub12,104,ling_word_target,0.013387787653987357
1505,sub12,105,ling_word_target,-0.0024469869972840227
1506,sub12,106,ling_word_target,0.012341283062861414
1507,sub12,107,ling_word_target,-0.005642775381592176
1508,sub12,108,ling_word_target,-0.005123385617688932
1509,sub12,109,ling_word_target,-0.003205853338549482
1510,sub12,110,ling_word_target,0.003348444126929435
1511,sub12,111,ling_word_target,0.007302484152594285
1512,sub12,112,ling_word_target,-0.0037778832934235508
1513,sub12,113,ling_word_target,0.0010235185143838506
1514,sub12,114,ling_word_target,-0.0087419862078156
1515,sub12,115,ling_word_target,0.00244768082970021
1516,sub12,116,ling_word_target,0.015709959302300038
1517,sub12,117,ling_word_target,0.005134996743701114
1518,sub12,118,ling_word_target,-0.003835952038993088
1519,sub12,119,ling_word_target,0.001457591375195849
1520,sub12,120,ling_word_target,0.01733124371073179
1521,sub12,121,ling_word_target,-0.026671436810735638
1522,sub12,122,ling_word_target,-0.001149443203587262
1523,sub12,123,ling_word_target,-0.007924383575319176
1524,sub12,124,ling_word_target,-0.013754355140519007
1525,sub12,125,ling_word_target,-0.005624491423803259
1526,sub12,126,ling_word_target,0.005073153214358603
1527,sub12,127,ling_word_target,0.0016055181805471493
1528,sub12,128,ling_word_target,0.009274182565910555
1529,sub12,129,ling_word_target,-0.013098492483003432
1530,sub12,130,ling_word_target,-0.00402450987520551
1531,sub12,131,ling_word_target,-0.0157777516334941
1532,sub12,132,ling_word_target,-0.004610995267253043
1533,sub12,133,ling_word_target,-0.019391658570714464
1534,sub12,134,ling_word_target,0.005236479320715004
1535,sub12,135,ling_word_target,0.003669348548781608
1536,sub12,136,ling_word_target,0.004104430598019779
1537,sub12,137,ling_word_target,-0.004569383491732851
1538,sub12,138,ling_word_target,-3.786512420122772e-05
1539,sub12,139,ling_word_target,-0.025931743865676888
1540,sub12,140,ling_word_target,-0.010344718909488725
1541,sub12,141,ling_word_target,0.00041603491963697976
1542,sub12,142,ling_word_target,-0.01184543173275461
1543,sub12,143,ling_word_target,0.003206011271508552
1544,sub12,144,ling_word_target,0.01660043006685157
1545,sub12,145,ling_word_target,0.014130644133344443
1546,sub12,146,ling_word_target,0.00381328268091891
1547,sub12,147,ling_word_target,-0.009927270671097447
1548,sub12,148,ling_word_target,0.003173715365778117
1549,sub12,149,ling_word_target,0.006091678697861453
1550,sub12,150,ling_word_target,0.004073639761919712
1551,sub12,151,ling_word_target,0.0138897601280321
1552,sub12,152,ling_word_target,-0.006500253031991223
1553,sub12,153,ling_word_target,-0.019548116895066126
1554,sub12,154,ling_word_target,0.007089020158205474
1555,sub12,155,ling_word_target,-0.02278900358958741
1556,sub12,156,ling_word_target,-0.024150135357865685
1557,sub12,157,ling_word_target,0.01689220598393332
1558,sub12,158,ling_word_target,-0.0028956600643115895
1559,sub12,159,ling_word_target,0.012416735501428904
1560,sub12,160,ling_word_target,0.00692768093754814
1561,sub12,161,ling_word_target,-0.008034571919678848
1562,sub12,162,ling_word_target,0.0009245414041586121
1563,sub12,163,ling_word_target,0.017545600406274984
1564,sub12,164,ling_word_target,0.005097147113559133
1565,sub12,165,ling_word_target,0.0029575434689050367
1566,sub12,166,ling_word_target,0.005946346797132735
1567,sub12,167,ling_word_target,0.005921929455008171
1568,sub12,168,ling_word_target,0.0013333972555664574
1569,sub12,169,ling_word_target,-0.007519931723356607
1570,sub12,170,ling_word_target,0.0046748972263652554
1571,sub12,171,ling_word_target,0.005084425974099508
1572,sub12,172,ling_word_target,0.01419893727000262
1573,sub12,173,ling_word_target,0.0035831135824779376
1574,sub12,174,ling_word_target,0.017206234279072103
1575,sub12,175,ling_word_target,-0.015813940260110883
1576,sub12,176,ling_word_target,0.007830022363086693
1577,sub12,177,ling_word_target,0.015842218064070743
1578,sub12,178,ling_word_target,-0.002012607415006245
1579,sub12,179,ling_word_target,0.0124365174187401
1580,sub12,180,ling_word_target,0.01349804240378227
1581,sub12,181,ling_word_target,0.011291723905979576
1582,sub12,182,ling_word_target,0.010309278053323219
1583,sub12,183,ling_word_target,0.016025906438838274
1584,sub12,184,ling_word_target,-0.0020588330616135857
1585,sub12,185,ling_word_target,-0.0020031313038668527
1586,sub12,186,ling_word_target,0.023174998777353295
1587,sub12,187,ling_word_target,0.0017991161193033028
1588,sub12,188,ling_word_target,0.0015371402221481553
1589,sub12,189,ling_word_target,-0.0044415931516041665
1590,sub12,190,ling_word_target,0.006971956617482287
1591,sub12,191,ling_word_target,-0.014810855023605816
1592,sub12,192,ling_word_target,0.0004913748713107728
1593,sub12,193,ling_word_target,-0.0047721438041237645
1594,sub12,194,ling_word_target,-0.003790438335544492
1595,sub12,195,ling_word_target,-0.011434728365551055
1596,sub12,196,ling_word_target,0.0035459323168577656
1597,sub12,197,ling_word_target,-0.04667289204934036
1598,sub12,198,ling_word_target,-0.0019731870283819317
1599,sub12,199,ling_word_target,0.018442445442783055
1600,sub13,0,ling_word_target,-0.003886873621679233
1601,sub13,1,ling_word_target,-0.004771416773351733
1602,sub13,2,ling_word_target,-0.0001722602359231311
1603,sub13,3,ling_word_target,0.01771663538440685
1604,sub13,4,ling_word_target,-7.58916777840317e-05
1605,sub13,5,ling_word_target,0.010839058558617163
1606,sub13,6,ling_word_target,0.0172319476854093
1607,sub13,7,ling_word_target,0.004043046589290988
1608,sub13,8,ling_word_target,-0.006615583825432678
1609,sub13,9,ling_word_target,0.000798602619601243
1610,sub13,10,ling_word_target,0.011945380853403196
1611,sub13,11,ling_word_target,0.007543739158903435
1612,sub13,12,ling_word_target,-0.003510742619311969
1613,sub13,13,ling_word_target,-0.009832820512029434
1614,sub13,14,ling_word_target,0.00010507618834793989
1615,sub13,15,ling_word_target,0.03421622713526192
1616,sub13,16,ling_word_target,-0.019843286316142142
1617,sub13,17,ling_word_target,0.0512812626145591
1618,sub13,18,ling_word_target,0.009751168270050804
1619,sub13,19,ling_word_target,0.010419207310054999
1620,sub13,20,ling_word_target,0.01746017729814157
1621,sub13,21,ling_word_target,0.02214813804738409
1622,sub13,22,ling_word_target,0.022324916421298125
1623,sub13,23,ling_word_target,0.01177394809306153
1624,sub13,24,ling_word_target,0.0038662268831617897
1625,sub13,25,ling_word_target,-0.0005715325083205943
1626,sub13,26,ling_word_target,0.0010897408030167708
1627,sub13,27,ling_word_target,0.0005622516400620647
1628,sub13,28,ling_word_target,0.021675635118478764
1629,sub13,29,ling_word_target,-0.00830762340069755
1630,sub13,30,ling_word_target,0.01221138033168564
1631,sub13,31,ling_word_target,0.008064655565969523
1632,sub13,32,ling_word_target,0.008355154223278838
1633,sub13,33,ling_word_target,0.01169201452720839
1634,sub13,34,ling_word_target,0.02278274295514797
1635,sub13,35,ling_word_target,-0.01792292460456789
1636,sub13,36,ling_word_target,-0.021805793999808875
1637,sub13,37,ling_word_target,0.004027532305222806
1638,sub13,38,ling_word_target,-0.0011775413333319584
1639,sub13,39,ling_word_target,0.015238488063817359
1640,sub13,40,ling_word_target,0.0030987182931066694
1641,sub13,41,ling_word_target,0.002658228278512409
1642,sub13,42,ling_word_target,-0.00584007059835719
1643,sub13,43,ling_word_target,0.003964647567186979
1644,sub13,44,ling_word_target,0.01976019210949256
1645,sub13,45,ling_word_target,-0.0011200254622012534
1646,sub13,46,ling_word_target,-0.007310574641967078
1647,sub13,47,ling_word_target,0.038591618093557864
1648,sub13,48,ling_word_target,0.022196311947884823
1649,sub13,49,ling_word_target,0.04067872897031157
1650,sub13,50,ling_word_target,-0.040454013123590135
1651,sub13,51,ling_word_target,-0.017195743152583827
1652,sub13,52,ling_word_target,0.010377957119000882
1653,sub13,53,ling_word_target,-0.041559243662778196
1654,sub13,54,ling_word_target,0.01263436058077975
1655,sub13,55,ling_word_target,0.009323493364790844
1656,sub13,56,ling_word_target,0.0130390552064622
1657,sub13,57,ling_word_target,0.0043763139408538
1658,sub13,58,ling_word_target,-0.008708374232344083
1659,sub13,59,ling_word_target,-0.012826419463299961
1660,sub13,60,ling_word_target,-0.0025412739690653255
1661,sub13,61,ling_word_target,0.02390628657680819
1662,sub13,62,ling_word_target,0.02400707128694476
1663,sub13,63,ling_word_target,-0.01873265145752814
1664,sub13,64,ling_word_target,0.021077276044028103
1665,sub13,65,ling_word_target,0.012556822622183012
1666,sub13,66,ling_word_target,0.0014419167190166582
1667,sub13,67,ling_word_target,0.023033014307618
1668,sub13,68,ling_word_target,0.012954114969093268
1669,sub13,69,ling_word_target,-0.00014693609737419008
1670,sub13,70,ling_word_target,0.02396507804321516
1671,sub13,71,ling_word_target,-0.0142862014896739
1672,sub13,72,ling_word_target,0.0005222079648031674
1673,sub13,73,ling_word_target,-0.00048104181006150657
1674,sub13,74,ling_word_target,-0.01337559237647019
1675,sub13,75,ling_word_target,-0.007309345960007033
1676,sub13,76,ling_word_target,0.017722931227222172
1677,sub13,77,ling_word_target,-0.007330289706401931
1678,sub13,78,ling_word_target,-0.0250790357531238
1679,sub13,79,ling_word_target,-0.015473230572594445
1680,sub13,80,ling_word_target,-0.01297781470078826
1681,sub13,81,ling_word_target,0.036779048981587084
1682,sub13,82,ling_word_target,0.013577341368734605
1683,sub13,83,ling_word_target,0.0009340127806771757
1684,sub13,84,ling_word_target,0.0011850167758913508
1685,sub13,85,ling_word_target,-0.015989663253280672
1686,sub13,86,ling_word_target,0.009378171772945176
1687,sub13,87,ling_word_target,-0.03358138436495416
1688,sub13,88,ling_word_target,-0.0015251066232003572
1689,sub13,89,ling_word_target,0.01476799291519142
1690,sub13,90,ling_word_target,0.0248159204107813
1691,sub13,91,ling_word_target,0.0025945240724746937
1692,sub13,92,ling_word_target,-0.013262726943071164
1693,sub13,93,ling_word_target,0.01706266325712706
1694,sub13,94,ling_word_target,0.004319201031667468
1695,sub13,95,ling_word_target,0.021413010990383355
1696,sub13,96,ling_word_target,0.014803729210576003
1697,sub13,97,ling_word_target,0.00998147925091668
1698,sub13,98,ling_word_target,3.75536711804692e-05
1699,sub13,99,ling_word_target,-0.002204841413355514
1700,sub13,100,ling_word_target,0.010553295226035474
1701,sub13,101,ling_word_target,-0.008470966267744887
1702,sub13,102,ling_word_target,-0.0020812688889821833
1703,sub13,103,ling_word_target,0.020896538867416135
1704,sub13,104,ling_word_target,0.008088217323433289
1705,sub13,105,ling_word_target,-0.016333710230764954
1706,sub13,106,ling_word_target,0.05770453645106094
1707,sub13,107,ling_word_target,0.002834233018741625
1708,sub13,108,ling_word_target,0.0015201456025929368
1709,sub13,109,ling_word_target,-0.010971779770061248
1710,sub13,110,ling_word_target,0.0395107694405388
1711,sub13,111,ling_word_target,-0.01298239490564759
1712,sub13,112,ling_word_target,-0.0007575892415180006
1713,sub13,113,ling_word_target,0.05754985035722994
1714,sub13,114,ling_word_target,0.003565650198259593
1715,sub13,115,ling_word_target,0.04413928514418852
1716,sub13,116,ling_word_target,0.004850413057435018
1717,sub13,117,ling_word_target,0.0665217600621722
1718,sub13,118,ling_word_target,-0.031771421157561305
1719,sub13,119,ling_word_target,0.021165432286667497
1720,sub13,120,ling_word_target,0.00011172216552443893
1721,sub13,121,ling_word_target,0.01827830481378173
1722,sub13,122,ling_word_target,-0.004755421227456631
1723,sub13,123,ling_word_target,0.01958562638645244
1724,sub13,124,ling_word_target,0.017157568016043557
1725,sub13,125,ling_word_target,0.008258132739025939
1726,sub13,126,ling_word_target,0.007107729544089031
1727,sub13,127,ling_word_target,0.009243700318735235
1728,sub13,128,ling_word_target,0.013529906047309229
1729,sub13,129,ling_word_target,0.00894883995232857
1730,sub13,130,ling_word_target,0.023059431593241107
1731,sub13,131,ling_word_target,0.017894013541688576
1732,sub13,132,ling_word_target,-0.014275532905016238
1733,sub13,133,ling_word_target,0.007443838773861702
1734,sub13,134,ling_word_target,-0.027299054748602822
1735,sub13,135,ling_word_target,0.048298796387285875
1736,sub13,136,ling_word_target,0.032540103374442846
1737,sub13,137,ling_word_target,0.006523276698784246
1738,sub13,138,ling_word_target,-0.006589382954631909
1739,sub13,139,ling_word_target,0.03646727432455842
1740,sub13,140,ling_word_target,0.03610060013236764
1741,sub13,141,ling_word_target,-0.018199375898856954
1742,sub13,142,ling_word_target,0.023540543871550364
1743,sub13,143,ling_word_target,0.004317551668964359
1744,sub13,144,ling_word_target,0.03719551292170634
1745,sub13,145,ling_word_target,0.003078490177012637
1746,sub13,146,ling_word_target,0.04282852410256043
1747,sub13,147,ling_word_target,0.03318082636953166
1748,sub13,148,ling_word_target,0.019328289234330366
1749,sub13,149,ling_word_target,0.010582813526496438
1750,sub13,150,ling_word_target,-0.029834883970912825
1751,sub13,151,ling_word_target,-0.03277249902669262
1752,sub13,152,ling_word_target,0.013019788279522267
1753,sub13,153,ling_word_target,-0.0006383246303408992
1754,sub13,154,ling_word_target,0.020845128856714013
1755,sub13,155,ling_word_target,-0.019489375110736933
1756,sub13,156,ling_word_target,-0.01024932233066846
1757,sub13,157,ling_word_target,0.027088461142647388
1758,sub13,158,ling_word_target,-0.0009441703641269392
1759,sub13,159,ling_word_target,0.006531562653054244
1760,sub13,160,ling_word_target,-0.03188255232269285
1761,sub13,161,ling_word_target,0.008471216904849041
1762,sub13,162,ling_word_target,0.003913483325890244
1763,sub13,163,ling_word_target,0.011608539122286998
1764,sub13,164,ling_word_target,-0.0065361312195674525
1765,sub13,165,ling_word_target,0.027654332664109115
1766,sub13,166,ling_word_target,0.01058568252318262
1767,sub13,167,ling_word_target,0.0010248480027758883
1768,sub13,168,ling_word_target,0.004282234101398438
1769,sub13,169,ling_word_target,-0.029731152606931873
1770,sub13,170,ling_word_target,-0.024545876098119188
1771,sub13,171,ling_word_target,0.027432151040846595
1772,sub13,172,ling_word_target,-0.04079954660312326
1773,sub13,173,ling_word_target,-0.005205958561125244
1774,sub13,174,ling_word_target,-0.008731775134058076
1775,sub13,175,ling_word_target,-0.003203070456340463
1776,sub13,176,ling_word_target,-0.004426278899896021
1777,sub13,177,ling_word_target,0.01441913353347469
1778,sub13,178,ling_word_target,0.022138708618665726
1779,sub13,179,ling_word_target,-0.007443008457062722
1780,sub13,180,ling_word_target,0.018631767517269273
1781,sub13,181,ling_word_target,-0.03764096716167978
1782,sub13,182,ling_word_target,0.0009893803085263178
1783,sub13,183,ling_word_target,0.008322368093541269
1784,sub13,184,ling_word_target,-0.0008076894922201967
1785,sub13,185,ling_word_target,0.006756311596943262
1786,sub13,186,ling_word_target,0.015226928460742056
1787,sub13,187,ling_word_target,0.005423422244407737
1788,sub13,188,ling_word_target,-0.00951639112159734
1789,sub13,189,ling_word_target,0.014731559092001035
1790,sub13,190,ling_word_target,0.01754697633720598
1791,sub13,191,ling_word_target,0.0029965874494471204
1792,sub13,192,ling_word_target,-0.01809934176631162
1793,sub13,193,ling_word_target,-0.010335959560574426
1794,sub13,194,ling_word_target,-0.01366554702910169
1795,sub13,195,ling_word_target,0.02430620752857667
1796,sub13,196,ling_word_target,0.030246897573215383
1797,sub13,197,ling_word_target,0.005927323079426835
1798,sub13,198,ling_word_target,-0.01612167040289488
1799,sub13,199,ling_word_target,-0.014002909337691301
1800,sub14,0,ling_word_target,-0.01763883469595336
1801,sub14,1,ling_word_target,-0.010971259915544056
1802,sub14,2,ling_word_target,-0.005143651074058876
1803,sub14,3,ling_word_target,0.0034047452266053684
1804,sub14,4,ling_word_target,-0.009803633339932283
1805,sub14,5,ling_word_target,0.0017762963917095063
1806,sub14,6,ling_word_target,-0.0006237869702518867
1807,sub14,7,ling_word_target,-0.0005674831314295752
1808,sub14,8,ling_word_target,0.011167305864332221
1809,sub14,9,ling_word_target,-0.008004287088027124
1810,sub14,10,ling_word_target,0.004414105187667768
1811,sub14,11,ling_word_target,-0.007669377113434992
1812,sub14,12,ling_word_target,-0.0019170300372278028
1813,sub14,13,ling_word_target,-0.014903497518674307
1814,sub14,14,ling_word_target,-0.0002574082223934524
1815,sub14,15,ling_word_target,-0.0006627017473677548
1816,sub14,16,ling_word_target,-0.0006387815120267316
1817,sub14,17,ling_word_target,0.002468687194509771
1818,sub14,18,ling_word_target,0.004569103830651954
1819,sub14,19,ling_word_target,-0.009361669861844455
1820,sub14,20,ling_word_target,-0.01369514628058808
1821,sub14,21,ling_word_target,-0.006792836748323997
1822,sub14,22,ling_word_target,0.005851207335741516
1823,sub14,23,ling_word_target,-0.023601298596653126
1824,sub14,24,ling_word_target,-0.008385003282938138
1825,sub14,25,ling_word_target,-0.003975025968521876
1826,sub14,26,ling_word_target,-0.009077204404446997
1827,sub14,27,ling_word_target,-0.003334358369680631
1828,sub14,28,ling_word_target,-0.003564789210963053
1829,sub14,29,ling_word_target,-0.004542976337313761
1830,sub14,30,ling_word_target,0.0038794693105705233
1831,sub14,31,ling_word_target,0.010151772096086207
1832,sub14,32,ling_word_target,-0.009714658386429225
1833,sub14,33,ling_word_target,-0.018283023527753874
1834,sub14,34,ling_word_target,-0.01945544213362917
1835,sub14,35,ling_word_target,-0.0020293258823709933
1836,sub14,36,ling_word_target,-0.0024233628012482735
1837,sub14,37,ling_word_target,-0.00810286007127801
1838,sub14,38,ling_word_target,0.0036553851533373334
1839,sub14,39,ling_word_target,0.016652544822906852
1840,sub14,40,ling_word_target,-0.002442764574663778
1841,sub14,41,ling_word_target,-0.00570628356177176
1842,sub14,42,ling_word_target,0.009596337750580516
1843,sub14,43,ling_word_target,-0.011173918959022523
1844,sub14,44,ling_word_target,0.009042567827435587
1845,sub14,45,ling_word_target,-0.02803979227848072
1846,sub14,46,ling_word_target,-0.0016024816409618298
1847,sub14,47,ling_word_target,0.00928553951821771
1848,sub14,48,ling_word_target,0.0010659125563452514
1849,sub14,49,ling_word_target,0.002729736262940487
1850,sub14,50,ling_word_target,-0.0028100663094846193
1851,sub14,51,ling_word_target,-0.00830342241316193
1852,sub14,52,ling_word_target,-0.013640306239033449
1853,sub14,53,ling_word_target,-0.003049608961190565
1854,sub14,54,ling_word_target,-0.009842227981981675
1855,sub14,55,ling_word_target,0.006232725520311222
1856,sub14,56,ling_word_target,0.003357180105395689
1857,sub14,57,ling_word_target,0.0036524654848093703
1858,sub14,58,ling_word_target,-0.0042676100721220425
1859,sub14,59,ling_word_target,-0.012194519406837183
1860,sub14,60,ling_word_target,0.005175077235283066
1861,sub14,61,ling_word_target,0.00670869209135205
1862,sub14,62,ling_word_target,0.0009024451085231889
1863,sub14,63,ling_word_target,0.00039541315510161493
1864,sub14,64,ling_word_target,-0.01009980141075534
1865,sub14,65,ling_word_target,-0.006943129069422128
1866,sub14,66,ling_word_target,0.019489562901227876
1867,sub14,67,ling_word_target,0.01595770050842133
1868,sub14,68,ling_word_target,-0.016629563366621424
1869,sub14,69,ling_word_target,0.01463701187088865
1870,sub14,70,ling_word_target,0.0017251582174099929
1871,sub14,71,ling_word_target,-0.018795241025865172
1872,sub14,72,ling_word_target,0.013709805829611559
1873,sub14,73,ling_word_target,0.018104760016236985
1874,sub14,74,ling_word_target,-0.0031206048218486546
1875,sub14,75,ling_word_target,-0.015696727371832996
1876,sub14,76,ling_word_target,-0.00023120817083148952
1877,sub14,77,ling_word_target,0.00016302821269105234
1878,sub14,78,ling_word_target,0.0037280557558092642
1879,sub14,79,ling_word_target,0.018493898879391298
1880,sub14,80,ling_word_target,-0.010050493890366923
1881,sub14,81,ling_word_target,-0.011767048925889681
1882,sub14,82,ling_word_target,0.0007781710659569724
1883,sub14,83,ling_word_target,0.0055551627752833815
1884,sub14,84,ling_word_target,-0.0010364112328743861
1885,sub14,85,ling_word_target,-0.007831941646686165
1886,sub14,86,ling_word_target,0.006184143720724558
1887,sub14,87,ling_word_target,-0.016611763945086143
1888,sub14,88,ling_word_target,0.0001738135630621097
1889,sub14,89,ling_word_target,0.0019445953337326666
1890,sub14,90,ling_word_target,0.0065363196841479124
1891,sub14,91,ling_word_target,-0.001561525535026214
1892,sub14,92,ling_word_target,0.0005708992345415083
1893,sub14,93,ling_word_target,-0.00886622491216249
1894,sub14,94,ling_word_target,0.012121365670825023
1895,sub14,95,ling_word_target,0.005681652492887007
1896,sub14,96,ling_word_target,-0.006185907680376334
1897,sub14,97,ling_word_target,0.007773550668493759
1898,sub14,98,ling_word_target,0.015896859486440557
1899,sub14,99,ling_word_target,0.0016081779270739607
1900,sub14,100,ling_word_target,0.004108573655520605
1901,sub14,101,ling_word_target,0.007655547497812876
1902,sub14,102,ling_word_target,-0.002514218922650091
1903,sub14,103,ling_word_target,0.0062966808212541105
1904,sub14,104,ling_word_target,0.0027090799433592133
1905,sub14,105,ling_word_target,-0.00031820300236585635
1906,sub14,106,ling_word_target,-0.00940598134133363
1907,sub14,107,ling_word_target,0.017528776938230253
1908,sub14,108,ling_word_target,0.006084797968198847
1909,sub14,109,ling_word_target,-0.01907506362692281
1910,sub14,110,ling_word_target,-0.002297748636163144
1911,sub14,111,ling_word_target,0.008399983071158613
1912,sub14,112,ling_word_target,-0.007340402067298396
1913,sub14,113,ling_word_target,0.006219268509813693
1914,sub14,114,ling_word_target,-0.005374824310140523
1915,sub14,115,ling_word_target,0.005947740559125626
1916,sub14,116,ling_word_target,-0.011409849162435108
1917,sub14,117,ling_word_target,-0.0011686083976013399
1918,sub14,118,ling_word_target,0.0014342326176956465
1919,sub14,119,ling_word_target,0.0007885660701491075
1920,sub14,120,ling_word_target,0.007688912792262682
1921,sub14,121,ling_word_target,0.00011051174469553541
1922,sub14,122,ling_word_target,0.013569632241134923
1923,sub14,123,ling_word_target,0.01621432119418142
1924,sub14,124,ling_word_target,-0.014271011605543841
1925,sub14,125,ling_word_target,0.005852020395113733
1926,sub14,126,ling_word_target,-0.01927728897316131
1927,sub14,127,ling_word_target,0.0069608697919702756
1928,sub14,128,ling_word_target,0.011334047335375517
1929,sub14,129,ling_word_target,-0.0026699335351747042
1930,sub14,130,ling_word_target,-0.009164093255737844
1931,sub14,131,ling_word_target,0.003998218074454264
1932,sub14,132,ling_word_target,0.0067375732797496654
1933,sub14,133,ling_word_target,0.0023615956725296676
1934,sub14,134,ling_word_target,0.005118109787026583
1935,sub14,135,ling_word_target,0.004620150327451799
1936,sub14,136,ling_word_target,-0.0194485648737721
1937,sub14,137,ling_word_target,0.0035140359903015075
1938,sub14,138,ling_word_target,-0.009984882633534612
1939,sub14,139,ling_word_target,-0.016922788601027874
1940,sub14,140,ling_word_target,-0.00959991577322505
1941,sub14,141,ling_word_target,-0.0016469334214493678
1942,sub14,142,ling_word_target,-0.006421888939582056
1943,sub14,143,ling_word_target,-0.012129878398762313
1944,sub14,144,ling_word_target,0.0065067492223850444
1945,sub14,145,ling_word_target,0.002706732722854274
1946,sub14,146,ling_word_target,-0.011178882901141994
1947,sub14,147,ling_word_target,0.005135180635264633
1948,sub14,148,ling_word_target,0.0028560997829689514
1949,sub14,149,ling_word_target,-0.00877425481720407
1950,sub14,150,ling_word_target,-0.0004982594765791308
1951,sub14,151,ling_word_target,0.0006817170727496803
1952,sub14,152,ling_word_target,-0.0068331269939114975
1953,sub14,153,ling_word_target,-4.776449186669717e-05
1954,sub14,154,ling_word_target,0.004436071862757736
1955,sub14,155,ling_word_target,-0.002379421357617913
1956,sub14,156,ling_word_target,-0.002076662238986825
1957,sub14,157,ling_word_target,0.002799386146706637
1958,sub14,158,ling_word_target,0.009593588232655438
1959,sub14,159,ling_word_target,-0.007583790841263972
1960,sub14,160,ling_word_target,0.006847027073416142
1961,sub14,161,ling_word_target,0.00013031271303200653
1962,sub14,162,ling_word_target,0.010128267057814937
1963,sub14,163,ling_word_target,-0.0013139770630063478
1964,sub14,164,ling_word_target,-0.0011346713813296834
1965,sub14,165,ling_word_target,0.00035201649368649774
1966,sub14,166,ling_word_target,-0.012065197369633464
1967,sub14,167,ling_word_target,-0.002996561127605322
1968,sub14,168,ling_word_target,0.00768562028386981
1969,sub14,169,ling_word_target,-0.006169409675252247
1970,sub14,170,ling_word_target,-0.0015939309759327451
1971,sub14,171,ling_word_target,-0.012473671082810596
1972,sub14,172,ling_word_target,-0.0098323954992656
1973,sub14,173,ling_word_target,-0.0008807566487287439
1974,sub14,174,ling_word_target,-0.010656940437939789
1975,sub14,175,ling_word_target,-0.00526071141681246
1976,sub14,176,ling_word_target,0.0022357131836562437
1977,sub14,177,ling_word_target,0.005171660747557752
1978,sub14,178,ling_word_target,-0.018559104322458428
1979,sub14,179,ling_word_target,0.005450874672312158
1980,sub14,180,ling_word_target,0.00018231655431770526
1981,sub14,181,ling_word_target,0.004821865741958778
1982,sub14,182,ling_word_target,-0.0029397955996547857
1983,sub14,183,ling_word_target,0.009447791353035504
1984,sub14,184,ling_word_target,-0.004779608825700263
1985,sub14,185,ling_word_target,-0.012299963643708224
1986,sub14,186,ling_word_target,0.0019861538925920776
1987,sub14,187,ling_word_target,-0.00789688555832754
1988,sub14,188,ling_word_target,-0.006246104268306955
1989,sub14,189,ling_word_target,0.013529956347785409
1990,sub14,190,ling_word_target,0.001680418585606892
1991,sub14,191,ling_word_target,0.007767089598569025
1992,sub14,192,ling_word_target,-0.0018828100920514448
1993,sub14,193,ling_word_target,0.0015872661764468516
1994,sub14,194,ling_word_target,-0.002188531160980895
1995,sub14,195,ling_word_target,0.00404412851945262
1996,sub14,196,ling_word_target,0.012550288195955838
1997,sub14,197,ling_word_target,-0.01593453921198277
1998,sub14,198,ling_word_target,0.00483904018201423
1999,sub14,199,ling_word_target,0.001243052917852322
2000,sub15,0,ling_word_target,0.014320156377460563
2001,sub15,1,ling_word_target,-0.00979870481866815
2002,sub15,2,ling_word_target,0.041478372320053976
2003,sub15,3,ling_word_target,-0.003039927896348362
2004,sub15,4,ling_word_target,-0.007738129611335879
2005,sub15,5,ling_word_target,-0.020805646218044642
2006,sub15,6,ling_word_target,0.013640799780591293
2007,sub15,7,ling_word_target,-0.011304631522484431
2008,sub15,8,ling_word_target,0.003351182779407939
2009,sub15,9,ling_word_target,-0.00324519995546009
2010,sub15,10,ling_word_target,0.00227605676643543
2011,sub15,11,ling_word_target,0.005980830598453603
2012,sub15,12,ling_word_target,-0.005454918898359961
2013,sub15,13,ling_word_target,-0.024543364156412086
2014,sub15,14,ling_word_target,0.01091384844664314
2015,sub15,15,ling_word_target,-0.021860999311734526
2016,sub15,16,ling_word_target,0.0008663973833749171
2017,sub15,17,ling_word_target,0.003474648436209354
2018,sub15,18,ling_word_target,-0.009168857453039612
2019,sub15,19,ling_word_target,0.006374003778739751
2020,sub15,20,ling_word_target,-0.004064789929091984
2021,sub15,21,ling_word_target,-0.005085324786590005
2022,sub15,22,ling_word_target,0.0032514042694702498
2023,sub15,23,ling_word_target,0.008165064109056815
2024,sub15,24,ling_word_target,0.0039609031971970824
2025,sub15,25,ling_word_target,-0.004143754315999065
2026,sub15,26,ling_word_target,0.007939098773410811
2027,sub15,27,ling_word_target,0.009067918760377205
2028,sub15,28,ling_word_target,-0.0005946470874806766
2029,sub15,29,ling_word_target,-0.004500403954917609
2030,sub15,30,ling_word_target,0.004415769574033482
2031,sub15,31,ling_word_target,-0.0035541182674240905
2032,sub15,32,ling_word_target,-0.008621900883080355
2033,sub15,33,ling_word_target,0.01212583875511208
2034,sub15,34,ling_word_target,0.00017520803515571901
2035,sub15,35,ling_word_target,0.019238151343548664
2036,sub15,36,ling_word_target,0.011248722097008512
2037,sub15,37,ling_word_target,0.010581853165120648
2038,sub15,38,ling_word_target,0.002038840308826838
2039,sub15,39,ling_word_target,-0.00905692638667767
2040,sub15,40,ling_word_target,0.0041898983984032636
2041,sub15,41,ling_word_target,0.0013338705974690293
2042,sub15,42,ling_word_target,-0.018274269513090705
2043,sub15,43,ling_word_target,0.0065388527017950756
2044,sub15,44,ling_word_target,0.01482920276535388
2045,sub15,45,ling_word_target,-0.0035043556061447856
2046,sub15,46,ling_word_target,0.006194707511909795
2047,sub15,47,ling_word_target,-0.01754392999444103
2048,sub15,48,ling_word_target,0.015786067645999356
2049,sub15,49,ling_word_target,-0.000572988295343501
2050,sub15,50,ling_word_target,0.00958436592478077
2051,sub15,51,ling_word_target,0.004023098081137297
2052,sub15,52,ling_word_target,0.012815744402773025
2053,sub15,53,ling_word_target,-0.003679405586237261
2054,sub15,54,ling_word_target,0.006539868135566268
2055,sub15,55,ling_word_target,0.007211441835180177
2056,sub15,56,ling_word_target,0.008673820202862633
2057,sub15,57,ling_word_target,-0.007411470953898633
2058,sub15,58,ling_word_target,0.003560414548501373
2059,sub15,59,ling_word_target,-0.016117689332889984
2060,sub15,60,ling_word_target,0.012532157590816922
2061,sub15,61,ling_word_target,0.005059729908290665
2062,sub15,62,ling_word_target,-0.004102149844137993
2063,sub15,63,ling_word_target,-0.0004845486635967863
2064,sub15,64,ling_word_target,0.015587357295174905
2065,sub15,65,ling_word_target,-0.004988180600764689
2066,sub15,66,ling_word_target,-0.00449243062649829
2067,sub15,67,ling_word_target,0.004307740519536339
2068,sub15,68,ling_word_target,0.005682661373962104
2069,sub15,69,ling_word_target,-0.017245638591745337
2070,sub15,70,ling_word_target,-0.019529895381729567
2071,sub15,71,ling_word_target,-0.0004974806711716527
2072,sub15,72,ling_word_target,0.0023756548019567016
2073,sub15,73,ling_word_target,0.007648958489217534
2074,sub15,74,ling_word_target,0.006116407557713053
2075,sub15,75,ling_word_target,0.0030948799353722823
2076,sub15,76,ling_word_target,0.00817524909847404
2077,sub15,77,ling_word_target,-0.01031561270431635
2078,sub15,78,ling_word_target,-0.004377010966100961
2079,sub15,79,ling_word_target,-0.03514950008117615
2080,sub15,80,ling_word_target,0.01478303731470636
2081,sub15,81,ling_word_target,-0.009321874784655137
2082,sub15,82,ling_word_target,-0.022542610146571447
2083,sub15,83,ling_word_target,-0.007937474618734227
2084,sub15,84,ling_word_target,-0.01293951158268138
2085,sub15,85,ling_word_target,0.002364144854426929
2086,sub15,86,ling_word_target,-0.0031630129132292958
2087,sub15,87,ling_word_target,0.024939619400302045
2088,sub15,88,ling_word_target,-0.004627505807937812
2089,sub15,89,ling_word_target,-0.014831040869076675
2090,sub15,90,ling_word_target,0.0018953001360387967
2091,sub15,91,ling_word_target,-0.01471066574430082
2092,sub15,92,ling_word_target,-0.0018277476831871887
2093,sub15,93,ling_word_target,0.01881037347446763
2094,sub15,94,ling_word_target,0.013406172985044762
2095,sub15,95,ling_word_target,-0.007922179274743599
2096,sub15,96,ling_word_target,0.011845319967539143
2097,sub15,97,ling_word_target,0.008534620954085418
2098,sub15,98,ling_word_target,-0.007195397054741717
2099,sub15,99,ling_word_target,0.008339499674249967
2100,sub15,100,ling_word_target,-0.0006501124069123544
2101,sub15,101,ling_word_target,0.0007825273304653243
2102,sub15,102,ling_word_target,0.002894468967228812
2103,sub15,103,ling_word_target,0.01674942257170999
2104,sub15,104,ling_word_target,-0.010937357891263535
2105,sub15,105,ling_word_target,-0.006275074508146897
2106,sub15,106,ling_word_target,0.0007866048315367932
2107,sub15,107,ling_word_target,-0.01882238625684689
2108,sub15,108,ling_word_target,-0.00037618420239458883
2109,sub15,109,ling_word_target,-0.015075792187968595
2110,sub15,110,ling_word_target,-0.006859315867382944
2111,sub15,111,ling_word_target,0.0011908833993006392
2112,sub15,112,ling_word_target,-0.005884080002854559
2113,sub15,113,ling_word_target,-0.01054788975870482
2114,sub15,114,ling_word_target,-0.009815486751135704
2115,sub15,115,ling_word_target,-0.010138190491480776
2116,sub15,116,ling_word_target,-0.0026925012927215526
2117,sub15,117,ling_word_target,0.0066942844335061945
2118,sub15,118,ling_word_target,0.0008760303362012086
2119,sub15,119,ling_word_target,-0.0028249670373147358
2120,sub15,120,ling_word_target,0.0016979292879883894
2121,sub15,121,ling_word_target,0.007341655230886351
2122,sub15,122,ling_word_target,0.0018238875027413455
2123,sub15,123,ling_word_target,0.004933860368122985
2124,sub15,124,ling_word_target,-0.016592254566061414
2125,sub15,125,ling_word_target,-0.011018593271686144
2126,sub15,126,ling_word_target,-0.00740240763615829
2127,sub15,127,ling_word_target,0.0011360232981812786
2128,sub15,128,ling_word_target,0.003064003493852712
2129,sub15,129,ling_word_target,0.009444506923173009
2130,sub15,130,ling_word_target,-0.008315518255227283
2131,sub15,131,ling_word_target,-0.016809350795295375
2132,sub15,132,ling_word_target,0.002108758869919146
2133,sub15,133,ling_word_target,-0.007815419498084362
2134,sub15,134,ling_word_target,0.004593938501910544
2135,sub15,135,ling_word_target,0.0034076897136113833
2136,sub15,136,ling_word_target,0.009603335005507392
2137,sub15,137,ling_word_target,-0.0041396568495095645
2138,sub15,138,ling_word_target,0.0010778661562188864
2139,sub15,139,ling_word_target,0.016252637614071714
2140,sub15,140,ling_word_target,-0.014018458573441172
2141,sub15,141,ling_word_target,-0.011466040534249374
2142,sub15,142,ling_word_target,0.006195217389752121
2143,sub15,143,ling_word_target,0.0195558762223332
2144,sub15,144,ling_word_target,0.006374046834609227
2145,sub15,145,ling_word_target,0.016145461700758475
2146,sub15,146,ling_word_target,-0.009408914462028326
2147,sub15,147,ling_word_target,0.009008569583368643
2148,sub15,148,ling_word_target,0.0009511955041536656
2149,sub15,149,ling_word_target,0.009800868583845554
2150,sub15,150,ling_word_target,-0.007521877616506495
2151,sub15,151,ling_word_target,-0.0031057508213925868
2152,sub15,152,ling_word_target,0.02307281356537785
2153,sub15,153,ling_word_target,0.0008814403123635662
2154,sub15,154,ling_word_target,0.003989480702963666
2155,sub15,155,ling_word_target,-0.014536914523733168
2156,sub15,156,ling_word_target,-0.0048512205738639866
2157,sub15,157,ling_word_target,0.013170813054574444
2158,sub15,158,ling_word_target,0.0028381260194471295
2159,sub15,159,ling_word_target,0.0037939686044098616
2160,sub15,160,ling_word_target,-0.0004942886967845731
2161,sub15,161,ling_word_target,0.005309871361965137
2162,sub15,162,ling_word_target,-0.010788903960256965
2163,sub15,163,ling_word_target,0.0007767781778078327
2164,sub15,164,ling_word_target,0.019375146253693687
2165,sub15,165,ling_word_target,0.018945894825979383
2166,sub15,166,ling_word_target,0.0002409558289568056
2167,sub15,167,ling_word_target,-0.0014478289373618808
2168,sub15,168,ling_word_target,0.005730093137051589
2169,sub15,169,ling_word_target,-0.012719975076388822
2170,sub15,170,ling_word_target,0.01331262017308696
2171,sub15,171,ling_word_target,0.006230001709659083
2172,sub15,172,ling_word_target,0.001026559320460375
2173,sub15,173,ling_word_target,-0.011756405094477467
2174,sub15,174,ling_word_target,-0.004049953496211757
2175,sub15,175,ling_word_target,0.005324197258409629
2176,sub15,176,ling_word_target,-0.01722615124823334
2177,sub15,177,ling_word_target,-0.008185155083862538
2178,sub15,178,ling_word_target,-0.004177925740484263
2179,sub15,179,ling_word_target,0.010592938089321872
2180,sub15,180,ling_word_target,-0.0014708587080076373
2181,sub15,181,ling_word_target,-0.0037086371302178546
2182,sub15,182,ling_word_target,0.009779563270777013
2183,sub15,183,ling_word_target,-0.0035091267075650205
2184,sub15,184,ling_word_target,-0.011868411927375002
2185,sub15,185,ling_word_target,0.01733339372588779
2186,sub15,186,ling_word_target,0.020052670020998666
2187,sub15,187,ling_word_target,0.013046202150113423
2188,sub15,188,ling_word_target,-0.004974274446045104
2189,sub15,189,ling_word_target,-0.0035131802005369146
2190,sub15,190,ling_word_target,0.0034630059319867026
2191,sub15,191,ling_word_target,0.001941946610811863
2192,sub15,192,ling_word_target,0.0076032739181514765
2193,sub15,193,ling_word_target,0.002680176588139959
2194,sub15,194,ling_word_target,-0.01780953272520313
2195,sub15,195,ling_word_target,-0.005498823622683657
2196,sub15,196,ling_word_target,0.015585282927088865
2197,sub15,197,ling_word_target,0.015836600129908635
2198,sub15,198,ling_word_target,-0.004948932911659979
2199,sub15,199,ling_word_target,-0.0009568582998526787
2200,sub16,0,ling_word_target,0.007764627805311633
2201,sub16,1,ling_word_target,-0.002863094479434605
2202,sub16,2,ling_word_target,-0.005356040833973076
2203,sub16,3,ling_word_target,0.015952031052655455
2204,sub16,4,ling_word_target,0.015256036613682326
2205,sub16,5,ling_word_target,-0.0034183635940452316
2206,sub16,6,ling_word_target,0.017198123650578993
2207,sub16,7,ling_word_target,0.008829439118883143
2208,sub16,8,ling_word_target,0.0027445008230530775
2209,sub16,9,ling_word_target,-0.0023904715819312783
2210,sub16,10,ling_word_target,0.004987447555737315
2211,sub16,11,ling_word_target,-0.0017135294475548624
2212,sub16,12,ling_word_target,-0.0034188138101113557
2213,sub16,13,ling_word_target,-0.0017096711309768514
2214,sub16,14,ling_word_target,-0.009041236181219898
2215,sub16,15,ling_word_target,-0.012811039022156141
2216,sub16,16,ling_word_target,-0.014495737843952253
2217,sub16,17,ling_word_target,0.004330461796242663
2218,sub16,18,ling_word_target,0.0031762066638454274
2219,sub16,19,ling_word_target,0.013021585356494024
2220,sub16,20,ling_word_target,0.0025385598243082793
2221,sub16,21,ling_word_target,3.214736350262593e-05
2222,sub16,22,ling_word_target,0.0010188408381838886
2223,sub16,23,ling_word_target,0.003608093449083604
2224,sub16,24,ling_word_target,0.013496246344658642
2225,sub16,25,ling_word_target,-0.004186490982273012
2226,sub16,26,ling_word_target,-0.0028346077569327
2227,sub16,27,ling_word_target,-0.017512689630409972
2228,sub16,28,ling_word_target,0.006774466918401308
2229,sub16,29,ling_word_target,0.006363762697420748
2230,sub16,30,ling_word_target,0.0036580547959496946
2231,sub16,31,ling_word_target,-0.004845654824942329
2232,sub16,32,ling_word_target,-0.035437033946437976
2233,sub16,33,ling_word_target,0.0028742062760358732
2234,sub16,34,ling_word_target,-0.006875487107957525
2235,sub16,35,ling_word_target,0.0004417204147494701
2236,sub16,36,ling_word_target,0.008563019764072553
2237,sub16,37,ling_word_target,-0.017277877191476797
2238,sub16,38,ling_word_target,0.005451825549341481
2239,sub16,39,ling_word_target,-0.005373373912481317
2240,sub16,40,ling_word_target,-0.0009467512162084534
2241,sub16,41,ling_word_target,-0.0031072513451531336
2242,sub16,42,ling_word_target,-0.002721071615906255
2243,sub16,43,ling_word_target,0.0003446393086774208
2244,sub16,44,ling_word_target,-0.00902436410137905
2245,sub16,45,ling_word_target,-0.003707640029330579
2246,sub16,46,ling_word_target,0.006949837030373067
2247,sub16,47,ling_word_target,0.007922262241966899
2248,sub16,48,ling_word_target,0.0025623645543614033
2249,sub16,49,ling_word_target,-0.005997253369291796
2250,sub16,50,ling_word_target,0.00935759466487106
2251,sub16,51,ling_word_target,-0.0059351343194229255
2252,sub16,52,ling_word_target,0.008256793056845886
2253,sub16,53,ling_word_target,0.005162288134250842
2254,sub16,54,ling_word_target,-0.005091524588236213
2255,sub16,55,ling_word_target,-0.0024546741641311514
2256,sub16,56,ling_word_target,-0.002304346756829969
2257,sub16,57,ling_word_target,0.009100298422882121
2258,sub16,58,ling_word_target,0.0067800855059217385
2259,sub16,59,ling_word_target,0.0027904990831786776
2260,sub16,60,ling_word_target,-0.0004805566022005206
2261,sub16,61,ling_word_target,-0.015088733746263856
2262,sub16,62,ling_word_target,-0.004395114826970679
2263,sub16,63,ling_word_target,0.003754665890036549
2264,sub16,64,ling_word_target,-0.007235058851530704
2265,sub16,65,ling_word_target,-0.0013367492692221905
2266,sub16,66,ling_word_target,0.0074326577566703415
2267,sub16,67,ling_word_target,-0.003637711588492999
2268,sub16,68,ling_word_target,-0.009803019667567255
2269,sub16,69,ling_word_target,0.0064765442761888815
2270,sub16,70,ling_word_target,0.005089029936502806
2271,sub16,71,ling_word_target,0.004875151726086792
2272,sub16,72,ling_word_target,0.007332339867715349
2273,sub16,73,ling_word_target,-0.007032362588432132
2274,sub16,74,ling_word_target,0.013620487951537408
2275,sub16,75,ling_word_target,0.011100587571755572
2276,sub16,76,ling_word_target,0.014400681278568982
2277,sub16,77,ling_word_target,-0.009357265150898365
2278,sub16,78,ling_word_target,0.01707573434112073
2279,sub16,79,ling_word_target,-0.02422485814697443
2280,sub16,80,ling_word_target,0.009067719045918724
2281,sub16,81,ling_word_target,0.013559123515002552
2282,sub16,82,ling_word_target,0.011689998901520712
2283,sub16,83,ling_word_target,5.1964936551370886e-05
2284,sub16,84,ling_word_target,-0.013512526825753868
2285,sub16,85,ling_word_target,0.01123977014002134
2286,sub16,86,ling_word_target,-0.0020555955639946317
2287,sub16,87,ling_word_target,0.0006529979629452347
2288,sub16,88,ling_word_target,0.007624826123570609
2289,sub16,89,ling_word_target,0.01542507876648006
2290,sub16,90,ling_word_target,0.011954075832677255
2291,sub16,91,ling_word_target,0.002919641469093952
2292,sub16,92,ling_word_target,-0.00804599722739476
2293,sub16,93,ling_word_target,-0.015740461032753394
2294,sub16,94,ling_word_target,0.016744009707482497
2295,sub16,95,ling_word_target,0.03190787415368684
2296,sub16,96,ling_word_target,0.00030886579878881186
2297,sub16,97,ling_word_target,-0.008558529644581639
2298,sub16,98,ling_word_target,0.012431393035018163
2299,sub16,99,ling_word_target,0.002221698549098765
2300,sub16,100,ling_word_target,0.0042355104476634285
2301,sub16,101,ling_word_target,0.006480547587634528
2302,sub16,102,ling_word_target,0.005888853096372677
2303,sub16,103,ling_word_target,-0.012849391973755042
2304,sub16,104,ling_word_target,0.017271407697124375
2305,sub16,105,ling_word_target,0.004144000777618201
2306,sub16,106,ling_word_target,-0.010345811731824589
2307,sub16,107,ling_word_target,-0.011984947543030647
2308,sub16,108,ling_word_target,0.0069513973422632375
2309,sub16,109,ling_word_target,0.005259309928695595
2310,sub16,110,ling_word_target,-0.021465902598475434
2311,sub16,111,ling_word_target,-0.008023786346529848
2312,sub16,112,ling_word_target,-0.0002695006350647422
2313,sub16,113,ling_word_target,0.0015634755143048161
2314,sub16,114,ling_word_target,-0.009444265584731987
2315,sub16,115,ling_word_target,0.010902719152130973
2316,sub16,116,ling_word_target,0.016336580254784357
2317,sub16,117,ling_word_target,0.00021942689377139004
2318,sub16,118,ling_word_target,0.00997295276511495
2319,sub16,119,ling_word_target,-0.014938069471104494
2320,sub16,120,ling_word_target,0.01931102217320433
2321,sub16,121,ling_word_target,0.011723169716043503
2322,sub16,122,ling_word_target,0.0011996341807324006
2323,sub16,123,ling_word_target,-0.006044118520841464
2324,sub16,124,ling_word_target,-0.012526023297170718
2325,sub16,125,ling_word_target,0.027103561984513296
2326,sub16,126,ling_word_target,-0.016503844047019538
2327,sub16,127,ling_word_target,0.0069361850189379026
2328,sub16,128,ling_word_target,0.020319544757966993
2329,sub16,129,ling_word_target,0.025468818435693503
2330,sub16,130,ling_word_target,-0.00823561947067991
2331,sub16,131,ling_word_target,0.0011106124740639912
2332,sub16,132,ling_word_target,-0.023040052675765112
2333,sub16,133,ling_word_target,0.017125105144375777
2334,sub16,134,ling_word_target,0.014196981129377105
2335,sub16,135,ling_word_target,0.009215368000183294
2336,sub16,136,ling_word_target,0.001236285380868846
2337,sub16,137,ling_word_target,0.01001473232831301
2338,sub16,138,ling_word_target,0.012262300848463803
2339,sub16,139,ling_word_target,-0.011315174996669676
2340,sub16,140,ling_word_target,-0.0038111516477305064
2341,sub16,141,ling_word_target,0.003563792559363819
2342,sub16,142,ling_word_target,-0.012447605322976407
2343,sub16,143,ling_word_target,0.006890085329248093
2344,sub16,144,ling_word_target,0.009433689905095903
2345,sub16,145,ling_word_target,-0.009566019055292892
2346,sub16,146,ling_word_target,0.005302554265206465
2347,sub16,147,ling_word_target,0.00011515381052704864
2348,sub16,148,ling_word_target,0.0039803070417443335
2349,sub16,149,ling_word_target,-0.02413810251704234
2350,sub16,150,ling_word_target,-0.0022133168201626634
2351,sub16,151,ling_word_target,-0.005224344418312607
2352,sub16,152,ling_word_target,0.02326805317276871
2353,sub16,153,ling_word_target,0.02799158261060852
2354,sub16,154,ling_word_target,0.009514594081175524
2355,sub16,155,ling_word_target,-0.00304828199617743
2356,sub16,156,ling_word_target,-0.005197189106767979
2357,sub16,157,ling_word_target,0.007585176009743312
2358,sub16,158,ling_word_target,0.006823746730804949
2359,sub16,159,ling_word_target,-0.006551959401217202
2360,sub16,160,ling_word_target,-0.0022897760045239653
2361,sub16,161,ling_word_target,0.005574006398396507
2362,sub16,162,ling_word_target,0.019351309850904174
2363,sub16,163,ling_word_target,0.0037636472027085433
2364,sub16,164,ling_word_target,0.005711305894486737
2365,sub16,165,ling_word_target,0.0020121034403043567
2366,sub16,166,ling_word_target,0.012981670456949828
2367,sub16,167,ling_word_target,0.006977687690993739
2368,sub16,168,ling_word_target,-0.012277466030552835
2369,sub16,169,ling_word_target,-0.00010020555498532857
2370,sub16,170,ling_word_target,-0.0031215166852355163
2371,sub16,171,ling_word_target,0.000977685151854019
2372,sub16,172,ling_word_target,-0.012746626825009908
2373,sub16,173,ling_word_target,0.007953769271358541
2374,sub16,174,ling_word_target,-0.005959015690190202
2375,sub16,175,ling_word_target,-0.019068718756033914
2376,sub16,176,ling_word_target,-0.02106234607246699
2377,sub16,177,ling_word_target,0.003852109489864655
2378,sub16,178,ling_word_target,0.021585236288356253
2379,sub16,179,ling_word_target,0.00987717447021596
2380,sub16,180,ling_word_target,-0.008703081641272706
2381,sub16,181,ling_word_target,-0.010092533287189905
2382,sub16,182,ling_word_target,-0.005526799171497653
2383,sub16,183,ling_word_target,0.02439868002047296
2384,sub16,184,ling_word_target,-0.0008529896155816996
2385,sub16,185,ling_word_target,-0.007286083921870972
2386,sub16,186,ling_word_target,-0.004877530282651706
2387,sub16,187,ling_word_target,0.012414082485871673
2388,sub16,188,ling_word_target,0.017523297944597966
2389,sub16,189,ling_word_target,-0.006026544343976247
2390,sub16,190,ling_word_target,-0.001891200728410885
2391,sub16,191,ling_word_target,-0.0024814128687425862
2392,sub16,192,ling_word_target,0.015493718179265458
2393,sub16,193,ling_word_target,-0.00390627135750844
2394,sub16,194,ling_word_target,0.02148565633509682
2395,sub16,195,ling_word_target,-0.011438125439075178
2396,sub16,196,ling_word_target,-0.0011503748597600024
2397,sub16,197,ling_word_target,0.01675759923342275
2398,sub16,198,ling_word_target,0.005003725610006665
2399,sub16,199,ling_word_target,0.007432637220162342
2400,sub18,0,ling_word_target,0.0020502179088131597
2401,sub18,1,ling_word_target,-0.013268042269160807
2402,sub18,2,ling_word_target,-0.009002908555815262
2403,sub18,3,ling_word_target,-0.007776731040354491
2404,sub18,4,ling_word_target,0.005761059217632694
2405,sub18,5,ling_word_target,0.005180878373419898
2406,sub18,6,ling_word_target,0.006650839120868648
2407,sub18,7,ling_word_target,-0.013247576984892312
2408,sub18,8,ling_word_target,-0.007116902807453745
2409,sub18,9,ling_word_target,0.0084075825296917
2410,sub18,10,ling_word_target,0.0007281979471065918
2411,sub18,11,ling_word_target,0.0008911191649964086
2412,sub18,12,ling_word_target,-0.004123793459550435
2413,sub18,13,ling_word_target,0.0011903568300519179
2414,sub18,14,ling_word_target,-0.0080675392920607
2415,sub18,15,ling_word_target,0.009045551175236123
2416,sub18,16,ling_word_target,0.02019666778866293
2417,sub18,17,ling_word_target,-0.026539164346135586
2418,sub18,18,ling_word_target,0.004403051251033675
2419,sub18,19,ling_word_target,-0.0019469521435851094
2420,sub18,20,ling_word_target,-0.0040336481995780025
2421,sub18,21,ling_word_target,-0.0036057076915225385
2422,sub18,22,ling_word_target,-0.003143957164992578
2423,sub18,23,ling_word_target,0.0011962227772121478
2424,sub18,24,ling_word_target,-0.0022768195567228434
2425,sub18,25,ling_word_target,-0.00673292973810757
2426,sub18,26,ling_word_target,-0.001297087239880614
2427,sub18,27,ling_word_target,-0.002197279377204147
2428,sub18,28,ling_word_target,0.013802106368760636
2429,sub18,29,ling_word_target,0.015607963347027
2430,sub18,30,ling_word_target,-0.0061410805796277374
2431,sub18,31,ling_word_target,0.007393351579825765
2432,sub18,32,ling_word_target,0.003201143609255203
2433,sub18,33,ling_word_target,0.004702652162360885
2434,sub18,34,ling_word_target,-0.011134961908014057
2435,sub18,35,ling_word_target,-0.0010005776383910576
2436,sub18,36,ling_word_target,-0.000197628795305948
2437,sub18,37,ling_word_target,-0.01940473466464268
2438,sub18,38,ling_word_target,-0.01882946791862466
2439,sub18,39,ling_word_target,0.013238580318796041
2440,sub18,40,ling_word_target,0.001404500515082803
2441,sub18,41,ling_word_target,-0.0017224695588813036
2442,sub18,42,ling_word_target,0.028039804952473886
2443,sub18,43,ling_word_target,0.005870847264767208
2444,sub18,44,ling_word_target,-0.003931405194488069
2445,sub18,45,ling_word_target,-0.008742569770715549
2446,sub18,46,ling_word_target,0.0002652984215445641
2447,sub18,47,ling_word_target,-0.007522834926737917
2448,sub18,48,ling_word_target,-0.008075829391204105
2449,sub18,49,ling_word_target,-0.002731160288823281
2450,sub18,50,ling_word_target,-0.017554000618544247
2451,sub18,51,ling_word_target,0.005059807974952962
2452,sub18,52,ling_word_target,-0.008179321269421221
2453,sub18,53,ling_word_target,0.008160751597260839
2454,sub18,54,ling_word_target,0.0014281625865155297
2455,sub18,55,ling_word_target,0.005179392758413849
2456,sub18,56,ling_word_target,0.007992934826060031
2457,sub18,57,ling_word_target,-0.01788359771792321
2458,sub18,58,ling_word_target,0.009493957215820338
2459,sub18,59,ling_word_target,-0.0011472130640677203
2460,sub18,60,ling_word_target,0.012202115630605397
2461,sub18,61,ling_word_target,0.0025845056419950157
2462,sub18,62,ling_word_target,0.006990381755648119
2463,sub18,63,ling_word_target,0.0024089929271847344
2464,sub18,64,ling_word_target,0.022743829665589937
2465,sub18,65,ling_word_target,-0.00860319725388455
2466,sub18,66,ling_word_target,0.0008270874370917016
2467,sub18,67,ling_word_target,0.007186889213540487
2468,sub18,68,ling_word_target,0.006135543449322235
2469,sub18,69,ling_word_target,-0.0023704851756490416
2470,sub18,70,ling_word_target,0.02404965465778432
2471,sub18,71,ling_word_target,0.006118476914518679
2472,sub18,72,ling_word_target,0.009184058644063109
2473,sub18,73,ling_word_target,-0.0008138140902494278
2474,sub18,74,ling_word_target,0.004141916955938718
2475,sub18,75,ling_word_target,-0.008669296331930284
2476,sub18,76,ling_word_target,0.0007207493231843823
2477,sub18,77,ling_word_target,-0.001543420814950947
2478,sub18,78,ling_word_target,0.0006339735631262269
2479,sub18,79,ling_word_target,-0.008155520030234743
2480,sub18,80,ling_word_target,0.01577119739779089
2481,sub18,81,ling_word_target,-0.011390578472565404
2482,sub18,82,ling_word_target,0.005284429544598396
2483,sub18,83,ling_word_target,-0.006176209547829801
2484,sub18,84,ling_word_target,0.018368284049438504
2485,sub18,85,ling_word_target,-0.003672734787488611
2486,sub18,86,ling_word_target,0.020665097431853224
2487,sub18,87,ling_word_target,-0.0018389659141204383
2488,sub18,88,ling_word_target,-0.005848793633639938
2489,sub18,89,ling_word_target,-0.0073685819014971295
2490,sub18,90,ling_word_target,0.01031770525632307
2491,sub18,91,ling_word_target,-0.019876483990422213
2492,sub18,92,ling_word_target,-0.016282580988500616
2493,sub18,93,ling_word_target,-0.004353247688970403
2494,sub18,94,ling_word_target,-0.017633717535531602
2495,sub18,95,ling_word_target,-0.005090015387805719
2496,sub18,96,ling_word_target,0.015086676315540755
2497,sub18,97,ling_word_target,0.005995653636773607
2498,sub18,98,ling_word_target,-0.002373921913947846
2499,sub18,99,ling_word_target,0.016817609584408096
2500,sub18,100,ling_word_target,0.01528641652324929
2501,sub18,101,ling_word_target,0.005986680616686739
2502,sub18,102,ling_word_target,-0.00953597172210682
2503,sub18,103,ling_word_target,-0.0067073395661744
2504,sub18,104,ling_word_target,0.005748222964662019
2505,sub18,105,ling_word_target,-0.007240658385826239
2506,sub18,106,ling_word_target,-0.008806969193145536
2507,sub18,107,ling_word_target,-0.0015837401031962666
2508,sub18,108,ling_word_target,0.007544995251921753
2509,sub18,109,ling_word_target,0.012329215820219671
2510,sub18,110,ling_word_target,-0.016536502801149777
2511,sub18,111,ling_word_target,-0.015709540663194157
2512,sub18,112,ling_word_target,-0.008671687090622918
2513,sub18,113,ling_word_target,0.006634916628892406
2514,sub18,114,ling_word_target,0.009095049369153176
2515,sub18,115,ling_word_target,-0.018309450905536914
2516,sub18,116,ling_word_target,-0.0005333988404889526
2517,sub18,117,ling_word_target,0.0034816485449615537
2518,sub18,118,ling_word_target,-0.018127375208484276
2519,sub18,119,ling_word_target,0.00920811182857919
2520,sub18,120,ling_word_target,0.002377931918738932
2521,sub18,121,ling_word_target,-0.003442372392048885
2522,sub18,122,ling_word_target,-0.0008506717744377627
2523,sub18,123,ling_word_target,0.009866334786008986
2524,sub18,124,ling_word_target,-0.002698079115737408
2525,sub18,125,ling_word_target,-0.014706676792266352
2526,sub18,126,ling_word_target,0.0040682503831618085
2527,sub18,127,ling_word_target,-0.008316019249904051
2528,sub18,128,ling_word_target,0.0008796381883316832
2529,sub18,129,ling_word_target,0.0003663704994778819
2530,sub18,130,ling_word_target,-0.010169555209368816
2531,sub18,131,ling_word_target,-0.006883658823654545
2532,sub18,132,ling_word_target,-0.0017586184222359044
2533,sub18,133,ling_word_target,-0.010819472803433202
2534,sub18,134,ling_word_target,-0.00965473566366519
2535,sub18,135,ling_word_target,0.0019160178125264512
2536,sub18,136,ling_word_target,0.014140378073127008
2537,sub18,137,ling_word_target,-0.014810076341195704
2538,sub18,138,ling_word_target,-0.0005504180490694774
2539,sub18,139,ling_word_target,-0.018536379208544878
2540,sub18,140,ling_word_target,-0.0029786005536975714
2541,sub18,141,ling_word_target,-0.014325134372671517
2542,sub18,142,ling_word_target,-0.01223533239049249
2543,sub18,143,ling_word_target,-0.015383313265282802
2544,sub18,144,ling_word_target,0.007299898968454577
2545,sub18,145,ling_word_target,-0.00742653956359985
2546,sub18,146,ling_word_target,-0.001957199082864872
2547,sub18,147,ling_word_target,0.00788856283758788
2548,sub18,148,ling_word_target,-0.007598462863390145
2549,sub18,149,ling_word_target,-0.014623111177329584
2550,sub18,150,ling_word_target,-0.01064553613589129
2551,sub18,151,ling_word_target,0.006042199107064356
2552,sub18,152,ling_word_target,-0.01670229592030156
2553,sub18,153,ling_word_target,-0.011702091432942055
2554,sub18,154,ling_word_target,0.0028679396772301876
2555,sub18,155,ling_word_target,0.0012179069694884105
2556,sub18,156,ling_word_target,0.013931873414967084
2557,sub18,157,ling_word_target,0.0026514743798553204
2558,sub18,158,ling_word_target,-0.013693891022760226
2559,sub18,159,ling_word_target,-0.014738643104718473
2560,sub18,160,ling_word_target,-0.0013129909724321333
2561,sub18,161,ling_word_target,0.007022794348049647
2562,sub18,162,ling_word_target,-0.01096473111232844
2563,sub18,163,ling_word_target,-0.006251212587497387
2564,sub18,164,ling_word_target,0.015550918603013357
2565,sub18,165,ling_word_target,0.0012125190805830728
2566,sub18,166,ling_word_target,-0.004991981355882957
2567,sub18,167,ling_word_target,0.0020648871616608944
2568,sub18,168,ling_word_target,0.0008546510301545371
2569,sub18,169,ling_word_target,-0.015631267026629873
2570,sub18,170,ling_word_target,-0.007392503840987055
2571,sub18,171,ling_word_target,0.0007982903465976548
2572,sub18,172,ling_word_target,0.008729243451174424
2573,sub18,173,ling_word_target,-0.004115242756084418
2574,sub18,174,ling_word_target,0.0023916480325319243
2575,sub18,175,ling_word_target,0.011930052383369725
2576,sub18,176,ling_word_target,-0.0004257564732353683
2577,sub18,177,ling_word_target,-0.013735705074931888
2578,sub18,178,ling_word_target,-0.021786536692802866
2579,sub18,179,ling_word_target,0.02050647619920116
2580,sub18,180,ling_word_target,0.00020839184895304053
2581,sub18,181,ling_word_target,0.01684973050862335
2582,sub18,182,ling_word_target,0.007655932296849167
2583,sub18,183,ling_word_target,-0.001571069148258509
2584,sub18,184,ling_word_target,0.009602787569597685
2585,sub18,185,ling_word_target,0.00021389838465590144
2586,sub18,186,ling_word_target,-0.008190881606856942
2587,sub18,187,ling_word_target,-0.0021486412392453906
2588,sub18,188,ling_word_target,0.003670475053884669
2589,sub18,189,ling_word_target,-0.006344486296019437
2590,sub18,190,ling_word_target,0.005717898754983061
2591,sub18,191,ling_word_target,-0.006754165846852102
2592,sub18,192,ling_word_target,0.009501300432424843
2593,sub18,193,ling_word_target,-0.0032158133099754052
2594,sub18,194,ling_word_target,-0.016881446284679986
2595,sub18,195,ling_word_target,-0.0004029599454149836
2596,sub18,196,ling_word_target,0.00906328714701103
2597,sub18,197,ling_word_target,0.016040326440699706
2598,sub18,198,ling_word_target,-6.801189584432937e-05
2599,sub18,199,ling_word_target,0.025656782597845408
2600,sub19,0,ling_word_target,-0.011603897816155081
2601,sub19,1,ling_word_target,0.0212118976564776
2602,sub19,2,ling_word_target,0.02041314072402037
2603,sub19,3,ling_word_target,0.01147636647887622
2604,sub19,4,ling_word_target,0.010296175256485263
2605,sub19,5,ling_word_target,0.02241992445471824
2606,sub19,6,ling_word_target,0.0006820293814773517
2607,sub19,7,ling_word_target,0.0038957918826954406
2608,sub19,8,ling_word_target,0.014838715762082236
2609,sub19,9,ling_word_target,0.016459631569085118
2610,sub19,10,ling_word_target,0.014049340821094967
2611,sub19,11,ling_word_target,-0.01662288342566577
2612,sub19,12,ling_word_target,-0.004497138943162504
2613,sub19,13,ling_word_target,-0.00962659525715422
2614,sub19,14,ling_word_target,0.015407994964561507
2615,sub19,15,ling_word_target,0.02169206426622548
2616,sub19,16,ling_word_target,-0.03459287572529182
2617,sub19,17,ling_word_target,0.013713749227125037
2618,sub19,18,ling_word_target,0.0023041024070833264
2619,sub19,19,ling_word_target,0.0034745360280296193
2620,sub19,20,ling_word_target,-0.001381140795205215
2621,sub19,21,ling_word_target,0.01014058767420247
2622,sub19,22,ling_word_target,-0.016901316589550613
2623,sub19,23,ling_word_target,-0.010397792408266906
2624,sub19,24,ling_word_target,-0.02157173318993437
2625,sub19,25,ling_word_target,0.009307929555276808
2626,sub19,26,ling_word_target,-0.00424987170866644
2627,sub19,27,ling_word_target,-0.001478263998713765
2628,sub19,28,ling_word_target,-0.009417097949312189
2629,sub19,29,ling_word_target,0.008911673235252762
2630,sub19,30,ling_word_target,-0.02729206780571619
2631,sub19,31,ling_word_target,0.014559472103091792
2632,sub19,32,ling_word_target,-0.007248791885926642
2633,sub19,33,ling_word_target,-4.687616936274019e-05
2634,sub19,34,ling_word_target,-0.0004942345478188784
2635,sub19,35,ling_word_target,0.021866651907180103
2636,sub19,36,ling_word_target,-0.008632736708862204
2637,sub19,37,ling_word_target,-0.005238186135185658
2638,sub19,38,ling_word_target,-0.004738796871382272
2639,sub19,39,ling_word_target,0.018925568043937052
2640,sub19,40,ling_word_target,0.006389003342178441
2641,sub19,41,ling_word_target,0.014683421502494867
2642,sub19,42,ling_word_target,0.012226111501538572
2643,sub19,43,ling_word_target,-0.020203539585182173
2644,sub19,44,ling_word_target,0.0020681704199758326
2645,sub19,45,ling_word_target,0.01118132900672054
2646,sub19,46,ling_word_target,0.025402319261898693
2647,sub19,47,ling_word_target,-0.00741819570989082
2648,sub19,48,ling_word_target,0.013336138250626583
2649,sub19,49,ling_word_target,0.0030909501128021893
2650,sub19,50,ling_word_target,-0.0067119671218299325
2651,sub19,51,ling_word_target,0.000629556798658047
2652,sub19,52,ling_word_target,0.005012913147256565
2653,sub19,53,ling_word_target,-0.0056009506965586835
2654,sub19,54,ling_word_target,-0.01947843757991748
2655,sub19,55,ling_word_target,0.014683387727353543
2656,sub19,56,ling_word_target,0.007294559453987271
2657,sub19,57,ling_word_target,-0.018568770702836537
2658,sub19,58,ling_word_target,-0.0006211544160696708
2659,sub19,59,ling_word_target,-0.0026937455067043525
2660,sub19,60,ling_word_target,0.016190649338327336
2661,sub19,61,ling_word_target,-0.017492007244909784
2662,sub19,62,ling_word_target,-0.0033380311239347023
2663,sub19,63,ling_word_target,0.017600005968427913
2664,sub19,64,ling_word_target,-0.012989965886184396
2665,sub19,65,ling_word_target,0.03462799627895653
2666,sub19,66,ling_word_target,-0.0036727002586744682
2667,sub19,67,ling_word_target,0.00258903474789478
2668,sub19,68,ling_word_target,-0.0014216234951703567
2669,sub19,69,ling_word_target,0.00999707897020282
2670,sub19,70,ling_word_target,0.012513094525821644
2671,sub19,71,ling_word_target,0.003663047299129962
2672,sub19,72,ling_word_target,-0.01262869744309954
2673,sub19,73,ling_word_target,0.020220915713737207
2674,sub19,74,ling_word_target,-0.007826308692720196
2675,sub19,75,ling_word_target,-0.007547481787298725
2676,sub19,76,ling_word_target,-0.033319880924609344
2677,sub19,77,ling_word_target,-0.01112071061581555
2678,sub19,78,ling_word_target,0.026437417133075743
2679,sub19,79,ling_word_target,0.018129402871578756
2680,sub19,80,ling_word_target,0.010789075905519871
2681,sub19,81,ling_word_target,-0.009328927101110386
2682,sub19,82,ling_word_target,0.024761585090751225
2683,sub19,83,ling_word_target,0.022161078863326626
2684,sub19,84,ling_word_target,-0.013640081646118662
2685,sub19,85,ling_word_target,-0.001985965550070717
2686,sub19,86,ling_word_target,0.01577003365426649
2687,sub19,87,ling_word_target,0.04875274072985439
2688,sub19,88,ling_word_target,-0.0009972188043387644
2689,sub19,89,ling_word_target,0.01763803157718093
2690,sub19,90,ling_word_target,0.004879192289601326
2691,sub19,91,ling_word_target,0.035126778362166024
2692,sub19,92,ling_word_target,0.0027019508424874707
2693,sub19,93,ling_word_target,-0.006751174648729073
2694,sub19,94,ling_word_target,0.017998802056815335
2695,sub19,95,ling_word_target,-0.006507716623187987
2696,sub19,96,ling_word_target,0.011206763009814257
2697,sub19,97,ling_word_target,-0.014260869882028895
2698,sub19,98,ling_word_target,0.011720000368969277
2699,sub19,99,ling_word_target,0.003919724639778379
2700,sub19,100,ling_word_target,-0.004052784334065555
2701,sub19,101,ling_word_target,-0.004853833683688186
2702,sub19,102,ling_word_target,0.008693671922758136
2703,sub19,103,ling_word_target,0.015861200140021528
2704,sub19,104,ling_word_target,0.0036538959191820923
2705,sub19,105,ling_word_target,-0.01750712803452146
2706,sub19,106,ling_word_target,-0.0017628017207615193
2707,sub19,107,ling_word_target,-0.01607606542129523
2708,sub19,108,ling_word_target,-0.0069762806009941265
2709,sub19,109,ling_word_target,-0.022504833045257775
2710,sub19,110,ling_word_target,-0.0013286066040134406
2711,sub19,111,ling_word_target,-0.03384529617522796
2712,sub19,112,ling_word_target,0.01625684526710931
2713,sub19,113,ling_word_target,0.006404988289293978
2714,sub19,114,ling_word_target,-0.028083580164343033
2715,sub19,115,ling_word_target,-0.002141661164160002
2716,sub19,116,ling_word_target,0.0016335350280292866
2717,sub19,117,ling_word_target,-0.005011497851301428
2718,sub19,118,ling_word_target,-0.005695722975382079
2719,sub19,119,ling_word_target,0.015256363582017997
2720,sub19,120,ling_word_target,0.015532279676413028
2721,sub19,121,ling_word_target,0.00135123769600214
2722,sub19,122,ling_word_target,-0.008835718615288856
2723,sub19,123,ling_word_target,0.013702590391340287
2724,sub19,124,ling_word_target,0.0011644185309589363
2725,sub19,125,ling_word_target,-0.040017612331471206
2726,sub19,126,ling_word_target,0.0020945180683623684
2727,sub19,127,ling_word_target,-0.008863209897427312
2728,sub19,128,ling_word_target,-0.00245095889444234
2729,sub19,129,ling_word_target,0.010877192676484597
2730,sub19,130,ling_word_target,-0.0019307398409022542
2731,sub19,131,ling_word_target,0.02353765430941166
2732,sub19,132,ling_word_target,-0.002051263111451149
2733,sub19,133,ling_word_target,-0.014790829596948092
2734,sub19,134,ling_word_target,-0.000991436798452852
2735,sub19,135,ling_word_target,0.0008711041810027583
2736,sub19,136,ling_word_target,0.018428086406530163
2737,sub19,137,ling_word_target,0.007223612696106674
2738,sub19,138,ling_word_target,0.023189870538828757
2739,sub19,139,ling_word_target,-0.0006293836235264132
2740,sub19,140,ling_word_target,-0.015514618778139214
2741,sub19,141,ling_word_target,0.008407010528972376
2742,sub19,142,ling_word_target,-0.007729911069333501
2743,sub19,143,ling_word_target,-0.0012515501252180102
2744,sub19,144,ling_word_target,0.002144854101687163
2745,sub19,145,ling_word_target,0.011031700660221855
2746,sub19,146,ling_word_target,-0.012686942142940423
2747,sub19,147,ling_word_target,-0.010062775652983249
2748,sub19,148,ling_word_target,0.004612531230494268
2749,sub19,149,ling_word_target,0.001030928384465248
2750,sub19,150,ling_word_target,-6.366017187254789e-05
2751,sub19,151,ling_word_target,0.01641920085467248
2752,sub19,152,ling_word_target,-0.006430570923400117
2753,sub19,153,ling_word_target,-0.004949084551608203
2754,sub19,154,ling_word_target,0.016178182353028744
2755,sub19,155,ling_word_target,0.009997691032670085
2756,sub19,156,ling_word_target,0.012493715450865814
2757,sub19,157,ling_word_target,-0.01634224431261449
2758,sub19,158,ling_word_target,0.004499968472220147
2759,sub19,159,ling_word_target,0.005576876957059674
2760,sub19,160,ling_word_target,0.008698820483400607
2761,sub19,161,ling_word_target,0.007695872299654723
2762,sub19,162,ling_word_target,0.030456899661717815
2763,sub19,163,ling_word_target,-0.03056417861515812
2764,sub19,164,ling_word_target,-0.019446931259735532
2765,sub19,165,ling_word_target,0.02665097919376427
2766,sub19,166,ling_word_target,-0.012844879515257918
2767,sub19,167,ling_word_target,-0.00888176008198642
2768,sub19,168,ling_word_target,-0.0023682549405002404
2769,sub19,169,ling_word_target,-0.004137585019230856
2770,sub19,170,ling_word_target,-0.013242634002993909
2771,sub19,171,ling_word_target,-0.02940762493829265
2772,sub19,172,ling_word_target,-0.028034686189737784
2773,sub19,173,ling_word_target,0.016770511298208616
2774,sub19,174,ling_word_target,-0.02349782199128125
2775,sub19,175,ling_word_target,-0.0091329284917408
2776,sub19,176,ling_word_target,0.014525493235427851
2777,sub19,177,ling_word_target,0.01595995757695753
2778,sub19,178,ling_word_target,-0.010020065793157208
2779,sub19,179,ling_word_target,-0.004885138112910512
2780,sub19,180,ling_word_target,0.013468600750405443
2781,sub19,181,ling_word_target,-0.010809503499448606
2782,sub19,182,ling_word_target,-0.006024549999047537
2783,sub19,183,ling_word_target,-0.01162729770381
2784,sub19,184,ling_word_target,0.010357521096218169
2785,sub19,185,ling_word_target,0.0037972562463653528
2786,sub19,186,ling_word_target,-0.011833582512903158
2787,sub19,187,ling_word_target,-0.031652661433590384
2788,sub19,188,ling_word_target,0.006675570268223514
2789,sub19,189,ling_word_target,0.004819231529572836
2790,sub19,190,ling_word_target,0.009849931089343083
2791,sub19,191,ling_word_target,0.004708268453859676
2792,sub19,192,ling_word_target,-0.008053906181274726
2793,sub19,193,ling_word_target,0.013582335021058479
2794,sub19,194,ling_word_target,0.017867815508435265
2795,sub19,195,ling_word_target,0.0003825627300058206
2796,sub19,196,ling_word_target,-0.0068859935120639875
2797,sub19,197,ling_word_target,-0.0005561860177542746
2798,sub19,198,ling_word_target,-0.0068802326112687075
2799,sub19,199,ling_word_target,0.011198082158542486
2800,sub20,0,ling_word_target,-0.0009044753928164825
2801,sub20,1,ling_word_target,0.0020018952931950946
2802,sub20,2,ling_word_target,0.007094220056908889
2803,sub20,3,ling_word_target,-0.0007266076800395817
2804,sub20,4,ling_word_target,-0.004261631855922662
2805,sub20,5,ling_word_target,-0.0004012700256298961
2806,sub20,6,ling_word_target,-0.004448387100692219
2807,sub20,7,ling_word_target,-0.007183504053468784
2808,sub20,8,ling_word_target,-0.005771471236021641
2809,sub20,9,ling_word_target,0.0019222068417588667
2810,sub20,10,ling_word_target,-0.0036426999147145763
2811,sub20,11,ling_word_target,-0.025778087282674486
2812,sub20,12,ling_word_target,0.010013978890584968
2813,sub20,13,ling_word_target,-0.008999051245780258
2814,sub20,14,ling_word_target,0.00048234978273001066
2815,sub20,15,ling_word_target,0.022969307668605707
2816,sub20,16,ling_word_target,0.004814751903998039
2817,sub20,17,ling_word_target,0.01306974450006414
2818,sub20,18,ling_word_target,-0.007726496757469734
2819,sub20,19,ling_word_target,-0.012345617355778465
2820,sub20,20,ling_word_target,0.0017110904901827086
2821,sub20,21,ling_word_target,0.008441853680729472
2822,sub20,22,ling_word_target,-0.01201102476405029
2823,sub20,23,ling_word_target,0.017009878992584753
2824,sub20,24,ling_word_target,0.017296542944516553
2825,sub20,25,ling_word_target,0.007949885266239961
2826,sub20,26,ling_word_target,0.007343275454680646
2827,sub20,27,ling_word_target,0.010705894173518417
2828,sub20,28,ling_word_target,-0.01243964592775659
2829,sub20,29,ling_word_target,0.0055169896863661
2830,sub20,30,ling_word_target,-0.01831311737060311
2831,sub20,31,ling_word_target,0.004806397458609419
2832,sub20,32,ling_word_target,0.012277053213797564
2833,sub20,33,ling_word_target,0.01741171799439401
2834,sub20,34,ling_word_target,-0.015259931925840579
2835,sub20,35,ling_word_target,0.0026515600568256473
2836,sub20,36,ling_word_target,-0.0031802506179802715
2837,sub20,37,ling_word_target,0.0028300049079788736
2838,sub20,38,ling_word_target,0.018102373553482556
2839,sub20,39,ling_word_target,-0.013669220105708592
2840,sub20,40,ling_word_target,0.013820084328534554
2841,sub20,41,ling_word_target,-0.0027764292851313534
2842,sub20,42,ling_word_target,-0.01862956387404468
2843,sub20,43,ling_word_target,0.003426053267521589
2844,sub20,44,ling_word_target,0.02494838729088947
2845,sub20,45,ling_word_target,0.010717567674171936
2846,sub20,46,ling_word_target,0.006159471134250585
2847,sub20,47,ling_word_target,0.011139517571092458
2848,sub20,48,ling_word_target,0.01099680906122089
2849,sub20,49,ling_word_target,0.0023461105857331614
2850,sub20,50,ling_word_target,0.02240950161388769
2851,sub20,51,ling_word_target,-0.004114367242272816
2852,sub20,52,ling_word_target,0.011325277093040329
2853,sub20,53,ling_word_target,-0.005665297470926166
2854,sub20,54,ling_word_target,0.004101402696037544
2855,sub20,55,ling_word_target,0.01835279684935083
2856,sub20,56,ling_word_target,0.00534662592595365
2857,sub20,57,ling_word_target,-0.0011929388631265433
2858,sub20,58,ling_word_target,0.004314607373307678
2859,sub20,59,ling_word_target,0.007248920671328113
2860,sub20,60,ling_word_target,0.005876527304076115
2861,sub20,61,ling_word_target,-0.007107617216272767
2862,sub20,62,ling_word_target,0.008804805880822848
2863,sub20,63,ling_word_target,-0.0031756873289616053
2864,sub20,64,ling_word_target,-0.013555362697042952
2865,sub20,65,ling_word_target,-0.029447111749635504
2866,sub20,66,ling_word_target,0.00025990261139673457
2867,sub20,67,ling_word_target,0.014052549668946038
2868,sub20,68,ling_word_target,-0.004058360993837555
2869,sub20,69,ling_word_target,-0.0033184679504044312
2870,sub20,70,ling_word_target,-0.005339506530606656
2871,sub20,71,ling_word_target,0.010674512312547442
2872,sub20,72,ling_word_target,0.004559961391321892
2873,sub20,73,ling_word_target,0.01875273151145887
2874,sub20,74,ling_word_target,-0.022864629226732002
2875,sub20,75,ling_word_target,0.018432429220251064
2876,sub20,76,ling_word_target,0.0028963322229117066
2877,sub20,77,ling_word_target,0.0028196519648153663
2878,sub20,78,ling_word_target,-0.020588125797572746
2879,sub20,79,ling_word_target,0.01715659888655231
2880,sub20,80,ling_word_target,0.005684762077461579
2881,sub20,81,ling_word_target,0.010999727607154817
2882,sub20,82,ling_word_target,0.008160705108147058
2883,sub20,83,ling_word_target,-0.007521089784242833
2884,sub20,84,ling_word_target,-0.006277070028607811
2885,sub20,85,ling_word_target,0.00025714971487181065
2886,sub20,86,ling_word_target,0.012369354468808812
2887,sub20,87,ling_word_target,-0.011217935447074931
2888,sub20,88,ling_word_target,-0.00586958137817581
2889,sub20,89,ling_word_target,0.015751224406372617
2890,sub20,90,ling_word_target,-0.0023489266754168096
2891,sub20,91,ling_word_target,-0.007272563920668003
2892,sub20,92,ling_word_target,0.03283788386763594
2893,sub20,93,ling_word_target,0.0018542846890279255
2894,sub20,94,ling_word_target,0.00016379122243086322
2895,sub20,95,ling_word_target,0.002699319070453867
2896,sub20,96,ling_word_target,0.015946951660690333
2897,sub20,97,ling_word_target,-0.0013282971933211431
2898,sub20,98,ling_word_target,0.007636431305346526
2899,sub20,99,ling_word_target,-0.011652511451351828
2900,sub20,100,ling_word_target,0.002107303403805143
2901,sub20,101,ling_word_target,-0.007608955992813183
2902,sub20,102,ling_word_target,0.0012587284263701638
2903,sub20,103,ling_word_target,-0.012905418099274493
2904,sub20,104,ling_word_target,0.007480132425928831
2905,sub20,105,ling_word_target,0.03218822006153466
2906,sub20,106,ling_word_target,-0.0035178584392467366
2907,sub20,107,ling_word_target,-0.00023658555169287334
2908,sub20,108,ling_word_target,0.016363392836841455
2909,sub20,109,ling_word_target,-0.013612755181490443
2910,sub20,110,ling_word_target,-0.005958511191850975
2911,sub20,111,ling_word_target,-0.013133064621610829
2912,sub20,112,ling_word_target,0.004188897621749265
2913,sub20,113,ling_word_target,0.007312358649250269
2914,sub20,114,ling_word_target,0.007976869547510595
2915,sub20,115,ling_word_target,0.012960817527415451
2916,sub20,116,ling_word_target,0.01822303299196517
2917,sub20,117,ling_word_target,-0.00035499484632202973
2918,sub20,118,ling_word_target,0.0062477378301933235
2919,sub20,119,ling_word_target,-0.008965447638686796
2920,sub20,120,ling_word_target,0.0011332360978209004
2921,sub20,121,ling_word_target,0.016740336461685875
2922,sub20,122,ling_word_target,-0.011808618061529495
2923,sub20,123,ling_word_target,-0.009482150795273848
2924,sub20,124,ling_word_target,0.010794957123234257
2925,sub20,125,ling_word_target,-0.006297323813556321
2926,sub20,126,ling_word_target,-0.0030456193431272977
2927,sub20,127,ling_word_target,0.0032399966128578953
2928,sub20,128,ling_word_target,-0.013060226986101847
2929,sub20,129,ling_word_target,0.001848690647080275
2930,sub20,130,ling_word_target,-0.009920869941952482
2931,sub20,131,ling_word_target,0.005891025307231865
2932,sub20,132,ling_word_target,0.008484617187785783
2933,sub20,133,ling_word_target,0.0027654604757688223
2934,sub20,134,ling_word_target,0.030935560890721796
2935,sub20,135,ling_word_target,-0.001522893190722352
2936,sub20,136,ling_word_target,-0.022383836842038048
2937,sub20,137,ling_word_target,0.0018422565040712507
2938,sub20,138,ling_word_target,-0.004267790459133046
2939,sub20,139,ling_word_target,-0.014948548810441952
2940,sub20,140,ling_word_target,0.010079697617230881
2941,sub20,141,ling_word_target,-0.003290171009118883
2942,sub20,142,ling_word_target,0.0004238203365665325
2943,sub20,143,ling_word_target,0.0021652247858520183
2944,sub20,144,ling_word_target,0.016844182102089475
2945,sub20,145,ling_word_target,-0.010359141220753057
2946,sub20,146,ling_word_target,-0.0036012883354582725
2947,sub20,147,ling_word_target,0.006476753663774737
2948,sub20,148,ling_word_target,0.00664347771394613
2949,sub20,149,ling_word_target,0.018858784635495115
2950,sub20,150,ling_word_target,0.012905205582430128
2951,sub20,151,ling_word_target,0.007108496269205775
2952,sub20,152,ling_word_target,-0.004380575944124733
2953,sub20,153,ling_word_target,0.002004182315396908
2954,sub20,154,ling_word_target,0.016219297430258624
2955,sub20,155,ling_word_target,-0.012183418606487615
2956,sub20,156,ling_word_target,0.0012900034251910662
2957,sub20,157,ling_word_target,0.002089576804464535
2958,sub20,158,ling_word_target,0.0030320608318923025
2959,sub20,159,ling_word_target,-0.004603689738910715
2960,sub20,160,ling_word_target,0.009705498988802214
2961,sub20,161,ling_word_target,0.012100463345064382
2962,sub20,162,ling_word_target,0.0027160188153959827
2963,sub20,163,ling_word_target,0.015545487333572111
2964,sub20,164,ling_word_target,-0.008662834472708212
2965,sub20,165,ling_word_target,0.0008399321830207186
2966,sub20,166,ling_word_target,-0.0031574275002064878
2967,sub20,167,ling_word_target,0.01936726021235039
2968,sub20,168,ling_word_target,-0.02047045081874907
2969,sub20,169,ling_word_target,0.008963142761406575
2970,sub20,170,ling_word_target,0.006065617711224576
2971,sub20,171,ling_word_target,-0.003814058824695361
2972,sub20,172,ling_word_target,-0.012683400651271586
2973,sub20,173,ling_word_target,-0.01272048059556257
2974,sub20,174,ling_word_target,-0.007582622926039369
2975,sub20,175,ling_word_target,0.014944459636168448
2976,sub20,176,ling_word_target,-0.004527785084677437
2977,sub20,177,ling_word_target,0.008955465110227845
2978,sub20,178,ling_word_target,0.005897009992058096
2979,sub20,179,ling_word_target,4.75695721897453e-05
2980,sub20,180,ling_word_target,-0.04105532311313024
2981,sub20,181,ling_word_target,0.017043176456447328
2982,sub20,182,ling_word_target,-0.006123750287112737
2983,sub20,183,ling_word_target,-0.0026242661867683123
2984,sub20,184,ling_word_target,0.0009330470640573359
2985,sub20,185,ling_word_target,0.00705686435891506
2986,sub20,186,ling_word_target,-0.0035662573547121535
2987,sub20,187,ling_word_target,0.02011311532246894
2988,sub20,188,ling_word_target,0.00446907189100222
2989,sub20,189,ling_word_target,0.022282345974396208
2990,sub20,190,ling_word_target,0.007303774844507955
2991,sub20,191,ling_word_target,-0.024448215365365577
2992,sub20,192,ling_word_target,0.003345752617522003
2993,sub20,193,ling_word_target,0.00796261620841084
2994,sub20,194,ling_word_target,-0.011946244191756045
2995,sub20,195,ling_word_target,0.003429795367065377
2996,sub20,196,ling_word_target,0.0008392938466563416
2997,sub20,197,ling_word_target,0.00470604472748134
2998,sub20,198,ling_word_target,-0.004751701703094147
2999,sub20,199,ling_word_target,0.017574954615318664
3000,sub21,0,ling_word_target,-0.0036004077229836546
3001,sub21,1,ling_word_target,-0.007889609576835406
3002,sub21,2,ling_word_target,-0.011876999766419533
3003,sub21,3,ling_word_target,0.008583768300287226
3004,sub21,4,ling_word_target,-0.009772773121618965
3005,sub21,5,ling_word_target,0.007906173629260247
3006,sub21,6,ling_word_target,0.03244878027426748
3007,sub21,7,ling_word_target,-0.011326853517110758
3008,sub21,8,ling_word_target,0.02420280680230705
3009,sub21,9,ling_word_target,0.026293838467709118
3010,sub21,10,ling_word_target,0.008289352273595651
3011,sub21,11,ling_word_target,-0.03398024635581748
3012,sub21,12,ling_word_target,-0.005145190553169377
3013,sub21,13,ling_word_target,-0.03344473158968112
3014,sub21,14,ling_word_target,-0.018113965617734668
3015,sub21,15,ling_word_target,0.029354206455060556
3016,sub21,16,ling_word_target,0.019600992118285355
3017,sub21,17,ling_word_target,0.024004209545813816
3018,sub21,18,ling_word_target,-0.0018643609978618054
3019,sub21,19,ling_word_target,-0.003207512920525262
3020,sub21,20,ling_word_target,-0.0473574670314361
3021,sub21,21,ling_word_target,0.04181164021247611
3022,sub21,22,ling_word_target,-0.006119995523676159
3023,sub21,23,ling_word_target,-0.01666489299530225
3024,sub21,24,ling_word_target,-0.017571470034975115
3025,sub21,25,ling_word_target,-0.007256140294573424
3026,sub21,26,ling_word_target,-0.024939579151238123
3027,sub21,27,ling_word_target,0.03202960062082279
3028,sub21,28,ling_word_target,0.015673104911094866
3029,sub21,29,ling_word_target,0.048083245587951386
3030,sub21,30,ling_word_target,0.03249577549135159
3031,sub21,31,ling_word_target,0.002756839446193503
3032,sub21,32,ling_word_target,0.00972313688981761
3033,sub21,33,ling_word_target,-0.01424777315676279
3034,sub21,34,ling_word_target,0.004795460005172384
3035,sub21,35,ling_word_target,0.03516458032305433
3036,sub21,36,ling_word_target,0.01724003130074286
3037,sub21,37,ling_word_target,0.00018204239068354372
3038,sub21,38,ling_word_target,-0.008290785370256761
3039,sub21,39,ling_word_target,-0.013731072895271614
3040,sub21,40,ling_word_target,-0.029517682351771306
3041,sub21,41,ling_word_target,0.03323636657134043
3042,sub21,42,ling_word_target,-0.01117151830658575
3043,sub21,43,ling_word_target,-0.01544677030201572
3044,sub21,44,ling_word_target,0.017821076732476532
3045,sub21,45,ling_word_target,-0.026776826260528984
3046,sub21,46,ling_word_target,0.03160962020433651
3047,sub21,47,ling_word_target,-0.011692867404976465
3048,sub21,48,ling_word_target,-0.005429402724787626
3049,sub21,49,ling_word_target,0.060278091450773355
3050,sub21,50,ling_word_target,-0.012775060133039662
3051,sub21,51,ling_word_target,-0.0009463173315348574
3052,sub21,52,ling_word_target,0.01875846805374178
3053,sub21,53,ling_word_target,-0.011231356612697379
3054,sub21,54,ling_word_target,-0.018491356391587714
3055,sub21,55,ling_word_target,-0.007944356212720653
3056,sub21,56,ling_word_target,-0.019948734184766677
3057,sub21,57,ling_word_target,0.01454013386489523
3058,sub21,58,ling_word_target,0.006088268643361427
3059,sub21,59,ling_word_target,0.0027232663182881474
3060,sub21,60,ling_word_target,-0.013989075261319704
3061,sub21,61,ling_word_target,-0.023302300974092312
3062,sub21,62,ling_word_target,-0.010302334897639796
3063,sub21,63,ling_word_target,0.01220346473927527
3064,sub21,64,ling_word_target,-0.02314523868778876
3065,sub21,65,ling_word_target,-0.02324226321786136
3066,sub21,66,ling_word_target,0.02354528723380377
3067,sub21,67,ling_word_target,0.029428950383886744
3068,sub21,68,ling_word_target,0.003332244046444589
3069,sub21,69,ling_word_target,-0.01888760586590709
3070,sub21,70,ling_word_target,0.0005830956427280774
3071,sub21,71,ling_word_target,0.03423465280823632
3072,sub21,72,ling_word_target,0.005629975843874625
3073,sub21,73,ling_word_target,0.023525662364687727
3074,sub21,74,ling_word_target,0.0386357709498743
3075,sub21,75,ling_word_target,0.017223339575396464
3076,sub21,76,ling_word_target,-0.0036411053136919274
3077,sub21,77,ling_word_target,-0.00621452235304978
3078,sub21,78,ling_word_target,-0.039724530175920196
3079,sub21,79,ling_word_target,0.0462608944974121
3080,sub21,80,ling_word_target,-0.011086683895682759
3081,sub21,81,ling_word_target,-0.008495919577602751
3082,sub21,82,ling_word_target,-0.02507886845978331
3083,sub21,83,ling_word_target,-0.022654254935198934
3084,sub21,84,ling_word_target,0.011078579274857859
3085,sub21,85,ling_word_target,-0.027831626219784165
3086,sub21,86,ling_word_target,0.021238230806839207
3087,sub21,87,ling_word_target,0.04881585599349058
3088,sub21,88,ling_word_target,0.06056947348193047
3089,sub21,89,ling_word_target,0.006454035814024113
3090,sub21,90,ling_word_target,0.004033318995501875
3091,sub21,91,ling_word_target,0.013779901972623534
3092,sub21,92,ling_word_target,0.02362393433709024
3093,sub21,93,ling_word_target,-0.01209258969960333
3094,sub21,94,ling_word_target,-0.04005141180047941
3095,sub21,95,ling_word_target,0.021565082712099986
3096,sub21,96,ling_word_target,0.07223254013026889
3097,sub21,97,ling_word_target,-0.02627054941600009
3098,sub21,98,ling_word_target,0.0387678416987012
3099,sub21,99,ling_word_target,0.02123205039079896
3100,sub21,100,ling_word_target,0.0461187556192314
3101,sub21,101,ling_word_target,0.02984526896984259
3102,sub21,102,ling_word_target,0.012944168115517645
3103,sub21,103,ling_word_target,-0.013406609744003753
3104,sub21,104,ling_word_target,-0.05395631834865291
3105,sub21,105,ling_word_target,0.05484316696378165
3106,sub21,106,ling_word_target,0.041056044137655866
3107,sub21,107,ling_word_target,0.006268530159498072
3108,sub21,108,ling_word_target,0.007283241244878664
3109,sub21,109,ling_word_target,0.02765951216870917
3110,sub21,110,ling_word_target,0.001034075061183453
3111,sub21,111,ling_word_target,0.041383627712356284
3112,sub21,112,ling_word_target,-0.003892459988787109
3113,sub21,113,ling_word_target,0.023730886251623957
3114,sub21,114,ling_word_target,-0.004694694868282692
3115,sub21,115,ling_word_target,-0.04896104177335214
3116,sub21,116,ling_word_target,-0.00620246933738317
3117,sub21,117,ling_word_target,0.018710772397411517
3118,sub21,118,ling_word_target,0.037886345251868035
3119,sub21,119,ling_word_target,0.01725623620705708
3120,sub21,120,ling_word_target,-0.049395717473724135
3121,sub21,121,ling_word_target,0.019718408171587008
3122,sub21,122,ling_word_target,0.013899374885501753
3123,sub21,123,ling_word_target,-0.006538798711372633
3124,sub21,124,ling_word_target,-0.017196076258654536
3125,sub21,125,ling_word_target,-0.036826418066068636
3126,sub21,126,ling_word_target,0.006776204945463959
3127,sub21,127,ling_word_target,0.010896797455512017
3128,sub21,128,ling_word_target,-0.005964879013594672
3129,sub21,129,ling_word_target,0.04462553540271913
3130,sub21,130,ling_word_target,0.011581543585825733
3131,sub21,131,ling_word_target,0.006261453492379835
3132,sub21,132,ling_word_target,-0.011363941332703383
3133,sub21,133,ling_word_target,0.007477523749318814
3134,sub21,134,ling_word_target,0.024427833261234023
3135,sub21,135,ling_word_target,0.0078928672240382
3136,sub21,136,ling_word_target,0.03163366095323437
3137,sub21,137,ling_word_target,0.03893439160776686
3138,sub21,138,ling_word_target,-0.007059192729684936
3139,sub21,139,ling_word_target,-0.05842216808448164
3140,sub21,140,ling_word_target,0.016071544336915555
3141,sub21,141,ling_word_target,-0.02664691694230502
3142,sub21,142,ling_word_target,0.0017970058843474474
3143,sub21,143,ling_word_target,-0.020749433773419437
3144,sub21,144,ling_word_target,-0.02080636142610892
3145,sub21,145,ling_word_target,-0.007582064896007644
3146,sub21,146,ling_word_target,-0.010826309822794805
3147,sub21,147,ling_word_target,0.007304973549677042
3148,sub21,148,ling_word_target,-0.013183860622370445
3149,sub21,149,ling_word_target,-0.00515240595555712
3150,sub21,150,ling_word_target,0.011278770353276917
3151,sub21,151,ling_word_target,-0.034510374191536124
3152,sub21,152,ling_word_target,0.022260438479343485
3153,sub21,153,ling_word_target,0.04002407956395669
3154,sub21,154,ling_word_target,-0.04834210528468248
3155,sub21,155,ling_word_target,0.007481464339793936
3156,sub21,156,ling_word_target,0.008547858849326255
3157,sub21,157,ling_word_target,-0.01901496230838049
3158,sub21,158,ling_word_target,0.015484430061079604
3159,sub21,159,ling_word_target,-0.01200304152525713
3160,sub21,160,ling_word_target,-0.03494010444636599
3161,sub21,161,ling_word_target,-0.008282867467054042
3162,sub21,162,ling_word_target,0.06371879376159736
3163,sub21,163,ling_word_target,0.010135546084231973
3164,sub21,164,ling_word_target,-0.050890028213962546
3165,sub21,165,ling_word_target,-0.0216627486886847
3166,sub21,166,ling_word_target,0.014136104476038648
3167,sub21,167,ling_word_target,0.015027300064266768
3168,sub21,168,ling_word_target,0.04259894855523919
3169,sub21,169,ling_word_target,-0.027596426688285713
3170,sub21,170,ling_word_target,0.016124393132547515
3171,sub21,171,ling_word_target,0.04995163890342554
3172,sub21,172,ling_word_target,-0.001221259663157218
3173,sub21,173,ling_word_target,-0.02786243773384025
3174,sub21,174,ling_word_target,0.00112902839675174
3175,sub21,175,ling_word_target,-0.000500227924496904
3176,sub21,176,ling_word_target,-0.02201142004946639
3177,sub21,177,ling_word_target,0.015524894120681467
3178,sub21,178,ling_word_target,-0.010662793900221321
3179,sub21,179,ling_word_target,0.014400966649546959
3180,sub21,180,ling_word_target,-0.019362645582752098
3181,sub21,181,ling_word_target,-0.004118224664115933
3182,sub21,182,ling_word_target,-0.0009180524280406141
3183,sub21,183,ling_word_target,-0.027875225142852195
3184,sub21,184,ling_word_target,-0.004347059279524988
3185,sub21,185,ling_word_target,0.0373585365943578
3186,sub21,186,ling_word_target,-0.05420542531741145
3187,sub21,187,ling_word_target,0.003771210866928989
3188,sub21,188,ling_word_target,0.027673055036263917
3189,sub21,189,ling_word_target,-0.015119358108520844
3190,sub21,190,ling_word_target,0.03930414190853933
3191,sub21,191,ling_word_target,0.022848427716551843
3192,sub21,192,ling_word_target,0.02415404966886388
3193,sub21,193,ling_word_target,-0.014999145763596167
3194,sub21,194,ling_word_target,-0.015953422291436238
3195,sub21,195,ling_word_target,0.008552410397826128
3196,sub21,196,ling_word_target,0.010756711605603618
3197,sub21,197,ling_word_target,0.007857148166707203
3198,sub21,198,ling_word_target,0.016647361562655554
3199,sub21,199,ling_word_target,0.011754341844906348
3200,sub22,0,ling_word_target,-0.010576900125272225
3201,sub22,1,ling_word_target,-0.016954264355498527
3202,sub22,2,ling_word_target,0.006168808315903621
3203,sub22,3,ling_word_target,0.0016471970458130391
3204,sub22,4,ling_word_target,0.023125009651520183
3205,sub22,5,ling_word_target,-0.011474488085218343
3206,sub22,6,ling_word_target,-0.0037382447462435057
3207,sub22,7,ling_word_target,-0.011963359518244097
3208,sub22,8,ling_word_target,-0.01561132671594715
3209,sub22,9,ling_word_target,-0.00140813292880286
3210,sub22,10,ling_word_target,-0.0046231678838170795
3211,sub22,11,ling_word_target,0.007089723852611686
3212,sub22,12,ling_word_target,-0.024444830294999116
3213,sub22,13,ling_word_target,0.014070447421820809
3214,sub22,14,ling_word_target,0.002024651783784576
3215,sub22,15,ling_word_target,0.026314710214070273
3216,sub22,16,ling_word_target,0.011080571531275913
3217,sub22,17,ling_word_target,-0.0019495578743661183
3218,sub22,18,ling_word_target,0.01628641156288265
3219,sub22,19,ling_word_target,0.017689236676559906
3220,sub22,20,ling_word_target,0.00789962578125855
3221,sub22,21,ling_word_target,0.013174567063998874
3222,sub22,22,ling_word_target,0.018129304464368206
3223,sub22,23,ling_word_target,-0.005296903743721684
3224,sub22,24,ling_word_target,0.007901484421266255
3225,sub22,25,ling_word_target,0.003623089640033192
3226,sub22,26,ling_word_target,-0.01975356132222294
3227,sub22,27,ling_word_target,0.0026086134446029773
3228,sub22,28,ling_word_target,-0.0007127950064756464
3229,sub22,29,ling_word_target,-0.004266985731998513
3230,sub22,30,ling_word_target,-0.010529449351856629
3231,sub22,31,ling_word_target,0.03551644543955969
3232,sub22,32,ling_word_target,-0.012551814350861714
3233,sub22,33,ling_word_target,0.0049505947714992464
3234,sub22,34,ling_word_target,0.028089092273065497
3235,sub22,35,ling_word_target,0.02898218615821418
3236,sub22,36,ling_word_target,0.019638579021936574
3237,sub22,37,ling_word_target,-0.003986988111985228
3238,sub22,38,ling_word_target,0.0060016814306520245
3239,sub22,39,ling_word_target,0.011969571294444412
3240,sub22,40,ling_word_target,0.0009312412152113843
3241,sub22,41,ling_word_target,-0.006475282572239774
3242,sub22,42,ling_word_target,0.017786339040875725
3243,sub22,43,ling_word_target,0.006678099707101547
3244,sub22,44,ling_word_target,-0.013054550484250622
3245,sub22,45,ling_word_target,0.0041074358460559835
3246,sub22,46,ling_word_target,0.016723571158831316
3247,sub22,47,ling_word_target,-0.03087047019330267
3248,sub22,48,ling_word_target,0.008271829124897725
3249,sub22,49,ling_word_target,-0.00021163787233560553
3250,sub22,50,ling_word_target,0.012880846755456686
3251,sub22,51,ling_word_target,0.00852404388024525
3252,sub22,52,ling_word_target,-0.01654933615408046
3253,sub22,53,ling_word_target,0.010941113280143565
3254,sub22,54,ling_word_target,0.020684922922605386
3255,sub22,55,ling_word_target,0.03816921009908465
3256,sub22,56,ling_word_target,0.01799819297538573
3257,sub22,57,ling_word_target,0.0007053443629199054
3258,sub22,58,ling_word_target,0.005199344450837735
3259,sub22,59,ling_word_target,-0.010498746705698798
3260,sub22,60,ling_word_target,0.012339936658601308
3261,sub22,61,ling_word_target,0.008498210873546184
3262,sub22,62,ling_word_target,0.020563929119282977
3263,sub22,63,ling_word_target,-0.008553119914378937
3264,sub22,64,ling_word_target,-0.01447994292015319
3265,sub22,65,ling_word_target,-0.011916791061397172
3266,sub22,66,ling_word_target,-0.010678267679178878
3267,sub22,67,ling_word_target,0.0019966477862519475
3268,sub22,68,ling_word_target,0.0031406692763803704
3269,sub22,69,ling_word_target,0.005807529549205212
3270,sub22,70,ling_word_target,0.003945715086157047
3271,sub22,71,ling_word_target,0.004788522905803832
3272,sub22,72,ling_word_target,-0.013017198164858206
3273,sub22,73,ling_word_target,0.010473784637664832
3274,sub22,74,ling_word_target,0.0015656639260436262
3275,sub22,75,ling_word_target,-0.004495177384517429
3276,sub22,76,ling_word_target,-0.006002460845651252
3277,sub22,77,ling_word_target,0.01165744711277925
3278,sub22,78,ling_word_target,-0.0038031846182279656
3279,sub22,79,ling_word_target,-0.004155885900783632
3280,sub22,80,ling_word_target,0.0060023359364962696
3281,sub22,81,ling_word_target,0.004629574548725638
3282,sub22,82,ling_word_target,0.004320805441468492
3283,sub22,83,ling_word_target,0.01604269641595171
3284,sub22,84,ling_word_target,0.00038560171390013953
3285,sub22,85,ling_word_target,-0.015146833228930895
3286,sub22,86,ling_word_target,0.007994264513227118
3287,sub22,87,ling_word_target,0.009037916954618893
3288,sub22,88,ling_word_target,-0.012383327636668644
3289,sub22,89,ling_word_target,-0.00355637916775889
3290,sub22,90,ling_word_target,0.026665485649429766
3291,sub22,91,ling_word_target,0.0011436528927048152
3292,sub22,92,ling_word_target,0.0019432616282721675
3293,sub22,93,ling_word_target,-0.02093151104630569
3294,sub22,94,ling_word_target,0.06213985818633268
3295,sub22,95,ling_word_target,-0.007446607677605109
3296,sub22,96,ling_word_target,-0.0008611927864628036
3297,sub22,97,ling_word_target,0.016032398069777985
3298,sub22,98,ling_word_target,0.0013277077043582577
3299,sub22,99,ling_word_target,-0.00133989883325708
3300,sub22,100,ling_word_target,0.0036489537964195812
3301,sub22,101,ling_word_target,0.01687382383946583
3302,sub22,102,ling_word_target,0.01076617258771588
3303,sub22,103,ling_word_target,0.0001634761383129318
3304,sub22,104,ling_word_target,-0.0038135888800522556
3305,sub22,105,ling_word_target,-0.011114627355458297
3306,sub22,106,ling_word_target,-0.005549519732586456
3307,sub22,107,ling_word_target,-0.002300281480716629
3308,sub22,108,ling_word_target,0.01778546611509889
3309,sub22,109,ling_word_target,0.0007170338287069096
3310,sub22,110,ling_word_target,0.007260284558604951
3311,sub22,111,ling_word_target,0.0054718041651972684
3312,sub22,112,ling_word_target,-0.010138178580313639
3313,sub22,113,ling_word_target,-0.009401988788615735
3314,sub22,114,ling_word_target,-0.00238208338460083
3315,sub22,115,ling_word_target,0.012942821191654543
3316,sub22,116,ling_word_target,0.012504757507240017
3317,sub22,117,ling_word_target,-0.009943235386878375
3318,sub22,118,ling_word_target,-0.0011364175703286981
3319,sub22,119,ling_word_target,0.00451457108104276
3320,sub22,120,ling_word_target,0.03195752434900474
3321,sub22,121,ling_word_target,-0.017927210506336673
3322,sub22,122,ling_word_target,0.009333479033968537
3323,sub22,123,ling_word_target,0.004094970545496933
3324,sub22,124,ling_word_target,-0.027509958338616
3325,sub22,125,ling_word_target,-0.0049476153755559455
3326,sub22,126,ling_word_target,-0.005937408768166677
3327,sub22,127,ling_word_target,-0.006445742410302831
3328,sub22,128,ling_word_target,-0.008738107797171536
3329,sub22,129,ling_word_target,-0.011027744699482244
3330,sub22,130,ling_word_target,0.00026304769763953775
3331,sub22,131,ling_word_target,-0.004988073248562066
3332,sub22,132,ling_word_target,0.0034724118566081337
3333,sub22,133,ling_word_target,-0.0066812624473458725
3334,sub22,134,ling_word_target,0.005068494277390479
3335,sub22,135,ling_word_target,-0.002021895944268177
3336,sub22,136,ling_word_target,-9.846294523823681e-05
3337,sub22,137,ling_word_target,-0.015025650178495128
3338,sub22,138,ling_word_target,0.02041179242984408
3339,sub22,139,ling_word_target,-0.0022830280557539846
3340,sub22,140,ling_word_target,-0.028277650259713637
3341,sub22,141,ling_word_target,-0.0007995859772378833
3342,sub22,142,ling_word_target,-0.003415787577437939
3343,sub22,143,ling_word_target,0.005429305044305277
3344,sub22,144,ling_word_target,-0.010963813623588347
3345,sub22,145,ling_word_target,0.013260910609031425
3346,sub22,146,ling_word_target,0.01862225293159984
3347,sub22,147,ling_word_target,0.002244876445316499
3348,sub22,148,ling_word_target,-0.0030137824434516985
3349,sub22,149,ling_word_target,0.00860882255341344
3350,sub22,150,ling_word_target,0.007568795390573491
3351,sub22,151,ling_word_target,-0.0016699661650839454
3352,sub22,152,ling_word_target,0.0118259038174232
3353,sub22,153,ling_word_target,-0.012053913298770123
3354,sub22,154,ling_word_target,0.00019046304137618615
3355,sub22,155,ling_word_target,0.003462485491076116
3356,sub22,156,ling_word_target,-0.008079557922691834
3357,sub22,157,ling_word_target,-0.004591053412945794
3358,sub22,158,ling_word_target,0.026097128379607582
3359,sub22,159,ling_word_target,-0.012731030469856621
3360,sub22,160,ling_word_target,-0.01153370144380791
3361,sub22,161,ling_word_target,-0.01985657717908921
3362,sub22,162,ling_word_target,0.012960930980177946
3363,sub22,163,ling_word_target,0.006785789831272388
3364,sub22,164,ling_word_target,0.007767990259259892
3365,sub22,165,ling_word_target,-0.008021940315684721
3366,sub22,166,ling_word_target,-0.018801696035618334
3367,sub22,167,ling_word_target,0.008564206971517205
3368,sub22,168,ling_word_target,0.006026875986947341
3369,sub22,169,ling_word_target,0.019629377076249645
3370,sub22,170,ling_word_target,0.008974090219421105
3371,sub22,171,ling_word_target,-0.009421101105579428
3372,sub22,172,ling_word_target,0.013104023328976552
3373,sub22,173,ling_word_target,0.011050539749409921
3374,sub22,174,ling_word_target,-0.005278672437943922
3375,sub22,175,ling_word_target,-0.010184620662136915
3376,sub22,176,ling_word_target,-0.016574175102918864
3377,sub22,177,ling_word_target,-0.0047888827356900535
3378,sub22,178,ling_word_target,0.007831378653959215
3379,sub22,179,ling_word_target,0.008784545838337524
3380,sub22,180,ling_word_target,0.002500595641154055
3381,sub22,181,ling_word_target,-0.011162390279566075
3382,sub22,182,ling_word_target,0.0016177885539819252
3383,sub22,183,ling_word_target,-0.0008262514801734682
3384,sub22,184,ling_word_target,-0.00730230316122433
3385,sub22,185,ling_word_target,0.012954235853116268
3386,sub22,186,ling_word_target,-0.013822586474135472
3387,sub22,187,ling_word_target,-0.009019562309524718
3388,sub22,188,ling_word_target,-0.0004400625807931107
3389,sub22,189,ling_word_target,0.0005437319789233465
3390,sub22,190,ling_word_target,-0.005134058191383704
3391,sub22,191,ling_word_target,-0.02408686932795768
3392,sub22,192,ling_word_target,-0.0059922352079545705
3393,sub22,193,ling_word_target,0.004557326450508104
3394,sub22,194,ling_word_target,0.007391113489687241
3395,sub22,195,ling_word_target,-0.0010592028961317035
3396,sub22,196,ling_word_target,0.014534964184202371
3397,sub22,197,ling_word_target,0.007012757101260786
3398,sub22,198,ling_word_target,-0.002806095986547493
3399,sub22,199,ling_word_target,-0.0019231156229190837
3400,sub23,0,ling_word_target,0.019769776457282347
3401,sub23,1,ling_word_target,-0.01030594697227066
3402,sub23,2,ling_word_target,0.00321012402701564
3403,sub23,3,ling_word_target,0.024366595203656922
3404,sub23,4,ling_word_target,-0.015621355746451652
3405,sub23,5,ling_word_target,-0.00236546157897513
3406,sub23,6,ling_word_target,0.008968765783562652
3407,sub23,7,ling_word_target,0.00593887554926154
3408,sub23,8,ling_word_target,0.022608394810316075
3409,sub23,9,ling_word_target,-0.019008857285283398
3410,sub23,10,ling_word_target,-0.006116497913116358
3411,sub23,11,ling_word_target,-0.0026397701065265337
3412,sub23,12,ling_word_target,0.006959318835247928
3413,sub23,13,ling_word_target,-0.009080380390747643
3414,sub23,14,ling_word_target,0.026719151689507847
3415,sub23,15,ling_word_target,-0.008233928031136234
3416,sub23,16,ling_word_target,-0.002620488926966041
3417,sub23,17,ling_word_target,-0.018450068151056685
3418,sub23,18,ling_word_target,0.027436090693761978
3419,sub23,19,ling_word_target,0.0012068143644227852
3420,sub23,20,ling_word_target,0.016709366806900435
3421,sub23,21,ling_word_target,0.025851127139325088
3422,sub23,22,ling_word_target,0.0012164938948525967
3423,sub23,23,ling_word_target,0.05197420302815555
3424,sub23,24,ling_word_target,-0.025533607036554034
3425,sub23,25,ling_word_target,0.0002025111846689195
3426,sub23,26,ling_word_target,-0.028119329041190827
3427,sub23,27,ling_word_target,0.022547796007316243
3428,sub23,28,ling_word_target,0.023780872492013192
3429,sub23,29,ling_word_target,-0.0008810077254440275
3430,sub23,30,ling_word_target,-0.01086884000712508
3431,sub23,31,ling_word_target,-0.004730281628689297
3432,sub23,32,ling_word_target,0.0019903996896135923
3433,sub23,33,ling_word_target,0.007383990023341029
3434,sub23,34,ling_word_target,0.0062448166420336505
3435,sub23,35,ling_word_target,-0.01073656038740414
3436,sub23,36,ling_word_target,-0.012617045831593978
3437,sub23,37,ling_word_target,-0.006299790248053226
3438,sub23,38,ling_word_target,0.011840856275992934
3439,sub23,39,ling_word_target,-0.0025391442582619003
3440,sub23,40,ling_word_target,0.01748977400633603
3441,sub23,41,ling_word_target,0.010152747039469175
3442,sub23,42,ling_word_target,-0.006868942878978034
3443,sub23,43,ling_word_target,-0.01891644652849146
3444,sub23,44,ling_word_target,0.009108136535115894
3445,sub23,45,ling_word_target,-0.019130503272845496
3446,sub23,46,ling_word_target,0.013812357188785974
3447,sub23,47,ling_word_target,-0.005053011901061632
3448,sub23,48,ling_word_target,-0.007478050597596271
3449,sub23,49,ling_word_target,0.02690396599310226
3450,sub23,50,ling_word_target,-0.02568210352246692
3451,sub23,51,ling_word_target,-0.004778711505510864
3452,sub23,52,ling_word_target,0.03742165589866389
3453,sub23,53,ling_word_target,-0.010287057678157487
3454,sub23,54,ling_word_target,-0.026216417585550274
3455,sub23,55,ling_word_target,-0.016371317605401003
3456,sub23,56,ling_word_target,0.03791438160347994
3457,sub23,57,ling_word_target,0.006674090383191971
3458,sub23,58,ling_word_target,0.0027890381828082804
3459,sub23,59,ling_word_target,-0.04041131702249938
3460,sub23,60,ling_word_target,6.275511053916631e-05
3461,sub23,61,ling_word_target,-0.006175922717490191
3462,sub23,62,ling_word_target,0.0022369047772249854
3463,sub23,63,ling_word_target,0.014107319445334228
3464,sub23,64,ling_word_target,0.023064016943950227
3465,sub23,65,ling_word_target,-0.02739557475274934
3466,sub23,66,ling_word_target,0.006146346767686416
3467,sub23,67,ling_word_target,-0.00476552606190092
3468,sub23,68,ling_word_target,0.009378486478117376
3469,sub23,69,ling_word_target,0.017507225934129945
3470,sub23,70,ling_word_target,-0.00452918891182471
3471,sub23,71,ling_word_target,0.014491500745486302
3472,sub23,72,ling_word_target,0.028815698533958507
3473,sub23,73,ling_word_target,0.007817708009340944
3474,sub23,74,ling_word_target,0.000847262112442915
3475,sub23,75,ling_word_target,-0.020871905797509582
3476,sub23,76,ling_word_target,0.025050209071814253
3477,sub23,77,ling_word_target,0.024443789500496044
3478,sub23,78,ling_word_target,0.004355852307980805
3479,sub23,79,ling_word_target,0.010090283819719489
3480,sub23,80,ling_word_target,0.0009243269865741168
3481,sub23,81,ling_word_target,0.01532793971854639
3482,sub23,82,ling_word_target,-0.01630708621026762
3483,sub23,83,ling_word_target,0.018904539826832982
3484,sub23,84,ling_word_target,-0.0011441422509522355
3485,sub23,85,ling_word_target,0.006102433809097218
3486,sub23,86,ling_word_target,-0.025008388413686074
3487,sub23,87,ling_word_target,0.0005894857287622726
3488,sub23,88,ling_word_target,0.008679935041363645
3489,sub23,89,ling_word_target,-0.00436534827462643
3490,sub23,90,ling_word_target,0.0029881121261001605
3491,sub23,91,ling_word_target,0.01369767720345587
3492,sub23,92,ling_word_target,0.031706748409486896
3493,sub23,93,ling_word_target,0.022351300445278107
3494,sub23,94,ling_word_target,0.014627337251620038
3495,sub23,95,ling_word_target,0.01435009809567916
3496,sub23,96,ling_word_target,-0.025051901455634587
3497,sub23,97,ling_word_target,0.0031799672941258245
3498,sub23,98,ling_word_target,-0.003972166131990781
3499,sub23,99,ling_word_target,-0.028932244856275414
3500,sub23,100,ling_word_target,0.024600990778231205
3501,sub23,101,ling_word_target,-0.002813259102404675
3502,sub23,102,ling_word_target,-0.0024504140952443638
3503,sub23,103,ling_word_target,-0.018525041985401308
3504,sub23,104,ling_word_target,-0.02136184338922534
3505,sub23,105,ling_word_target,0.011176306633251896
3506,sub23,106,ling_word_target,-0.015394903812867372
3507,sub23,107,ling_word_target,0.0003510457757632734
3508,sub23,108,ling_word_target,-0.0273752937709197
3509,sub23,109,ling_word_target,0.026204528833794163
3510,sub23,110,ling_word_target,-0.006658514792660212
3511,sub23,111,ling_word_target,-0.0056748193037241546
3512,sub23,112,ling_word_target,-0.005308196279754663
3513,sub23,113,ling_word_target,0.003861509479468193
3514,sub23,114,ling_word_target,0.001022836562478071
3515,sub23,115,ling_word_target,0.008619509790771463
3516,sub23,116,ling_word_target,0.013613883597113447
3517,sub23,117,ling_word_target,0.013208548969327313
3518,sub23,118,ling_word_target,-0.020978304143367953
3519,sub23,119,ling_word_target,-0.016471950738357003
3520,sub23,120,ling_word_target,0.0021708173654729976
3521,sub23,121,ling_word_target,0.014950461924563672
3522,sub23,122,ling_word_target,-0.0028129017058807176
3523,sub23,123,ling_word_target,-0.007401351004250578
3524,sub23,124,ling_word_target,-0.014978607098704284
3525,sub23,125,ling_word_target,0.00915372664066734
3526,sub23,126,ling_word_target,0.032101534589587366
3527,sub23,127,ling_word_target,0.009149141467706559
3528,sub23,128,ling_word_target,0.023900741129419843
3529,sub23,129,ling_word_target,0.012115437458188426
3530,sub23,130,ling_word_target,0.004444048080523765
3531,sub23,131,ling_word_target,-0.037214425862468405
3532,sub23,132,ling_word_target,0.014558128189873962
3533,sub23,133,ling_word_target,-0.023982891970120702
3534,sub23,134,ling_word_target,-0.004093639303373848
3535,sub23,135,ling_word_target,0.0026612133834018553
3536,sub23,136,ling_word_target,-0.0148853663259204
3537,sub23,137,ling_word_target,0.02456157208455095
3538,sub23,138,ling_word_target,-0.020649493220455475
3539,sub23,139,ling_word_target,0.03956736562139847
3540,sub23,140,ling_word_target,0.005524371689514491
3541,sub23,141,ling_word_target,0.03298051464574484
3542,sub23,142,ling_word_target,0.014787146548050585
3543,sub23,143,ling_word_target,-0.011555802856632257
3544,sub23,144,ling_word_target,-0.024643075732644314
3545,sub23,145,ling_word_target,0.00011879637340483791
3546,sub23,146,ling_word_target,-0.013317973209911274
3547,sub23,147,ling_word_target,0.021513775909560363
3548,sub23,148,ling_word_target,-0.016937897795602567
3549,sub23,149,ling_word_target,-0.03648692067047923
3550,sub23,150,ling_word_target,0.009285783276295098
3551,sub23,151,ling_word_target,0.025748366153519532
3552,sub23,152,ling_word_target,0.010233694192926399
3553,sub23,153,ling_word_target,0.019708502033230112
3554,sub23,154,ling_word_target,-0.0035334764552558376
3555,sub23,155,ling_word_target,-0.005976281207716618
3556,sub23,156,ling_word_target,0.024485387835040156
3557,sub23,157,ling_word_target,0.015281577893763344
3558,sub23,158,ling_word_target,0.012719394525123997
3559,sub23,159,ling_word_target,-0.04032395146536934
3560,sub23,160,ling_word_target,0.01133599274033368
3561,sub23,161,ling_word_target,0.037749792757811096
3562,sub23,162,ling_word_target,-0.0034799676209637588
3563,sub23,163,ling_word_target,0.011257266677199791
3564,sub23,164,ling_word_target,-0.019692422350388046
3565,sub23,165,ling_word_target,0.0068187536112153035
3566,sub23,166,ling_word_target,-0.038128303832768294
3567,sub23,167,ling_word_target,-0.025617360076586295
3568,sub23,168,ling_word_target,0.016813471742819337
3569,sub23,169,ling_word_target,0.004204531997400105
3570,sub23,170,ling_word_target,0.012953024023036113
3571,sub23,171,ling_word_target,-0.007682869607706637
3572,sub23,172,ling_word_target,0.01983461920997128
3573,sub23,173,ling_word_target,0.011990147842335843
3574,sub23,174,ling_word_target,-0.0007789463379454076
3575,sub23,175,ling_word_target,-0.015909631001744057
3576,sub23,176,ling_word_target,0.011721938717976289
3577,sub23,177,ling_word_target,-0.0005506193834130221
3578,sub23,178,ling_word_target,-0.014947226008461444
3579,sub23,179,ling_word_target,-0.034624516419922854
3580,sub23,180,ling_word_target,0.01710100945908215
3581,sub23,181,ling_word_target,0.021232110818007008
3582,sub23,182,ling_word_target,0.03136621217305247
3583,sub23,183,ling_word_target,0.009539308440649976
3584,sub23,184,ling_word_target,-0.013805024920314806
3585,sub23,185,ling_word_target,0.013368381804422498
3586,sub23,186,ling_word_target,-0.017481810343542223
3587,sub23,187,ling_word_target,0.018409866910166862
3588,sub23,188,ling_word_target,0.03733709083411878
3589,sub23,189,ling_word_target,0.034846799459838845
3590,sub23,190,ling_word_target,-0.015058927554501278
3591,sub23,191,ling_word_target,-0.00040045884562749107
3592,sub23,192,ling_word_target,-0.011398928276017909
3593,sub23,193,ling_word_target,-0.027175568125360594
3594,sub23,194,ling_word_target,0.009133696254705729
3595,sub23,195,ling_word_target,0.007766676492618717
3596,sub23,196,ling_word_target,-0.015918103779332497
3597,sub23,197,ling_word_target,-0.00573515094219483
3598,sub23,198,ling_word_target,0.0111170573446108
3599,sub23,199,ling_word_target,-0.011364087009365673
3600,sub25,0,ling_word_target,0.0021973033695977875
3601,sub25,1,ling_word_target,0.02056463284851841
3602,sub25,2,ling_word_target,-0.006463892505287541
3603,sub25,3,ling_word_target,-0.005290743838071351
3604,sub25,4,ling_word_target,0.0033201833738647868
3605,sub25,5,ling_word_target,-0.0024959305811499475
3606,sub25,6,ling_word_target,-0.0053022318753085905
3607,sub25,7,ling_word_target,-0.011685853215921551
3608,sub25,8,ling_word_target,0.0013922509771664802
3609,sub25,9,ling_word_target,0.010434532522093145
3610,sub25,10,ling_word_target,-5.475845998849564e-05
3611,sub25,11,ling_word_target,-0.0032194007265813314
3612,sub25,12,ling_word_target,-0.009385898745765989
3613,sub25,13,ling_word_target,0.003498335870102912
3614,sub25,14,ling_word_target,0.024761212662280416
3615,sub25,15,ling_word_target,0.003507776405213724
3616,sub25,16,ling_word_target,0.008517484512450059
3617,sub25,17,ling_word_target,-0.00037382838330608065
3618,sub25,18,ling_word_target,-0.017840577937654093
3619,sub25,19,ling_word_target,-0.018601145464838365
3620,sub25,20,ling_word_target,-0.0067070481842198635
3621,sub25,21,ling_word_target,-0.018005571877496348
3622,sub25,22,ling_word_target,-0.025006660556448308
3623,sub25,23,ling_word_target,0.02303648371679188
3624,sub25,24,ling_word_target,-0.003943458760214306
3625,sub25,25,ling_word_target,-0.01474037664757073
3626,sub25,26,ling_word_target,-0.0038142661381596484
3627,sub25,27,ling_word_target,-0.0061999519358526675
3628,sub25,28,ling_word_target,0.01133956677030329
3629,sub25,29,ling_word_target,0.013121570762745489
3630,sub25,30,ling_word_target,0.009671814159656612
3631,sub25,31,ling_word_target,-0.020694590140075478
3632,sub25,32,ling_word_target,0.0008459103920658156
3633,sub25,33,ling_word_target,0.013543901951746722
3634,sub25,34,ling_word_target,-0.007291166488519733
3635,sub25,35,ling_word_target,0.011530914041816146
3636,sub25,36,ling_word_target,0.014117797744253688
3637,sub25,37,ling_word_target,-0.0014456568843871193
3638,sub25,38,ling_word_target,0.010773062915153488
3639,sub25,39,ling_word_target,0.018086955920080736
3640,sub25,40,ling_word_target,0.009804999325498344
3641,sub25,41,ling_word_target,-0.004946552299053279
3642,sub25,42,ling_word_target,0.006126281705083653
3643,sub25,43,ling_word_target,-0.028218306594923494
3644,sub25,44,ling_word_target,0.008390641383063875
3645,sub25,45,ling_word_target,0.013716747521750521
3646,sub25,46,ling_word_target,0.0015762267220100772
3647,sub25,47,ling_word_target,-0.0036561275871692827
3648,sub25,48,ling_word_target,0.006559878040728194
3649,sub25,49,ling_word_target,-0.009997152122962184
3650,sub25,50,ling_word_target,0.014915805091692675
3651,sub25,51,ling_word_target,0.008748742657540677
3652,sub25,52,ling_word_target,-0.009437859372457927
3653,sub25,53,ling_word_target,-0.01428908949335754
3654,sub25,54,ling_word_target,-0.018310383629431822
3655,sub25,55,ling_word_target,0.019946326755960864
3656,sub25,56,ling_word_target,0.005674502032876815
3657,sub25,57,ling_word_target,0.023275301008081863
3658,sub25,58,ling_word_target,0.0060819548722054
3659,sub25,59,ling_word_target,-0.01979593241288106
3660,sub25,60,ling_word_target,-0.0013886395983385236
3661,sub25,61,ling_word_target,-0.003524625590769874
3662,sub25,62,ling_word_target,0.004955453338010915
3663,sub25,63,ling_word_target,0.0012373259329855695
3664,sub25,64,ling_word_target,0.00828506178697211
3665,sub25,65,ling_word_target,-0.016892904839616165
3666,sub25,66,ling_word_target,-0.021266195492565542
3667,sub25,67,ling_word_target,0.002103011003332703
3668,sub25,68,ling_word_target,0.0022499343370811897
3669,sub25,69,ling_word_target,-0.006530226574583518
3670,sub25,70,ling_word_target,-0.004275852687692224
3671,sub25,71,ling_word_target,0.001985136029932426
3672,sub25,72,ling_word_target,0.012912660773168612
3673,sub25,73,ling_word_target,0.000919608495220421
3674,sub25,74,ling_word_target,0.009105676727034839
3675,sub25,75,ling_word_target,-0.0036971589032590946
3676,sub25,76,ling_word_target,0.002249108167399522
3677,sub25,77,ling_word_target,-0.0021914809079289013
3678,sub25,78,ling_word_target,0.028888220048817907
3679,sub25,79,ling_word_target,-0.03039990066358296
3680,sub25,80,ling_word_target,0.002425888744500168
3681,sub25,81,ling_word_target,-0.02798271599294951
3682,sub25,82,ling_word_target,-0.008221930838254574
3683,sub25,83,ling_word_target,-0.012886193061739175
3684,sub25,84,ling_word_target,0.0032257340072982805
3685,sub25,85,ling_word_target,0.000526969924151966
3686,sub25,86,ling_word_target,-0.024883622640950523
3687,sub25,87,ling_word_target,-0.01086202547092706
3688,sub25,88,ling_word_target,0.025693571827641353
3689,sub25,89,ling_word_target,-0.03524166227499667
3690,sub25,90,ling_word_target,0.020186167551235326
3691,sub25,91,ling_word_target,0.010645333725193466
3692,sub25,92,ling_word_target,0.025773560557994353
3693,sub25,93,ling_word_target,-0.0048920681948252396
3694,sub25,94,ling_word_target,0.016390369564197912
3695,sub25,95,ling_word_target,0.0096902094297799
3696,sub25,96,ling_word_target,-0.009881447614522556
3697,sub25,97,ling_word_target,0.010235284203203977
3698,sub25,98,ling_word_target,0.004669452084099377
3699,sub25,99,ling_word_target,-0.0009260975514990149
3700,sub25,100,ling_word_target,0.003949874967337945
3701,sub25,101,ling_word_target,-0.012759336962020711
3702,sub25,102,ling_word_target,0.004397048168643159
3703,sub25,103,ling_word_target,-0.04232245588102185
3704,sub25,104,ling_word_target,0.0041633745198395656
3705,sub25,105,ling_word_target,0.014500919225981375
3706,sub25,106,ling_word_target,0.002748017876865368
3707,sub25,107,ling_word_target,-0.013409393642157605
3708,sub25,108,ling_word_target,-0.01940202948841687
3709,sub25,109,ling_word_target,0.013783346643277985
3710,sub25,110,ling_word_target,0.019869121066178715
3711,sub25,111,ling_word_target,0.007011152117714348
3712,sub25,112,ling_word_target,-0.004857833470556674
3713,sub25,113,ling_word_target,-0.0015606945467466424
3714,sub25,114,ling_word_target,-0.005823360987360119
3715,sub25,115,ling_word_target,0.013787397887361495
3716,sub25,116,ling_word_target,-0.00325329580638089
3717,sub25,117,ling_word_target,-0.00806269168067772
3718,sub25,118,ling_word_target,-0.008552742450671579
3719,sub25,119,ling_word_target,-0.002013629060869556
3720,sub25,120,ling_word_target,-0.0014577236529271654
3721,sub25,121,ling_word_target,0.014090045133111169
3722,sub25,122,ling_word_target,0.010209583384055324
3723,sub25,123,ling_word_target,0.007992357839724682
3724,sub25,124,ling_word_target,-0.005815312935911592
3725,sub25,125,ling_word_target,0.024666157761218343
3726,sub25,126,ling_word_target,-0.020110842824818873
3727,sub25,127,ling_word_target,0.026414640196046182
3728,sub25,128,ling_word_target,-0.00828147672563369
3729,sub25,129,ling_word_target,0.0030590616927324604
3730,sub25,130,ling_word_target,0.007896672760411866
3731,sub25,131,ling_word_target,-0.025617895677860533
3732,sub25,132,ling_word_target,0.0032993103353666344
3733,sub25,133,ling_word_target,-0.002481129387094919
3734,sub25,134,ling_word_target,0.001128093731870381
3735,sub25,135,ling_word_target,-0.015511900632527179
3736,sub25,136,ling_word_target,-0.0016630736003030674
3737,sub25,137,ling_word_target,0.012757586970926986
3738,sub25,138,ling_word_target,-0.006005925243786868
3739,sub25,139,ling_word_target,-0.01079359073194776
3740,sub25,140,ling_word_target,0.018241561201245652
3741,sub25,141,ling_word_target,0.022531170062900185
3742,sub25,142,ling_word_target,-0.012919443182104367
3743,sub25,143,ling_word_target,-0.010058140939459866
3744,sub25,144,ling_word_target,-0.0007217666276712038
3745,sub25,145,ling_word_target,0.00035590017984249
3746,sub25,146,ling_word_target,0.007501110494893097
3747,sub25,147,ling_word_target,-0.01679969948542146
3748,sub25,148,ling_word_target,0.006114914821010962
3749,sub25,149,ling_word_target,0.0013586869480536092
3750,sub25,150,ling_word_target,0.011390141553475142
3751,sub25,151,ling_word_target,0.00879151118317624
3752,sub25,152,ling_word_target,0.003992820510478343
3753,sub25,153,ling_word_target,0.001612668455649504
3754,sub25,154,ling_word_target,0.015774255399211533
3755,sub25,155,ling_word_target,0.00665421097522252
3756,sub25,156,ling_word_target,0.02236669211133425
3757,sub25,157,ling_word_target,0.022138479705721876
3758,sub25,158,ling_word_target,0.0005992718854089266
3759,sub25,159,ling_word_target,0.004248299657244894
3760,sub25,160,ling_word_target,-0.001202619724587412
3761,sub25,161,ling_word_target,0.01249869674576211
3762,sub25,162,ling_word_target,-0.006633327026392631
3763,sub25,163,ling_word_target,-0.014760917146913091
3764,sub25,164,ling_word_target,0.009033760672370487
3765,sub25,165,ling_word_target,0.009157211582801542
3766,sub25,166,ling_word_target,-0.013161683272672009
3767,sub25,167,ling_word_target,0.006249681129042003
3768,sub25,168,ling_word_target,0.0006385687059144184
3769,sub25,169,ling_word_target,-0.004335921729082278
3770,sub25,170,ling_word_target,-0.03241962131332771
3771,sub25,171,ling_word_target,-0.02232961940594907
3772,sub25,172,ling_word_target,-0.015004524088799286
3773,sub25,173,ling_word_target,-0.002398343968347561
3774,sub25,174,ling_word_target,0.007995360960172676
3775,sub25,175,ling_word_target,-0.02175164479346049
3776,sub25,176,ling_word_target,0.0072333028608571465
3777,sub25,177,ling_word_target,0.015046453766606826
3778,sub25,178,ling_word_target,-0.01364868825728638
3779,sub25,179,ling_word_target,-0.002382703539882302
3780,sub25,180,ling_word_target,-0.00861550903733363
3781,sub25,181,ling_word_target,0.005751485847140493
3782,sub25,182,ling_word_target,-0.016442931513951996
3783,sub25,183,ling_word_target,0.017280444651085587
3784,sub25,184,ling_word_target,-0.006649765811862657
3785,sub25,185,ling_word_target,0.0006523049069944734
3786,sub25,186,ling_word_target,0.00557913912667755
3787,sub25,187,ling_word_target,-0.003347692957089065
3788,sub25,188,ling_word_target,-0.0013911897366702198
3789,sub25,189,ling_word_target,0.0006833060896629864
3790,sub25,190,ling_word_target,0.0029128915109254976
3791,sub25,191,ling_word_target,-0.003878452165409343
3792,sub25,192,ling_word_target,0.032134804286583364
3793,sub25,193,ling_word_target,-0.019863148720034092
3794,sub25,194,ling_word_target,0.0029859268898248443
3795,sub25,195,ling_word_target,-0.02215878172538526
3796,sub25,196,ling_word_target,-0.020810974968346416
3797,sub25,197,ling_word_target,-0.0038720977020300844
3798,sub25,198,ling_word_target,0.0003751872361924074
3799,sub25,199,ling_word_target,0.01382546317018926
3800,sub26,0,ling_word_target,-0.009849249710009271
3801,sub26,1,ling_word_target,-0.021019192112637638
3802,sub26,2,ling_word_target,-0.002557034572569511
3803,sub26,3,ling_word_target,-0.0002020874604489233
3804,sub26,4,ling_word_target,0.005074190969054668
3805,sub26,5,ling_word_target,-0.028459960802026073
3806,sub26,6,ling_word_target,0.017989585522395036
3807,sub26,7,ling_word_target,0.00024132461162001086
3808,sub26,8,ling_word_target,0.02025635148227462
3809,sub26,9,ling_word_target,-0.005844481610806336
3810,sub26,10,ling_word_target,0.00867793468962392
3811,sub26,11,ling_word_target,0.016149599229195757
3812,sub26,12,ling_word_target,0.004285052265585773
3813,sub26,13,ling_word_target,0.0016129411915611323
3814,sub26,14,ling_word_target,3.91243110425115e-06
3815,sub26,15,ling_word_target,0.02024423085912382
3816,sub26,16,ling_word_target,0.015171919272637701
3817,sub26,17,ling_word_target,-0.002743875548390388
3818,sub26,18,ling_word_target,0.0016510387526904118
3819,sub26,19,ling_word_target,0.00472864835316009
3820,sub26,20,ling_word_target,0.016763281986979593
3821,sub26,21,ling_word_target,0.024920289671457752
3822,sub26,22,ling_word_target,0.002630922789724932
3823,sub26,23,ling_word_target,0.005620853019142418
3824,sub26,24,ling_word_target,-0.018811158735231193
3825,sub26,25,ling_word_target,-0.011501802789971042
3826,sub26,26,ling_word_target,0.0020620014702752436
3827,sub26,27,ling_word_target,-0.00667290715204791
3828,sub26,28,ling_word_target,0.022082882986474706
3829,sub26,29,ling_word_target,0.04060824998296237
3830,sub26,30,ling_word_target,-0.0033975429306329075
3831,sub26,31,ling_word_target,0.00106619651556352
3832,sub26,32,ling_word_target,0.00907035574424139
3833,sub26,33,ling_word_target,-0.015871932060092825
3834,sub26,34,ling_word_target,-0.004094576943098001
3835,sub26,35,ling_word_target,-9.171321844111552e-05
3836,sub26,36,ling_word_target,-0.001008218961094126
3837,sub26,37,ling_word_target,-0.006050483628323556
3838,sub26,38,ling_word_target,-0.037639629687545625
3839,sub26,39,ling_word_target,-0.009787135870414148
3840,sub26,40,ling_word_target,-0.015028367617623514
3841,sub26,41,ling_word_target,-0.010624129067239007
3842,sub26,42,ling_word_target,-0.00030439744566440304
3843,sub26,43,ling_word_target,0.010087546430912126
3844,sub26,44,ling_word_target,0.011387358706853246
3845,sub26,45,ling_word_target,0.0014497250231323192
3846,sub26,46,ling_word_target,0.019683897422777725
3847,sub26,47,ling_word_target,-0.005705389913110431
3848,sub26,48,ling_word_target,0.00516601241188271
3849,sub26,49,ling_word_target,-0.004980498579426467
3850,sub26,50,ling_word_target,0.0018342334515818628
3851,sub26,51,ling_word_target,-0.004937765428816319
3852,sub26,52,ling_word_target,0.017073584900090512
3853,sub26,53,ling_word_target,-0.005359752897217161
3854,sub26,54,ling_word_target,-0.015063018647840678
3855,sub26,55,ling_word_target,0.0048898607243264116
3856,sub26,56,ling_word_target,-0.011119966911258354
3857,sub26,57,ling_word_target,-0.006038058489903708
3858,sub26,58,ling_word_target,-0.004750390055985543
3859,sub26,59,ling_word_target,0.0020921250401637437
3860,sub26,60,ling_word_target,-0.003979678041311146
3861,sub26,61,ling_word_target,0.027579451849135225
3862,sub26,62,ling_word_target,0.014365573169111108
3863,sub26,63,ling_word_target,-0.0037829300522008087
3864,sub26,64,ling_word_target,0.011876694115857931
3865,sub26,65,ling_word_target,-0.012378564051741488
3866,sub26,66,ling_word_target,0.009911077383426295
3867,sub26,67,ling_word_target,0.001989006533424233
3868,sub26,68,ling_word_target,-0.03468683920066432
3869,sub26,69,ling_word_target,0.023530746277624193
3870,sub26,70,ling_word_target,0.008723789796906403
3871,sub26,71,ling_word_target,-0.012931798261309338
3872,sub26,72,ling_word_target,0.008329432922348006
3873,sub26,73,ling_word_target,-0.009868000000178788
3874,sub26,74,ling_word_target,-0.016028108228343933
3875,sub26,75,ling_word_target,0.018721468641943018
3876,sub26,76,ling_word_target,-0.0010630806625183636
3877,sub26,77,ling_word_target,0.020503620187897576
3878,sub26,78,ling_word_target,0.0386260673136811
3879,sub26,79,ling_word_target,0.011901574864000217
3880,sub26,80,ling_word_target,0.003571355326416459
3881,sub26,81,ling_word_target,0.01714676224406834
3882,sub26,82,ling_word_target,-0.020473205923554193
3883,sub26,83,ling_word_target,0.003253966866970175
3884,sub26,84,ling_word_target,0.03026105402199952
3885,sub26,85,ling_word_target,-0.0010158086485596279
3886,sub26,86,ling_word_target,-0.02031414910736297
3887,sub26,87,ling_word_target,-0.006287534595133976
3888,sub26,88,ling_word_target,-0.0067638042772006635
3889,sub26,89,ling_word_target,0.002837721341119084
3890,sub26,90,ling_word_target,0.02434109016336655
3891,sub26,91,ling_word_target,-0.0012644054620963862
3892,sub26,92,ling_word_target,-0.021627997084631277
3893,sub26,93,ling_word_target,-0.0005131301088232291
3894,sub26,94,ling_word_target,0.0008046281280258463
3895,sub26,95,ling_word_target,0.0033492381319615797
3896,sub26,96,ling_word_target,-0.002153515436454841
3897,sub26,97,ling_word_target,0.014538128521531225
3898,sub26,98,ling_word_target,-0.005975129553435308
3899,sub26,99,ling_word_target,-0.005177336670019767
3900,sub26,100,ling_word_target,-0.01733972990714167
3901,sub26,101,ling_word_target,-0.007162759404169146
3902,sub26,102,ling_word_target,0.0032378859750980082
3903,sub26,103,ling_word_target,-0.015608364939823068
3904,sub26,104,ling_word_target,0.015346612655403257
3905,sub26,105,ling_word_target,0.013076585820086197
3906,sub26,106,ling_word_target,-0.014753299050427325
3907,sub26,107,ling_word_target,0.03142317809506382
3908,sub26,108,ling_word_target,-0.0008743894297258086
3909,sub26,109,ling_word_target,-0.004058330257207967
3910,sub26,110,ling_word_target,0.017693417780485176
3911,sub26,111,ling_word_target,-0.0043210521588157216
3912,sub26,112,ling_word_target,0.0015772538447855868
3913,sub26,113,ling_word_target,0.007557245564434629
3914,sub26,114,ling_word_target,-0.023365604474637987
3915,sub26,115,ling_word_target,-0.012734733357583074
3916,sub26,116,ling_word_target,0.007911962146777363
3917,sub26,117,ling_word_target,-0.005818015567524815
3918,sub26,118,ling_word_target,0.01637208202086262
3919,sub26,119,ling_word_target,0.005259721261656222
3920,sub26,120,ling_word_target,-0.024292116268954302
3921,sub26,121,ling_word_target,0.006483529074363214
3922,sub26,122,ling_word_target,-0.013235846466594998
3923,sub26,123,ling_word_target,0.013114170653692548
3924,sub26,124,ling_word_target,-0.025391547220606863
3925,sub26,125,ling_word_target,0.02603252925218274
3926,sub26,126,ling_word_target,0.034900958145675856
3927,sub26,127,ling_word_target,-0.028530060972558995
3928,sub26,128,ling_word_target,0.00014091472933371748
3929,sub26,129,ling_word_target,0.004583445136470331
3930,sub26,130,ling_word_target,-0.0009856406298511873
3931,sub26,131,ling_word_target,-0.005400378591372651
3932,sub26,132,ling_word_target,-0.02638480215111345
3933,sub26,133,ling_word_target,-0.022303331511162566
3934,sub26,134,ling_word_target,0.02017850483070946
3935,sub26,135,ling_word_target,0.017702654032533318
3936,sub26,136,ling_word_target,0.017098608605599374
3937,sub26,137,ling_word_target,-0.0050392363860923325
3938,sub26,138,ling_word_target,-0.008712209817094063
3939,sub26,139,ling_word_target,0.004302564931542426
3940,sub26,140,ling_word_target,0.007277251545002228
3941,sub26,141,ling_word_target,0.023559541902186436
3942,sub26,142,ling_word_target,0.013788340112462206
3943,sub26,143,ling_word_target,0.035778425484195533
3944,sub26,144,ling_word_target,-0.006600489039955017
3945,sub26,145,ling_word_target,-0.011141942944596668
3946,sub26,146,ling_word_target,-0.007778446879598658
3947,sub26,147,ling_word_target,0.011815528678904962
3948,sub26,148,ling_word_target,-0.009222983214307152
3949,sub26,149,ling_word_target,0.004703904424373797
3950,sub26,150,ling_word_target,0.02353455028486066
3951,sub26,151,ling_word_target,0.0019069053175957088
3952,sub26,152,ling_word_target,-0.014148245771728324
3953,sub26,153,ling_word_target,0.007918569588884355
3954,sub26,154,ling_word_target,0.006075663502811731
3955,sub26,155,ling_word_target,0.002422340528592112
3956,sub26,156,ling_word_target,0.004437101516582965
3957,sub26,157,ling_word_target,-0.00041744291170018585
3958,sub26,158,ling_word_target,0.01768356746717669
3959,sub26,159,ling_word_target,-0.021232081979138517
3960,sub26,160,ling_word_target,0.013022413972719004
3961,sub26,161,ling_word_target,0.018188158964193447
3962,sub26,162,ling_word_target,0.004901906565460106
3963,sub26,163,ling_word_target,0.003816373769788344
3964,sub26,164,ling_word_target,-0.020257958257354318
3965,sub26,165,ling_word_target,-0.014059383971161524
3966,sub26,166,ling_word_target,0.009475932149268606
3967,sub26,167,ling_word_target,0.015128660488901383
3968,sub26,168,ling_word_target,-0.014288948231437443
3969,sub26,169,ling_word_target,0.009768629425450006
3970,sub26,170,ling_word_target,-0.002898129393103428
3971,sub26,171,ling_word_target,0.006646987340676495
3972,sub26,172,ling_word_target,-0.004557053626715008
3973,sub26,173,ling_word_target,0.00290841432776202
3974,sub26,174,ling_word_target,-0.03737662740072439
3975,sub26,175,ling_word_target,-0.005554070714489321
3976,sub26,176,ling_word_target,0.005489077197170378
3977,sub26,177,ling_word_target,0.008039863325084376
3978,sub26,178,ling_word_target,-0.008586519428933096
3979,sub26,179,ling_word_target,0.02973278023103641
3980,sub26,180,ling_word_target,-0.02985328453071196
3981,sub26,181,ling_word_target,-0.024130084640009396
3982,sub26,182,ling_word_target,0.018429049296575097
3983,sub26,183,ling_word_target,-0.0008688470947394721
3984,sub26,184,ling_word_target,0.005282764140383668
3985,sub26,185,ling_word_target,-0.011436855723322738
3986,sub26,186,ling_word_target,-0.014940401636638108
3987,sub26,187,ling_word_target,-0.009076287419281166
3988,sub26,188,ling_word_target,0.022455651306297682
3989,sub26,189,ling_word_target,0.027396600732157834
3990,sub26,190,ling_word_target,-0.012110060017270467
3991,sub26,191,ling_word_target,0.012499512442379936
3992,sub26,192,ling_word_target,-0.010960422326772525
3993,sub26,193,ling_word_target,-0.012495472251851977
3994,sub26,194,ling_word_target,-0.013287862353253061
3995,sub26,195,ling_word_target,-0.0024221956282653116
3996,sub26,196,ling_word_target,-0.0015301324171446314
3997,sub26,197,ling_word_target,-0.004408471399500351
3998,sub26,198,ling_word_target,-0.002263116141897649
3999,sub26,199,ling_word_target,0.0036123615033384865
4000,sub27,0,ling_word_target,-0.007570232493532662
4001,sub27,1,ling_word_target,-0.013429543733327182
4002,sub27,2,ling_word_target,0.013270754230543965
4003,sub27,3,ling_word_target,-0.013450578085667433
4004,sub27,4,ling_word_target,0.009448148965397663
4005,sub27,5,ling_word_target,-0.0019913705666624736
4006,sub27,6,ling_word_target,0.007047779862084101
4007,sub27,7,ling_word_target,0.0037492757779817062
4008,sub27,8,ling_word_target,-0.007400024619686761
4009,sub27,9,ling_word_target,0.006699543842751001
4010,sub27,10,ling_word_target,-0.013853892455079174
4011,sub27,11,ling_word_target,0.003836067801303749
4012,sub27,12,ling_word_target,0.0024278346280203933
4013,sub27,13,ling_word_target,0.020084280794257597
4014,sub27,14,ling_word_target,0.012060383684233742
4015,sub27,15,ling_word_target,0.006198065381690883
4016,sub27,16,ling_word_target,0.00581227672273936
4017,sub27,17,ling_word_target,0.0038859988926097113
4018,sub27,18,ling_word_target,-0.006523451586473759
4019,sub27,19,ling_word_target,0.010314021815516987
4020,sub27,20,ling_word_target,0.013208598863985765
4021,sub27,21,ling_word_target,0.007393783914920401
4022,sub27,22,ling_word_target,0.007575879305097346
4023,sub27,23,ling_word_target,0.0142365183158962
4024,sub27,24,ling_word_target,-0.009515462572129074
4025,sub27,25,ling_word_target,-0.010588254114787286
4026,sub27,26,ling_word_target,-0.033073149179249785
4027,sub27,27,ling_word_target,0.010872358485084298
4028,sub27,28,ling_word_target,0.00564946200398645
4029,sub27,29,ling_word_target,0.003489812954798203
4030,sub27,30,ling_word_target,0.022902265688363472
4031,sub27,31,ling_word_target,-0.006551555203161164
4032,sub27,32,ling_word_target,0.017737422462872313
4033,sub27,33,ling_word_target,0.012760881626553965
4034,sub27,34,ling_word_target,-0.008779019699949544
4035,sub27,35,ling_word_target,-0.005235744400378139
4036,sub27,36,ling_word_target,0.017170531024418602
4037,sub27,37,ling_word_target,-0.007873310788914057
4038,sub27,38,ling_word_target,-0.0008341933461480104
4039,sub27,39,ling_word_target,0.023643587878249505
4040,sub27,40,ling_word_target,0.014587323680434864
4041,sub27,41,ling_word_target,0.012768980643606912
4042,sub27,42,ling_word_target,0.013030195908858242
4043,sub27,43,ling_word_target,-0.009037938784453792
4044,sub27,44,ling_word_target,0.012303668065224937
4045,sub27,45,ling_word_target,-0.001477620255637396
4046,sub27,46,ling_word_target,-0.033341172728193556
4047,sub27,47,ling_word_target,0.019804586353636834
4048,sub27,48,ling_word_target,0.007864959544355775
4049,sub27,49,ling_word_target,0.0005614025614874041
4050,sub27,50,ling_word_target,0.0071606196349598365
4051,sub27,51,ling_word_target,0.008821488852346052
4052,sub27,52,ling_word_target,0.008047301400342237
4053,sub27,53,ling_word_target,0.006960982907203969
4054,sub27,54,ling_word_target,0.008440712153244713
4055,sub27,55,ling_word_target,-0.039126134857917744
4056,sub27,56,ling_word_target,0.013155128736535144
4057,sub27,57,ling_word_target,0.0009077083637189912
4058,sub27,58,ling_word_target,0.009653403200568062
4059,sub27,59,ling_word_target,-0.009527631320422886
4060,sub27,60,ling_word_target,-0.014770270245527475
4061,sub27,61,ling_word_target,-0.0029640849121574894
4062,sub27,62,ling_word_target,0.005040883883264783
4063,sub27,63,ling_word_target,0.01743325578491398
4064,sub27,64,ling_word_target,0.007001064608290844
4065,sub27,65,ling_word_target,0.004869309020978009
4066,sub27,66,ling_word_target,0.008909872998494361
4067,sub27,67,ling_word_target,-0.014162913836024003
4068,sub27,68,ling_word_target,0.016839869091148957
4069,sub27,69,ling_word_target,-0.021427034157906845
4070,sub27,70,ling_word_target,0.03220940972785523
4071,sub27,71,ling_word_target,0.0023629843541391696
4072,sub27,72,ling_word_target,0.011282078292625126
4073,sub27,73,ling_word_target,0.0028017123565678547
4074,sub27,74,ling_word_target,0.00536952516881832
4075,sub27,75,ling_word_target,-0.005108636401956597
4076,sub27,76,ling_word_target,-0.0003237019569263283
4077,sub27,77,ling_word_target,0.04118571794283622
4078,sub27,78,ling_word_target,-0.016046445987076
4079,sub27,79,ling_word_target,0.004058065082775415
4080,sub27,80,ling_word_target,-0.004583137516596217
4081,sub27,81,ling_word_target,0.00995417890188112
4082,sub27,82,ling_word_target,0.014363240157140817
4083,sub27,83,ling_word_target,0.00932359117936705
4084,sub27,84,ling_word_target,-0.006904977242284491
4085,sub27,85,ling_word_target,0.037571124851286435
4086,sub27,86,ling_word_target,-0.00040229655585841524
4087,sub27,87,ling_word_target,-0.021016683723073786
4088,sub27,88,ling_word_target,-0.0006713709970005219
4089,sub27,89,ling_word_target,-0.004553058801400906
4090,sub27,90,ling_word_target,0.032964521421038395
4091,sub27,91,ling_word_target,0.03059399200906035
4092,sub27,92,ling_word_target,0.018543828136725077
4093,sub27,93,ling_word_target,-0.012700570124206684
4094,sub27,94,ling_word_target,0.005621308084218855
4095,sub27,95,ling_word_target,0.0002968915114429889
4096,sub27,96,ling_word_target,0.01576532664685421
4097,sub27,97,ling_word_target,-0.009712907739273082
4098,sub27,98,ling_word_target,0.0021469353202925355
4099,sub27,99,ling_word_target,0.007857159907852058
4100,sub27,100,ling_word_target,-0.01444652246976256
4101,sub27,101,ling_word_target,-0.010471755590145576
4102,sub27,102,ling_word_target,-0.02782798355034001
4103,sub27,103,ling_word_target,-0.015035583763611988
4104,sub27,104,ling_word_target,0.0014422352873729876
4105,sub27,105,ling_word_target,0.006244304950380269
4106,sub27,106,ling_word_target,0.022959690450912642
4107,sub27,107,ling_word_target,0.005208683990514204
4108,sub27,108,ling_word_target,0.0054034364601131275
4109,sub27,109,ling_word_target,0.002331505113284508
4110,sub27,110,ling_word_target,-0.010378827220466775
4111,sub27,111,ling_word_target,0.004940128287535487
4112,sub27,112,ling_word_target,0.0009903976280534062
4113,sub27,113,ling_word_target,-0.016156750582327514
4114,sub27,114,ling_word_target,-0.007281231398871785
4115,sub27,115,ling_word_target,0.003066863607927198
4116,sub27,116,ling_word_target,0.012154985471721167
4117,sub27,117,ling_word_target,0.011742813867888427
4118,sub27,118,ling_word_target,0.006454070579486454
4119,sub27,119,ling_word_target,-0.01995008065565577
4120,sub27,120,ling_word_target,0.007513193438294715
4121,sub27,121,ling_word_target,-0.0119824339169142
4122,sub27,122,ling_word_target,-0.003473379591014836
4123,sub27,123,ling_word_target,0.014549956919881752
4124,sub27,124,ling_word_target,0.0374263271661129
4125,sub27,125,ling_word_target,0.02595831646562679
4126,sub27,126,ling_word_target,0.0028499076703316097
4127,sub27,127,ling_word_target,-0.006070242148307997
4128,sub27,128,ling_word_target,-0.006725176036538103
4129,sub27,129,ling_word_target,-0.005664522317234055
4130,sub27,130,ling_word_target,-0.035744864095482366
4131,sub27,131,ling_word_target,-0.011733932464644187
4132,sub27,132,ling_word_target,-0.0031592703255510874
4133,sub27,133,ling_word_target,-0.0030615211641573095
4134,sub27,134,ling_word_target,0.009732466133905274
4135,sub27,135,ling_word_target,-0.005328268899543675
4136,sub27,136,ling_word_target,0.0007763777377440942
4137,sub27,137,ling_word_target,0.010595536061665732
4138,sub27,138,ling_word_target,0.011365159572007604
4139,sub27,139,ling_word_target,0.0016147380883262056
4140,sub27,140,ling_word_target,0.005358254190996901
4141,sub27,141,ling_word_target,0.01698598375169798
4142,sub27,142,ling_word_target,0.0007411302847062146
4143,sub27,143,ling_word_target,0.0036309259173735006
4144,sub27,144,ling_word_target,0.0022076645059092596
4145,sub27,145,ling_word_target,0.024675984039347877
4146,sub27,146,ling_word_target,0.0019320844107945676
4147,sub27,147,ling_word_target,-0.00036364370993479127
4148,sub27,148,ling_word_target,-0.009862271939233728
4149,sub27,149,ling_word_target,-0.03192119874663624
4150,sub27,150,ling_word_target,0.003479480845526903
4151,sub27,151,ling_word_target,0.012069228585340689
4152,sub27,152,ling_word_target,0.027439792494852008
4153,sub27,153,ling_word_target,-0.00011931833282925417
4154,sub27,154,ling_word_target,-0.017182463689463242
4155,sub27,155,ling_word_target,0.024150046438642443
4156,sub27,156,ling_word_target,0.01174024778556088
4157,sub27,157,ling_word_target,-0.008500613607759439
4158,sub27,158,ling_word_target,0.006518558835968132
4159,sub27,159,ling_word_target,-0.0017882858430773093
4160,sub27,160,ling_word_target,0.0164575400482116
4161,sub27,161,ling_word_target,-0.006575743779838019
4162,sub27,162,ling_word_target,-0.012771303093233247
4163,sub27,163,ling_word_target,-0.0077666495662212925
4164,sub27,164,ling_word_target,0.002840371552802539
4165,sub27,165,ling_word_target,0.010851722022606787
4166,sub27,166,ling_word_target,-0.007997769570131751
4167,sub27,167,ling_word_target,-0.009186005897098172
4168,sub27,168,ling_word_target,-0.006732415685971748
4169,sub27,169,ling_word_target,0.0018851279363599751
4170,sub27,170,ling_word_target,-0.01506759403490436
4171,sub27,171,ling_word_target,-0.011090669013065615
4172,sub27,172,ling_word_target,-0.00481522723654909
4173,sub27,173,ling_word_target,0.02624170055922189
4174,sub27,174,ling_word_target,-0.013955533055472058
4175,sub27,175,ling_word_target,-0.018262134075645323
4176,sub27,176,ling_word_target,0.009429792046485974
4177,sub27,177,ling_word_target,0.039536052603918986
4178,sub27,178,ling_word_target,0.00505032134520297
4179,sub27,179,ling_word_target,-0.00017514903043767388
4180,sub27,180,ling_word_target,-0.0007485298415054644
4181,sub27,181,ling_word_target,0.0045171220510234035
4182,sub27,182,ling_word_target,-0.03222751320213984
4183,sub27,183,ling_word_target,-0.012637520846772454
4184,sub27,184,ling_word_target,-0.027199323914643057
4185,sub27,185,ling_word_target,-0.030443282387866533
4186,sub27,186,ling_word_target,0.010165099612992133
4187,sub27,187,ling_word_target,0.017742328396431452
4188,sub27,188,ling_word_target,0.005357442833861675
4189,sub27,189,ling_word_target,0.010954889967433181
4190,sub27,190,ling_word_target,-0.01634628670929302
4191,sub27,191,ling_word_target,-0.013736752199849152
4192,sub27,192,ling_word_target,-0.00652518073759255
4193,sub27,193,ling_word_target,0.0002759839704314401
4194,sub27,194,ling_word_target,-0.009502522643656199
4195,sub27,195,ling_word_target,-0.03427681321356513
4196,sub27,196,ling_word_target,-0.00039526853354955767
4197,sub27,197,ling_word_target,-0.017016025708159344
4198,sub27,198,ling_word_target,-0.0006923343580992537
4199,sub27,199,ling_word_target,-0.00900431557545866
4200,sub28,0,ling_word_target,-0.005759899427658631
4201,sub28,1,ling_word_target,-0.014394574265361977
4202,sub28,2,ling_word_target,0.00878492351827781
4203,sub28,3,ling_word_target,0.025828752772173884
4204,sub28,4,ling_word_target,-0.012206415140125899
4205,sub28,5,ling_word_target,0.0005332480811101562
4206,sub28,6,ling_word_target,0.01086784592562147
4207,sub28,7,ling_word_target,0.0009319188088132422
4208,sub28,8,ling_word_target,0.005352701142079737
4209,sub28,9,ling_word_target,0.0026460988269570115
4210,sub28,10,ling_word_target,-0.018640049111175536
4211,sub28,11,ling_word_target,-0.0009243898862317124
4212,sub28,12,ling_word_target,-0.0019385637266600639
4213,sub28,13,ling_word_target,0.025828890197110384
4214,sub28,14,ling_word_target,0.026915785877298253
4215,sub28,15,ling_word_target,0.023941674525610166
4216,sub28,16,ling_word_target,0.040874419489682096
4217,sub28,17,ling_word_target,-0.02177007154452318
4218,sub28,18,ling_word_target,-0.01250834008816871
4219,sub28,19,ling_word_target,-0.07023115392658222
4220,sub28,20,ling_word_target,0.011940100196591459
4221,sub28,21,ling_word_target,0.0019770277255068106
4222,sub28,22,ling_word_target,-0.007935075603165047
4223,sub28,23,ling_word_target,0.023866501472684057
4224,sub28,24,ling_word_target,-0.028752397195232905
4225,sub28,25,ling_word_target,-0.0035661187387514763
4226,sub28,26,ling_word_target,0.04043459657032964
4227,sub28,27,ling_word_target,-0.014804484997699492
4228,sub28,28,ling_word_target,-0.04732112751257099
4229,sub28,29,ling_word_target,-0.008549598456378529
4230,sub28,30,ling_word_target,-0.021500297123598723
4231,sub28,31,ling_word_target,0.04012783353657529
4232,sub28,32,ling_word_target,0.012663799573289388
4233,sub28,33,ling_word_target,-0.0021157281268847543
4234,sub28,34,ling_word_target,0.01540493710773326
4235,sub28,35,ling_word_target,0.029383870818353832
4236,sub28,36,ling_word_target,0.0023835080448670787
4237,sub28,37,ling_word_target,0.03703359498468354
4238,sub28,38,ling_word_target,0.009248130030346101
4239,sub28,39,ling_word_target,-0.0071027678345531075
4240,sub28,40,ling_word_target,-0.01946911740457324
4241,sub28,41,ling_word_target,-0.022113326840378027
4242,sub28,42,ling_word_target,0.01248602392984129
4243,sub28,43,ling_word_target,-0.00047731498641185037
4244,sub28,44,ling_word_target,0.02481986256066283
4245,sub28,45,ling_word_target,0.02368178590466983
4246,sub28,46,ling_word_target,-0.00198641441946237
4247,sub28,47,ling_word_target,0.0052055150427557295
4248,sub28,48,ling_word_target,0.010777912301910357
4249,sub28,49,ling_word_target,-0.013395563904092012
4250,sub28,50,ling_word_target,-0.003244537111898906
4251,sub28,51,ling_word_target,-0.0004936983428342571
4252,sub28,52,ling_word_target,0.01884185778757048
4253,sub28,53,ling_word_target,0.015854345007187198
4254,sub28,54,ling_word_target,0.01902305209323954
4255,sub28,55,ling_word_target,-0.0018847650045445282
4256,sub28,56,ling_word_target,0.02128012983389637
4257,sub28,57,ling_word_target,0.006885852678855913
4258,sub28,58,ling_word_target,0.017604471231206262
4259,sub28,59,ling_word_target,0.020242433698403405
4260,sub28,60,ling_word_target,-0.01721298655198383
4261,sub28,61,ling_word_target,-0.0055429691479375225
4262,sub28,62,ling_word_target,0.011952522496630405
4263,sub28,63,ling_word_target,0.010312596468516805
4264,sub28,64,ling_word_target,0.015060461976704414
4265,sub28,65,ling_word_target,-0.031605831300405514
4266,sub28,66,ling_word_target,0.0010610599580334996
4267,sub28,67,ling_word_target,-0.014216698936132817
4268,sub28,68,ling_word_target,0.016587606798825975
4269,sub28,69,ling_word_target,0.03071495465966093
4270,sub28,70,ling_word_target,0.0015485802884270554
4271,sub28,71,ling_word_target,-0.00016247358926519756
4272,sub28,72,ling_word_target,-0.0016526191237903665
4273,sub28,73,ling_word_target,0.02937267887473566
4274,sub28,74,ling_word_target,0.003515050071895991
4275,sub28,75,ling_word_target,0.030269061881404276
4276,sub28,76,ling_word_target,-0.005845106103450754
4277,sub28,77,ling_word_target,0.0045737936144284235
4278,sub28,78,ling_word_target,0.003164841487406217
4279,sub28,79,ling_word_target,-0.016009853377914815
4280,sub28,80,ling_word_target,0.015246685283232296
4281,sub28,81,ling_word_target,-0.0033441998369602806
4282,sub28,82,ling_word_target,0.007194590176558043
4283,sub28,83,ling_word_target,0.00661269114310392
4284,sub28,84,ling_word_target,-0.039677808463745426
4285,sub28,85,ling_word_target,0.003673318349175261
4286,sub28,86,ling_word_target,0.019522826256115986
4287,sub28,87,ling_word_target,-0.01828399846627179
4288,sub28,88,ling_word_target,0.018678998466325147
4289,sub28,89,ling_word_target,0.005184458458880323
4290,sub28,90,ling_word_target,0.004843458033864006
4291,sub28,91,ling_word_target,0.03917104868529662
4292,sub28,92,ling_word_target,-0.02322583930509585
4293,sub28,93,ling_word_target,0.013689925695950999
4294,sub28,94,ling_word_target,-0.030948010353248137
4295,sub28,95,ling_word_target,0.015066989597900779
4296,sub28,96,ling_word_target,-0.032880660899220863
4297,sub28,97,ling_word_target,-0.00799038169870764
4298,sub28,98,ling_word_target,-0.01980890090998315
4299,sub28,99,ling_word_target,0.00942870633656929
4300,sub28,100,ling_word_target,-0.004361067675178501
4301,sub28,101,ling_word_target,-0.012521960074117678
4302,sub28,102,ling_word_target,0.014140940414387819
4303,sub28,103,ling_word_target,-0.009514818229240874
4304,sub28,104,ling_word_target,-0.007409603350714871
4305,sub28,105,ling_word_target,-0.027022532179402706
4306,sub28,106,ling_word_target,-0.016346176866902335
4307,sub28,107,ling_word_target,0.011516624411959851
4308,sub28,108,ling_word_target,-0.023183696797878777
4309,sub28,109,ling_word_target,-0.01978878621610337
4310,sub28,110,ling_word_target,0.018028644212400226
4311,sub28,111,ling_word_target,0.0297313838465362
4312,sub28,112,ling_word_target,0.008679385764895265
4313,sub28,113,ling_word_target,0.02789128884483954
4314,sub28,114,ling_word_target,0.029615767513774163
4315,sub28,115,ling_word_target,0.027921300458043388
4316,sub28,116,ling_word_target,-0.016217834329395373
4317,sub28,117,ling_word_target,0.011679154389829844
4318,sub28,118,ling_word_target,-0.012755436187902364
4319,sub28,119,ling_word_target,-0.01855354573046414
4320,sub28,120,ling_word_target,-0.019969150470200033
4321,sub28,121,ling_word_target,0.013094066950099797
4322,sub28,122,ling_word_target,0.011069329843211228
4323,sub28,123,ling_word_target,0.007328057198893396
4324,sub28,124,ling_word_target,0.006785470826942521
4325,sub28,125,ling_word_target,-0.014879740110697988
4326,sub28,126,ling_word_target,0.022271865887422335
4327,sub28,127,ling_word_target,0.007288784084135711
4328,sub28,128,ling_word_target,-0.0016547186344783396
4329,sub28,129,ling_word_target,0.009081349650221855
4330,sub28,130,ling_word_target,0.0004813300425255189
4331,sub28,131,ling_word_target,0.0012193610353952989
4332,sub28,132,ling_word_target,0.012289497613475277
4333,sub28,133,ling_word_target,0.01385209820091217
4334,sub28,134,ling_word_target,0.018068222476553746
4335,sub28,135,ling_word_target,0.019522590175825867
4336,sub28,136,ling_word_target,-0.007795935544231932
4337,sub28,137,ling_word_target,-0.0015976201989002154
4338,sub28,138,ling_word_target,-0.023481594726118365
4339,sub28,139,ling_word_target,-0.00977609567421078
4340,sub28,140,ling_word_target,0.0029260176852150288
4341,sub28,141,ling_word_target,0.025986547086050988
4342,sub28,142,ling_word_target,0.004994170437109612
4343,sub28,143,ling_word_target,0.0023311412316744137
4344,sub28,144,ling_word_target,0.019302701757534787
4345,sub28,145,ling_word_target,-0.03227312357563178
4346,sub28,146,ling_word_target,0.03521080620511265
4347,sub28,147,ling_word_target,0.007773008545032983
4348,sub28,148,ling_word_target,0.020459475708389133
4349,sub28,149,ling_word_target,0.04130931433306948
4350,sub28,150,ling_word_target,-0.014072813814437729
4351,sub28,151,ling_word_target,0.009540961112292934
4352,sub28,152,ling_word_target,0.020525140493856037
4353,sub28,153,ling_word_target,-0.02631875327215911
4354,sub28,154,ling_word_target,0.008401858175424642
4355,sub28,155,ling_word_target,-0.008515686046555882
4356,sub28,156,ling_word_target,0.012335742464258045
4357,sub28,157,ling_word_target,-0.012215334485129075
4358,sub28,158,ling_word_target,0.011379386947714896
4359,sub28,159,ling_word_target,-0.008270548728843292
4360,sub28,160,ling_word_target,-0.00018432801626934672
4361,sub28,161,ling_word_target,-0.006784779869824815
4362,sub28,162,ling_word_target,0.011382979589239927
4363,sub28,163,ling_word_target,-0.039352075858383066
4364,sub28,164,ling_word_target,0.008158651945710896
4365,sub28,165,ling_word_target,0.02592199488874531
4366,sub28,166,ling_word_target,-0.018597685155012197
4367,sub28,167,ling_word_target,0.013566391909134903
4368,sub28,168,ling_word_target,-0.005796786195812667
4369,sub28,169,ling_word_target,0.0036377470311842394
4370,sub28,170,ling_word_target,-0.028578273216795277
4371,sub28,171,ling_word_target,0.020235291318200406
4372,sub28,172,ling_word_target,0.01510134044017888
4373,sub28,173,ling_word_target,0.03160804779083707
4374,sub28,174,ling_word_target,0.03093081651101848
4375,sub28,175,ling_word_target,-0.010178192120231046
4376,sub28,176,ling_word_target,0.019065443070165663
4377,sub28,177,ling_word_target,0.051144877329200505
4378,sub28,178,ling_word_target,-0.0019149262248292257
4379,sub28,179,ling_word_target,0.0031606501048525456
4380,sub28,180,ling_word_target,0.012467817906405141
4381,sub28,181,ling_word_target,0.010003663659806608
4382,sub28,182,ling_word_target,-0.004195891539323673
4383,sub28,183,ling_word_target,-0.007313950745067281
4384,sub28,184,ling_word_target,-0.011265605437755557
4385,sub28,185,ling_word_target,-0.021587837970657366
4386,sub28,186,ling_word_target,-0.04118718112704999
4387,sub28,187,ling_word_target,-0.0065911611986425875
4388,sub28,188,ling_word_target,-0.010310126957361221
4389,sub28,189,ling_word_target,-0.018303179042163914
4390,sub28,190,ling_word_target,-0.025867339969903414
4391,sub28,191,ling_word_target,0.011635479355399039
4392,sub28,192,ling_word_target,0.01963545630935908
4393,sub28,193,ling_word_target,-0.023232141002264964
4394,sub28,194,ling_word_target,-0.010527335639366068
4395,sub28,195,ling_word_target,-0.013839093556330728
4396,sub28,196,ling_word_target,0.02746410976788096
4397,sub28,197,ling_word_target,0.010340363428790375
4398,sub28,198,ling_word_target,0.05817759427953904
4399,sub28,199,ling_word_target,0.013174842523059097
4400,sub29,0,ling_word_target,0.012080383128812799
4401,sub29,1,ling_word_target,-0.03835483562673253
4402,sub29,2,ling_word_target,-0.018559461875784878
4403,sub29,3,ling_word_target,0.006505973300502638
4404,sub29,4,ling_word_target,-0.02114725930578614
4405,sub29,5,ling_word_target,0.028970812756374788
4406,sub29,6,ling_word_target,-0.003229828881969903
4407,sub29,7,ling_word_target,-0.008333960228402066
4408,sub29,8,ling_word_target,-0.013378512732241134
4409,sub29,9,ling_word_target,-0.0012328035609423785
4410,sub29,10,ling_word_target,0.012869040131412478
4411,sub29,11,ling_word_target,-0.01728692125701767
4412,sub29,12,ling_word_target,-0.005492141466723089
4413,sub29,13,ling_word_target,-0.008461913167173851
4414,sub29,14,ling_word_target,-0.04322668921223467
4415,sub29,15,ling_word_target,-0.025312309668414752
4416,sub29,16,ling_word_target,-0.0006668252944837908
4417,sub29,17,ling_word_target,0.010540517434362297
4418,sub29,18,ling_word_target,0.021894653825068555
4419,sub29,19,ling_word_target,-0.003686572039201771
4420,sub29,20,ling_word_target,-0.006962030913003156
4421,sub29,21,ling_word_target,0.01967336769283549
4422,sub29,22,ling_word_target,0.03558225024920266
4423,sub29,23,ling_word_target,-0.021506569590017448
4424,sub29,24,ling_word_target,0.010506914625708387
4425,sub29,25,ling_word_target,-0.002030093165193247
4426,sub29,26,ling_word_target,-0.013139778753454602
4427,sub29,27,ling_word_target,0.010955773019825402
4428,sub29,28,ling_word_target,0.0011009158388819924
4429,sub29,29,ling_word_target,-0.011480548718320455
4430,sub29,30,ling_word_target,0.0022132249829963516
4431,sub29,31,ling_word_target,-0.009606832055526577
4432,sub29,32,ling_word_target,0.004566217381506684
4433,sub29,33,ling_word_target,-0.028596391423274165
4434,sub29,34,ling_word_target,-0.027174703624487328
4435,sub29,35,ling_word_target,0.0032870764070854664
4436,sub29,36,ling_word_target,-0.0021372819571016935
4437,sub29,37,ling_word_target,0.005323303549080931
4438,sub29,38,ling_word_target,-0.01676865457928876
4439,sub29,39,ling_word_target,0.006539359716935522
4440,sub29,40,ling_word_target,0.02172783078356739
4441,sub29,41,ling_word_target,0.007035572051757241
4442,sub29,42,ling_word_target,-0.015633053908645608
4443,sub29,43,ling_word_target,-0.04268365673185158
4444,sub29,44,ling_word_target,0.023747671468694633
4445,sub29,45,ling_word_target,0.02984610569892201
4446,sub29,46,ling_word_target,0.01857235057549382
4447,sub29,47,ling_word_target,-0.030930368551313647
4448,sub29,48,ling_word_target,-0.007922756412711956
4449,sub29,49,ling_word_target,-0.017969922851819167
4450,sub29,50,ling_word_target,-0.007640792501169705
4451,sub29,51,ling_word_target,-0.003882791233917285
4452,sub29,52,ling_word_target,0.01580475203589606
4453,sub29,53,ling_word_target,-0.007000282213757766
4454,sub29,54,ling_word_target,-0.0056126688804786105
4455,sub29,55,ling_word_target,-0.013448753410092303
4456,sub29,56,ling_word_target,0.0031991487352123747
4457,sub29,57,ling_word_target,-0.011074218672893814
4458,sub29,58,ling_word_target,-0.03769730501639963
4459,sub29,59,ling_word_target,0.01977708558139774
4460,sub29,60,ling_word_target,0.010426806736599004
4461,sub29,61,ling_word_target,0.009737925020474334
4462,sub29,62,ling_word_target,-0.013044868869212203
4463,sub29,63,ling_word_target,-0.004360953710099006
4464,sub29,64,ling_word_target,-0.003278706546220263
4465,sub29,65,ling_word_target,0.019001683598880856
4466,sub29,66,ling_word_target,-0.02123029359127978
4467,sub29,67,ling_word_target,-0.036439004693378026
4468,sub29,68,ling_word_target,0.005214491289208535
4469,sub29,69,ling_word_target,-0.01848226683416146
4470,sub29,70,ling_word_target,-0.03989330194892384
4471,sub29,71,ling_word_target,-0.0004756182932818419
4472,sub29,72,ling_word_target,0.013093103314096678
4473,sub29,73,ling_word_target,-0.004719400296382161
4474,sub29,74,ling_word_target,-0.010341067149598636
4475,sub29,75,ling_word_target,0.018313457347988834
4476,sub29,76,ling_word_target,-0.012573791512168907
4477,sub29,77,ling_word_target,0.005672677102376172
4478,sub29,78,ling_word_target,-0.009814357359702014
4479,sub29,79,ling_word_target,-0.0250125442623686
4480,sub29,80,ling_word_target,-0.022494216260312134
4481,sub29,81,ling_word_target,0.004130263436819699
4482,sub29,82,ling_word_target,-0.0006594705014892604
4483,sub29,83,ling_word_target,-0.019997352452375383
4484,sub29,84,ling_word_target,-0.0049423936058504425
4485,sub29,85,ling_word_target,-0.010299026412791018
4486,sub29,86,ling_word_target,-0.020778932295078278
4487,sub29,87,ling_word_target,0.019554609527570356
4488,sub29,88,ling_word_target,0.005159914104835672
4489,sub29,89,ling_word_target,0.035137796562948236
4490,sub29,90,ling_word_target,-0.018317593341646496
4491,sub29,91,ling_word_target,-0.0010589193959834372
4492,sub29,92,ling_word_target,0.0022092052153310907
4493,sub29,93,ling_word_target,-0.0021351084398469394
4494,sub29,94,ling_word_target,-0.01996277301298545
4495,sub29,95,ling_word_target,-0.006790974308551854
4496,sub29,96,ling_word_target,-0.0063980377267626115
4497,sub29,97,ling_word_target,-0.01740417767816633
4498,sub29,98,ling_word_target,-0.004232817949699572
4499,sub29,99,ling_word_target,0.01933991337378083
4500,sub29,100,ling_word_target,0.003801342236290356
4501,sub29,101,ling_word_target,0.015289862699438899
4502,sub29,102,ling_word_target,0.011725456292605617
4503,sub29,103,ling_word_target,0.013335655420606501
4504,sub29,104,ling_word_target,-0.009746831768365596
4505,sub29,105,ling_word_target,0.004738640594933469
4506,sub29,106,ling_word_target,0.017903366806513055
4507,sub29,107,ling_word_target,0.0196133278632801
4508,sub29,108,ling_word_target,0.009751242591641514
4509,sub29,109,ling_word_target,-0.0062355567019686635
4510,sub29,110,ling_word_target,-0.0009034773851452424
4511,sub29,111,ling_word_target,0.005951663216920864
4512,sub29,112,ling_word_target,0.006559847804981345
4513,sub29,113,ling_word_target,0.004602535448614843
4514,sub29,114,ling_word_target,0.0020089629449373757
4515,sub29,115,ling_word_target,-0.01388598806168325
4516,sub29,116,ling_word_target,-0.010598723034787302
4517,sub29,117,ling_word_target,-0.0072275967405793515
4518,sub29,118,ling_word_target,-0.03455425783233059
4519,sub29,119,ling_word_target,0.016428543363873702
4520,sub29,120,ling_word_target,0.0245287005491948
4521,sub29,121,ling_word_target,0.03443666418990515
4522,sub29,122,ling_word_target,0.01244986324811367
4523,sub29,123,ling_word_target,0.01475169025332701
4524,sub29,124,ling_word_target,0.002283548435314762
4525,sub29,125,ling_word_target,0.016709366377719033
4526,sub29,126,ling_word_target,0.004975321027517572
4527,sub29,127,ling_word_target,-0.008330998668397057
4528,sub29,128,ling_word_target,-0.02341394883489664
4529,sub29,129,ling_word_target,-0.0014165544055459607
4530,sub29,130,ling_word_target,-0.010048952485919336
4531,sub29,131,ling_word_target,0.0037581907177928024
4532,sub29,132,ling_word_target,0.015002883072631326
4533,sub29,133,ling_word_target,0.015963452848048284
4534,sub29,134,ling_word_target,-0.002953580467216432
4535,sub29,135,ling_word_target,0.008788403843878414
4536,sub29,136,ling_word_target,0.015256895756771473
4537,sub29,137,ling_word_target,0.03168142015671846
4538,sub29,138,ling_word_target,0.011495233175766199
4539,sub29,139,ling_word_target,0.009016119282819483
4540,sub29,140,ling_word_target,-0.0006359000296288992
4541,sub29,141,ling_word_target,-0.022241229589341847
4542,sub29,142,ling_word_target,-0.005915271380869821
4543,sub29,143,ling_word_target,-0.0180220767300643
4544,sub29,144,ling_word_target,0.00980745307365981
4545,sub29,145,ling_word_target,-0.0030508498679022735
4546,sub29,146,ling_word_target,0.009738336255605412
4547,sub29,147,ling_word_target,0.003072688779771405
4548,sub29,148,ling_word_target,0.01302655681642819
4549,sub29,149,ling_word_target,-0.021468490179516107
4550,sub29,150,ling_word_target,-0.0009518341341093694
4551,sub29,151,ling_word_target,0.01788625426246312
4552,sub29,152,ling_word_target,0.004015178257118601
4553,sub29,153,ling_word_target,0.00337956303379798
4554,sub29,154,ling_word_target,0.04344915359418827
4555,sub29,155,ling_word_target,0.01177256147958432
4556,sub29,156,ling_word_target,-0.0162564389268241
4557,sub29,157,ling_word_target,0.019258858478389238
4558,sub29,158,ling_word_target,0.03190503609780853
4559,sub29,159,ling_word_target,0.002623044160250364
4560,sub29,160,ling_word_target,-0.01902593917752102
4561,sub29,161,ling_word_target,0.00650802584413748
4562,sub29,162,ling_word_target,0.009709423414693533
4563,sub29,163,ling_word_target,-0.004801026655043309
4564,sub29,164,ling_word_target,-0.014568197557798637
4565,sub29,165,ling_word_target,0.02953948996018324
4566,sub29,166,ling_word_target,0.020663575667472484
4567,sub29,167,ling_word_target,-0.00830035666532085
4568,sub29,168,ling_word_target,0.010266850786541265
4569,sub29,169,ling_word_target,-0.003889153458201829
4570,sub29,170,ling_word_target,-0.006870871678531905
4571,sub29,171,ling_word_target,-0.0012986679277539775
4572,sub29,172,ling_word_target,0.0076958991137060905
4573,sub29,173,ling_word_target,-0.0124166069693057
4574,sub29,174,ling_word_target,-0.026070736253142757
4575,sub29,175,ling_word_target,0.010221113847957567
4576,sub29,176,ling_word_target,-0.012429190779956247
4577,sub29,177,ling_word_target,-0.011264466603228942
4578,sub29,178,ling_word_target,0.020633414074271945
4579,sub29,179,ling_word_target,-0.022374993480463047
4580,sub29,180,ling_word_target,0.01651582842820663
4581,sub29,181,ling_word_target,-0.013720385532543674
4582,sub29,182,ling_word_target,0.00606130342348811
4583,sub29,183,ling_word_target,-0.00421872789560621
4584,sub29,184,ling_word_target,-0.0038270222386982368
4585,sub29,185,ling_word_target,-0.0034019958818404064
4586,sub29,186,ling_word_target,0.01128450679617287
4587,sub29,187,ling_word_target,-0.013832879635699322
4588,sub29,188,ling_word_target,0.00693786673322918
4589,sub29,189,ling_word_target,-0.007345822830118664
4590,sub29,190,ling_word_target,0.003155944846936618
4591,sub29,191,ling_word_target,0.015278296169620974
4592,sub29,192,ling_word_target,0.005209592358376143
4593,sub29,193,ling_word_target,-0.00017624630430160498
4594,sub29,194,ling_word_target,0.007634750790961313
4595,sub29,195,ling_word_target,0.0007579389027594089
4596,sub29,196,ling_word_target,0.00765867552511812
4597,sub29,197,ling_word_target,-0.01533350969304994
4598,sub29,198,ling_word_target,-0.00861926255561627
4599,sub29,199,ling_word_target,-0.025672347371507434
4600,sub30,0,ling_word_target,-0.002909348292306175
4601,sub30,1,ling_word_target,0.013021354142672576
4602,sub30,2,ling_word_target,0.01757869055416015
4603,sub30,3,ling_word_target,-0.026396067003426178
4604,sub30,4,ling_word_target,0.034293066620312986
4605,sub30,5,ling_word_target,0.005938056103250852
4606,sub30,6,ling_word_target,0.01973950038209298
4607,sub30,7,ling_word_target,-0.0647224392273782
4608,sub30,8,ling_word_target,-0.01653392036104318
4609,sub30,9,ling_word_target,-0.008594963665677859
4610,sub30,10,ling_word_target,0.06042732242613762
4611,sub30,11,ling_word_target,0.01073570532773526
4612,sub30,12,ling_word_target,-0.015187520293814498
4613,sub30,13,ling_word_target,0.006730788966777934
4614,sub30,14,ling_word_target,-0.08765278175145916
4615,sub30,15,ling_word_target,0.012116304985481269
4616,sub30,16,ling_word_target,-0.03719510235962875
4617,sub30,17,ling_word_target,0.007022635422722255
4618,sub30,18,ling_word_target,0.031964538687672156
4619,sub30,19,ling_word_target,0.022147073198801718
4620,sub30,20,ling_word_target,0.01516147208192941
4621,sub30,21,ling_word_target,-0.048093439749649504
4622,sub30,22,ling_word_target,-0.02538577245063111
4623,sub30,23,ling_word_target,0.027394472189897847
4624,sub30,24,ling_word_target,0.019993093406006184
4625,sub30,25,ling_word_target,0.01772465506539288
4626,sub30,26,ling_word_target,0.0024514423942552824
4627,sub30,27,ling_word_target,-0.0004078088417944955
4628,sub30,28,ling_word_target,0.028411049081975545
4629,sub30,29,ling_word_target,0.009628339796924831
4630,sub30,30,ling_word_target,0.01996430178630289
4631,sub30,31,ling_word_target,0.0030680874749125916
4632,sub30,32,ling_word_target,0.00501155669436951
4633,sub30,33,ling_word_target,0.005980077277093344
4634,sub30,34,ling_word_target,0.02198929295795259
4635,sub30,35,ling_word_target,0.01547557654432552
4636,sub30,36,ling_word_target,0.013291693654275226
4637,sub30,37,ling_word_target,0.021357418124928244
4638,sub30,38,ling_word_target,0.040592640471943706
4639,sub30,39,ling_word_target,0.005275871550491457
4640,sub30,40,ling_word_target,-0.013157202755469806
4641,sub30,41,ling_word_target,-0.0074487586795754105
4642,sub30,42,ling_word_target,-0.014064841551353123
4643,sub30,43,ling_word_target,-0.0005833133157809534
4644,sub30,44,ling_word_target,-0.0001283486534807039
4645,sub30,45,ling_word_target,0.019204489303621286
4646,sub30,46,ling_word_target,-0.019349724415454992
4647,sub30,47,ling_word_target,-0.0024871132163644485
4648,sub30,48,ling_word_target,0.002455694112230697
4649,sub30,49,ling_word_target,0.03343868317133242
4650,sub30,50,ling_word_target,0.0026057605972481016
4651,sub30,51,ling_word_target,-0.003993391615999355
4652,sub30,52,ling_word_target,0.03116752153385644
4653,sub30,53,ling_word_target,0.01599804964053089
4654,sub30,54,ling_word_target,0.002811496090275335
4655,sub30,55,ling_word_target,0.004419505501997118
4656,sub30,56,ling_word_target,0.009518457571803895
4657,sub30,57,ling_word_target,-0.005815076911287143
4658,sub30,58,ling_word_target,-0.01706102031054264
4659,sub30,59,ling_word_target,0.0349363750880547
4660,sub30,60,ling_word_target,0.008005404933801547
4661,sub30,61,ling_word_target,-0.0007861905166273658
4662,sub30,62,ling_word_target,-0.014851695567827209
4663,sub30,63,ling_word_target,0.016128346734910055
4664,sub30,64,ling_word_target,0.017562100356036173
4665,sub30,65,ling_word_target,0.010355110764251578
4666,sub30,66,ling_word_target,0.01605905904981569
4667,sub30,67,ling_word_target,-0.00023654104117774304
4668,sub30,68,ling_word_target,0.00392395305334165
4669,sub30,69,ling_word_target,-0.01424368641418257
4670,sub30,70,ling_word_target,-0.0006921392367934439
4671,sub30,71,ling_word_target,0.04304362357538492
4672,sub30,72,ling_word_target,-0.018919438511836837
4673,sub30,73,ling_word_target,0.030753065497378027
4674,sub30,74,ling_word_target,-0.000290603400149627
4675,sub30,75,ling_word_target,0.004852153385495258
4676,sub30,76,ling_word_target,-0.019094239004808933
4677,sub30,77,ling_word_target,0.0019225562959754026
4678,sub30,78,ling_word_target,0.02937231156207208
4679,sub30,79,ling_word_target,-0.0012883514801654246
4680,sub30,80,ling_word_target,0.02476922168357479
4681,sub30,81,ling_word_target,0.004317458625796796
4682,sub30,82,ling_word_target,-0.0003977378646271964
4683,sub30,83,ling_word_target,-0.024105847122946056
4684,sub30,84,ling_word_target,0.04093956144908311
4685,sub30,85,ling_word_target,0.026494687910597108
4686,sub30,86,ling_word_target,-0.004104808833444352
4687,sub30,87,ling_word_target,0.03126627174244035
4688,sub30,88,ling_word_target,0.022547831845464817
4689,sub30,89,ling_word_target,0.01756576213866477
4690,sub30,90,ling_word_target,-0.005962343641176275
4691,sub30,91,ling_word_target,0.015067277375979574
4692,sub30,92,ling_word_target,0.01115383018390886
4693,sub30,93,ling_word_target,0.01295877935156432
4694,sub30,94,ling_word_target,0.03772731287418067
4695,sub30,95,ling_word_target,0.004229852468523646
4696,sub30,96,ling_word_target,0.03628476591951564
4697,sub30,97,ling_word_target,-0.016355970574696982
4698,sub30,98,ling_word_target,-0.015385964135540199
4699,sub30,99,ling_word_target,0.009534605860344058
4700,sub30,100,ling_word_target,-0.015530182810632467
4701,sub30,101,ling_word_target,0.005636293682325341
4702,sub30,102,ling_word_target,-0.04631462956253347
4703,sub30,103,ling_word_target,0.04293292670837651
4704,sub30,104,ling_word_target,-0.019126129507260847
4705,sub30,105,ling_word_target,0.008490759811157279
4706,sub30,106,ling_word_target,-0.005128981793537167
4707,sub30,107,ling_word_target,0.0004817749324066368
4708,sub30,108,ling_word_target,0.04813840210380602
4709,sub30,109,ling_word_target,-0.011015986266006906
4710,sub30,110,ling_word_target,-0.002099986641855073
4711,sub30,111,ling_word_target,0.04591726517886986
4712,sub30,112,ling_word_target,-0.017363544957057855
4713,sub30,113,ling_word_target,-0.01640855183264847
4714,sub30,114,ling_word_target,0.00593688200167288
4715,sub30,115,ling_word_target,0.01570085466680626
4716,sub30,116,ling_word_target,-0.006317562075309576
4717,sub30,117,ling_word_target,0.028686897104794083
4718,sub30,118,ling_word_target,0.019466795934273997
4719,sub30,119,ling_word_target,0.0054165560352157196
4720,sub30,120,ling_word_target,0.02705745958857841
4721,sub30,121,ling_word_target,0.002882335977193754
4722,sub30,122,ling_word_target,-0.0030690468320014133
4723,sub30,123,ling_word_target,0.02024499620760552
4724,sub30,124,ling_word_target,0.021325582884888984
4725,sub30,125,ling_word_target,0.0065736952062202
4726,sub30,126,ling_word_target,-0.0011558225579138908
4727,sub30,127,ling_word_target,0.03211076347522026
4728,sub30,128,ling_word_target,0.011224216247914339
4729,sub30,129,ling_word_target,0.020641212714643455
4730,sub30,130,ling_word_target,-0.018163015335285533
4731,sub30,131,ling_word_target,0.022868198960385822
4732,sub30,132,ling_word_target,0.018393810044906485
4733,sub30,133,ling_word_target,0.004209414687538399
4734,sub30,134,ling_word_target,0.007254564681401176
4735,sub30,135,ling_word_target,0.025983778557074386
4736,sub30,136,ling_word_target,0.008213698671531013
4737,sub30,137,ling_word_target,0.019556115171979065
4738,sub30,138,ling_word_target,-0.01787347105071387
4739,sub30,139,ling_word_target,-0.01887753442222269
4740,sub30,140,ling_word_target,-0.007494882944352368
4741,sub30,141,ling_word_target,0.014552613641831138
4742,sub30,142,ling_word_target,0.0058965766657324515
4743,sub30,143,ling_word_target,0.014666716538613737
4744,sub30,144,ling_word_target,-0.009817808374521468
4745,sub30,145,ling_word_target,-0.005393626837354646
4746,sub30,146,ling_word_target,0.018460838432194326
4747,sub30,147,ling_word_target,-0.018434331086793605
4748,sub30,148,ling_word_target,0.001343076744207801
4749,sub30,149,ling_word_target,-0.002981885450755127
4750,sub30,150,ling_word_target,0.0006662911253634446
4751,sub30,151,ling_word_target,0.012203235157953171
4752,sub30,152,ling_word_target,-0.005782546658854736
4753,sub30,153,ling_word_target,0.01728267171833441
4754,sub30,154,ling_word_target,-0.015263683132875823
4755,sub30,155,ling_word_target,0.0012631710538118395
4756,sub30,156,ling_word_target,0.023158444584104026
4757,sub30,157,ling_word_target,0.007354026507642626
4758,sub30,158,ling_word_target,0.012527518366985624
4759,sub30,159,ling_word_target,-0.0044944627274489946
4760,sub30,160,ling_word_target,0.01803523252845393
4761,sub30,161,ling_word_target,-0.007899151906879667
4762,sub30,162,ling_word_target,-0.0049794557941791415
4763,sub30,163,ling_word_target,-0.013211361707830974
4764,sub30,164,ling_word_target,-0.007296248871292046
4765,sub30,165,ling_word_target,-0.007568048343325737
4766,sub30,166,ling_word_target,0.01554201885506863
4767,sub30,167,ling_word_target,0.014722705715453196
4768,sub30,168,ling_word_target,0.005613192708672782
4769,sub30,169,ling_word_target,-0.0029950341601722263
4770,sub30,170,ling_word_target,-0.019175073615396016
4771,sub30,171,ling_word_target,-0.03468345561418939
4772,sub30,172,ling_word_target,0.009319664337271107
4773,sub30,173,ling_word_target,0.02137467957314656
4774,sub30,174,ling_word_target,0.02160076071937834
4775,sub30,175,ling_word_target,0.02880447988836514
4776,sub30,176,ling_word_target,0.018149344968725476
4777,sub30,177,ling_word_target,0.025373155525468642
4778,sub30,178,ling_word_target,0.005110827429846569
4779,sub30,179,ling_word_target,-0.025542188285708565
4780,sub30,180,ling_word_target,-0.029132236290373065
4781,sub30,181,ling_word_target,0.01777968146625491
4782,sub30,182,ling_word_target,0.022042135539475666
4783,sub30,183,ling_word_target,-0.0365342149525478
4784,sub30,184,ling_word_target,-0.013445969263215072
4785,sub30,185,ling_word_target,-9.108797807079821e-05
4786,sub30,186,ling_word_target,0.005415038689028535
4787,sub30,187,ling_word_target,-0.005262419798240399
4788,sub30,188,ling_word_target,0.03327209140804043
4789,sub30,189,ling_word_target,0.021224011927993502
4790,sub30,190,ling_word_target,-0.009841378056354226
4791,sub30,191,ling_word_target,0.031310989209617786
4792,sub30,192,ling_word_target,-0.0017954499566168593
4793,sub30,193,ling_word_target,-0.059956468705375826
4794,sub30,194,ling_word_target,0.006491071897768518
4795,sub30,195,ling_word_target,0.0021291295767762787
4796,sub30,196,ling_word_target,-0.003478862504701468
4797,sub30,197,ling_word_target,-0.0218295617120101
4798,sub30,198,ling_word_target,-0.005646318946296527
4799,sub30,199,ling_word_target,0.0008506835639568235
4800,sub31,0,ling_word_target,-0.01604061644379599
4801,sub31,1,ling_word_target,0.034052803754978336
4802,sub31,2,ling_word_target,-0.00020287006897993715
4803,sub31,3,ling_word_target,0.0025463298485334162
4804,sub31,4,ling_word_target,-0.008237414513140624
4805,sub31,5,ling_word_target,0.022947463598367104
4806,sub31,6,ling_word_target,0.002453152863014748
4807,sub31,7,ling_word_target,0.014798512666179663
4808,sub31,8,ling_word_target,0.02878352849791315
4809,sub31,9,ling_word_target,0.0009880002451049777
4810,sub31,10,ling_word_target,0.00899602832327847
4811,sub31,11,ling_word_target,0.01774077463515116
4812,sub31,12,ling_word_target,0.009226129670760997
4813,sub31,13,ling_word_target,0.034642290671671586
4814,sub31,14,ling_word_target,0.014293533738727623
4815,sub31,15,ling_word_target,0.0016227339047508692
4816,sub31,16,ling_word_target,-0.0037128164569914025
4817,sub31,17,ling_word_target,0.008544201672499625
4818,sub31,18,ling_word_target,0.004866070623235894
4819,sub31,19,ling_word_target,0.002410079283180698
4820,sub31,20,ling_word_target,0.007556997166529493
4821,sub31,21,ling_word_target,-0.012577945248801977
4822,sub31,22,ling_word_target,-0.0036237210957438784
4823,sub31,23,ling_word_target,0.007620848602529283
4824,sub31,24,ling_word_target,-0.03296532082942838
4825,sub31,25,ling_word_target,-0.02094624385997804
4826,sub31,26,ling_word_target,-0.028703931819689128
4827,sub31,27,ling_word_target,-0.002532101482735763
4828,sub31,28,ling_word_target,0.017727613116960642
4829,sub31,29,ling_word_target,0.008150377605805444
4830,sub31,30,ling_word_target,-0.012188168491336726
4831,sub31,31,ling_word_target,0.005481394525199602
4832,sub31,32,ling_word_target,0.002054335910860153
4833,sub31,33,ling_word_target,-0.004775186071243734
4834,sub31,34,ling_word_target,-0.008695400185757986
4835,sub31,35,ling_word_target,0.022531833100729926
4836,sub31,36,ling_word_target,0.02587195573084915
4837,sub31,37,ling_word_target,-0.00942446481749243
4838,sub31,38,ling_word_target,-0.005077284684690634
4839,sub31,39,ling_word_target,-0.0004915327031488663
4840,sub31,40,ling_word_target,-0.002090777145001738
4841,sub31,41,ling_word_target,0.009482646581274576
4842,sub31,42,ling_word_target,0.005346604818007302
4843,sub31,43,ling_word_target,-0.006243874162035387
4844,sub31,44,ling_word_target,-0.0026951726662940876
4845,sub31,45,ling_word_target,0.02556784829110223
4846,sub31,46,ling_word_target,0.02452078556663858
4847,sub31,47,ling_word_target,-0.006512644645531697
4848,sub31,48,ling_word_target,0.006103351959395667
4849,sub31,49,ling_word_target,0.01790521276699034
4850,sub31,50,ling_word_target,-0.00779390033874686
4851,sub31,51,ling_word_target,0.009609276219695555
4852,sub31,52,ling_word_target,0.0064550419167718155
4853,sub31,53,ling_word_target,-0.05644117823950246
4854,sub31,54,ling_word_target,0.006822705270794428
4855,sub31,55,ling_word_target,0.00533058766154983
4856,sub31,56,ling_word_target,0.012781218094436022
4857,sub31,57,ling_word_target,0.006737273098007221
4858,sub31,58,ling_word_target,-0.015398832991023957
4859,sub31,59,ling_word_target,0.01844767706365101
4860,sub31,60,ling_word_target,0.017350796760965986
4861,sub31,61,ling_word_target,-0.006469000777965901
4862,sub31,62,ling_word_target,0.026521245884526142
4863,sub31,63,ling_word_target,0.03422994165164833
4864,sub31,64,ling_word_target,0.007478858957030467
4865,sub31,65,ling_word_target,-0.002796043816760572
4866,sub31,66,ling_word_target,0.006225438812094438
4867,sub31,67,ling_word_target,-0.015425771247158486
4868,sub31,68,ling_word_target,-0.011018895637740916
4869,sub31,69,ling_word_target,0.007026311143612158
4870,sub31,70,ling_word_target,0.01701250881877688
4871,sub31,71,ling_word_target,0.021899266116514087
4872,sub31,72,ling_word_target,0.020372682135826634
4873,sub31,73,ling_word_target,0.0033922766723565685
4874,sub31,74,ling_word_target,0.014565597351148497
4875,sub31,75,ling_word_target,0.009339105764576491
4876,sub31,76,ling_word_target,-0.0390927761191839
4877,sub31,77,ling_word_target,0.019900773027938603
4878,sub31,78,ling_word_target,-0.0027410365063688
4879,sub31,79,ling_word_target,-0.018820747237664824
4880,sub31,80,ling_word_target,0.00865163853202214
4881,sub31,81,ling_word_target,-0.0009530415609677967
4882,sub31,82,ling_word_target,0.006902594197976
4883,sub31,83,ling_word_target,-0.013703501754475182
4884,sub31,84,ling_word_target,-0.007346766415756851
4885,sub31,85,ling_word_target,-0.0024162403851315296
4886,sub31,86,ling_word_target,0.006926527668742119
4887,sub31,87,ling_word_target,-0.012318778762841341
4888,sub31,88,ling_word_target,-0.009462182982531915
4889,sub31,89,ling_word_target,-0.00167743855166351
4890,sub31,90,ling_word_target,-0.009730399205317184
4891,sub31,91,ling_word_target,-0.007562962682269893
4892,sub31,92,ling_word_target,0.012708862870343967
4893,sub31,93,ling_word_target,0.012564317298171169
4894,sub31,94,ling_word_target,0.0002942468899577118
4895,sub31,95,ling_word_target,-0.01832882183827652
4896,sub31,96,ling_word_target,-0.022601231319843564
4897,sub31,97,ling_word_target,-0.013097888171176745
4898,sub31,98,ling_word_target,-0.0326126081122653
4899,sub31,99,ling_word_target,0.013673552489149027
4900,sub31,100,ling_word_target,0.006895353670454111
4901,sub31,101,ling_word_target,-0.010544123236047576
4902,sub31,102,ling_word_target,0.012877177372055088
4903,sub31,103,ling_word_target,0.009545298349461951
4904,sub31,104,ling_word_target,0.02039597681281595
4905,sub31,105,ling_word_target,-0.01016640268974044
4906,sub31,106,ling_word_target,0.00422679989111855
4907,sub31,107,ling_word_target,-0.012024871005666456
4908,sub31,108,ling_word_target,-0.014435632590033791
4909,sub31,109,ling_word_target,0.011704225185349615
4910,sub31,110,ling_word_target,0.0037773826121296184
4911,sub31,111,ling_word_target,-0.014940930921901968
4912,sub31,112,ling_word_target,-0.0010245068268060669
4913,sub31,113,ling_word_target,-0.012593991299826102
4914,sub31,114,ling_word_target,-0.005381644101606773
4915,sub31,115,ling_word_target,0.0003665473800636051
4916,sub31,116,ling_word_target,-0.016952948986228327
4917,sub31,117,ling_word_target,0.008673119884414292
4918,sub31,118,ling_word_target,-0.006489327228786504
4919,sub31,119,ling_word_target,0.02138840284560952
4920,sub31,120,ling_word_target,0.0038871895722158187
4921,sub31,121,ling_word_target,-0.005056319876587606
4922,sub31,122,ling_word_target,-0.005081624025909939
4923,sub31,123,ling_word_target,-0.004042527124952772
4924,sub31,124,ling_word_target,0.007858286717930403
4925,sub31,125,ling_word_target,0.006826819211675496
4926,sub31,126,ling_word_target,-0.013617999936024312
4927,sub31,127,ling_word_target,-0.00032691590144899677
4928,sub31,128,ling_word_target,0.002975454563702275
4929,sub31,129,ling_word_target,0.0055449010320978665
4930,sub31,130,ling_word_target,0.014100561393412672
4931,sub31,131,ling_word_target,-0.009221653635962192
4932,sub31,132,ling_word_target,0.033223522450249815
4933,sub31,133,ling_word_target,0.009328045374277625
4934,sub31,134,ling_word_target,0.007774543354207342
4935,sub31,135,ling_word_target,-0.0298368350146444
4936,sub31,136,ling_word_target,-0.02631222898685462
4937,sub31,137,ling_word_target,-0.00046641822359847764
4938,sub31,138,ling_word_target,0.0253472502432244
4939,sub31,139,ling_word_target,-0.0064033575627454025
4940,sub31,140,ling_word_target,0.023210170899007246
4941,sub31,141,ling_word_target,0.01791667500731818
4942,sub31,142,ling_word_target,0.036686494367540186
4943,sub31,143,ling_word_target,0.03377501231350526
4944,sub31,144,ling_word_target,-0.01958045401930132
4945,sub31,145,ling_word_target,-0.011788331867670025
4946,sub31,146,ling_word_target,0.006921404235241362
4947,sub31,147,ling_word_target,-0.012422072090529738
4948,sub31,148,ling_word_target,-0.007579439180138132
4949,sub31,149,ling_word_target,0.020054706208288343
4950,sub31,150,ling_word_target,0.008387457309962583
4951,sub31,151,ling_word_target,0.024334231350921814
4952,sub31,152,ling_word_target,0.0018987705329223236
4953,sub31,153,ling_word_target,-0.014134768618093513
4954,sub31,154,ling_word_target,0.014756153735604542
4955,sub31,155,ling_word_target,0.04030929042645232
4956,sub31,156,ling_word_target,-0.002118465343553697
4957,sub31,157,ling_word_target,0.0024765831445386255
4958,sub31,158,ling_word_target,-0.0007310004907306542
4959,sub31,159,ling_word_target,0.004796932309620731
4960,sub31,160,ling_word_target,-0.015436353263494573
4961,sub31,161,ling_word_target,0.006299846408242671
4962,sub31,162,ling_word_target,0.002861851650271021
4963,sub31,163,ling_word_target,0.016998989795691248
4964,sub31,164,ling_word_target,-0.02733266609034083
4965,sub31,165,ling_word_target,-0.009827667036467666
4966,sub31,166,ling_word_target,-0.006068139632830444
4967,sub31,167,ling_word_target,-0.00891071000714284
4968,sub31,168,ling_word_target,0.035695341321488556
4969,sub31,169,ling_word_target,0.0005660209425452257
4970,sub31,170,ling_word_target,-0.027317536761047628
4971,sub31,171,ling_word_target,-0.010403361522657978
4972,sub31,172,ling_word_target,0.009787926077325686
4973,sub31,173,ling_word_target,0.0054653268474796676
4974,sub31,174,ling_word_target,-0.0036548456118611133
4975,sub31,175,ling_word_target,-0.023421763435510196
4976,sub31,176,ling_word_target,0.0010685652863560364
4977,sub31,177,ling_word_target,0.013000030602730517
4978,sub31,178,ling_word_target,0.01277914106039645
4979,sub31,179,ling_word_target,0.006170436593455422
4980,sub31,180,ling_word_target,0.006050123389431894
4981,sub31,181,ling_word_target,-0.009287683555950617
4982,sub31,182,ling_word_target,-0.0096117830522404
4983,sub31,183,ling_word_target,0.011714916786634211
4984,sub31,184,ling_word_target,-0.010796587867652342
4985,sub31,185,ling_word_target,-0.006705658475087861
4986,sub31,186,ling_word_target,-0.024871745005380173
4987,sub31,187,ling_word_target,-0.022999867755803826
4988,sub31,188,ling_word_target,-0.009467205228797555
4989,sub31,189,ling_word_target,-0.0175069662561725
4990,sub31,190,ling_word_target,0.016686112924298904
4991,sub31,191,ling_word_target,0.0011786993606443536
4992,sub31,192,ling_word_target,0.014067626746098696
4993,sub31,193,ling_word_target,0.007630360086998826
4994,sub31,194,ling_word_target,0.01914734191109814
4995,sub31,195,ling_word_target,0.013282404227396028
4996,sub31,196,ling_word_target,-0.009727252277793296
4997,sub31,197,ling_word_target,-0.012307070960854833
4998,sub31,198,ling_word_target,-0.016979090249424476
4999,sub31,199,ling_word_target,0.00910001099067828
5000,sub32,0,ling_word_target,-0.010141163788978684
5001,sub32,1,ling_word_target,-0.014996924194210044
5002,sub32,2,ling_word_target,0.0011004547119687898
5003,sub32,3,ling_word_target,-0.002531043073088359
5004,sub32,4,ling_word_target,-0.001384880634472925
5005,sub32,5,ling_word_target,-0.014290769070107274
5006,sub32,6,ling_word_target,0.00048587741983538365
5007,sub32,7,ling_word_target,0.011988303690159486
5008,sub32,8,ling_word_target,-0.007708293995351354
5009,sub32,9,ling_word_target,-0.007332185261703932
5010,sub32,10,ling_word_target,-0.006288953352873145
5011,sub32,11,ling_word_target,0.0016702149629469116
5012,sub32,12,ling_word_target,0.006679272976635674
5013,sub32,13,ling_word_target,-0.0026225195006848723
5014,sub32,14,ling_word_target,0.009592290198635885
5015,sub32,15,ling_word_target,-0.0054304065675955795
5016,sub32,16,ling_word_target,0.02228472844710505
5017,sub32,17,ling_word_target,-0.0008789696882013306
5018,sub32,18,ling_word_target,0.0193256994635328
5019,sub32,19,ling_word_target,0.005140602846136556
5020,sub32,20,ling_word_target,-0.004114727948291058
5021,sub32,21,ling_word_target,-0.002532660442434353
5022,sub32,22,ling_word_target,0.026904919370452043
5023,sub32,23,ling_word_target,-4.1320168682160244e-05
5024,sub32,24,ling_word_target,-0.015280458652145175
5025,sub32,25,ling_word_target,-0.0024215071608956608
5026,sub32,26,ling_word_target,0.0064559736575738
5027,sub32,27,ling_word_target,0.011273435535759003
5028,sub32,28,ling_word_target,0.010592804441208033
5029,sub32,29,ling_word_target,-0.003844056472372979
5030,sub32,30,ling_word_target,0.002439868708497017
5031,sub32,31,ling_word_target,-0.016802571963892017
5032,sub32,32,ling_word_target,-0.005040210897677578
5033,sub32,33,ling_word_target,0.013825762125929092
5034,sub32,34,ling_word_target,-0.0177811172971764
5035,sub32,35,ling_word_target,0.01608648085004121
5036,sub32,36,ling_word_target,-0.0003169921825070499
5037,sub32,37,ling_word_target,0.005472379735267608
5038,sub32,38,ling_word_target,-0.010942327802095109
5039,sub32,39,ling_word_target,0.025602184966797014
5040,sub32,40,ling_word_target,0.01251741101144929
5041,sub32,41,ling_word_target,0.009414021365018031
5042,sub32,42,ling_word_target,0.013878730979444939
5043,sub32,43,ling_word_target,0.005678903822689494
5044,sub32,44,ling_word_target,0.010497080830178309
5045,sub32,45,ling_word_target,-0.003167030548072574
5046,sub32,46,ling_word_target,0.00042892887438719353
5047,sub32,47,ling_word_target,0.004332768430316477
5048,sub32,48,ling_word_target,0.004325678801535563
5049,sub32,49,ling_word_target,0.00029876303019447893
5050,sub32,50,ling_word_target,-0.003732817099925666
5051,sub32,51,ling_word_target,0.0004725306270604051
5052,sub32,52,ling_word_target,0.019993924849545548
5053,sub32,53,ling_word_target,-0.021107831532513024
5054,sub32,54,ling_word_target,0.02449952626920523
5055,sub32,55,ling_word_target,-0.014686711944490977
5056,sub32,56,ling_word_target,0.004401097581899769
5057,sub32,57,ling_word_target,0.03867678092344257
5058,sub32,58,ling_word_target,-0.03897226248444141
5059,sub32,59,ling_word_target,-0.012539799941569238
5060,sub32,60,ling_word_target,-0.006715696107693895
5061,sub32,61,ling_word_target,0.01458113254563408
5062,sub32,62,ling_word_target,0.005931648676466116
5063,sub32,63,ling_word_target,0.006470152999936984
5064,sub32,64,ling_word_target,0.0030489962882595213
5065,sub32,65,ling_word_target,0.010822758612727251
5066,sub32,66,ling_word_target,0.007447093464776023
5067,sub32,67,ling_word_target,-0.00023638428794734253
5068,sub32,68,ling_word_target,-0.012061728007173065
5069,sub32,69,ling_word_target,-0.018773748424929095
5070,sub32,70,ling_word_target,0.011998984132405858
5071,sub32,71,ling_word_target,0.007962233179954101
5072,sub32,72,ling_word_target,0.006698094289980384
5073,sub32,73,ling_word_target,-0.0008568653027109695
5074,sub32,74,ling_word_target,0.014060878526974071
5075,sub32,75,ling_word_target,0.006089691931723883
5076,sub32,76,ling_word_target,-0.0009430827801229626
5077,sub32,77,ling_word_target,-0.004681306968956696
5078,sub32,78,ling_word_target,-0.020235738969059947
5079,sub32,79,ling_word_target,-0.011192849901984166
5080,sub32,80,ling_word_target,-0.009246007544532957
5081,sub32,81,ling_word_target,0.007186140266142054
5082,sub32,82,ling_word_target,-0.004625543602368882
5083,sub32,83,ling_word_target,0.02088413059830174
5084,sub32,84,ling_word_target,0.0006280415118333455
5085,sub32,85,ling_word_target,-0.00708014363074555
5086,sub32,86,ling_word_target,0.009052140510948664
5087,sub32,87,ling_word_target,-0.0006082504683199159
5088,sub32,88,ling_word_target,-0.009769703383643975
5089,sub32,89,ling_word_target,-0.007448522685866126
5090,sub32,90,ling_word_target,0.00608971673246921
5091,sub32,91,ling_word_target,-0.014764158245391604
5092,sub32,92,ling_word_target,0.023002025812473854
5093,sub32,93,ling_word_target,-0.00153642396554941
5094,sub32,94,ling_word_target,-0.012035505420332186
5095,sub32,95,ling_word_target,0.0015241235343506586
5096,sub32,96,ling_word_target,0.019683535752964162
5097,sub32,97,ling_word_target,-0.004322362285938248
5098,sub32,98,ling_word_target,-0.02989790130318934
5099,sub32,99,ling_word_target,-0.0009819573469295022
5100,sub32,100,ling_word_target,-0.004509026020337949
5101,sub32,101,ling_word_target,0.011403813387338986
5102,sub32,102,ling_word_target,0.007550431370367325
5103,sub32,103,ling_word_target,-0.016590172718570537
5104,sub32,104,ling_word_target,-0.0029183315923719763
5105,sub32,105,ling_word_target,-0.009904847091868615
5106,sub32,106,ling_word_target,0.007217046102498176
5107,sub32,107,ling_word_target,0.014630733958012647
5108,sub32,108,ling_word_target,0.0012717932556420859
5109,sub32,109,ling_word_target,0.006140293749203104
5110,sub32,110,ling_word_target,0.009263834800449882
5111,sub32,111,ling_word_target,0.004122632709637323
5112,sub32,112,ling_word_target,-0.0010460614631721099
5113,sub32,113,ling_word_target,0.002083381611712349
5114,sub32,114,ling_word_target,-0.010778546554703644
5115,sub32,115,ling_word_target,-0.010290650451032645
5116,sub32,116,ling_word_target,0.005904629422499379
5117,sub32,117,ling_word_target,-0.008893966088849741
5118,sub32,118,ling_word_target,0.018536823404518465
5119,sub32,119,ling_word_target,-0.00011749898203286141
5120,sub32,120,ling_word_target,0.005080864657627864
5121,sub32,121,ling_word_target,0.011101678299863395
5122,sub32,122,ling_word_target,0.011588883971999281
5123,sub32,123,ling_word_target,-0.010111145454808205
5124,sub32,124,ling_word_target,0.0035393985650158015
5125,sub32,125,ling_word_target,-0.010303433648409365
5126,sub32,126,ling_word_target,0.0023243135947634986
5127,sub32,127,ling_word_target,0.021136104723522946
5128,sub32,128,ling_word_target,0.0008280034736720866
5129,sub32,129,ling_word_target,-0.0015102396585273934
5130,sub32,130,ling_word_target,-0.013515989538788416
5131,sub32,131,ling_word_target,0.007393106900978834
5132,sub32,132,ling_word_target,0.00699197135678058
5133,sub32,133,ling_word_target,0.00025433433647839717
5134,sub32,134,ling_word_target,-0.007595763458898425
5135,sub32,135,ling_word_target,0.01401847295294212
5136,sub32,136,ling_word_target,-0.007951084007185246
5137,sub32,137,ling_word_target,-0.028478382881505386
5138,sub32,138,ling_word_target,-0.00791934700972044
5139,sub32,139,ling_word_target,-0.012480945371868819
5140,sub32,140,ling_word_target,-0.02601128634866581
5141,sub32,141,ling_word_target,0.0009883776162690676
5142,sub32,142,ling_word_target,-0.008573490651293912
5143,sub32,143,ling_word_target,0.0029251665354065783
5144,sub32,144,ling_word_target,-0.00318375855116684
5145,sub32,145,ling_word_target,-0.03446599039924309
5146,sub32,146,ling_word_target,0.0009449069150466343
5147,sub32,147,ling_word_target,-0.00653468024453078
5148,sub32,148,ling_word_target,0.0026213410143038924
5149,sub32,149,ling_word_target,0.023133503652499388
5150,sub32,150,ling_word_target,-0.00071840335247711
5151,sub32,151,ling_word_target,-0.0057819594756104075
5152,sub32,152,ling_word_target,0.0006886863610439069
5153,sub32,153,ling_word_target,-0.012736580591943193
5154,sub32,154,ling_word_target,0.00023125345826162556
5155,sub32,155,ling_word_target,0.01195604096352644
5156,sub32,156,ling_word_target,0.005434741087056627
5157,sub32,157,ling_word_target,-0.018167530557122454
5158,sub32,158,ling_word_target,-0.0024114691210765336
5159,sub32,159,ling_word_target,-0.021222280253532802
5160,sub32,160,ling_word_target,-0.0038667777825125023
5161,sub32,161,ling_word_target,-0.030268830398618416
5162,sub32,162,ling_word_target,-0.00224592345471665
5163,sub32,163,ling_word_target,-0.004192645797322082
5164,sub32,164,ling_word_target,-0.008175436687437374
5165,sub32,165,ling_word_target,0.00822816779429443
5166,sub32,166,ling_word_target,0.014041158966307385
5167,sub32,167,ling_word_target,0.0019625901437597317
5168,sub32,168,ling_word_target,-0.011125917219698219
5169,sub32,169,ling_word_target,0.007045551681423281
5170,sub32,170,ling_word_target,0.00466513528665623
5171,sub32,171,ling_word_target,0.019228634078986537
5172,sub32,172,ling_word_target,-0.01867775054516306
5173,sub32,173,ling_word_target,0.000931209466187671
5174,sub32,174,ling_word_target,-0.012397974267804571
5175,sub32,175,ling_word_target,-0.036281279064326453
5176,sub32,176,ling_word_target,0.004356306597913785
5177,sub32,177,ling_word_target,-0.010008835630306086
5178,sub32,178,ling_word_target,-0.006761780644144416
5179,sub32,179,ling_word_target,-0.012979179555642845
5180,sub32,180,ling_word_target,-0.011944178482819695
5181,sub32,181,ling_word_target,-0.008692329634711903
5182,sub32,182,ling_word_target,0.0012666155952328567
5183,sub32,183,ling_word_target,-0.01862628906891834
5184,sub32,184,ling_word_target,-0.03269260776953466
5185,sub32,185,ling_word_target,0.004409598086107265
5186,sub32,186,ling_word_target,-0.0035046343683478145
5187,sub32,187,ling_word_target,-0.01538242417831849
5188,sub32,188,ling_word_target,0.015311742070297835
5189,sub32,189,ling_word_target,-0.006163090008838071
5190,sub32,190,ling_word_target,-0.011657513830589113
5191,sub32,191,ling_word_target,-0.014360713677779363
5192,sub32,192,ling_word_target,-0.00810141035833382
5193,sub32,193,ling_word_target,-0.002229564300591788
5194,sub32,194,ling_word_target,-0.0059321181642281165
5195,sub32,195,ling_word_target,0.012752060050278145
5196,sub32,196,ling_word_target,-0.02552754297914319
5197,sub32,197,ling_word_target,0.004394363945064993
5198,sub32,198,ling_word_target,0.013311947183997103
5199,sub32,199,ling_word_target,-0.006666802904953412
5200,sub33,0,ling_word_target,-0.0082003443255775
5201,sub33,1,ling_word_target,0.002251874716215791
5202,sub33,2,ling_word_target,-0.016425298721608094
5203,sub33,3,ling_word_target,-0.0036686779194196597
5204,sub33,4,ling_word_target,0.0014066060849824088
5205,sub33,5,ling_word_target,0.0037677471677350846
5206,sub33,6,ling_word_target,-0.0011440394402223604
5207,sub33,7,ling_word_target,-0.009105535701161077
5208,sub33,8,ling_word_target,0.0012456927937965006
5209,sub33,9,ling_word_target,0.013799614040222749
5210,sub33,10,ling_word_target,-0.009678445323250165
5211,sub33,11,ling_word_target,0.018466418113613204
5212,sub33,12,ling_word_target,0.003230967398851842
5213,sub33,13,ling_word_target,0.0018371866676165339
5214,sub33,14,ling_word_target,-0.0054371714814731515
5215,sub33,15,ling_word_target,-0.024334989362211026
5216,sub33,16,ling_word_target,-0.0069691426872295886
5217,sub33,17,ling_word_target,-0.00016517054490390796
5218,sub33,18,ling_word_target,0.00037546347961535555
5219,sub33,19,ling_word_target,-0.004853247477993718
5220,sub33,20,ling_word_target,-0.004286931178607336
5221,sub33,21,ling_word_target,-0.013502133890688724
5222,sub33,22,ling_word_target,-0.005692638508247594
5223,sub33,23,ling_word_target,-0.015113273493951708
5224,sub33,24,ling_word_target,0.0014918806458155208
5225,sub33,25,ling_word_target,-0.010723295333390148
5226,sub33,26,ling_word_target,0.006963985097281578
5227,sub33,27,ling_word_target,0.004949440286859851
5228,sub33,28,ling_word_target,0.005463055811082971
5229,sub33,29,ling_word_target,-0.014921742889256823
5230,sub33,30,ling_word_target,-0.006549109426711442
5231,sub33,31,ling_word_target,0.015178860331608729
5232,sub33,32,ling_word_target,-0.01188955809413779
5233,sub33,33,ling_word_target,0.004725479000478267
5234,sub33,34,ling_word_target,0.006917333800681566
5235,sub33,35,ling_word_target,0.015549203595660553
5236,sub33,36,ling_word_target,0.000602023420225674
5237,sub33,37,ling_word_target,0.005947261060521676
5238,sub33,38,ling_word_target,-0.0008622811895195423
5239,sub33,39,ling_word_target,0.0028906570071718977
5240,sub33,40,ling_word_target,-0.004082288729104781
5241,sub33,41,ling_word_target,-0.0011917579302614257
5242,sub33,42,ling_word_target,-0.0012336326503047646
5243,sub33,43,ling_word_target,0.011065643361650352
5244,sub33,44,ling_word_target,-0.007200079982256483
5245,sub33,45,ling_word_target,-0.005424587243564505
5246,sub33,46,ling_word_target,0.033619379221285994
5247,sub33,47,ling_word_target,0.010524016695485383
5248,sub33,48,ling_word_target,0.020755511490149564
5249,sub33,49,ling_word_target,0.004296187908542066
5250,sub33,50,ling_word_target,-0.004869610889132451
5251,sub33,51,ling_word_target,0.005661256312372411
5252,sub33,52,ling_word_target,0.01250450303661237
5253,sub33,53,ling_word_target,-0.009890270663894765
5254,sub33,54,ling_word_target,0.0026436593472266056
5255,sub33,55,ling_word_target,-0.0033453367909404494
5256,sub33,56,ling_word_target,0.03487227654243549
5257,sub33,57,ling_word_target,0.014222397224920203
5258,sub33,58,ling_word_target,-0.010408529360317493
5259,sub33,59,ling_word_target,-0.006098211725309627
5260,sub33,60,ling_word_target,0.01130009411059955
5261,sub33,61,ling_word_target,0.0028279460409090258
5262,sub33,62,ling_word_target,-0.020201053778572793
5263,sub33,63,ling_word_target,0.012924428856323798
5264,sub33,64,ling_word_target,0.015629417630822907
5265,sub33,65,ling_word_target,0.0017473727224402648
5266,sub33,66,ling_word_target,-0.006329296307319555
5267,sub33,67,ling_word_target,0.0006397109204526571
5268,sub33,68,ling_word_target,-0.012686081105363881
5269,sub33,69,ling_word_target,-0.006758939891142149
5270,sub33,70,ling_word_target,0.014354787606672739
5271,sub33,71,ling_word_target,-0.012694849439478456
5272,sub33,72,ling_word_target,0.012539928993218943
5273,sub33,73,ling_word_target,0.010664374604016131
5274,sub33,74,ling_word_target,-0.007603839199430915
5275,sub33,75,ling_word_target,-0.008930212938288837
5276,sub33,76,ling_word_target,0.013510867192021565
5277,sub33,77,ling_word_target,0.01813427306708026
5278,sub33,78,ling_word_target,-0.0042583718047357446
5279,sub33,79,ling_word_target,0.0007257355070429928
5280,sub33,80,ling_word_target,-0.0026679984167963778
5281,sub33,81,ling_word_target,-0.0028292466215555346
5282,sub33,82,ling_word_target,-0.006828074375091811
5283,sub33,83,ling_word_target,-0.0005821493141083496
5284,sub33,84,ling_word_target,-0.01655390268607376
5285,sub33,85,ling_word_target,0.005130672261471632
5286,sub33,86,ling_word_target,-0.016350864891743155
5287,sub33,87,ling_word_target,-0.002989181372818694
5288,sub33,88,ling_word_target,0.0010327918636464572
5289,sub33,89,ling_word_target,-0.0051418281097456945
5290,sub33,90,ling_word_target,-0.0036147430562994865
5291,sub33,91,ling_word_target,-0.006574683223478654
5292,sub33,92,ling_word_target,0.008574244454641403
5293,sub33,93,ling_word_target,0.004629620445436612
5294,sub33,94,ling_word_target,0.0005272166659678774
5295,sub33,95,ling_word_target,-0.027028572213198543
5296,sub33,96,ling_word_target,0.01009214942818229
5297,sub33,97,ling_word_target,-0.003993686487659852
5298,sub33,98,ling_word_target,-0.006303076233291575
5299,sub33,99,ling_word_target,-0.018023014203146007
5300,sub33,100,ling_word_target,-0.009990934578744226
5301,sub33,101,ling_word_target,0.01877108476096037
5302,sub33,102,ling_word_target,-0.0003208049456755681
5303,sub33,103,ling_word_target,-0.014343379935604477
5304,sub33,104,ling_word_target,0.009308926329770872
5305,sub33,105,ling_word_target,-0.038208201503804384
5306,sub33,106,ling_word_target,0.011080186995648939
5307,sub33,107,ling_word_target,-0.00022038733972929597
5308,sub33,108,ling_word_target,0.00758417296644879
5309,sub33,109,ling_word_target,-0.029483824714292155
5310,sub33,110,ling_word_target,-0.003733235501525741
5311,sub33,111,ling_word_target,-0.0030979320358509965
5312,sub33,112,ling_word_target,0.005757356953573
5313,sub33,113,ling_word_target,-0.009567008310773402
5314,sub33,114,ling_word_target,0.006253429755979174
5315,sub33,115,ling_word_target,-0.006702810709843114
5316,sub33,116,ling_word_target,0.016242672643913696
5317,sub33,117,ling_word_target,-0.0014157987988303222
5318,sub33,118,ling_word_target,0.015908456588972737
5319,sub33,119,ling_word_target,-0.00044951333441995025
5320,sub33,120,ling_word_target,-0.013487040832452824
5321,sub33,121,ling_word_target,0.013214206084469281
5322,sub33,122,ling_word_target,0.0011575292872486782
5323,sub33,123,ling_word_target,0.0062809321842342
5324,sub33,124,ling_word_target,-0.009142489787109196
5325,sub33,125,ling_word_target,0.016008974945733265
5326,sub33,126,ling_word_target,0.006036848754742533
5327,sub33,127,ling_word_target,-0.005140308647537443
5328,sub33,128,ling_word_target,0.0014264449831298586
5329,sub33,129,ling_word_target,-0.0006791405490831015
5330,sub33,130,ling_word_target,-0.012987945012248684
5331,sub33,131,ling_word_target,-0.0008352203620195869
5332,sub33,132,ling_word_target,0.009973031007483911
5333,sub33,133,ling_word_target,-0.008871191003727416
5334,sub33,134,ling_word_target,0.01248340103920341
5335,sub33,135,ling_word_target,0.006262121348230112
5336,sub33,136,ling_word_target,0.00185538928110518
5337,sub33,137,ling_word_target,-0.014101778113165245
5338,sub33,138,ling_word_target,-0.006517120379324391
5339,sub33,139,ling_word_target,0.005936239569132704
5340,sub33,140,ling_word_target,0.00936973368084786
5341,sub33,141,ling_word_target,0.007472467934981669
5342,sub33,142,ling_word_target,-0.0022257255560027096
5343,sub33,143,ling_word_target,0.0006819397451471076
5344,sub33,144,ling_word_target,-0.009206123014319337
5345,sub33,145,ling_word_target,0.007877605065893634
5346,sub33,146,ling_word_target,-0.0067526271792210085
5347,sub33,147,ling_word_target,-0.0041334101239229905
5348,sub33,148,ling_word_target,0.00480267682767297
5349,sub33,149,ling_word_target,0.011244960158200467
5350,sub33,150,ling_word_target,0.0007843118881633138
5351,sub33,151,ling_word_target,-0.0012866535616990174
5352,sub33,152,ling_word_target,-0.03805336636965015
5353,sub33,153,ling_word_target,-0.013069310222920153
5354,sub33,154,ling_word_target,0.010536270364674147
5355,sub33,155,ling_word_target,-0.013017919980402456
5356,sub33,156,ling_word_target,0.006292850381858529
5357,sub33,157,ling_word_target,0.008578558357867043
5358,sub33,158,ling_word_target,-0.0030140473120510336
5359,sub33,159,ling_word_target,-0.024481755368422696
5360,sub33,160,ling_word_target,-0.006780749339533355
5361,sub33,161,ling_word_target,-0.004886418054980481
5362,sub33,162,ling_word_target,-0.006983902656250834
5363,sub33,163,ling_word_target,-0.01050290099785415
5364,sub33,164,ling_word_target,0.009435637676798763
5365,sub33,165,ling_word_target,-0.003292215535324408
5366,sub33,166,ling_word_target,-0.013182561299005493
5367,sub33,167,ling_word_target,0.0010011545266656718
5368,sub33,168,ling_word_target,-0.03392657821767301
5369,sub33,169,ling_word_target,0.004244660156815643
5370,sub33,170,ling_word_target,0.00491599029305185
5371,sub33,171,ling_word_target,0.012862945352992303
5372,sub33,172,ling_word_target,-0.0087675457058687
5373,sub33,173,ling_word_target,-0.0014915109685969075
5374,sub33,174,ling_word_target,-0.016357658458966834
5375,sub33,175,ling_word_target,-0.009126395509558913
5376,sub33,176,ling_word_target,0.0017542267723833162
5377,sub33,177,ling_word_target,-0.022469412193617325
5378,sub33,178,ling_word_target,0.004175284590534552
5379,sub33,179,ling_word_target,-0.004417312795562983
5380,sub33,180,ling_word_target,-0.027365864120934925
5381,sub33,181,ling_word_target,-0.0023578977179518103
5382,sub33,182,ling_word_target,0.005282980730246418
5383,sub33,183,ling_word_target,0.004459631781401786
5384,sub33,184,ling_word_target,0.0018840265638448586
5385,sub33,185,ling_word_target,0.017110711769173115
5386,sub33,186,ling_word_target,0.0077476345271991365
5387,sub33,187,ling_word_target,0.009968950208890524
5388,sub33,188,ling_word_target,0.017410313180413705
5389,sub33,189,ling_word_target,0.02372998368447477
5390,sub33,190,ling_word_target,0.01995894698646075
5391,sub33,191,ling_word_target,0.0017900124531063286
5392,sub33,192,ling_word_target,-0.011167089705196724
5393,sub33,193,ling_word_target,0.026379624217459034
5394,sub33,194,ling_word_target,0.008356654001269661
5395,sub33,195,ling_word_target,0.0035204292331237224
5396,sub33,196,ling_word_target,0.010909265104674815
5397,sub33,197,ling_word_target,0.007641111587627366
5398,sub33,198,ling_word_target,-0.01015750277224666
5399,sub33,199,ling_word_target,0.009263915412844187
5400,sub34,0,ling_word_target,-0.004113338687919566
5401,sub34,1,ling_word_target,-0.00021161146888339744
5402,sub34,2,ling_word_target,0.01748595466973781
5403,sub34,3,ling_word_target,0.013398364345794528
5404,sub34,4,ling_word_target,0.0007303104983514558
5405,sub34,5,ling_word_target,0.007613060012241966
5406,sub34,6,ling_word_target,-0.009320790694724836
5407,sub34,7,ling_word_target,-0.0026342531822908435
5408,sub34,8,ling_word_target,0.005819394103020822
5409,sub34,9,ling_word_target,0.008724501120109113
5410,sub34,10,ling_word_target,-0.006302278413261136
5411,sub34,11,ling_word_target,0.008356202743746356
5412,sub34,12,ling_word_target,0.0031746649761237224
5413,sub34,13,ling_word_target,-0.011407119096047011
5414,sub34,14,ling_word_target,-0.001239192975932641
5415,sub34,15,ling_word_target,0.012973118792693916
5416,sub34,16,ling_word_target,-0.0028924204141589417
5417,sub34,17,ling_word_target,-0.014359259887078505
5418,sub34,18,ling_word_target,-0.00738127484393834
5419,sub34,19,ling_word_target,-0.0023960996773638435
5420,sub34,20,ling_word_target,0.019711624246305442
5421,sub34,21,ling_word_target,-0.013623086032777093
5422,sub34,22,ling_word_target,-0.003182849779727362
5423,sub34,23,ling_word_target,0.0021470948845472024
5424,sub34,24,ling_word_target,-0.011743680125473454
5425,sub34,25,ling_word_target,-0.012927994758785817
5426,sub34,26,ling_word_target,0.0016272650341176745
5427,sub34,27,ling_word_target,-0.025345015328297752
5428,sub34,28,ling_word_target,0.010277606272794917
5429,sub34,29,ling_word_target,-0.0007996744017781252
5430,sub34,30,ling_word_target,0.004532429738792596
5431,sub34,31,ling_word_target,-0.009955087227918843
5432,sub34,32,ling_word_target,0.00235149063351514
5433,sub34,33,ling_word_target,-0.01693473272672763
5434,sub34,34,ling_word_target,-0.008891092049674618
5435,sub34,35,ling_word_target,0.0005834973652942946
5436,sub34,36,ling_word_target,0.0058117518102426486
5437,sub34,37,ling_word_target,0.016631933423537998
5438,sub34,38,ling_word_target,-0.0018247351888779817
5439,sub34,39,ling_word_target,-0.01149980864454474
5440,sub34,40,ling_word_target,-0.01133805852913631
5441,sub34,41,ling_word_target,-0.008595984335228084
5442,sub34,42,ling_word_target,0.0003995546808644813
5443,sub34,43,ling_word_target,-0.02385516217902388
5444,sub34,44,ling_word_target,-0.006515883149356969
5445,sub34,45,ling_word_target,0.021717931204053312
5446,sub34,46,ling_word_target,0.007930458597910266
5447,sub34,47,ling_word_target,-0.0026962589727186877
5448,sub34,48,ling_word_target,0.0075675452848058215
5449,sub34,49,ling_word_target,-0.009182981687086707
5450,sub34,50,ling_word_target,-0.0146935014411631
5451,sub34,51,ling_word_target,0.005937783156171028
5452,sub34,52,ling_word_target,0.0052122799987843575
5453,sub34,53,ling_word_target,-0.012783153084922618
5454,sub34,54,ling_word_target,0.0006731562406423412
5455,sub34,55,ling_word_target,-0.006686074794761815
5456,sub34,56,ling_word_target,0.024942903743612372
5457,sub34,57,ling_word_target,0.0018581528147877855
5458,sub34,58,ling_word_target,-0.00133794249074759
5459,sub34,59,ling_word_target,-0.006954324925003425
5460,sub34,60,ling_word_target,-0.009310856382849104
5461,sub34,61,ling_word_target,-0.013689766747117053
5462,sub34,62,ling_word_target,-0.0008315171792557675
5463,sub34,63,ling_word_target,0.009755744497792082
5464,sub34,64,ling_word_target,0.002541242842747641
5465,sub34,65,ling_word_target,-0.010176170064344185
5466,sub34,66,ling_word_target,-0.01596957031515619
5467,sub34,67,ling_word_target,-0.009399032377436459
5468,sub34,68,ling_word_target,-0.004402135706487514
5469,sub34,69,ling_word_target,-0.004051881093551092
5470,sub34,70,ling_word_target,-0.006405389942141015
5471,sub34,71,ling_word_target,-0.008335257598268699
5472,sub34,72,ling_word_target,0.011912789162922469
5473,sub34,73,ling_word_target,-0.008532686558221142
5474,sub34,74,ling_word_target,0.008878669588384439
5475,sub34,75,ling_word_target,-0.015034154149687298
5476,sub34,76,ling_word_target,-0.00044152624559234965
5477,sub34,77,ling_word_target,-0.001859528386612897
5478,sub34,78,ling_word_target,-0.0019116998164935577
5479,sub34,79,ling_word_target,-0.009673579061821392
5480,sub34,80,ling_word_target,0.021140298113741438
5481,sub34,81,ling_word_target,-0.008222995412436958
5482,sub34,82,ling_word_target,0.002391271927331715
5483,sub34,83,ling_word_target,-0.005688721372393525
5484,sub34,84,ling_word_target,-0.019445717420358614
5485,sub34,85,ling_word_target,0.005584619619820433
5486,sub34,86,ling_word_target,0.005276815218177124
5487,sub34,87,ling_word_target,0.009337267578960615
5488,sub34,88,ling_word_target,0.0015270232564832604
5489,sub34,89,ling_word_target,0.0035657890580548203
5490,sub34,90,ling_word_target,0.009444606363122813
5491,sub34,91,ling_word_target,-0.00999011397661765
5492,sub34,92,ling_word_target,0.002673819315225966
5493,sub34,93,ling_word_target,-0.005236295050819211
5494,sub34,94,ling_word_target,0.021001718833301715
5495,sub34,95,ling_word_target,0.006474771727638769
5496,sub34,96,ling_word_target,-0.005262995788176693
5497,sub34,97,ling_word_target,-0.007137457986526016
5498,sub34,98,ling_word_target,0.0026895976684598935
5499,sub34,99,ling_word_target,0.012161468559703232
5500,sub34,100,ling_word_target,-0.0005724712385648748
5501,sub34,101,ling_word_target,0.007379365619143502
5502,sub34,102,ling_word_target,0.0013680517048853676
5503,sub34,103,ling_word_target,0.015387808662992023
5504,sub34,104,ling_word_target,0.006262464409198988
5505,sub34,105,ling_word_target,0.0030034144311458844
5506,sub34,106,ling_word_target,-0.017572713678747014
5507,sub34,107,ling_word_target,-0.0010566413325629404
5508,sub34,108,ling_word_target,0.0011312601667203348
5509,sub34,109,ling_word_target,0.005446920458021909
5510,sub34,110,ling_word_target,-0.01592769126308821
5511,sub34,111,ling_word_target,0.010011262447981836
5512,sub34,112,ling_word_target,-0.004198566577884901
5513,sub34,113,ling_word_target,0.003109837264985352
5514,sub34,114,ling_word_target,0.0016242186692418147
5515,sub34,115,ling_word_target,-0.008698539205247817
5516,sub34,116,ling_word_target,0.0025324223980565464
5517,sub34,117,ling_word_target,0.0020874922316265433
5518,sub34,118,ling_word_target,0.009032993751401668
5519,sub34,119,ling_word_target,-0.021829071096012984
5520,sub34,120,ling_word_target,0.012599491129038073
5521,sub34,121,ling_word_target,0.0026901732787570987
5522,sub34,122,ling_word_target,0.000852495988733011
5523,sub34,123,ling_word_target,-0.018735250944804972
5524,sub34,124,ling_word_target,-0.011258036750104118
5525,sub34,125,ling_word_target,-0.0003525146697259305
5526,sub34,126,ling_word_target,-0.022182954864902498
5527,sub34,127,ling_word_target,-0.00749738925600908
5528,sub34,128,ling_word_target,-0.009972156079877252
5529,sub34,129,ling_word_target,-0.003003284885211872
5530,sub34,130,ling_word_target,0.004950985231161083
5531,sub34,131,ling_word_target,0.0032675452822114345
5532,sub34,132,ling_word_target,-0.005038171280821171
5533,sub34,133,ling_word_target,0.0004411714417270093
5534,sub34,134,ling_word_target,-0.004645403364893753
5535,sub34,135,ling_word_target,-0.0025802114068545264
5536,sub34,136,ling_word_target,-0.0032239299940932187
5537,sub34,137,ling_word_target,0.0012111328661794307
5538,sub34,138,ling_word_target,0.006597177836521451
5539,sub34,139,ling_word_target,-0.004870162956281046
5540,sub34,140,ling_word_target,-0.007153760256138516
5541,sub34,141,ling_word_target,0.008256685202946817
5542,sub34,142,ling_word_target,0.014695124992798111
5543,sub34,143,ling_word_target,-0.007681661467432354
5544,sub34,144,ling_word_target,0.009220103488120898
5545,sub34,145,ling_word_target,0.005931780988801041
5546,sub34,146,ling_word_target,0.015791041557383638
5547,sub34,147,ling_word_target,-0.004203269527222657
5548,sub34,148,ling_word_target,0.008161365256676881
5549,sub34,149,ling_word_target,-0.010806781196998077
5550,sub34,150,ling_word_target,0.0108363113335366
5551,sub34,151,ling_word_target,0.004168229521156414
5552,sub34,152,ling_word_target,-0.010394146253879655
5553,sub34,153,ling_word_target,-0.0039336016198236595
5554,sub34,154,ling_word_target,0.010163614272019785
5555,sub34,155,ling_word_target,0.001356932197870198
5556,sub34,156,ling_word_target,0.009347333216694837
5557,sub34,157,ling_word_target,0.013213986765374039
5558,sub34,158,ling_word_target,-0.01125216743938821
5559,sub34,159,ling_word_target,-0.013692794477002206
5560,sub34,160,ling_word_target,-0.006189037814079951
5561,sub34,161,ling_word_target,0.0030064149793183905
5562,sub34,162,ling_word_target,-0.001104481375293883
5563,sub34,163,ling_word_target,-0.01086707739248288
5564,sub34,164,ling_word_target,-0.008503659150398015
5565,sub34,165,ling_word_target,-0.032530703756084293
5566,sub34,166,ling_word_target,-0.005218315371506981
5567,sub34,167,ling_word_target,0.014761521320601547
5568,sub34,168,ling_word_target,-0.0060294350641044514
5569,sub34,169,ling_word_target,-0.010881519736571765
5570,sub34,170,ling_word_target,-0.002536306965031556
5571,sub34,171,ling_word_target,-0.001542970616903022
5572,sub34,172,ling_word_target,-0.013600630563429559
5573,sub34,173,ling_word_target,-0.020486672110328518
5574,sub34,174,ling_word_target,0.00635703156060313
5575,sub34,175,ling_word_target,0.007179545630682669
5576,sub34,176,ling_word_target,-0.011677854095175714
5577,sub34,177,ling_word_target,-0.0025561411627246745
5578,sub34,178,ling_word_target,-0.0028707563498983984
5579,sub34,179,ling_word_target,0.011461761615247127
5580,sub34,180,ling_word_target,0.002804430845461099
5581,sub34,181,ling_word_target,-0.015188381216413645
5582,sub34,182,ling_word_target,0.0001433190270435413
5583,sub34,183,ling_word_target,-0.003471938518821767
5584,sub34,184,ling_word_target,-0.014806375066520999
5585,sub34,185,ling_word_target,0.0003867489937516026
5586,sub34,186,ling_word_target,0.003479472647905876
5587,sub34,187,ling_word_target,0.008418186280664208
5588,sub34,188,ling_word_target,-0.024828215211621624
5589,sub34,189,ling_word_target,0.004792800170108076
5590,sub34,190,ling_word_target,-0.009438258154236297
5591,sub34,191,ling_word_target,0.001670859494905396
5592,sub34,192,ling_word_target,0.004489897718998735
5593,sub34,193,ling_word_target,-0.004274859218433103
5594,sub34,194,ling_word_target,-0.007166700074338647
5595,sub34,195,ling_word_target,-0.009360284730305998
5596,sub34,196,ling_word_target,-0.00045504724419789794
5597,sub34,197,ling_word_target,-0.0069373085309175015
5598,sub34,198,ling_word_target,-0.004826793906799934
5599,sub34,199,ling_word_target,0.013953521462441165
5600,sub35,0,ling_word_target,-0.006678855949332634
5601,sub35,1,ling_word_target,0.004899839764998589
5602,sub35,2,ling_word_target,0.005242297668835771
5603,sub35,3,ling_word_target,0.03108925860642816
5604,sub35,4,ling_word_target,-0.006603826011349109
5605,sub35,5,ling_word_target,0.005170871505803244
5606,sub35,6,ling_word_target,-0.02719723018148186
5607,sub35,7,ling_word_target,0.001533637330714132
5608,sub35,8,ling_word_target,-0.0015036846092872237
5609,sub35,9,ling_word_target,-0.003943876019358097
5610,sub35,10,ling_word_target,0.00943224915213908
5611,sub35,11,ling_word_target,0.021445245064150756
5612,sub35,12,ling_word_target,0.003549487050069244
5613,sub35,13,ling_word_target,-0.0004929254987436042
5614,sub35,14,ling_word_target,0.018435971771152807
5615,sub35,15,ling_word_target,0.01900890045355889
5616,sub35,16,ling_word_target,-0.006687391092712
5617,sub35,17,ling_word_target,-0.033912216029367614
5618,sub35,18,ling_word_target,0.031722375557948594
5619,sub35,19,ling_word_target,0.004802610214183157
5620,sub35,20,ling_word_target,0.004476261733622274
5621,sub35,21,ling_word_target,0.0020313533469126224
5622,sub35,22,ling_word_target,-0.01150708919641703
5623,sub35,23,ling_word_target,-0.015813059515946512
5624,sub35,24,ling_word_target,-0.020214249179303596
5625,sub35,25,ling_word_target,0.03897629184667361
5626,sub35,26,ling_word_target,0.0042714146358084635
5627,sub35,27,ling_word_target,0.020322430251668855
5628,sub35,28,ling_word_target,0.00432138789605303
5629,sub35,29,ling_word_target,-0.01748344097532178
5630,sub35,30,ling_word_target,-0.005367103954539757
5631,sub35,31,ling_word_target,-0.0011577467773065057
5632,sub35,32,ling_word_target,0.02320956268622215
5633,sub35,33,ling_word_target,0.007644604945580215
5634,sub35,34,ling_word_target,0.010334770410416281
5635,sub35,35,ling_word_target,0.0030174859125141184
5636,sub35,36,ling_word_target,0.0205898309565401
5637,sub35,37,ling_word_target,-0.0035081937481147383
5638,sub35,38,ling_word_target,0.00025876988185703147
5639,sub35,39,ling_word_target,0.004190843853374114
5640,sub35,40,ling_word_target,-0.0017998662981904912
5641,sub35,41,ling_word_target,0.0069638389447437025
5642,sub35,42,ling_word_target,-0.0178863218277594
5643,sub35,43,ling_word_target,0.007445621705886081
5644,sub35,44,ling_word_target,0.014898159097638046
5645,sub35,45,ling_word_target,0.004142895366513517
5646,sub35,46,ling_word_target,-0.01595912715842815
5647,sub35,47,ling_word_target,0.0029432166731070963
5648,sub35,48,ling_word_target,0.012503725424397946
5649,sub35,49,ling_word_target,0.007140540651632416
5650,sub35,50,ling_word_target,0.0005322957981718719
5651,sub35,51,ling_word_target,0.003122030675815952
5652,sub35,52,ling_word_target,-0.025793581841476437
5653,sub35,53,ling_word_target,-0.0025835864218299322
5654,sub35,54,ling_word_target,0.0012345194085258456
5655,sub35,55,ling_word_target,-0.001867599191792198
5656,sub35,56,ling_word_target,0.038303583235802685
5657,sub35,57,ling_word_target,0.013953539381976405
5658,sub35,58,ling_word_target,0.006256403116362246
5659,sub35,59,ling_word_target,0.004574916502477137
5660,sub35,60,ling_word_target,-0.008122774715711985
5661,sub35,61,ling_word_target,-0.02737923669539549
5662,sub35,62,ling_word_target,0.0071199264481416474
5663,sub35,63,ling_word_target,0.0005389458430128228
5664,sub35,64,ling_word_target,0.012943917339386938
5665,sub35,65,ling_word_target,0.004537918460653775
5666,sub35,66,ling_word_target,0.02233800079526786
5667,sub35,67,ling_word_target,0.013887905453311422
5668,sub35,68,ling_word_target,-0.00515690353300473
5669,sub35,69,ling_word_target,-0.00043046667760729136
5670,sub35,70,ling_word_target,0.023751586059798862
5671,sub35,71,ling_word_target,0.014052219586122234
5672,sub35,72,ling_word_target,0.008964626173128836
5673,sub35,73,ling_word_target,0.014267272226572184
5674,sub35,74,ling_word_target,-0.015046147294938375
5675,sub35,75,ling_word_target,0.008299732407573052
5676,sub35,76,ling_word_target,-0.04136372366817957
5677,sub35,77,ling_word_target,-0.00439596068566886
5678,sub35,78,ling_word_target,-0.008075240577632243
5679,sub35,79,ling_word_target,-0.003088643411466161
5680,sub35,80,ling_word_target,0.004329552192635669
5681,sub35,81,ling_word_target,-0.01916116032770466
5682,sub35,82,ling_word_target,-0.017416234163734026
5683,sub35,83,ling_word_target,-0.006539584511262845
5684,sub35,84,ling_word_target,0.0027137895552928532
5685,sub35,85,ling_word_target,-0.020748905144821375
5686,sub35,86,ling_word_target,0.007714567637325074
5687,sub35,87,ling_word_target,-0.01662490817665929
5688,sub35,88,ling_word_target,-0.003818718198581101
5689,sub35,89,ling_word_target,0.003794926502775362
5690,sub35,90,ling_word_target,0.0045166701383485995
5691,sub35,91,ling_word_target,0.004133301044507669
5692,sub35,92,ling_word_target,0.0062600586715149216
5693,sub35,93,ling_word_target,0.013089780183200964
5694,sub35,94,ling_word_target,-0.008205292844275356
5695,sub35,95,ling_word_target,0.0001678615367130112
5696,sub35,96,ling_word_target,0.012250165350038606
5697,sub35,97,ling_word_target,-0.012021623693494805
5698,sub35,98,ling_word_target,0.00921461205708643
5699,sub35,99,ling_word_target,-0.0066525908688403156
5700,sub35,100,ling_word_target,0.02276450887967418
5701,sub35,101,ling_word_target,-0.016796651519438578
5702,sub35,102,ling_word_target,-0.00972822945551952
5703,sub35,103,ling_word_target,0.002115826267753789
5704,sub35,104,ling_word_target,0.018779992860952957
5705,sub35,105,ling_word_target,-0.001168840734675125
5706,sub35,106,ling_word_target,0.01456969756966696
5707,sub35,107,ling_word_target,0.012179706494080655
5708,sub35,108,ling_word_target,-0.012356202895871414
5709,sub35,109,ling_word_target,-0.011076946272338708
5710,sub35,110,ling_word_target,0.006732967765758893
5711,sub35,111,ling_word_target,-0.001994078189441482
5712,sub35,112,ling_word_target,-0.002511293595221143
5713,sub35,113,ling_word_target,-0.008398120069851514
5714,sub35,114,ling_word_target,0.008345608256313244
5715,sub35,115,ling_word_target,-0.002482604780864507
5716,sub35,116,ling_word_target,0.0005350279074910735
5717,sub35,117,ling_word_target,0.007041443760879061
5718,sub35,118,ling_word_target,0.014797035040330784
5719,sub35,119,ling_word_target,0.0004544464317883215
5720,sub35,120,ling_word_target,-0.0032652290165582766
5721,sub35,121,ling_word_target,-0.0006063563536600605
5722,sub35,122,ling_word_target,-0.0021120368779810454
5723,sub35,123,ling_word_target,-0.014453456881709102
5724,sub35,124,ling_word_target,-0.013015137491666127
5725,sub35,125,ling_word_target,0.014057274947579208
5726,sub35,126,ling_word_target,-0.01842253566641261
5727,sub35,127,ling_word_target,-0.00019613634612916954
5728,sub35,128,ling_word_target,0.014725017105794339
5729,sub35,129,ling_word_target,0.0022545579270205427
5730,sub35,130,ling_word_target,-0.009260690695526097
5731,sub35,131,ling_word_target,0.010608936028370609
5732,sub35,132,ling_word_target,0.004842257215122142
5733,sub35,133,ling_word_target,-0.006925008675375065
5734,sub35,134,ling_word_target,0.0012664649414320034
5735,sub35,135,ling_word_target,-0.006668389784056457
5736,sub35,136,ling_word_target,0.00032711986211722246
5737,sub35,137,ling_word_target,-0.011147692251217697
5738,sub35,138,ling_word_target,0.009684122005302715
5739,sub35,139,ling_word_target,-0.022836282106399024
5740,sub35,140,ling_word_target,-0.014418085737411634
5741,sub35,141,ling_word_target,-0.02452489567589504
5742,sub35,142,ling_word_target,0.00827656045458051
5743,sub35,143,ling_word_target,0.004204923360929026
5744,sub35,144,ling_word_target,0.01333253216980604
5745,sub35,145,ling_word_target,-0.0025097821324236535
5746,sub35,146,ling_word_target,0.004691504645816276
5747,sub35,147,ling_word_target,-0.011066504373271698
5748,sub35,148,ling_word_target,0.01957493359243986
5749,sub35,149,ling_word_target,-0.008687219762542015
5750,sub35,150,ling_word_target,0.0043000781628238765
5751,sub35,151,ling_word_target,-0.0042033428213386235
5752,sub35,152,ling_word_target,0.026017071061150924
5753,sub35,153,ling_word_target,-0.005222249390359287
5754,sub35,154,ling_word_target,-0.000524774389008299
5755,sub35,155,ling_word_target,-0.012586020503837198
5756,sub35,156,ling_word_target,-0.0278996137175554
5757,sub35,157,ling_word_target,-0.024865658912242936
5758,sub35,158,ling_word_target,0.0033128022409790927
5759,sub35,159,ling_word_target,0.025750428502277115
5760,sub35,160,ling_word_target,-0.015473015635864562
5761,sub35,161,ling_word_target,0.0026369324887420267
5762,sub35,162,ling_word_target,-0.0037642181741180513
5763,sub35,163,ling_word_target,0.012533926977457059
5764,sub35,164,ling_word_target,0.004133979905496
5765,sub35,165,ling_word_target,0.009551253845834495
5766,sub35,166,ling_word_target,0.006016681103468382
5767,sub35,167,ling_word_target,0.013490786263255599
5768,sub35,168,ling_word_target,-0.004483612956591554
5769,sub35,169,ling_word_target,-0.019841089840804176
5770,sub35,170,ling_word_target,0.00034223147055678323
5771,sub35,171,ling_word_target,0.010940505604999417
5772,sub35,172,ling_word_target,0.0012350235228156816
5773,sub35,173,ling_word_target,-0.0024630318480441554
5774,sub35,174,ling_word_target,0.0025126171969226097
5775,sub35,175,ling_word_target,-0.007806473311300261
5776,sub35,176,ling_word_target,-0.000776504195016097
5777,sub35,177,ling_word_target,-0.006462406125419722
5778,sub35,178,ling_word_target,0.0019932078436670636
5779,sub35,179,ling_word_target,0.01831122962348673
5780,sub35,180,ling_word_target,0.004145247852918594
5781,sub35,181,ling_word_target,-0.006902579719158674
5782,sub35,182,ling_word_target,-0.010712717288218498
5783,sub35,183,ling_word_target,-0.006051781783427885
5784,sub35,184,ling_word_target,-0.009303057759891344
5785,sub35,185,ling_word_target,-0.0005151160111570753
5786,sub35,186,ling_word_target,0.009988293513488098
5787,sub35,187,ling_word_target,0.0014750015293394487
5788,sub35,188,ling_word_target,-0.015241885890864303
5789,sub35,189,ling_word_target,0.0063051152916651755
5790,sub35,190,ling_word_target,0.004711572176415628
5791,sub35,191,ling_word_target,-0.01158447447820668
5792,sub35,192,ling_word_target,0.017011661239687025
5793,sub35,193,ling_word_target,0.022639344825565077
5794,sub35,194,ling_word_target,0.0036761103667004654
5795,sub35,195,ling_word_target,0.010968044755944682
5796,sub35,196,ling_word_target,-0.0007656391107428892
5797,sub35,197,ling_word_target,-0.001995241876556332
5798,sub35,198,ling_word_target,0.01231413011948453
5799,sub35,199,ling_word_target,-0.017424573609582508
5800,sub36,0,ling_word_target,0.016473045660082262
5801,sub36,1,ling_word_target,0.012488089810603967
5802,sub36,2,ling_word_target,0.0067347129755655774
5803,sub36,3,ling_word_target,-0.016429818185088006
5804,sub36,4,ling_word_target,0.024413165149554494
5805,sub36,5,ling_word_target,0.006284371495915101
5806,sub36,6,ling_word_target,0.014540927396970897
5807,sub36,7,ling_word_target,0.006940766415916161
5808,sub36,8,ling_word_target,0.01679730493589195
5809,sub36,9,ling_word_target,0.005125966308125701
5810,sub36,10,ling_word_target,-0.019322658541382882
5811,sub36,11,ling_word_target,-0.003541828067044467
5812,sub36,12,ling_word_target,0.005202494258433582
5813,sub36,13,ling_word_target,-0.0019689345335773753
5814,sub36,14,ling_word_target,0.012273472357016035
5815,sub36,15,ling_word_target,-0.01759002969372286
5816,sub36,16,ling_word_target,-0.01251943845378253
5817,sub36,17,ling_word_target,0.016651455392615075
5818,sub36,18,ling_word_target,0.005757548630255724
5819,sub36,19,ling_word_target,0.00891462211583076
5820,sub36,20,ling_word_target,0.02916750529098756
5821,sub36,21,ling_word_target,-0.007661833551255159
5822,sub36,22,ling_word_target,-0.010694213540961776
5823,sub36,23,ling_word_target,-0.010089566427825053
5824,sub36,24,ling_word_target,-0.020350035454764957
5825,sub36,25,ling_word_target,0.02812243468181517
5826,sub36,26,ling_word_target,0.0053440877253024075
5827,sub36,27,ling_word_target,-0.010797171994021419
5828,sub36,28,ling_word_target,0.008447928446458676
5829,sub36,29,ling_word_target,-0.008973553632144981
5830,sub36,30,ling_word_target,-0.008548264706649877
5831,sub36,31,ling_word_target,-0.019619110372456006
5832,sub36,32,ling_word_target,0.013348430786029562
5833,sub36,33,ling_word_target,0.004506323611560466
5834,sub36,34,ling_word_target,-0.0014782839273898465
5835,sub36,35,ling_word_target,0.02111876525445606
5836,sub36,36,ling_word_target,0.008048328270388762
5837,sub36,37,ling_word_target,0.042093054346159925
5838,sub36,38,ling_word_target,-0.016138434341401435
5839,sub36,39,ling_word_target,-0.022182304110374494
5840,sub36,40,ling_word_target,-0.00273943317600927
5841,sub36,41,ling_word_target,-0.0008516329907795624
5842,sub36,42,ling_word_target,-0.007678984768291101
5843,sub36,43,ling_word_target,0.006226480387139914
5844,sub36,44,ling_word_target,0.029241747084068723
5845,sub36,45,ling_word_target,-0.004958846408578028
5846,sub36,46,ling_word_target,0.03782509244820183
5847,sub36,47,ling_word_target,-0.010132247961287677
5848,sub36,48,ling_word_target,0.0025731124115339465
5849,sub36,49,ling_word_target,0.00013506758845712247
5850,sub36,50,ling_word_target,-0.0013644199989588546
5851,sub36,51,ling_word_target,-0.009423596452350868
5852,sub36,52,ling_word_target,0.00710774526671415
5853,sub36,53,ling_word_target,-0.008819065686742823
5854,sub36,54,ling_word_target,-0.045868334208803936
5855,sub36,55,ling_word_target,0.007131781550944483
5856,sub36,56,ling_word_target,0.015042487257670385
5857,sub36,57,ling_word_target,0.0016483051472125734
5858,sub36,58,ling_word_target,-0.006791232800894827
5859,sub36,59,ling_word_target,0.0040834687476350474
5860,sub36,60,ling_word_target,-0.022877799443402312
5861,sub36,61,ling_word_target,0.002224980535895277
5862,sub36,62,ling_word_target,0.013080863141095701
5863,sub36,63,ling_word_target,-0.010803650851009363
5864,sub36,64,ling_word_target,-0.003974128385844347
5865,sub36,65,ling_word_target,0.02004979556360708
5866,sub36,66,ling_word_target,0.0013929553138917492
5867,sub36,67,ling_word_target,0.0012533862985420843
5868,sub36,68,ling_word_target,-0.011887690180099282
5869,sub36,69,ling_word_target,0.0231388666725582
5870,sub36,70,ling_word_target,0.012746480384367558
5871,sub36,71,ling_word_target,0.01456167854901574
5872,sub36,72,ling_word_target,-0.008918942835852685
5873,sub36,73,ling_word_target,-0.00762527335773155
5874,sub36,74,ling_word_target,0.006836665758164038
5875,sub36,75,ling_word_target,0.014988071719515755
5876,sub36,76,ling_word_target,-0.0017584602759933893
5877,sub36,77,ling_word_target,0.021570333080656444
5878,sub36,78,ling_word_target,0.013442329874161016
5879,sub36,79,ling_word_target,-0.0028577105814324307
5880,sub36,80,ling_word_target,-0.01258870951632149
5881,sub36,81,ling_word_target,0.004415056207595622
5882,sub36,82,ling_word_target,-0.003901295851804469
5883,sub36,83,ling_word_target,-0.006189355965845514
5884,sub36,84,ling_word_target,-0.003440708962116632
5885,sub36,85,ling_word_target,0.006262760697411476
5886,sub36,86,ling_word_target,-0.00029426049221751357
5887,sub36,87,ling_word_target,0.053955643291421614
5888,sub36,88,ling_word_target,-0.022615325087431724
5889,sub36,89,ling_word_target,-0.024672128434877687
5890,sub36,90,ling_word_target,0.007428302722373517
5891,sub36,91,ling_word_target,0.023368873744379865
5892,sub36,92,ling_word_target,0.024658764677525653
5893,sub36,93,ling_word_target,0.023476022432463627
5894,sub36,94,ling_word_target,0.007112220783938803
5895,sub36,95,ling_word_target,-0.01657643872790892
5896,sub36,96,ling_word_target,-0.04594311635042043
5897,sub36,97,ling_word_target,0.0036825712659243246
5898,sub36,98,ling_word_target,0.005168572100057833
5899,sub36,99,ling_word_target,0.025915457954247503
5900,sub36,100,ling_word_target,0.022362250196482143
5901,sub36,101,ling_word_target,0.0016772887134466235
5902,sub36,102,ling_word_target,-0.0020142370048424492
5903,sub36,103,ling_word_target,-0.009869119695799981
5904,sub36,104,ling_word_target,0.0007251270758061041
5905,sub36,105,ling_word_target,-0.0077092898206653614
5906,sub36,106,ling_word_target,-0.009267909036759406
5907,sub36,107,ling_word_target,0.01473637477195628
5908,sub36,108,ling_word_target,-0.015890311019074295
5909,sub36,109,ling_word_target,0.022861981437113033
5910,sub36,110,ling_word_target,-0.010813067645207916
5911,sub36,111,ling_word_target,0.008581811464089591
5912,sub36,112,ling_word_target,0.007001731177568912
5913,sub36,113,ling_word_target,0.02289036196229177
5914,sub36,114,ling_word_target,0.004778776347645065
5915,sub36,115,ling_word_target,-0.00853767827050865
5916,sub36,116,ling_word_target,0.01953748589104164
5917,sub36,117,ling_word_target,2.635340871541376e-05
5918,sub36,118,ling_word_target,-0.020610118646982055
5919,sub36,119,ling_word_target,0.007585473391719191
5920,sub36,120,ling_word_target,0.006512327386255678
5921,sub36,121,ling_word_target,-0.00533214111711699
5922,sub36,122,ling_word_target,0.0028388162104527235
5923,sub36,123,ling_word_target,0.017652985066393092
5924,sub36,124,ling_word_target,-0.011914108761173431
5925,sub36,125,ling_word_target,0.022336273824567033
5926,sub36,126,ling_word_target,0.011377931568215646
5927,sub36,127,ling_word_target,0.0005774139006669988
5928,sub36,128,ling_word_target,0.016613840602083412
5929,sub36,129,ling_word_target,0.022269745335841196
5930,sub36,130,ling_word_target,0.015826939913028748
5931,sub36,131,ling_word_target,0.008500561976960546
5932,sub36,132,ling_word_target,-0.035222615062973486
5933,sub36,133,ling_word_target,0.021855561033651154
5934,sub36,134,ling_word_target,-0.0018302742103145045
5935,sub36,135,ling_word_target,0.03316350566353666
5936,sub36,136,ling_word_target,-0.022282888838320976
5937,sub36,137,ling_word_target,-0.0014823040896385768
5938,sub36,138,ling_word_target,0.004816483675945087
5939,sub36,139,ling_word_target,0.0016604919403872985
5940,sub36,140,ling_word_target,0.014986608037310762
5941,sub36,141,ling_word_target,0.00030030054763489434
5942,sub36,142,ling_word_target,-0.0065535756318220555
5943,sub36,143,ling_word_target,0.008822584674439976
5944,sub36,144,ling_word_target,0.0007351041371403258
5945,sub36,145,ling_word_target,-0.009741011853539738
5946,sub36,146,ling_word_target,0.02731438856871105
5947,sub36,147,ling_word_target,0.001699298795744142
5948,sub36,148,ling_word_target,0.025446276833799523
5949,sub36,149,ling_word_target,-0.002202823211323164
5950,sub36,150,ling_word_target,-0.017475849216461312
5951,sub36,151,ling_word_target,0.001030463646037517
5952,sub36,152,ling_word_target,-0.002929589901714387
5953,sub36,153,ling_word_target,0.013120131597962206
5954,sub36,154,ling_word_target,0.027173608439154995
5955,sub36,155,ling_word_target,0.02685949977086332
5956,sub36,156,ling_word_target,0.017196096060242753
5957,sub36,157,ling_word_target,0.03773938564245927
5958,sub36,158,ling_word_target,0.01825659359054551
5959,sub36,159,ling_word_target,-0.0045808112770110805
5960,sub36,160,ling_word_target,0.03748290236307853
5961,sub36,161,ling_word_target,0.009688553312171388
5962,sub36,162,ling_word_target,0.02578333177883838
5963,sub36,163,ling_word_target,0.018888250396970414
5964,sub36,164,ling_word_target,-0.019281551845754155
5965,sub36,165,ling_word_target,0.014012950159627155
5966,sub36,166,ling_word_target,-0.018853416775318165
5967,sub36,167,ling_word_target,-0.004643028353608569
5968,sub36,168,ling_word_target,-0.0013808917278530905
5969,sub36,169,ling_word_target,-0.001045849597484523
5970,sub36,170,ling_word_target,0.00032419520074796046
5971,sub36,171,ling_word_target,-0.021055501779840263
5972,sub36,172,ling_word_target,-0.020100154242458475
5973,sub36,173,ling_word_target,0.014590756400044192
5974,sub36,174,ling_word_target,-0.005003995499102473
5975,sub36,175,ling_word_target,-0.046656774085193226
5976,sub36,176,ling_word_target,0.017522211681901125
5977,sub36,177,ling_word_target,0.004919947609774751
5978,sub36,178,ling_word_target,-0.017905097304066583
5979,sub36,179,ling_word_target,0.02624798627802642
5980,sub36,180,ling_word_target,-0.0050428998814591435
5981,sub36,181,ling_word_target,0.002516968389133006
5982,sub36,182,ling_word_target,0.013270938730803804
5983,sub36,183,ling_word_target,0.0008676285958174431
5984,sub36,184,ling_word_target,-0.006057711963408531
5985,sub36,185,ling_word_target,-0.007217126454528238
5986,sub36,186,ling_word_target,-0.007949510443922786
5987,sub36,187,ling_word_target,0.012119211866084697
5988,sub36,188,ling_word_target,0.003686637952211134
5989,sub36,189,ling_word_target,0.021933644157123258
5990,sub36,190,ling_word_target,-0.0072716554184145904
5991,sub36,191,ling_word_target,0.03121234917734118
5992,sub36,192,ling_word_target,0.02286174615405097
5993,sub36,193,ling_word_target,0.0034774544532976317
5994,sub36,194,ling_word_target,0.04263207038923089
5995,sub36,195,ling_word_target,0.006833069313647267
5996,sub36,196,ling_word_target,0.0042053193144069865
5997,sub36,197,ling_word_target,0.010536284096700365
5998,sub36,198,ling_word_target,0.005224493897608064
5999,sub36,199,ling_word_target,-0.002034335639242775
6000,sub37,0,ling_word_target,-0.0002016113147358246
6001,sub37,1,ling_word_target,0.009340873870661988
6002,sub37,2,ling_word_target,0.003050418980881949
6003,sub37,3,ling_word_target,-0.030335889413492006
6004,sub37,4,ling_word_target,0.006309706047772565
6005,sub37,5,ling_word_target,-0.010664794864032318
6006,sub37,6,ling_word_target,0.0018412328751558392
6007,sub37,7,ling_word_target,0.004278896502089517
6008,sub37,8,ling_word_target,-0.0015562389177749003
6009,sub37,9,ling_word_target,0.011167270996145897
6010,sub37,10,ling_word_target,-0.005059002569456117
6011,sub37,11,ling_word_target,0.004331943517988804
6012,sub37,12,ling_word_target,-0.004850084343454283
6013,sub37,13,ling_word_target,0.03769522856504918
6014,sub37,14,ling_word_target,-0.03233786043007492
6015,sub37,15,ling_word_target,-0.004614064302625993
6016,sub37,16,ling_word_target,-0.017129762817596823
6017,sub37,17,ling_word_target,5.968682856132367e-06
6018,sub37,18,ling_word_target,0.02013233234505266
6019,sub37,19,ling_word_target,-0.0017572403147298212
6020,sub37,20,ling_word_target,-0.0033001315096025433
6021,sub37,21,ling_word_target,-0.0018297878477430344
6022,sub37,22,ling_word_target,-0.010161001844557524
6023,sub37,23,ling_word_target,0.003021442101896949
6024,sub37,24,ling_word_target,0.00035735258805204875
6025,sub37,25,ling_word_target,0.010351692965652238
6026,sub37,26,ling_word_target,-0.003224418047682763
6027,sub37,27,ling_word_target,-0.006165168148148054
6028,sub37,28,ling_word_target,0.01345062725529164
6029,sub37,29,ling_word_target,-0.020353167917318206
6030,sub37,30,ling_word_target,0.001779894943604879
6031,sub37,31,ling_word_target,0.013296931000987656
6032,sub37,32,ling_word_target,-0.03618104425691638
6033,sub37,33,ling_word_target,0.005584454953717903
6034,sub37,34,ling_word_target,-0.0035033830106436536
6035,sub37,35,ling_word_target,-0.005707101538774757
6036,sub37,36,ling_word_target,0.030478537020158642
6037,sub37,37,ling_word_target,0.0159892791042439
6038,sub37,38,ling_word_target,0.009794469977622816
6039,sub37,39,ling_word_target,-0.0006157615837368267
6040,sub37,40,ling_word_target,-0.001265924813433378
6041,sub37,41,ling_word_target,0.006534156737517053
6042,sub37,42,ling_word_target,-0.0025828246507135924
6043,sub37,43,ling_word_target,-0.013088734191638578
6044,sub37,44,ling_word_target,0.0066927514580804245
6045,sub37,45,ling_word_target,-0.013860931927134352
6046,sub37,46,ling_word_target,-0.00593899396278371
6047,sub37,47,ling_word_target,0.013969765283957289
6048,sub37,48,ling_word_target,-0.00888672906157124
6049,sub37,49,ling_word_target,-0.014059226587491978
6050,sub37,50,ling_word_target,-0.0019877488866357953
6051,sub37,51,ling_word_target,0.012844446436443927
6052,sub37,52,ling_word_target,0.006079078728585349
6053,sub37,53,ling_word_target,0.010073881940636445
6054,sub37,54,ling_word_target,-0.005472777794729381
6055,sub37,55,ling_word_target,0.00083131485737173
6056,sub37,56,ling_word_target,-0.014814016340660532
6057,sub37,57,ling_word_target,0.014248203624357943
6058,sub37,58,ling_word_target,0.002034184516180164
6059,sub37,59,ling_word_target,0.0008072002226170186
6060,sub37,60,ling_word_target,-0.000514881905627821
6061,sub37,61,ling_word_target,-0.01630442926808554
6062,sub37,62,ling_word_target,-0.014177091259009069
6063,sub37,63,ling_word_target,0.02592585002615408
6064,sub37,64,ling_word_target,0.0038160839252250663
6065,sub37,65,ling_word_target,0.028303752067540596
6066,sub37,66,ling_word_target,0.004133905555890841
6067,sub37,67,ling_word_target,-0.004907234472307042
6068,sub37,68,ling_word_target,-0.010064401708852963
6069,sub37,69,ling_word_target,-0.00047042403809970817
6070,sub37,70,ling_word_target,-0.018337987806994843
6071,sub37,71,ling_word_target,-0.006378775472391284
6072,sub37,72,ling_word_target,-0.007703779181641785
6073,sub37,73,ling_word_target,0.02689273981482509
6074,sub37,74,ling_word_target,0.004652788210755518
6075,sub37,75,ling_word_target,0.015895298516175327
6076,sub37,76,ling_word_target,0.009112081141079588
6077,sub37,77,ling_word_target,0.027538127247502497
6078,sub37,78,ling_word_target,0.019243099641419806
6079,sub37,79,ling_word_target,0.0044853892314604535
6080,sub37,80,ling_word_target,0.007146821942975041
6081,sub37,81,ling_word_target,-0.01843071959559265
6082,sub37,82,ling_word_target,-0.0005695974459474019
6083,sub37,83,ling_word_target,-0.008072307984554753
6084,sub37,84,ling_word_target,0.010806732907538601
6085,sub37,85,ling_word_target,0.017420148327037456
6086,sub37,86,ling_word_target,0.00535994347697917
6087,sub37,87,ling_word_target,0.008117744641877188
6088,sub37,88,ling_word_target,-0.0038522329121133967
6089,sub37,89,ling_word_target,-0.011823240724775093
6090,sub37,90,ling_word_target,-0.014043085642361479
6091,sub37,91,ling_word_target,-0.01663217896810569
6092,sub37,92,ling_word_target,0.008574327582853957
6093,sub37,93,ling_word_target,0.022391270380756913
6094,sub37,94,ling_word_target,0.003959215885664836
6095,sub37,95,ling_word_target,-0.005886268933906857
6096,sub37,96,ling_word_target,-0.002195978074994488
6097,sub37,97,ling_word_target,-0.004617306027900892
6098,sub37,98,ling_word_target,0.029098038911841994
6099,sub37,99,ling_word_target,0.011386797787253067
6100,sub37,100,ling_word_target,0.0002117573512179421
6101,sub37,101,ling_word_target,-0.011661044193174635
6102,sub37,102,ling_word_target,0.012044156164388987
6103,sub37,103,ling_word_target,0.00953929648685828
6104,sub37,104,ling_word_target,-0.006708099102129209
6105,sub37,105,ling_word_target,-0.021363263479100787
6106,sub37,106,ling_word_target,0.010970324884282836
6107,sub37,107,ling_word_target,-0.008636199600881076
6108,sub37,108,ling_word_target,0.0021011159195107004
6109,sub37,109,ling_word_target,0.007586923999708629
6110,sub37,110,ling_word_target,-0.020837228999998268
6111,sub37,111,ling_word_target,0.0013538281150044765
6112,sub37,112,ling_word_target,0.005639803933621333
6113,sub37,113,ling_word_target,-0.016114184235397355
6114,sub37,114,ling_word_target,0.002436440572387393
6115,sub37,115,ling_word_target,0.0076481651515746055
6116,sub37,116,ling_word_target,-0.0021470673573870383
6117,sub37,117,ling_word_target,-0.003479244041659571
6118,sub37,118,ling_word_target,0.001817068786405606
6119,sub37,119,ling_word_target,-0.017368947781050956
6120,sub37,120,ling_word_target,-0.01988658014174774
6121,sub37,121,ling_word_target,-0.02232694357121934
6122,sub37,122,ling_word_target,0.02053028701760821
6123,sub37,123,ling_word_target,0.014767123519674357
6124,sub37,124,ling_word_target,-0.01685114749171291
6125,sub37,125,ling_word_target,-0.013374502692046814
6126,sub37,126,ling_word_target,0.016743910021175996
6127,sub37,127,ling_word_target,0.019281844820118816
6128,sub37,128,ling_word_target,0.015587346919107768
6129,sub37,129,ling_word_target,0.0010206123498636384
6130,sub37,130,ling_word_target,0.013903199255674134
6131,sub37,131,ling_word_target,0.01387221484781038
6132,sub37,132,ling_word_target,-0.014974847698976702
6133,sub37,133,ling_word_target,0.0002779362567529483
6134,sub37,134,ling_word_target,0.024873658637250093
6135,sub37,135,ling_word_target,-0.0037164814016048173
6136,sub37,136,ling_word_target,0.01445119962889318
6137,sub37,137,ling_word_target,-0.0017125081953360199
6138,sub37,138,ling_word_target,-0.023353226670223104
6139,sub37,139,ling_word_target,0.012334579279134244
6140,sub37,140,ling_word_target,0.01312573998492646
6141,sub37,141,ling_word_target,0.002552024688189247
6142,sub37,142,ling_word_target,-0.016890202353915182
6143,sub37,143,ling_word_target,-0.006219029579751081
6144,sub37,144,ling_word_target,0.01314419158524794
6145,sub37,145,ling_word_target,-0.01599088127852597
6146,sub37,146,ling_word_target,-0.003512839806622776
6147,sub37,147,ling_word_target,0.008102240860200956
6148,sub37,148,ling_word_target,-0.008861735217876364
6149,sub37,149,ling_word_target,0.009806217693456602
6150,sub37,150,ling_word_target,0.002233577708298023
6151,sub37,151,ling_word_target,-0.0078231133035043
6152,sub37,152,ling_word_target,0.010583215921069937
6153,sub37,153,ling_word_target,-0.0028981971434998
6154,sub37,154,ling_word_target,-0.01597650552122647
6155,sub37,155,ling_word_target,0.003449039041350209
6156,sub37,156,ling_word_target,0.005465059913659566
6157,sub37,157,ling_word_target,-0.005050884864139402
6158,sub37,158,ling_word_target,-0.008762094634059917
6159,sub37,159,ling_word_target,-0.011785394375057755
6160,sub37,160,ling_word_target,-0.04307745915861349
6161,sub37,161,ling_word_target,0.012657892755606337
6162,sub37,162,ling_word_target,-0.005744704100203199
6163,sub37,163,ling_word_target,0.00964710323638088
6164,sub37,164,ling_word_target,0.015149314636590408
6165,sub37,165,ling_word_target,0.008431888189868638
6166,sub37,166,ling_word_target,-0.03358768531980283
6167,sub37,167,ling_word_target,0.013634243626802513
6168,sub37,168,ling_word_target,-0.004090959824735006
6169,sub37,169,ling_word_target,0.02634962510138032
6170,sub37,170,ling_word_target,0.002140129144807989
6171,sub37,171,ling_word_target,-0.005665701071923024
6172,sub37,172,ling_word_target,-0.01293253280281336
6173,sub37,173,ling_word_target,0.010992108777408924
6174,sub37,174,ling_word_target,-0.020592670496769928
6175,sub37,175,ling_word_target,0.002004368429937987
6176,sub37,176,ling_word_target,0.0030301943568374437
6177,sub37,177,ling_word_target,0.0022483482320104454
6178,sub37,178,ling_word_target,0.0013451090603946421
6179,sub37,179,ling_word_target,0.0020795453634310152
6180,sub37,180,ling_word_target,-0.007630838836973995
6181,sub37,181,ling_word_target,-0.001318027029004339
6182,sub37,182,ling_word_target,0.01760025105971299
6183,sub37,183,ling_word_target,-0.024949475515214647
6184,sub37,184,ling_word_target,0.022266124016379674
6185,sub37,185,ling_word_target,0.03647232829294991
6186,sub37,186,ling_word_target,0.005787861619320795
6187,sub37,187,ling_word_target,0.002125837159786297
6188,sub37,188,ling_word_target,0.0028907470397003575
6189,sub37,189,ling_word_target,0.011546617455523354
6190,sub37,190,ling_word_target,-0.013143290375221262
6191,sub37,191,ling_word_target,0.013959961783503401
6192,sub37,192,ling_word_target,0.0007571878073443226
6193,sub37,193,ling_word_target,0.011875842261808794
6194,sub37,194,ling_word_target,0.0040184813417750796
6195,sub37,195,ling_word_target,-0.009072673551757325
6196,sub37,196,ling_word_target,0.0022858597799517693
6197,sub37,197,ling_word_target,0.022529935896386244
6198,sub37,198,ling_word_target,-0.01130752883743964
6199,sub37,199,ling_word_target,0.0022885557955233692
6200,sub38,0,ling_word_target,-0.00411485498970772
6201,sub38,1,ling_word_target,0.00916307666840032
6202,sub38,2,ling_word_target,0.012483225594820313
6203,sub38,3,ling_word_target,-0.0334705384921775
6204,sub38,4,ling_word_target,0.01236670716923517
6205,sub38,5,ling_word_target,-0.009888854630362839
6206,sub38,6,ling_word_target,0.01817509197586215
6207,sub38,7,ling_word_target,0.023237198350377592
6208,sub38,8,ling_word_target,0.0086383313811607
6209,sub38,9,ling_word_target,-0.011970946373070977
6210,sub38,10,ling_word_target,0.00545485740715441
6211,sub38,11,ling_word_target,-0.01628838455498946
6212,sub38,12,ling_word_target,0.004255304824990159
6213,sub38,13,ling_word_target,0.017443221328475585
6214,sub38,14,ling_word_target,0.011326495228465312
6215,sub38,15,ling_word_target,0.0018589825702478263
6216,sub38,16,ling_word_target,0.007205313233891112
6217,sub38,17,ling_word_target,0.01753679261265901
6218,sub38,18,ling_word_target,-0.007485257714539729
6219,sub38,19,ling_word_target,0.027896023810855045
6220,sub38,20,ling_word_target,0.003727379941377899
6221,sub38,21,ling_word_target,0.011665239992546931
6222,sub38,22,ling_word_target,0.004550013868964149
6223,sub38,23,ling_word_target,0.009747228283653273
6224,sub38,24,ling_word_target,0.00026188935146675887
6225,sub38,25,ling_word_target,0.020842879714910854
6226,sub38,26,ling_word_target,-0.007010192713225528
6227,sub38,27,ling_word_target,-0.012285441057966232
6228,sub38,28,ling_word_target,0.008681832351578978
6229,sub38,29,ling_word_target,0.00883833595352463
6230,sub38,30,ling_word_target,0.024399103664321655
6231,sub38,31,ling_word_target,-0.00862551661143125
6232,sub38,32,ling_word_target,-0.008106982673688333
6233,sub38,33,ling_word_target,0.0029859350311221646
6234,sub38,34,ling_word_target,-0.005648290418766189
6235,sub38,35,ling_word_target,0.0009737435483562263
6236,sub38,36,ling_word_target,0.00310589447039695
6237,sub38,37,ling_word_target,-0.007443477369942321
6238,sub38,38,ling_word_target,-0.0008851283234854112
6239,sub38,39,ling_word_target,-0.00756863937824292
6240,sub38,40,ling_word_target,-0.0024329836999447594
6241,sub38,41,ling_word_target,0.00835086408639558
6242,sub38,42,ling_word_target,0.0019817835250944874
6243,sub38,43,ling_word_target,-0.006431386619940717
6244,sub38,44,ling_word_target,-0.007934647263819553
6245,sub38,45,ling_word_target,0.02096655437971364
6246,sub38,46,ling_word_target,0.01683767748568443
6247,sub38,47,ling_word_target,-0.006379738251310695
6248,sub38,48,ling_word_target,-0.02604567820813943
6249,sub38,49,ling_word_target,-0.0033933627438324974
6250,sub38,50,ling_word_target,-0.011276881482760232
6251,sub38,51,ling_word_target,-0.006529770109522356
6252,sub38,52,ling_word_target,-0.014318970652211244
6253,sub38,53,ling_word_target,0.020558988415226655
6254,sub38,54,ling_word_target,-0.031145760741413554
6255,sub38,55,ling_word_target,0.0051307864697457545
6256,sub38,56,ling_word_target,0.008032971352273316
6257,sub38,57,ling_word_target,-0.022351788554397595
6258,sub38,58,ling_word_target,-0.0017688640827279393
6259,sub38,59,ling_word_target,-0.005426267132866537
6260,sub38,60,ling_word_target,-0.006101928120960474
6261,sub38,61,ling_word_target,0.011844956678632054
6262,sub38,62,ling_word_target,-0.008130157210873208
6263,sub38,63,ling_word_target,0.0026399168329250228
6264,sub38,64,ling_word_target,-0.010111116193497421
6265,sub38,65,ling_word_target,0.015079034448512786
6266,sub38,66,ling_word_target,-0.02222161342747664
6267,sub38,67,ling_word_target,0.0030444925980022356
6268,sub38,68,ling_word_target,0.008127310488037411
6269,sub38,69,ling_word_target,-0.0020597853500719096
6270,sub38,70,ling_word_target,-0.03528002891973145
6271,sub38,71,ling_word_target,0.013070823501602354
6272,sub38,72,ling_word_target,-0.001816025557619838
6273,sub38,73,ling_word_target,-0.012631797217668033
6274,sub38,74,ling_word_target,-0.004762016903766653
6275,sub38,75,ling_word_target,0.004202964837254379
6276,sub38,76,ling_word_target,0.0020994017856302404
6277,sub38,77,ling_word_target,0.01297109671357839
6278,sub38,78,ling_word_target,-0.006453250793534699
6279,sub38,79,ling_word_target,0.01755102007886686
6280,sub38,80,ling_word_target,-0.01052226213361604
6281,sub38,81,ling_word_target,-0.01101653216321502
6282,sub38,82,ling_word_target,-0.010645979882217427
6283,sub38,83,ling_word_target,-0.013298015021117054
6284,sub38,84,ling_word_target,0.0025913259004140586
6285,sub38,85,ling_word_target,0.011967177610299355
6286,sub38,86,ling_word_target,0.01686140591809465
6287,sub38,87,ling_word_target,0.004755600666334714
6288,sub38,88,ling_word_target,0.0013240330188994708
6289,sub38,89,ling_word_target,0.006489326689069906
6290,sub38,90,ling_word_target,0.0014741299327621189
6291,sub38,91,ling_word_target,-0.01330348211912178
6292,sub38,92,ling_word_target,-0.0021197541806115194
6293,sub38,93,ling_word_target,-0.0025409558951588218
6294,sub38,94,ling_word_target,-0.013122428048907387
6295,sub38,95,ling_word_target,0.00867645600994726
6296,sub38,96,ling_word_target,-0.006052143038700256
6297,sub38,97,ling_word_target,0.006587785486762196
6298,sub38,98,ling_word_target,-0.0012837655812317716
6299,sub38,99,ling_word_target,0.012106652505266099
6300,sub38,100,ling_word_target,-0.0060337399863012965
6301,sub38,101,ling_word_target,-0.016583663214992803
6302,sub38,102,ling_word_target,0.020031882770642787
6303,sub38,103,ling_word_target,-0.006416612470507182
6304,sub38,104,ling_word_target,0.010712537083050064
6305,sub38,105,ling_word_target,0.013263091385227323
6306,sub38,106,ling_word_target,-0.014868093207897334
6307,sub38,107,ling_word_target,0.006906152822640156
6308,sub38,108,ling_word_target,-0.0010235068298000696
6309,sub38,109,ling_word_target,-0.009265317455872741
6310,sub38,110,ling_word_target,0.01619023672952873
6311,sub38,111,ling_word_target,0.0189595315408292
6312,sub38,112,ling_word_target,0.012175369815363511
6313,sub38,113,ling_word_target,0.0036412941315741177
6314,sub38,114,ling_word_target,0.012862388197646315
6315,sub38,115,ling_word_target,-0.007219909860832775
6316,sub38,116,ling_word_target,0.0014233125701712732
6317,sub38,117,ling_word_target,0.0001602102957202603
6318,sub38,118,ling_word_target,-0.005608057999403584
6319,sub38,119,ling_word_target,0.017635121039324263
6320,sub38,120,ling_word_target,-0.007056035977567936
6321,sub38,121,ling_word_target,-0.0016094925889596416
6322,sub38,122,ling_word_target,0.013963651099316613
6323,sub38,123,ling_word_target,0.00964612636702336
6324,sub38,124,ling_word_target,0.004756953378345593
6325,sub38,125,ling_word_target,0.023755960428375678
6326,sub38,126,ling_word_target,0.007953807341673495
6327,sub38,127,ling_word_target,-0.010191426235075789
6328,sub38,128,ling_word_target,0.01799743728926118
6329,sub38,129,ling_word_target,0.004906009327297259
6330,sub38,130,ling_word_target,-0.005577279125818455
6331,sub38,131,ling_word_target,0.004890130431814333
6332,sub38,132,ling_word_target,-0.02335017680277081
6333,sub38,133,ling_word_target,0.0052262818184829795
6334,sub38,134,ling_word_target,-0.009500538347899747
6335,sub38,135,ling_word_target,-0.0025601781775392188
6336,sub38,136,ling_word_target,0.011268518991654455
6337,sub38,137,ling_word_target,-0.006457107526069066
6338,sub38,138,ling_word_target,-0.020105616080224573
6339,sub38,139,ling_word_target,-0.0042708852579745145
6340,sub38,140,ling_word_target,0.008219746073946746
6341,sub38,141,ling_word_target,-0.007377914603269388
6342,sub38,142,ling_word_target,-0.0026482889499019773
6343,sub38,143,ling_word_target,0.0045287959675488045
6344,sub38,144,ling_word_target,0.0017400063689327115
6345,sub38,145,ling_word_target,0.012597148949191981
6346,sub38,146,ling_word_target,-0.0012603039138443615
6347,sub38,147,ling_word_target,0.007035814778802371
6348,sub38,148,ling_word_target,-0.00745099111059136
6349,sub38,149,ling_word_target,0.0029587961166100147
6350,sub38,150,ling_word_target,-0.015243165315908249
6351,sub38,151,ling_word_target,-0.013332991571329843
6352,sub38,152,ling_word_target,-0.011273646576175871
6353,sub38,153,ling_word_target,-0.003120827400890732
6354,sub38,154,ling_word_target,0.009490023141220735
6355,sub38,155,ling_word_target,-0.005428531506652101
6356,sub38,156,ling_word_target,0.0008541190697476224
6357,sub38,157,ling_word_target,-0.010037088502763723
6358,sub38,158,ling_word_target,-0.0065608148858758665
6359,sub38,159,ling_word_target,0.012933027140502176
6360,sub38,160,ling_word_target,0.002745560026530087
6361,sub38,161,ling_word_target,-0.0023717811212006367
6362,sub38,162,ling_word_target,-0.016676320467821266
6363,sub38,163,ling_word_target,-0.013313576532720533
6364,sub38,164,ling_word_target,0.009469319997743322
6365,sub38,165,ling_word_target,0.00020577406911668719
6366,sub38,166,ling_word_target,0.008620786899883874
6367,sub38,167,ling_word_target,-0.013401189224957793
6368,sub38,168,ling_word_target,-0.021784821106029285
6369,sub38,169,ling_word_target,-0.016044807650695127
6370,sub38,170,ling_word_target,-0.02227410441773755
6371,sub38,171,ling_word_target,-0.028431110361612846
6372,sub38,172,ling_word_target,-0.0013836618507103975
6373,sub38,173,ling_word_target,0.01050412219774586
6374,sub38,174,ling_word_target,0.0016538741236552003
6375,sub38,175,ling_word_target,0.015523456471675565
6376,sub38,176,ling_word_target,-0.01831850137078077
6377,sub38,177,ling_word_target,0.01839355018377907
6378,sub38,178,ling_word_target,-0.002290663393925078
6379,sub38,179,ling_word_target,0.008949553246392543
6380,sub38,180,ling_word_target,0.0005379159319205061
6381,sub38,181,ling_word_target,0.02836017761443307
6382,sub38,182,ling_word_target,0.01818402101416118
6383,sub38,183,ling_word_target,-0.0022486860094487245
6384,sub38,184,ling_word_target,0.027905569593841894
6385,sub38,185,ling_word_target,0.02367024331541269
6386,sub38,186,ling_word_target,0.0069488408463902135
6387,sub38,187,ling_word_target,0.025595300560694756
6388,sub38,188,ling_word_target,-0.017751340852986387
6389,sub38,189,ling_word_target,-0.0035814861963693336
6390,sub38,190,ling_word_target,-0.003640673986842028
6391,sub38,191,ling_word_target,0.014849174540689401
6392,sub38,192,ling_word_target,-0.02507682105108154
6393,sub38,193,ling_word_target,0.004364437959627334
6394,sub38,194,ling_word_target,-0.0062316234651183244
6395,sub38,195,ling_word_target,0.02257922651510767
6396,sub38,196,ling_word_target,0.0027281625182336428
6397,sub38,197,ling_word_target,0.012091010497083778
6398,sub38,198,ling_word_target,0.011378137121420547
6399,sub38,199,ling_word_target,0.009470374086136454
6400,sub39,0,ling_word_target,0.02431198841310569
6401,sub39,1,ling_word_target,0.0023741268650301437
6402,sub39,2,ling_word_target,0.017161097391936664
6403,sub39,3,ling_word_target,0.013881149340876205
6404,sub39,4,ling_word_target,0.004089433277101525
6405,sub39,5,ling_word_target,-0.0011111990631892208
6406,sub39,6,ling_word_target,-0.017534379017038526
6407,sub39,7,ling_word_target,0.021415538991022613
6408,sub39,8,ling_word_target,0.0005775309810276278
6409,sub39,9,ling_word_target,-0.011611190537843215
6410,sub39,10,ling_word_target,0.031375718239443684
6411,sub39,11,ling_word_target,0.02766023827784325
6412,sub39,12,ling_word_target,-0.002986516144221554
6413,sub39,13,ling_word_target,-0.016126927187405212
6414,sub39,14,ling_word_target,-0.005600416423115985
6415,sub39,15,ling_word_target,0.0316513966184456
6416,sub39,16,ling_word_target,-0.011375732273133975
6417,sub39,17,ling_word_target,0.008392981830277906
6418,sub39,18,ling_word_target,-0.014396506536744097
6419,sub39,19,ling_word_target,-0.0253558248214079
6420,sub39,20,ling_word_target,0.013611317992104098
6421,sub39,21,ling_word_target,0.02673570540479933
6422,sub39,22,ling_word_target,0.027156724484783665
6423,sub39,23,ling_word_target,-0.009253671796991806
6424,sub39,24,ling_word_target,-0.007279654792981845
6425,sub39,25,ling_word_target,-0.0038064116315095786
6426,sub39,26,ling_word_target,0.020502887526984412
6427,sub39,27,ling_word_target,0.043417600734276314
6428,sub39,28,ling_word_target,-0.017030268434995135
6429,sub39,29,ling_word_target,0.0024987255871470326
6430,sub39,30,ling_word_target,-0.014328027157730003
6431,sub39,31,ling_word_target,-0.016672595124205915
6432,sub39,32,ling_word_target,-0.0006046277255347324
6433,sub39,33,ling_word_target,0.023295326789953864
6434,sub39,34,ling_word_target,-0.017695014310762546
6435,sub39,35,ling_word_target,0.02246376639152446
6436,sub39,36,ling_word_target,-0.00976351335059946
6437,sub39,37,ling_word_target,-0.015968420677206576
6438,sub39,38,ling_word_target,0.005620146342657585
6439,sub39,39,ling_word_target,-0.0008465624859212483
6440,sub39,40,ling_word_target,-0.0015082567670238196
6441,sub39,41,ling_word_target,-0.0019879187217463927
6442,sub39,42,ling_word_target,-0.02622038440591375
6443,sub39,43,ling_word_target,-0.0023548327085517046
6444,sub39,44,ling_word_target,0.010451849148436965
6445,sub39,45,ling_word_target,-0.019176150600908687
6446,sub39,46,ling_word_target,-0.0006306259239246494
6447,sub39,47,ling_word_target,0.014400556870388432
6448,sub39,48,ling_word_target,0.014404748924403033
6449,sub39,49,ling_word_target,-0.012500648931983356
6450,sub39,50,ling_word_target,-0.014061433436737941
6451,sub39,51,ling_word_target,0.008282237469976453
6452,sub39,52,ling_word_target,0.013875984139422343
6453,sub39,53,ling_word_target,0.0013819468381069198
6454,sub39,54,ling_word_target,-0.0012954495024261484
6455,sub39,55,ling_word_target,0.020208520282120352
6456,sub39,56,ling_word_target,0.006358778687024286
6457,sub39,57,ling_word_target,0.034828326220517083
6458,sub39,58,ling_word_target,-0.009645288749822638
6459,sub39,59,ling_word_target,-0.03997479907343251
6460,sub39,60,ling_word_target,-0.010410371550593118
6461,sub39,61,ling_word_target,0.019409131833914097
6462,sub39,62,ling_word_target,0.013797648256782504
6463,sub39,63,ling_word_target,-0.033250693914823735
6464,sub39,64,ling_word_target,-0.007573428162628602
6465,sub39,65,ling_word_target,-0.01639500278520915
6466,sub39,66,ling_word_target,-0.011048775801639049
6467,sub39,67,ling_word_target,-0.03829328580170547
6468,sub39,68,ling_word_target,-0.006575948531545867
6469,sub39,69,ling_word_target,0.008721179442223361
6470,sub39,70,ling_word_target,-0.002278298637160088
6471,sub39,71,ling_word_target,0.016297076373170117
6472,sub39,72,ling_word_target,0.03151768011723027
6473,sub39,73,ling_word_target,0.003983526615500543
6474,sub39,74,ling_word_target,0.021870894350051906
6475,sub39,75,ling_word_target,0.011575104977931959
6476,sub39,76,ling_word_target,-0.01649800996716409
6477,sub39,77,ling_word_target,0.013886199378221538
6478,sub39,78,ling_word_target,-0.0003026084081199391
6479,sub39,79,ling_word_target,-0.004720645403272722
6480,sub39,80,ling_word_target,0.010542359945414397
6481,sub39,81,ling_word_target,-0.010419892447365946
6482,sub39,82,ling_word_target,-0.01581873937230699
6483,sub39,83,ling_word_target,0.006571120559405723
6484,sub39,84,ling_word_target,0.02714149435639818
6485,sub39,85,ling_word_target,0.013396537269224922
6486,sub39,86,ling_word_target,0.009549196356482874
6487,sub39,87,ling_word_target,-0.0169216353639168
6488,sub39,88,ling_word_target,-0.014418395733195451
6489,sub39,89,ling_word_target,-0.012443920953766655
6490,sub39,90,ling_word_target,0.016558972971062638
6491,sub39,91,ling_word_target,-0.032029034058302173
6492,sub39,92,ling_word_target,0.004299626020286941
6493,sub39,93,ling_word_target,-0.008604037245354853
6494,sub39,94,ling_word_target,-0.004683318278881605
6495,sub39,95,ling_word_target,-0.01371670204983029
6496,sub39,96,ling_word_target,0.0035221525309482877
6497,sub39,97,ling_word_target,-0.0004998565593421657
6498,sub39,98,ling_word_target,0.0013968524155446205
6499,sub39,99,ling_word_target,0.014318193495404342
6500,sub39,100,ling_word_target,0.016013587417763025
6501,sub39,101,ling_word_target,0.011773161394538012
6502,sub39,102,ling_word_target,0.006669523643416708
6503,sub39,103,ling_word_target,0.03180992737919935
6504,sub39,104,ling_word_target,0.01277463999547582
6505,sub39,105,ling_word_target,0.023345654100778823
6506,sub39,106,ling_word_target,-0.00827060789347679
6507,sub39,107,ling_word_target,0.011280088305807704
6508,sub39,108,ling_word_target,-0.0009752984393255246
6509,sub39,109,ling_word_target,0.0157683868362526
6510,sub39,110,ling_word_target,0.019753258301949638
6511,sub39,111,ling_word_target,-0.02472526543476003
6512,sub39,112,ling_word_target,0.006222466823932723
6513,sub39,113,ling_word_target,0.021544504235812733
6514,sub39,114,ling_word_target,0.039748271998586035
6515,sub39,115,ling_word_target,0.007593997297053933
6516,sub39,116,ling_word_target,-0.007487751302676755
6517,sub39,117,ling_word_target,-0.01487024480757427
6518,sub39,118,ling_word_target,0.03536005911213851
6519,sub39,119,ling_word_target,-0.011590819496701111
6520,sub39,120,ling_word_target,0.0049436348590778095
6521,sub39,121,ling_word_target,0.015787926037461205
6522,sub39,122,ling_word_target,-0.008630188898731532
6523,sub39,123,ling_word_target,-0.015752983717236387
6524,sub39,124,ling_word_target,0.007986557838379716
6525,sub39,125,ling_word_target,-0.0017607320112465637
6526,sub39,126,ling_word_target,-0.052896292682613096
6527,sub39,127,ling_word_target,0.008547777931966883
6528,sub39,128,ling_word_target,-0.011390064838934434
6529,sub39,129,ling_word_target,-0.011537104042461714
6530,sub39,130,ling_word_target,0.04426016629241231
6531,sub39,131,ling_word_target,0.03157033330899641
6532,sub39,132,ling_word_target,-0.0228900065749999
6533,sub39,133,ling_word_target,0.012870429195023209
6534,sub39,134,ling_word_target,0.02764673849917677
6535,sub39,135,ling_word_target,0.020403658539792393
6536,sub39,136,ling_word_target,0.030809412522950434
6537,sub39,137,ling_word_target,0.010425844362309065
6538,sub39,138,ling_word_target,0.008359353224674399
6539,sub39,139,ling_word_target,-0.01963810035069731
6540,sub39,140,ling_word_target,0.002447058222914036
6541,sub39,141,ling_word_target,-0.03252110879935636
6542,sub39,142,ling_word_target,0.025023729876752117
6543,sub39,143,ling_word_target,-0.009234495430356924
6544,sub39,144,ling_word_target,-0.007149967889978025
6545,sub39,145,ling_word_target,-0.008605594613816983
6546,sub39,146,ling_word_target,-0.017673971535234548
6547,sub39,147,ling_word_target,-0.022755765189768937
6548,sub39,148,ling_word_target,0.010998686138693044
6549,sub39,149,ling_word_target,-0.030821120835055064
6550,sub39,150,ling_word_target,0.007268615693697581
6551,sub39,151,ling_word_target,-0.002191445196169396
6552,sub39,152,ling_word_target,-0.011199576690348663
6553,sub39,153,ling_word_target,-0.014439546242792093
6554,sub39,154,ling_word_target,-0.025111127055210493
6555,sub39,155,ling_word_target,0.01875483041123857
6556,sub39,156,ling_word_target,-0.007593379943078618
6557,sub39,157,ling_word_target,-0.014276810458168306
6558,sub39,158,ling_word_target,-0.022530339012213622
6559,sub39,159,ling_word_target,0.015270763848861496
6560,sub39,160,ling_word_target,0.02469421622381128
6561,sub39,161,ling_word_target,0.01845809948996106
6562,sub39,162,ling_word_target,-0.02272507448495857
6563,sub39,163,ling_word_target,0.01464127163349034
6564,sub39,164,ling_word_target,0.0009320683939295204
6565,sub39,165,ling_word_target,-0.002154360405488893
6566,sub39,166,ling_word_target,0.008806924138538867
6567,sub39,167,ling_word_target,0.012182677858235414
6568,sub39,168,ling_word_target,0.018331694062405143
6569,sub39,169,ling_word_target,-0.011436989498765883
6570,sub39,170,ling_word_target,0.01700411426963412
6571,sub39,171,ling_word_target,0.007107040510699548
6572,sub39,172,ling_word_target,-0.011257095479816423
6573,sub39,173,ling_word_target,0.003594191505821825
6574,sub39,174,ling_word_target,0.002311639327092703
6575,sub39,175,ling_word_target,-0.0040177095350012225
6576,sub39,176,ling_word_target,-0.007108723889569574
6577,sub39,177,ling_word_target,-0.002109039251990769
6578,sub39,178,ling_word_target,-0.022360806878519934
6579,sub39,179,ling_word_target,-0.000551908443320244
6580,sub39,180,ling_word_target,-0.0007539992255290713
6581,sub39,181,ling_word_target,0.0008705442737707331
6582,sub39,182,ling_word_target,0.002416845317872133
6583,sub39,183,ling_word_target,0.03470105343568138
6584,sub39,184,ling_word_target,0.008811456430302832
6585,sub39,185,ling_word_target,0.008158792688915985
6586,sub39,186,ling_word_target,-0.01471099794403796
6587,sub39,187,ling_word_target,-0.0054029952333219024
6588,sub39,188,ling_word_target,-0.00548191980532657
6589,sub39,189,ling_word_target,-0.030001551459362567
6590,sub39,190,ling_word_target,0.011464867042734804
6591,sub39,191,ling_word_target,0.026574719292143383
6592,sub39,192,ling_word_target,-0.018875797834233415
6593,sub39,193,ling_word_target,-0.03912290395006624
6594,sub39,194,ling_word_target,0.01895099842911798
6595,sub39,195,ling_word_target,0.03473157231500855
6596,sub39,196,ling_word_target,-0.028438714072511542
6597,sub39,197,ling_word_target,0.018201449551342924
6598,sub39,198,ling_word_target,0.011152635934550997
6599,sub39,199,ling_word_target,0.03088102328040104
6600,sub40,0,ling_word_target,0.01222947303838872
6601,sub40,1,ling_word_target,0.03330492956758093
6602,sub40,2,ling_word_target,0.019554694507225568
6603,sub40,3,ling_word_target,0.02356034257074045
6604,sub40,4,ling_word_target,-0.014072751725498045
6605,sub40,5,ling_word_target,-0.026379423978370006
6606,sub40,6,ling_word_target,0.01729152893379873
6607,sub40,7,ling_word_target,-0.016374413011509326
6608,sub40,8,ling_word_target,0.009986599447151719
6609,sub40,9,ling_word_target,-0.010686026268231816
6610,sub40,10,ling_word_target,-0.0028600636475325345
6611,sub40,11,ling_word_target,0.01147424580664446
6612,sub40,12,ling_word_target,0.01663611173280277
6613,sub40,13,ling_word_target,0.012282768611414738
6614,sub40,14,ling_word_target,-0.006094136024898686
6615,sub40,15,ling_word_target,0.011640909882380998
6616,sub40,16,ling_word_target,0.015746902806352266
6617,sub40,17,ling_word_target,-0.006407619307193935
6618,sub40,18,ling_word_target,0.02602669670129812
6619,sub40,19,ling_word_target,0.002827930988114583
6620,sub40,20,ling_word_target,0.004143519448448886
6621,sub40,21,ling_word_target,-0.03590988607672443
6622,sub40,22,ling_word_target,-0.0011954007440194128
6623,sub40,23,ling_word_target,-0.009469286398253233
6624,sub40,24,ling_word_target,0.006953053183421498
6625,sub40,25,ling_word_target,-0.0005255319986974821
6626,sub40,26,ling_word_target,0.015016660739436059
6627,sub40,27,ling_word_target,-0.01507187508162207
6628,sub40,28,ling_word_target,0.012902353402197983
6629,sub40,29,ling_word_target,0.00329723747139529
6630,sub40,30,ling_word_target,-0.0031098301295828415
6631,sub40,31,ling_word_target,-0.002376871468801651
6632,sub40,32,ling_word_target,0.02084523088300268
6633,sub40,33,ling_word_target,0.00133215716636336
6634,sub40,34,ling_word_target,0.01304206705030016
6635,sub40,35,ling_word_target,0.018268900328865214
6636,sub40,36,ling_word_target,-0.014800087237457566
6637,sub40,37,ling_word_target,-0.015910080872525316
6638,sub40,38,ling_word_target,0.0022283438528201012
6639,sub40,39,ling_word_target,-0.013264762335737678
6640,sub40,40,ling_word_target,0.005497887540911634
6641,sub40,41,ling_word_target,0.013504740067197187
6642,sub40,42,ling_word_target,-0.004201520714954369
6643,sub40,43,ling_word_target,-0.009513430541904743
6644,sub40,44,ling_word_target,-0.01277171695360917
6645,sub40,45,ling_word_target,0.022569753530562623
6646,sub40,46,ling_word_target,-0.003319843546537584
6647,sub40,47,ling_word_target,-0.002599590497905168
6648,sub40,48,ling_word_target,0.03737921163512585
6649,sub40,49,ling_word_target,0.016430562276685292
6650,sub40,50,ling_word_target,-0.006498625709269101
6651,sub40,51,ling_word_target,-0.0038773742078095485
6652,sub40,52,ling_word_target,-0.0006621446857136236
6653,sub40,53,ling_word_target,0.022112847226924373
6654,sub40,54,ling_word_target,0.018410922922317538
6655,sub40,55,ling_word_target,0.012361828041072376
6656,sub40,56,ling_word_target,-0.0020883296671872892
6657,sub40,57,ling_word_target,0.01602779163718484
6658,sub40,58,ling_word_target,0.011213453066416622
6659,sub40,59,ling_word_target,0.017908826879870644
6660,sub40,60,ling_word_target,0.011619708877049143
6661,sub40,61,ling_word_target,-0.02564897671210564
6662,sub40,62,ling_word_target,-0.021405121208436784
6663,sub40,63,ling_word_target,0.019221655008441224
6664,sub40,64,ling_word_target,-0.012084165343076875
6665,sub40,65,ling_word_target,0.026640262358105998
6666,sub40,66,ling_word_target,0.005529408721632058
6667,sub40,67,ling_word_target,-0.02968356708147482
6668,sub40,68,ling_word_target,0.03459890014438507
6669,sub40,69,ling_word_target,0.00787001615617601
6670,sub40,70,ling_word_target,-0.006282846085088132
6671,sub40,71,ling_word_target,-0.00777716037787526
6672,sub40,72,ling_word_target,0.0011376059588590346
6673,sub40,73,ling_word_target,-0.027110790565853294
6674,sub40,74,ling_word_target,-0.029230614581347004
6675,sub40,75,ling_word_target,-0.0022689677751875437
6676,sub40,76,ling_word_target,-0.006591961043155626
6677,sub40,77,ling_word_target,-0.016039872912193415
6678,sub40,78,ling_word_target,-0.01176952779338999
6679,sub40,79,ling_word_target,0.019003157010540235
6680,sub40,80,ling_word_target,-0.01245339574034589
6681,sub40,81,ling_word_target,0.017625054595626057
6682,sub40,82,ling_word_target,0.014894421013788484
6683,sub40,83,ling_word_target,-0.003871279763033179
6684,sub40,84,ling_word_target,-0.0024442323405631495
6685,sub40,85,ling_word_target,0.010338680477977268
6686,sub40,86,ling_word_target,-0.007835671388394501
6687,sub40,87,ling_word_target,0.015168164380486373
6688,sub40,88,ling_word_target,-0.0019091624573357112
6689,sub40,89,ling_word_target,-0.03845277522655962
6690,sub40,90,ling_word_target,-0.017111777203272675
6691,sub40,91,ling_word_target,0.01563231309619449
6692,sub40,92,ling_word_target,-0.015257165425237971
6693,sub40,93,ling_word_target,-0.009568300347779562
6694,sub40,94,ling_word_target,-0.017539392390448164
6695,sub40,95,ling_word_target,-0.007942390040493847
6696,sub40,96,ling_word_target,0.020788811693680933
6697,sub40,97,ling_word_target,-0.00484705167637097
6698,sub40,98,ling_word_target,0.009386144270054173
6699,sub40,99,ling_word_target,-0.033295448847506265
6700,sub40,100,ling_word_target,0.008674139905929074
6701,sub40,101,ling_word_target,0.03986308989441027
6702,sub40,102,ling_word_target,0.03791319438013637
6703,sub40,103,ling_word_target,-0.03417689242295712
6704,sub40,104,ling_word_target,-0.0038708205625837015
6705,sub40,105,ling_word_target,0.0022514632244463287
6706,sub40,106,ling_word_target,-0.014736914921305024
6707,sub40,107,ling_word_target,0.02326470091380924
6708,sub40,108,ling_word_target,-0.006251620861820649
6709,sub40,109,ling_word_target,-0.009909718880216634
6710,sub40,110,ling_word_target,-0.0005620545076678637
6711,sub40,111,ling_word_target,-0.016951458205820967
6712,sub40,112,ling_word_target,0.002427571140302556
6713,sub40,113,ling_word_target,-0.0272769794599439
6714,sub40,114,ling_word_target,-0.004162582324271544
6715,sub40,115,ling_word_target,-0.022350513238339188
6716,sub40,116,ling_word_target,0.014437389628134968
6717,sub40,117,ling_word_target,-0.007520542104717352
6718,sub40,118,ling_word_target,0.01835180446788915
6719,sub40,119,ling_word_target,-0.006861512757087925
6720,sub40,120,ling_word_target,0.012956588851885017
6721,sub40,121,ling_word_target,0.008403281444863768
6722,sub40,122,ling_word_target,0.018055373644772107
6723,sub40,123,ling_word_target,0.0005297549002454099
6724,sub40,124,ling_word_target,-0.012537188080313883
6725,sub40,125,ling_word_target,0.0027575742704155307
6726,sub40,126,ling_word_target,0.010148596373692927
6727,sub40,127,ling_word_target,0.013748173221460288
6728,sub40,128,ling_word_target,0.061842415497267184
6729,sub40,129,ling_word_target,0.01966438698915202
6730,sub40,130,ling_word_target,-0.02193127047574123
6731,sub40,131,ling_word_target,0.0014166383356552556
6732,sub40,132,ling_word_target,-0.0009626310270299892
6733,sub40,133,ling_word_target,0.02523560289396163
6734,sub40,134,ling_word_target,-9.923688532859129e-05
6735,sub40,135,ling_word_target,0.0016260608026794855
6736,sub40,136,ling_word_target,-0.006622721682747127
6737,sub40,137,ling_word_target,-0.0019953479476140963
6738,sub40,138,ling_word_target,0.019169575584367736
6739,sub40,139,ling_word_target,0.014355980085463195
6740,sub40,140,ling_word_target,-0.012864419754757408
6741,sub40,141,ling_word_target,0.01989548545519118
6742,sub40,142,ling_word_target,0.010933840902761166
6743,sub40,143,ling_word_target,-0.0027360743854458343
6744,sub40,144,ling_word_target,0.005596272466842737
6745,sub40,145,ling_word_target,0.029986282926554527
6746,sub40,146,ling_word_target,-0.019374491635410235
6747,sub40,147,ling_word_target,0.014740692384867618
6748,sub40,148,ling_word_target,0.002667465485732372
6749,sub40,149,ling_word_target,0.008710484352445707
6750,sub40,150,ling_word_target,-0.027504489929968415
6751,sub40,151,ling_word_target,0.030167882848252846
6752,sub40,152,ling_word_target,0.008662930292400223
6753,sub40,153,ling_word_target,0.028031200010543215
6754,sub40,154,ling_word_target,-0.06112941650185247
6755,sub40,155,ling_word_target,0.013017036086253056
6756,sub40,156,ling_word_target,0.02117161127446713
6757,sub40,157,ling_word_target,-0.03652041018173802
6758,sub40,158,ling_word_target,0.002289230250860965
6759,sub40,159,ling_word_target,0.005735015097584289
6760,sub40,160,ling_word_target,-0.002122826761143506
6761,sub40,161,ling_word_target,-0.0024261101528985445
6762,sub40,162,ling_word_target,-0.014476857149300259
6763,sub40,163,ling_word_target,0.029782734358162047
6764,sub40,164,ling_word_target,0.02106632991174175
6765,sub40,165,ling_word_target,0.010409475381792032
6766,sub40,166,ling_word_target,0.006414578116636183
6767,sub40,167,ling_word_target,-0.00643030546139739
6768,sub40,168,ling_word_target,-0.008545707371097373
6769,sub40,169,ling_word_target,0.015297901095279197
6770,sub40,170,ling_word_target,0.007158490907453943
6771,sub40,171,ling_word_target,-0.009595082360671383
6772,sub40,172,ling_word_target,0.013132357474545478
6773,sub40,173,ling_word_target,-0.006224765810487536
6774,sub40,174,ling_word_target,-0.006203249655929898
6775,sub40,175,ling_word_target,-0.008709835301167921
6776,sub40,176,ling_word_target,-0.013209264467859898
6777,sub40,177,ling_word_target,-0.048894044436515294
6778,sub40,178,ling_word_target,0.03667245839389279
6779,sub40,179,ling_word_target,0.03112001701719563
6780,sub40,180,ling_word_target,0.02328996513597993
6781,sub40,181,ling_word_target,-0.00375757411832551
6782,sub40,182,ling_word_target,0.020772589670363786
6783,sub40,183,ling_word_target,-0.023965490870223774
6784,sub40,184,ling_word_target,0.007460641658095827
6785,sub40,185,ling_word_target,-0.024669737589432274
6786,sub40,186,ling_word_target,0.0022899481122321975
6787,sub40,187,ling_word_target,0.00926949139219323
6788,sub40,188,ling_word_target,-0.001653410861223939
6789,sub40,189,ling_word_target,-0.002030819355447671
6790,sub40,190,ling_word_target,0.001968970065674067
6791,sub40,191,ling_word_target,0.02802656648087569
6792,sub40,192,ling_word_target,0.006465113719690539
6793,sub40,193,ling_word_target,0.009395359129800319
6794,sub40,194,ling_word_target,-0.000353365288170723
6795,sub40,195,ling_word_target,0.003087043518616929
6796,sub40,196,ling_word_target,0.028942884546184964
6797,sub40,197,ling_word_target,-0.005901213665643572
6798,sub40,198,ling_word_target,-0.0009531305199174489
6799,sub40,199,ling_word_target,0.015470764918434627
6800,sub41,0,ling_word_target,0.016932249608307554
6801,sub41,1,ling_word_target,0.008648827264724702
6802,sub41,2,ling_word_target,0.020711634313157066
6803,sub41,3,ling_word_target,-0.026800967668526358
6804,sub41,4,ling_word_target,-0.004135231885655637
6805,sub41,5,ling_word_target,-0.006177912543491958
6806,sub41,6,ling_word_target,0.008497060709056335
6807,sub41,7,ling_word_target,-0.0004445802871370467
6808,sub41,8,ling_word_target,-0.016619956213221477
6809,sub41,9,ling_word_target,-0.0024137630501703798
6810,sub41,10,ling_word_target,0.004249902215044402
6811,sub41,11,ling_word_target,0.0162818974793873
6812,sub41,12,ling_word_target,0.010228495852890908
6813,sub41,13,ling_word_target,-0.014427728083334835
6814,sub41,14,ling_word_target,-0.013651403710223572
6815,sub41,15,ling_word_target,-0.017746208870790564
6816,sub41,16,ling_word_target,-0.006869148898641144
6817,sub41,17,ling_word_target,0.014335736475134194
6818,sub41,18,ling_word_target,0.001382316945140604
6819,sub41,19,ling_word_target,0.005558944318573609
6820,sub41,20,ling_word_target,0.007019510629382643
6821,sub41,21,ling_word_target,-0.004864006014343195
6822,sub41,22,ling_word_target,0.007226686909508852
6823,sub41,23,ling_word_target,-0.000556736962353983
6824,sub41,24,ling_word_target,-0.00429453948004711
6825,sub41,25,ling_word_target,-0.000347615516718913
6826,sub41,26,ling_word_target,-0.0159840506830968
6827,sub41,27,ling_word_target,0.009444148263024404
6828,sub41,28,ling_word_target,0.01641716433311011
6829,sub41,29,ling_word_target,0.015959373422927865
6830,sub41,30,ling_word_target,0.022580326865090112
6831,sub41,31,ling_word_target,-0.0037705219241328
6832,sub41,32,ling_word_target,0.016433987632361483
6833,sub41,33,ling_word_target,-0.003378298273213305
6834,sub41,34,ling_word_target,-0.014346673790693392
6835,sub41,35,ling_word_target,0.001329396741243913
6836,sub41,36,ling_word_target,-0.017929767701696832
6837,sub41,37,ling_word_target,0.0023074579731797488
6838,sub41,38,ling_word_target,0.0007067932971034658
6839,sub41,39,ling_word_target,0.010104581299282286
6840,sub41,40,ling_word_target,-0.026419263691146378
6841,sub41,41,ling_word_target,0.019253643211691908
6842,sub41,42,ling_word_target,0.011508156718280567
6843,sub41,43,ling_word_target,-0.019726683658588956
6844,sub41,44,ling_word_target,0.0025836655443771577
6845,sub41,45,ling_word_target,-0.012134915095092905
6846,sub41,46,ling_word_target,-0.005505910907215524
6847,sub41,47,ling_word_target,0.006293467435865818
6848,sub41,48,ling_word_target,-0.024166102378918235
6849,sub41,49,ling_word_target,0.018988421660681567
6850,sub41,50,ling_word_target,0.0009512210450332303
6851,sub41,51,ling_word_target,-0.003917146723921537
6852,sub41,52,ling_word_target,0.005838450011754218
6853,sub41,53,ling_word_target,0.00025440360878647246
6854,sub41,54,ling_word_target,-0.0028400638936915785
6855,sub41,55,ling_word_target,-0.0006121424234342516
6856,sub41,56,ling_word_target,-0.008747301559807897
6857,sub41,57,ling_word_target,0.008909706401610694
6858,sub41,58,ling_word_target,0.025540787303882564
6859,sub41,59,ling_word_target,-0.02212258395574742
6860,sub41,60,ling_word_target,0.014952824190332214
6861,sub41,61,ling_word_target,-0.0037900157962205403
6862,sub41,62,ling_word_target,0.011982980679687607
6863,sub41,63,ling_word_target,-0.016252870016263445
6864,sub41,64,ling_word_target,0.009674980829125011
6865,sub41,65,ling_word_target,-0.018089915030921732
6866,sub41,66,ling_word_target,0.0038181820494927418
6867,sub41,67,ling_word_target,0.005307372144029506
6868,sub41,68,ling_word_target,0.0009733944367807214
6869,sub41,69,ling_word_target,-0.012036222895232951
6870,sub41,70,ling_word_target,-0.01122159003138937
6871,sub41,71,ling_word_target,0.0025923387875700587
6872,sub41,72,ling_word_target,0.010075220669110723
6873,sub41,73,ling_word_target,-0.027457692204680858
6874,sub41,74,ling_word_target,0.0008754636498054054
6875,sub41,75,ling_word_target,-0.0019681886310686488
6876,sub41,76,ling_word_target,-0.014618639460776075
6877,sub41,77,ling_word_target,0.005548417902039765
6878,sub41,78,ling_word_target,0.0029969837427699197
6879,sub41,79,ling_word_target,-0.010778678422888556
6880,sub41,80,ling_word_target,-0.002794642978987105
6881,sub41,81,ling_word_target,0.00610791033037125
6882,sub41,82,ling_word_target,0.010142757822520507
6883,sub41,83,ling_word_target,0.0097528429660641
6884,sub41,84,ling_word_target,0.0030586027325102847
6885,sub41,85,ling_word_target,0.004579015823624572
6886,sub41,86,ling_word_target,-0.0006473509998909105
6887,sub41,87,ling_word_target,0.009592532865128019
6888,sub41,88,ling_word_target,0.005263234317124921
6889,sub41,89,ling_word_target,0.009031711732241788
6890,sub41,90,ling_word_target,-0.00015026402297385158
6891,sub41,91,ling_word_target,0.0009122222125690638
6892,sub41,92,ling_word_target,0.002797102077260766
6893,sub41,93,ling_word_target,-0.01453232894954743
6894,sub41,94,ling_word_target,-0.002646441902529343
6895,sub41,95,ling_word_target,-0.0037333543162391836
6896,sub41,96,ling_word_target,-0.0008806999806300496
6897,sub41,97,ling_word_target,-0.008495290365359258
6898,sub41,98,ling_word_target,0.002120748195867013
6899,sub41,99,ling_word_target,-0.00649973121110025
6900,sub41,100,ling_word_target,0.009782926432024283
6901,sub41,101,ling_word_target,-0.012472729175838608
6902,sub41,102,ling_word_target,-0.025849959538024218
6903,sub41,103,ling_word_target,-0.000986584088355702
6904,sub41,104,ling_word_target,0.003645322261943142
6905,sub41,105,ling_word_target,-0.0065979832678551
6906,sub41,106,ling_word_target,-0.002882894855877442
6907,sub41,107,ling_word_target,-0.026019065470628235
6908,sub41,108,ling_word_target,0.01044830723711984
6909,sub41,109,ling_word_target,0.006820402446980366
6910,sub41,110,ling_word_target,0.01815596896231257
6911,sub41,111,ling_word_target,0.016364760197465553
6912,sub41,112,ling_word_target,-0.005161158197635894
6913,sub41,113,ling_word_target,-0.008249931412588627
6914,sub41,114,ling_word_target,0.013800464363226664
6915,sub41,115,ling_word_target,0.0037759334037940876
6916,sub41,116,ling_word_target,0.00031752716221912844
6917,sub41,117,ling_word_target,-0.03848041599801226
6918,sub41,118,ling_word_target,-0.006819719409474455
6919,sub41,119,ling_word_target,-0.01446788602228677
6920,sub41,120,ling_word_target,-0.007943137864859971
6921,sub41,121,ling_word_target,0.001807414830593177
6922,sub41,122,ling_word_target,0.005675701053237708
6923,sub41,123,ling_word_target,0.018718225714774803
6924,sub41,124,ling_word_target,-0.0038259760386826305
6925,sub41,125,ling_word_target,0.002594791167312139
6926,sub41,126,ling_word_target,-0.0151341430100653
6927,sub41,127,ling_word_target,-0.009523872577052044
6928,sub41,128,ling_word_target,-0.0018935793046999253
6929,sub41,129,ling_word_target,-0.004269859925336965
6930,sub41,130,ling_word_target,0.003937601396288621
6931,sub41,131,ling_word_target,0.009804452303715894
6932,sub41,132,ling_word_target,-0.012746679701393699
6933,sub41,133,ling_word_target,-0.034536355622958995
6934,sub41,134,ling_word_target,-0.0036951765035265465
6935,sub41,135,ling_word_target,-0.014141239591782503
6936,sub41,136,ling_word_target,-0.020609078607323784
6937,sub41,137,ling_word_target,0.001142505994661079
6938,sub41,138,ling_word_target,0.00724116192034625
6939,sub41,139,ling_word_target,-0.021819847011617526
6940,sub41,140,ling_word_target,-0.0019182521812022009
6941,sub41,141,ling_word_target,-0.004959089582563953
6942,sub41,142,ling_word_target,0.012790857779334835
6943,sub41,143,ling_word_target,-0.006684659342518083
6944,sub41,144,ling_word_target,-0.0018970793787346193
6945,sub41,145,ling_word_target,-0.0044740745166833035
6946,sub41,146,ling_word_target,0.018734374203283333
6947,sub41,147,ling_word_target,0.007243195252965534
6948,sub41,148,ling_word_target,0.01673402045055419
6949,sub41,149,ling_word_target,0.0027561866678580418
6950,sub41,150,ling_word_target,-0.0015512578041254356
6951,sub41,151,ling_word_target,-0.011596896203456032
6952,sub41,152,ling_word_target,-0.0019351075876944833
6953,sub41,153,ling_word_target,-0.0072032540990797445
6954,sub41,154,ling_word_target,-0.007321144238125011
6955,sub41,155,ling_word_target,-0.017269178266458775
6956,sub41,156,ling_word_target,-0.007078614831723716
6957,sub41,157,ling_word_target,0.003952513058061766
6958,sub41,158,ling_word_target,-0.00713793829813284
6959,sub41,159,ling_word_target,0.0048189849923940455
6960,sub41,160,ling_word_target,-0.00236781696951867
6961,sub41,161,ling_word_target,0.0006086947962713676
6962,sub41,162,ling_word_target,0.015409677730388973
6963,sub41,163,ling_word_target,0.009880294613690176
6964,sub41,164,ling_word_target,0.007869206726896429
6965,sub41,165,ling_word_target,0.008173827092722862
6966,sub41,166,ling_word_target,-0.010795363216036937
6967,sub41,167,ling_word_target,-0.009800953424524582
6968,sub41,168,ling_word_target,0.0037786330018640237
6969,sub41,169,ling_word_target,0.0007011122683061868
6970,sub41,170,ling_word_target,-0.011188490694000713
6971,sub41,171,ling_word_target,0.005122034726572973
6972,sub41,172,ling_word_target,-0.009094197505111035
6973,sub41,173,ling_word_target,0.0045618395573438246
6974,sub41,174,ling_word_target,-0.0010568675612303354
6975,sub41,175,ling_word_target,0.006406407176015955
6976,sub41,176,ling_word_target,7.4972559230436e-05
6977,sub41,177,ling_word_target,-0.007713692312761255
6978,sub41,178,ling_word_target,0.016641014028124602
6979,sub41,179,ling_word_target,0.007601652427424953
6980,sub41,180,ling_word_target,-0.01457366807128831
6981,sub41,181,ling_word_target,-0.000503325082244651
6982,sub41,182,ling_word_target,0.009242976920377842
6983,sub41,183,ling_word_target,-0.0030348867255234357
6984,sub41,184,ling_word_target,-0.028104699962476224
6985,sub41,185,ling_word_target,0.012540828967204116
6986,sub41,186,ling_word_target,-0.007615894682607548
6987,sub41,187,ling_word_target,0.0024030134275843575
6988,sub41,188,ling_word_target,-0.007794193072494564
6989,sub41,189,ling_word_target,-0.005501953900089197
6990,sub41,190,ling_word_target,-0.012368723623715782
6991,sub41,191,ling_word_target,-0.0011142418051457122
6992,sub41,192,ling_word_target,-0.020562391043797923
6993,sub41,193,ling_word_target,-0.007082423421001831
6994,sub41,194,ling_word_target,0.004193136014272513
6995,sub41,195,ling_word_target,0.008571647172650146
6996,sub41,196,ling_word_target,0.012305541438996901
6997,sub41,197,ling_word_target,-0.032089679406784574
6998,sub41,198,ling_word_target,-0.0120100779957286
6999,sub41,199,ling_word_target,0.011485912134796564
7000,sub42,0,ling_word_target,0.0007124471395108726
7001,sub42,1,ling_word_target,0.016679905983375015
7002,sub42,2,ling_word_target,0.004212233456144291
7003,sub42,3,ling_word_target,0.017109445744784384
7004,sub42,4,ling_word_target,-0.013280408745438623
7005,sub42,5,ling_word_target,0.0036417676906115876
7006,sub42,6,ling_word_target,-0.0032504746281946132
7007,sub42,7,ling_word_target,0.0006071480338038849
7008,sub42,8,ling_word_target,0.00011837402771884804
7009,sub42,9,ling_word_target,-0.015641967345867567
7010,sub42,10,ling_word_target,-0.021266890852183033
7011,sub42,11,ling_word_target,-0.006802817083216308
7012,sub42,12,ling_word_target,0.004732136256930743
7013,sub42,13,ling_word_target,0.01627198959695692
7014,sub42,14,ling_word_target,0.0003975690881763193
7015,sub42,15,ling_word_target,-0.005319394001881443
7016,sub42,16,ling_word_target,0.0035851788607701883
7017,sub42,17,ling_word_target,-0.009933378982540557
7018,sub42,18,ling_word_target,-0.007832734280682367
7019,sub42,19,ling_word_target,-0.007132116718204054
7020,sub42,20,ling_word_target,-0.0070283113054745595
7021,sub42,21,ling_word_target,0.009148720418136538
7022,sub42,22,ling_word_target,-0.00787739501856356
7023,sub42,23,ling_word_target,-0.010320330740554908
7024,sub42,24,ling_word_target,-0.030538484107940713
7025,sub42,25,ling_word_target,0.0013838397587334823
7026,sub42,26,ling_word_target,0.009550441930765345
7027,sub42,27,ling_word_target,0.0006348872777977645
7028,sub42,28,ling_word_target,-0.004278344454175351
7029,sub42,29,ling_word_target,-0.00858171577178439
7030,sub42,30,ling_word_target,0.009879043977218503
7031,sub42,31,ling_word_target,-0.012526037357225036
7032,sub42,32,ling_word_target,0.018043202515864325
7033,sub42,33,ling_word_target,-0.013241527939372142
7034,sub42,34,ling_word_target,0.0036854174573961317
7035,sub42,35,ling_word_target,0.007483313623293294
7036,sub42,36,ling_word_target,-0.0010571399843227374
7037,sub42,37,ling_word_target,0.004759403875342601
7038,sub42,38,ling_word_target,-0.007310854904466394
7039,sub42,39,ling_word_target,-8.029462976735964e-06
7040,sub42,40,ling_word_target,-0.020600670931378795
7041,sub42,41,ling_word_target,-0.01213198923003653
7042,sub42,42,ling_word_target,-0.0029039017573035913
7043,sub42,43,ling_word_target,0.002069331854627656
7044,sub42,44,ling_word_target,-0.003339113770856291
7045,sub42,45,ling_word_target,-0.013741695066833004
7046,sub42,46,ling_word_target,0.0007006255810760917
7047,sub42,47,ling_word_target,0.009020044191836513
7048,sub42,48,ling_word_target,0.010825826780814365
7049,sub42,49,ling_word_target,0.008110757259650296
7050,sub42,50,ling_word_target,0.004682882855059388
7051,sub42,51,ling_word_target,-0.02544947777971236
7052,sub42,52,ling_word_target,-0.004739347083968899
7053,sub42,53,ling_word_target,0.014255526928788094
7054,sub42,54,ling_word_target,0.01304735157378554
7055,sub42,55,ling_word_target,0.0037848222547499674
7056,sub42,56,ling_word_target,0.0033699462828388625
7057,sub42,57,ling_word_target,0.019144815616916205
7058,sub42,58,ling_word_target,0.0008515775727114169
7059,sub42,59,ling_word_target,-0.003050157592216694
7060,sub42,60,ling_word_target,0.01622192850106891
7061,sub42,61,ling_word_target,0.029207150662401878
7062,sub42,62,ling_word_target,0.004101008280819446
7063,sub42,63,ling_word_target,0.006793006364172122
7064,sub42,64,ling_word_target,-0.0018464301244660473
7065,sub42,65,ling_word_target,-0.027556721409587454
7066,sub42,66,ling_word_target,-0.019334466426302384
7067,sub42,67,ling_word_target,-0.0032659224738807407
7068,sub42,68,ling_word_target,-0.014619735668787171
7069,sub42,69,ling_word_target,-0.04215334658746949
7070,sub42,70,ling_word_target,0.0046528348145418105
7071,sub42,71,ling_word_target,0.0075718520946735585
7072,sub42,72,ling_word_target,-0.015457427247244094
7073,sub42,73,ling_word_target,0.013525425812082496
7074,sub42,74,ling_word_target,-0.02321234871189236
7075,sub42,75,ling_word_target,-0.006235094758096123
7076,sub42,76,ling_word_target,0.025618195242223137
7077,sub42,77,ling_word_target,-0.03438933175214894
7078,sub42,78,ling_word_target,0.005715916103733186
7079,sub42,79,ling_word_target,-0.0035101764394105672
7080,sub42,80,ling_word_target,-0.006908397258772979
7081,sub42,81,ling_word_target,-0.00280371030674271
7082,sub42,82,ling_word_target,0.025834224363041343
7083,sub42,83,ling_word_target,0.01442864380451321
7084,sub42,84,ling_word_target,-0.006087503958705852
7085,sub42,85,ling_word_target,-0.03492180112768387
7086,sub42,86,ling_word_target,-0.011304716129497322
7087,sub42,87,ling_word_target,0.0018637362345266448
7088,sub42,88,ling_word_target,-0.016180931980976546
7089,sub42,89,ling_word_target,-0.0027046864404384075
7090,sub42,90,ling_word_target,0.014067026438188331
7091,sub42,91,ling_word_target,0.0214303903585587
7092,sub42,92,ling_word_target,0.0017109560441966579
7093,sub42,93,ling_word_target,-0.008397222768907099
7094,sub42,94,ling_word_target,-0.0100487989044894
7095,sub42,95,ling_word_target,-0.009877518512876531
7096,sub42,96,ling_word_target,-0.021320765725648578
7097,sub42,97,ling_word_target,-0.01999136727275557
7098,sub42,98,ling_word_target,-0.01570225341852716
7099,sub42,99,ling_word_target,-0.014843411929793836
7100,sub42,100,ling_word_target,0.010765273156622153
7101,sub42,101,ling_word_target,-0.02823400358762299
7102,sub42,102,ling_word_target,-0.01380138275528587
7103,sub42,103,ling_word_target,0.0017219392946762758
7104,sub42,104,ling_word_target,-0.00163297085579215
7105,sub42,105,ling_word_target,0.01093832461593856
7106,sub42,106,ling_word_target,0.002874333029193278
7107,sub42,107,ling_word_target,0.004064688762510902
7108,sub42,108,ling_word_target,-0.03843798793299331
7109,sub42,109,ling_word_target,-0.018232403574309195
7110,sub42,110,ling_word_target,-0.019258868409999817
7111,sub42,111,ling_word_target,-0.004776338670635185
7112,sub42,112,ling_word_target,0.014417259380975685
7113,sub42,113,ling_word_target,-0.011084242431029276
7114,sub42,114,ling_word_target,0.008437715159462424
7115,sub42,115,ling_word_target,-0.021176533816038748
7116,sub42,116,ling_word_target,-0.017166662132169518
7117,sub42,117,ling_word_target,0.019900356462953392
7118,sub42,118,ling_word_target,0.00517809416988273
7119,sub42,119,ling_word_target,-0.009080248544155827
7120,sub42,120,ling_word_target,-0.00607324164899063
7121,sub42,121,ling_word_target,-0.007652875546874967
7122,sub42,122,ling_word_target,0.005097098843458392
7123,sub42,123,ling_word_target,-0.0035530341569996768
7124,sub42,124,ling_word_target,-0.022961595610158834
7125,sub42,125,ling_word_target,0.0126052791819455
7126,sub42,126,ling_word_target,0.0038458325974583553
7127,sub42,127,ling_word_target,0.024007557836201374
7128,sub42,128,ling_word_target,0.016717964566715142
7129,sub42,129,ling_word_target,0.000986221494790236
7130,sub42,130,ling_word_target,0.002291073477984601
7131,sub42,131,ling_word_target,0.004783881596222118
7132,sub42,132,ling_word_target,0.00991292450804544
7133,sub42,133,ling_word_target,0.010132625616161814
7134,sub42,134,ling_word_target,-0.013936564126635813
7135,sub42,135,ling_word_target,0.008114765372972333
7136,sub42,136,ling_word_target,0.005184212379165393
7137,sub42,137,ling_word_target,0.022463980731891556
7138,sub42,138,ling_word_target,0.021436637786256794
7139,sub42,139,ling_word_target,-0.005716032439926006
7140,sub42,140,ling_word_target,-0.010993779234044255
7141,sub42,141,ling_word_target,-0.00528890679736766
7142,sub42,142,ling_word_target,0.010250244049426288
7143,sub42,143,ling_word_target,-0.008455632642794053
7144,sub42,144,ling_word_target,0.02593175830357152
7145,sub42,145,ling_word_target,-0.0017237564978793533
7146,sub42,146,ling_word_target,-0.013603746896024583
7147,sub42,147,ling_word_target,-0.015635928696012134
7148,sub42,148,ling_word_target,-0.0007938289553924528
7149,sub42,149,ling_word_target,-0.003451859203926113
7150,sub42,150,ling_word_target,0.012428300311851234
7151,sub42,151,ling_word_target,-0.009198657453177456
7152,sub42,152,ling_word_target,0.00034423647151889087
7153,sub42,153,ling_word_target,0.021038849861334998
7154,sub42,154,ling_word_target,0.002170897438094983
7155,sub42,155,ling_word_target,-0.01183416315574944
7156,sub42,156,ling_word_target,-0.0053901446933056095
7157,sub42,157,ling_word_target,0.0030936885604690976
7158,sub42,158,ling_word_target,0.009954516605684936
7159,sub42,159,ling_word_target,-0.003010337430003752
7160,sub42,160,ling_word_target,-0.0049659138459608905
7161,sub42,161,ling_word_target,0.0035250131969921674
7162,sub42,162,ling_word_target,-0.009628010632491742
7163,sub42,163,ling_word_target,0.0012001650638950737
7164,sub42,164,ling_word_target,-0.01323407846017032
7165,sub42,165,ling_word_target,0.009510638200350299
7166,sub42,166,ling_word_target,-0.0036236060132079566
7167,sub42,167,ling_word_target,0.02101940330617993
7168,sub42,168,ling_word_target,0.004178727002904744
7169,sub42,169,ling_word_target,-0.005997281364101052
7170,sub42,170,ling_word_target,0.01142445726147861
7171,sub42,171,ling_word_target,-4.633863163959554e-05
7172,sub42,172,ling_word_target,0.005166522378827419
7173,sub42,173,ling_word_target,-0.006464361772145464
7174,sub42,174,ling_word_target,-0.006735381980126808
7175,sub42,175,ling_word_target,-0.01824550206160231
7176,sub42,176,ling_word_target,-0.004230034009792486
7177,sub42,177,ling_word_target,0.006896225245108491
7178,sub42,178,ling_word_target,0.0017493355182020337
7179,sub42,179,ling_word_target,0.011433576014190417
7180,sub42,180,ling_word_target,-0.005206210019567678
7181,sub42,181,ling_word_target,-0.002022265446411535
7182,sub42,182,ling_word_target,0.0011648700591316067
7183,sub42,183,ling_word_target,-0.01671866609743435
7184,sub42,184,ling_word_target,-0.004344848143756237
7185,sub42,185,ling_word_target,-0.0011241432993562728
7186,sub42,186,ling_word_target,-0.0010197093265364922
7187,sub42,187,ling_word_target,-0.024463966977764862
7188,sub42,188,ling_word_target,0.005886422328720733
7189,sub42,189,ling_word_target,-0.0033638738254949405
7190,sub42,190,ling_word_target,-0.0198632756929742
7191,sub42,191,ling_word_target,0.010883502445675278
7192,sub42,192,ling_word_target,-0.005713171912897673
7193,sub42,193,ling_word_target,-0.015856692235317625
7194,sub42,194,ling_word_target,0.003850465524195446
7195,sub42,195,ling_word_target,0.009945859678074603
7196,sub42,196,ling_word_target,-0.0049382203599811075
7197,sub42,197,ling_word_target,0.009376877628386463
7198,sub42,198,ling_word_target,-0.0008365268256609094
7199,sub42,199,ling_word_target,-0.013946315505078043
7200,sub43,0,ling_word_target,-0.0030201678672286563
7201,sub43,1,ling_word_target,0.014937338892068072
7202,sub43,2,ling_word_target,-0.005937682293699447
7203,sub43,3,ling_word_target,0.0025127116417325143
7204,sub43,4,ling_word_target,0.0012216302712244774
7205,sub43,5,ling_word_target,0.0009327328719629264
7206,sub43,6,ling_word_target,0.006273421597386375
7207,sub43,7,ling_word_target,0.0002894472661245322
7208,sub43,8,ling_word_target,0.01383620105872824
7209,sub43,9,ling_word_target,0.0015349049815724105
7210,sub43,10,ling_word_target,-0.010811281049995647
7211,sub43,11,ling_word_target,-0.004370285214071676
7212,sub43,12,ling_word_target,0.014342126954403902
7213,sub43,13,ling_word_target,0.0005229834867217699
7214,sub43,14,ling_word_target,0.00912737060211851
7215,sub43,15,ling_word_target,0.01646033521760806
7216,sub43,16,ling_word_target,0.010798605562677983
7217,sub43,17,ling_word_target,-0.00690188434929819
7218,sub43,18,ling_word_target,-0.007209710003783422
7219,sub43,19,ling_word_target,1.7711083239142284e-05
7220,sub43,20,ling_word_target,0.004283779929945713
7221,sub43,21,ling_word_target,-0.015161404003224403
7222,sub43,22,ling_word_target,-0.006896003497820349
7223,sub43,23,ling_word_target,0.004988540401632125
7224,sub43,24,ling_word_target,-0.004020251710538532
7225,sub43,25,ling_word_target,-0.007828391302290695
7226,sub43,26,ling_word_target,-0.019516392830307247
7227,sub43,27,ling_word_target,0.024776792092790864
7228,sub43,28,ling_word_target,-0.0065344439188241045
7229,sub43,29,ling_word_target,-0.011903330723022442
7230,sub43,30,ling_word_target,0.034109841075912695
7231,sub43,31,ling_word_target,0.023235712739820346
7232,sub43,32,ling_word_target,0.007550899520357457
7233,sub43,33,ling_word_target,-0.0031206384180901153
7234,sub43,34,ling_word_target,0.006831492299230585
7235,sub43,35,ling_word_target,-0.008322069173359509
7236,sub43,36,ling_word_target,-0.007219321991398537
7237,sub43,37,ling_word_target,0.0065679584255027585
7238,sub43,38,ling_word_target,0.010735414524268861
7239,sub43,39,ling_word_target,0.00048526310141154577
7240,sub43,40,ling_word_target,-0.02070416302353118
7241,sub43,41,ling_word_target,0.0032515883424544642
7242,sub43,42,ling_word_target,0.010127205862609
7243,sub43,43,ling_word_target,0.01750328010397231
7244,sub43,44,ling_word_target,-0.005817921336535316
7245,sub43,45,ling_word_target,0.0023301631053710067
7246,sub43,46,ling_word_target,-0.009515811104210164
7247,sub43,47,ling_word_target,0.0022099240766680676
7248,sub43,48,ling_word_target,-0.009701324672459105
7249,sub43,49,ling_word_target,-0.02607858884969967
7250,sub43,50,ling_word_target,0.0026325670701770154
7251,sub43,51,ling_word_target,-0.0006393771155799744
7252,sub43,52,ling_word_target,-0.015703836566607874
7253,sub43,53,ling_word_target,0.012752120771935263
7254,sub43,54,ling_word_target,-0.011568697843235281
7255,sub43,55,ling_word_target,0.007272919898763739
7256,sub43,56,ling_word_target,-0.002061630437295467
7257,sub43,57,ling_word_target,0.00016745214206247093
7258,sub43,58,ling_word_target,-0.001327965072717452
7259,sub43,59,ling_word_target,-0.00032524015635885774
7260,sub43,60,ling_word_target,0.008013797886502319
7261,sub43,61,ling_word_target,-0.008735839021466235
7262,sub43,62,ling_word_target,-0.001614711104731695
7263,sub43,63,ling_word_target,-0.0021772706218357554
7264,sub43,64,ling_word_target,0.009093131742216789
7265,sub43,65,ling_word_target,-0.00543053520684522
7266,sub43,66,ling_word_target,-0.0010029406757807475
7267,sub43,67,ling_word_target,-0.004478822222099421
7268,sub43,68,ling_word_target,0.023816178540010446
7269,sub43,69,ling_word_target,-0.004342665286035104
7270,sub43,70,ling_word_target,-0.006190048665141994
7271,sub43,71,ling_word_target,-0.0082983989268161
7272,sub43,72,ling_word_target,0.004502998164994481
7273,sub43,73,ling_word_target,-0.004405060709589059
7274,sub43,74,ling_word_target,-0.0021043437502400774
7275,sub43,75,ling_word_target,-0.012992081642558795
7276,sub43,76,ling_word_target,0.0039417693354074175
7277,sub43,77,ling_word_target,0.002362625099682068
7278,sub43,78,ling_word_target,-0.0014024411521800413
7279,sub43,79,ling_word_target,0.010563042455703234
7280,sub43,80,ling_word_target,0.005990391109447607
7281,sub43,81,ling_word_target,0.0007863226763836236
7282,sub43,82,ling_word_target,0.019003631539903823
7283,sub43,83,ling_word_target,-0.0061492529115888496
7284,sub43,84,ling_word_target,0.004078208984147618
7285,sub43,85,ling_word_target,-0.0049969998279102805
7286,sub43,86,ling_word_target,-0.00318216823723436
7287,sub43,87,ling_word_target,-0.019403089567932474
7288,sub43,88,ling_word_target,-0.02082477861951418
7289,sub43,89,ling_word_target,-0.003641415936878307
7290,sub43,90,ling_word_target,0.0068106013092371
7291,sub43,91,ling_word_target,0.0003017902872415298
7292,sub43,92,ling_word_target,-0.010085419458984007
7293,sub43,93,ling_word_target,-0.0032204239189332364
7294,sub43,94,ling_word_target,-0.015208867854532725
7295,sub43,95,ling_word_target,-0.005836846339805178
7296,sub43,96,ling_word_target,-0.017955897064477828
7297,sub43,97,ling_word_target,-0.003987573180512558
7298,sub43,98,ling_word_target,-0.006068288679642656
7299,sub43,99,ling_word_target,0.004100882326281051
7300,sub43,100,ling_word_target,-0.013654087028627174
7301,sub43,101,ling_word_target,-0.001153582440239747
7302,sub43,102,ling_word_target,-0.010426355719522464
7303,sub43,103,ling_word_target,0.00948912047348144
7304,sub43,104,ling_word_target,0.005563266225779866
7305,sub43,105,ling_word_target,-0.015739287487755337
7306,sub43,106,ling_word_target,-0.004156072515511128
7307,sub43,107,ling_word_target,-0.0015376820885842069
7308,sub43,108,ling_word_target,0.016694836163086108
7309,sub43,109,ling_word_target,-0.02819707254042384
7310,sub43,110,ling_word_target,-0.024738169338491045
7311,sub43,111,ling_word_target,0.006897402534242053
7312,sub43,112,ling_word_target,0.009518441781614389
7313,sub43,113,ling_word_target,0.0027400971566733873
7314,sub43,114,ling_word_target,-0.005615789877357481
7315,sub43,115,ling_word_target,-0.005108005099518945
7316,sub43,116,ling_word_target,0.012084706927665863
7317,sub43,117,ling_word_target,-0.00257509986744133
7318,sub43,118,ling_word_target,-0.014099013586323626
7319,sub43,119,ling_word_target,-0.0016228228232411982
7320,sub43,120,ling_word_target,-0.005844762087813899
7321,sub43,121,ling_word_target,0.009074119755786616
7322,sub43,122,ling_word_target,-0.008756353792702823
7323,sub43,123,ling_word_target,-0.015241200308630251
7324,sub43,124,ling_word_target,0.02454039988035718
7325,sub43,125,ling_word_target,-0.010709918574312896
7326,sub43,126,ling_word_target,-0.011262711084495508
7327,sub43,127,ling_word_target,-0.0077473075041179515
7328,sub43,128,ling_word_target,-0.007807256991117886
7329,sub43,129,ling_word_target,0.00605273770872183
7330,sub43,130,ling_word_target,0.01410389985604596
7331,sub43,131,ling_word_target,-0.0007638466519645165
7332,sub43,132,ling_word_target,-0.010026288514965113
7333,sub43,133,ling_word_target,0.03374420569532791
7334,sub43,134,ling_word_target,0.008877478345281933
7335,sub43,135,ling_word_target,0.00492690089792028
7336,sub43,136,ling_word_target,-0.006637872558226912
7337,sub43,137,ling_word_target,0.0048854005832266465
7338,sub43,138,ling_word_target,-0.0015165419815411875
7339,sub43,139,ling_word_target,0.009081013060530345
7340,sub43,140,ling_word_target,0.0014017898279786438
7341,sub43,141,ling_word_target,-0.006637394873326773
7342,sub43,142,ling_word_target,0.011465098812179986
7343,sub43,143,ling_word_target,-0.0026538509218215975
7344,sub43,144,ling_word_target,0.0007674321673289907
7345,sub43,145,ling_word_target,0.01935773465904293
7346,sub43,146,ling_word_target,0.012092420811323345
7347,sub43,147,ling_word_target,0.007162222935689393
7348,sub43,148,ling_word_target,0.005893422687488934
7349,sub43,149,ling_word_target,0.0028026475463113643
7350,sub43,150,ling_word_target,0.0006509663721314084
7351,sub43,151,ling_word_target,0.0060685128662070036
7352,sub43,152,ling_word_target,-0.012107499146001453
7353,sub43,153,ling_word_target,0.0088123344060431
7354,sub43,154,ling_word_target,-0.012147162102951274
7355,sub43,155,ling_word_target,-0.01087162400123301
7356,sub43,156,ling_word_target,-5.219360506286106e-05
7357,sub43,157,ling_word_target,-0.010591707598012336
7358,sub43,158,ling_word_target,0.007695490483134959
7359,sub43,159,ling_word_target,0.0005440716095910249
7360,sub43,160,ling_word_target,0.009286048632155663
7361,sub43,161,ling_word_target,-0.0050519708644089015
7362,sub43,162,ling_word_target,0.006802240137587058
7363,sub43,163,ling_word_target,0.014509372361580102
7364,sub43,164,ling_word_target,-0.02673431758133872
7365,sub43,165,ling_word_target,-0.0003275721527931375
7366,sub43,166,ling_word_target,-0.007963183574955733
7367,sub43,167,ling_word_target,-0.005897780631919739
7368,sub43,168,ling_word_target,0.008485976378730558
7369,sub43,169,ling_word_target,-0.00034870763451242515
7370,sub43,170,ling_word_target,0.007284759093047775
7371,sub43,171,ling_word_target,0.024371121889136146
7372,sub43,172,ling_word_target,0.0013099962086736143
7373,sub43,173,ling_word_target,-0.007309471178812184
7374,sub43,174,ling_word_target,-0.001227294386795273
7375,sub43,175,ling_word_target,0.003552437865249178
7376,sub43,176,ling_word_target,0.0037295493752576916
7377,sub43,177,ling_word_target,-0.004261354471930543
7378,sub43,178,ling_word_target,0.003532142725027983
7379,sub43,179,ling_word_target,0.0030987437185258132
7380,sub43,180,ling_word_target,-0.008149800673369808
7381,sub43,181,ling_word_target,0.005193836754183841
7382,sub43,182,ling_word_target,0.0018936687313522809
7383,sub43,183,ling_word_target,0.010115477353369682
7384,sub43,184,ling_word_target,0.0060687192905853424
7385,sub43,185,ling_word_target,0.03828355539054241
7386,sub43,186,ling_word_target,-0.003703626880856754
7387,sub43,187,ling_word_target,0.014204952141647981
7388,sub43,188,ling_word_target,0.010663609272665237
7389,sub43,189,ling_word_target,-0.003966842708591122
7390,sub43,190,ling_word_target,0.0074885329503218395
7391,sub43,191,ling_word_target,-0.00829277461077474
7392,sub43,192,ling_word_target,0.0004146684894719186
7393,sub43,193,ling_word_target,0.002315416292005412
7394,sub43,194,ling_word_target,0.010351771883255692
7395,sub43,195,ling_word_target,-0.01545850147128017
7396,sub43,196,ling_word_target,-0.0055608244657316215
7397,sub43,197,ling_word_target,0.007176694633112094
7398,sub43,198,ling_word_target,0.008144525187833759
7399,sub43,199,ling_word_target,0.014684021427057143
7400,sub44,0,ling_word_target,-0.0002866602304366919
7401,sub44,1,ling_word_target,0.0026002253156441496
7402,sub44,2,ling_word_target,-0.024473931085546397
7403,sub44,3,ling_word_target,-0.019169225682448242
7404,sub44,4,ling_word_target,0.014376533709779558
7405,sub44,5,ling_word_target,-0.007974420634162468
7406,sub44,6,ling_word_target,-0.013032978535057395
7407,sub44,7,ling_word_target,0.0036829434573422385
7408,sub44,8,ling_word_target,-0.0050085900173947075
7409,sub44,9,ling_word_target,-0.008619537636354332
7410,sub44,10,ling_word_target,0.06377447784404282
7411,sub44,11,ling_word_target,0.008766265043688016
7412,sub44,12,ling_word_target,-0.009756634047717535
7413,sub44,13,ling_word_target,0.004236471388717388
7414,sub44,14,ling_word_target,0.009699978923129403
7415,sub44,15,ling_word_target,0.031403769625252036
7416,sub44,16,ling_word_target,0.028749061026532147
7417,sub44,17,ling_word_target,0.04865267947711677
7418,sub44,18,ling_word_target,0.030787175444060032
7419,sub44,19,ling_word_target,0.023441580687960904
7420,sub44,20,ling_word_target,0.02498936853126763
7421,sub44,21,ling_word_target,0.035156086969440385
7422,sub44,22,ling_word_target,0.01826482527764117
7423,sub44,23,ling_word_target,-0.005516197669563361
7424,sub44,24,ling_word_target,0.022949424499701773
7425,sub44,25,ling_word_target,-0.026063635583780453
7426,sub44,26,ling_word_target,0.004609246316382389
7427,sub44,27,ling_word_target,0.0019750405686898057
7428,sub44,28,ling_word_target,0.0007235132322093658
7429,sub44,29,ling_word_target,-0.002477717857699008
7430,sub44,30,ling_word_target,-0.006563158340920701
7431,sub44,31,ling_word_target,-0.022838119544826174
7432,sub44,32,ling_word_target,0.0035535872342415792
7433,sub44,33,ling_word_target,0.021835931901569516
7434,sub44,34,ling_word_target,0.007614186863104487
7435,sub44,35,ling_word_target,0.0035347521825977364
7436,sub44,36,ling_word_target,0.00310008155688164
7437,sub44,37,ling_word_target,0.019685164569365757
7438,sub44,38,ling_word_target,-0.011586301817219135
7439,sub44,39,ling_word_target,-0.005265763914909332
7440,sub44,40,ling_word_target,0.023050871724466414
7441,sub44,41,ling_word_target,0.010044476775222683
7442,sub44,42,ling_word_target,-0.008156436954301243
7443,sub44,43,ling_word_target,0.004310668000220735
7444,sub44,44,ling_word_target,0.008700811140627672
7445,sub44,45,ling_word_target,0.006769092167240973
7446,sub44,46,ling_word_target,0.0045263768499954
7447,sub44,47,ling_word_target,-0.026672498336910856
7448,sub44,48,ling_word_target,0.022065182816153037
7449,sub44,49,ling_word_target,0.01324214070480973
7450,sub44,50,ling_word_target,0.018994949986388125
7451,sub44,51,ling_word_target,-0.00046832289076633116
7452,sub44,52,ling_word_target,0.013720096897895032
7453,sub44,53,ling_word_target,0.007962987580568247
7454,sub44,54,ling_word_target,-0.014562266391016652
7455,sub44,55,ling_word_target,-0.018731615056181698
7456,sub44,56,ling_word_target,-0.00802435903748451
7457,sub44,57,ling_word_target,-0.0083453174313262
7458,sub44,58,ling_word_target,-6.663692421337139e-05
7459,sub44,59,ling_word_target,-0.0008674775686180639
7460,sub44,60,ling_word_target,0.007372839037801537
7461,sub44,61,ling_word_target,-0.02713463447854149
7462,sub44,62,ling_word_target,-0.01580983129032307
7463,sub44,63,ling_word_target,-0.008789919209937403
7464,sub44,64,ling_word_target,-0.006160492598132361
7465,sub44,65,ling_word_target,-0.00372079487177092
7466,sub44,66,ling_word_target,-1.1452807397986998e-05
7467,sub44,67,ling_word_target,-0.0036723594205259687
7468,sub44,68,ling_word_target,0.008968005888433857
7469,sub44,69,ling_word_target,-0.007136280164912511
7470,sub44,70,ling_word_target,-0.000219665181713501
7471,sub44,71,ling_word_target,-0.01790769567483436
7472,sub44,72,ling_word_target,-0.008762844799557926
7473,sub44,73,ling_word_target,0.0022277343980826466
7474,sub44,74,ling_word_target,0.019929717588040366
7475,sub44,75,ling_word_target,-0.0008292357500809292
7476,sub44,76,ling_word_target,-0.006146478953122684
7477,sub44,77,ling_word_target,0.01466770326120166
7478,sub44,78,ling_word_target,0.0009850044453671156
7479,sub44,79,ling_word_target,-0.013720846610495954
7480,sub44,80,ling_word_target,0.0008946882250010727
7481,sub44,81,ling_word_target,0.025580794256712808
7482,sub44,82,ling_word_target,-0.004097849461040535
7483,sub44,83,ling_word_target,-0.003233488620249649
7484,sub44,84,ling_word_target,0.03165441209032692
7485,sub44,85,ling_word_target,-0.0092488346483995
7486,sub44,86,ling_word_target,0.0040066029994613155
7487,sub44,87,ling_word_target,0.02167671424612286
7488,sub44,88,ling_word_target,-0.006524863038004192
7489,sub44,89,ling_word_target,0.012743376812303218
7490,sub44,90,ling_word_target,-0.01589560144562977
7491,sub44,91,ling_word_target,-0.019522271664870163
7492,sub44,92,ling_word_target,-0.016550329567498846
7493,sub44,93,ling_word_target,-0.023108583916942364
7494,sub44,94,ling_word_target,-0.0002575053270869239
7495,sub44,95,ling_word_target,-0.034065477489028946
7496,sub44,96,ling_word_target,0.01912874067743877
7497,sub44,97,ling_word_target,-0.03013931577446107
7498,sub44,98,ling_word_target,-0.007504332761996683
7499,sub44,99,ling_word_target,-0.0003977724702132128
7500,sub44,100,ling_word_target,-0.0082999629602203
7501,sub44,101,ling_word_target,0.005492917237969643
7502,sub44,102,ling_word_target,-0.0009105022577982339
7503,sub44,103,ling_word_target,-0.010553050681304651
7504,sub44,104,ling_word_target,0.002421277407667075
7505,sub44,105,ling_word_target,0.01794540672343662
7506,sub44,106,ling_word_target,-0.011232035600026847
7507,sub44,107,ling_word_target,-0.0038029048784163646
7508,sub44,108,ling_word_target,0.0019859415772410715
7509,sub44,109,ling_word_target,0.01074193742386166
7510,sub44,110,ling_word_target,-0.03301153532834968
7511,sub44,111,ling_word_target,-0.029628892413071633
7512,sub44,112,ling_word_target,-0.014085599333450311
7513,sub44,113,ling_word_target,-0.02135725576475337
7514,sub44,114,ling_word_target,0.01940568976915783
7515,sub44,115,ling_word_target,-0.017642046427460405
7516,sub44,116,ling_word_target,0.007648012182867356
7517,sub44,117,ling_word_target,-0.008588224623437826
7518,sub44,118,ling_word_target,-0.013453271009494564
7519,sub44,119,ling_word_target,0.014101587603046584
7520,sub44,120,ling_word_target,0.021888104690933288
7521,sub44,121,ling_word_target,-0.01667656710448116
7522,sub44,122,ling_word_target,0.008838452387567577
7523,sub44,123,ling_word_target,-0.040304555995367725
7524,sub44,124,ling_word_target,-0.03858750701091134
7525,sub44,125,ling_word_target,-0.003855802619949946
7526,sub44,126,ling_word_target,0.006373728530348963
7527,sub44,127,ling_word_target,-0.008161969900627161
7528,sub44,128,ling_word_target,-0.014033435724331704
7529,sub44,129,ling_word_target,0.018291355287255007
7530,sub44,130,ling_word_target,0.0006632058403818772
7531,sub44,131,ling_word_target,0.008559294714371533
7532,sub44,132,ling_word_target,0.0017002533499346298
7533,sub44,133,ling_word_target,-0.0032739466288606283
7534,sub44,134,ling_word_target,-0.005671294748830897
7535,sub44,135,ling_word_target,-0.007298533084902527
7536,sub44,136,ling_word_target,-0.009774559474173059
7537,sub44,137,ling_word_target,-0.007645370424496739
7538,sub44,138,ling_word_target,-0.005981277890521066
7539,sub44,139,ling_word_target,0.002550712005692308
7540,sub44,140,ling_word_target,0.008168827779721506
7541,sub44,141,ling_word_target,-0.0102558240088492
7542,sub44,142,ling_word_target,0.00994554869640444
7543,sub44,143,ling_word_target,0.0086133960193721
7544,sub44,144,ling_word_target,0.008673271997240786
7545,sub44,145,ling_word_target,-0.03255998125830673
7546,sub44,146,ling_word_target,0.0013800980896946282
7547,sub44,147,ling_word_target,-0.003914729246021705
7548,sub44,148,ling_word_target,0.008264157804245857
7549,sub44,149,ling_word_target,0.03678072146676362
7550,sub44,150,ling_word_target,0.0013712809093265979
7551,sub44,151,ling_word_target,0.002921729228163824
7552,sub44,152,ling_word_target,0.008615557838741994
7553,sub44,153,ling_word_target,0.018342816485512375
7554,sub44,154,ling_word_target,0.0007040871952227592
7555,sub44,155,ling_word_target,0.001408040424720609
7556,sub44,156,ling_word_target,-0.019339210741335554
7557,sub44,157,ling_word_target,-0.005022855557005117
7558,sub44,158,ling_word_target,0.011967360429054967
7559,sub44,159,ling_word_target,-0.01187631706917461
7560,sub44,160,ling_word_target,0.0063191093841112565
7561,sub44,161,ling_word_target,-0.005242778080690386
7562,sub44,162,ling_word_target,0.0015041814462253076
7563,sub44,163,ling_word_target,0.018074885849275715
7564,sub44,164,ling_word_target,-0.023607255070516982
7565,sub44,165,ling_word_target,-0.023795538862308865
7566,sub44,166,ling_word_target,-0.0033524523467466766
7567,sub44,167,ling_word_target,-0.009394793165086244
7568,sub44,168,ling_word_target,0.011588615993812217
7569,sub44,169,ling_word_target,0.00044980332582933896
7570,sub44,170,ling_word_target,-0.013420954473337026
7571,sub44,171,ling_word_target,-0.008931244731872165
7572,sub44,172,ling_word_target,0.008627720664839215
7573,sub44,173,ling_word_target,-0.026476840623390663
7574,sub44,174,ling_word_target,0.003836640824162501
7575,sub44,175,ling_word_target,-0.02418784791268958
7576,sub44,176,ling_word_target,-0.01282065296608743
7577,sub44,177,ling_word_target,0.010254623844375095
7578,sub44,178,ling_word_target,-0.0012456410474402445
7579,sub44,179,ling_word_target,0.012538587561912984
7580,sub44,180,ling_word_target,0.005865952300569992
7581,sub44,181,ling_word_target,0.010469049131577556
7582,sub44,182,ling_word_target,-0.009551541632310907
7583,sub44,183,ling_word_target,0.0064552526068415534
7584,sub44,184,ling_word_target,-0.01422566704270247
7585,sub44,185,ling_word_target,0.04053677219116406
7586,sub44,186,ling_word_target,-0.007973104539930114
7587,sub44,187,ling_word_target,-0.012781435605917773
7588,sub44,188,ling_word_target,-0.015224007732251561
7589,sub44,189,ling_word_target,-0.038260036980979434
7590,sub44,190,ling_word_target,0.007590484957832278
7591,sub44,191,ling_word_target,-0.005202484725084161
7592,sub44,192,ling_word_target,0.010077548032563857
7593,sub44,193,ling_word_target,0.00342534246872473
7594,sub44,194,ling_word_target,0.003912543151818526
7595,sub44,195,ling_word_target,-0.01195587488949522
7596,sub44,196,ling_word_target,-0.01090217700808957
7597,sub44,197,ling_word_target,0.007525482720584905
7598,sub44,198,ling_word_target,0.011915662258058287
7599,sub44,199,ling_word_target,0.004103824306607815
7600,sub45,0,ling_word_target,-0.012470302076084933
7601,sub45,1,ling_word_target,0.005307787340123992
7602,sub45,2,ling_word_target,0.0014309517432413554
7603,sub45,3,ling_word_target,0.008225804675415617
7604,sub45,4,ling_word_target,-0.004003180951150182
7605,sub45,5,ling_word_target,0.0029241276546840625
7606,sub45,6,ling_word_target,0.006985828680399987
7607,sub45,7,ling_word_target,0.006034287257370187
7608,sub45,8,ling_word_target,-0.02190311077056778
7609,sub45,9,ling_word_target,-0.0017616244399752592
7610,sub45,10,ling_word_target,0.011631926754427816
7611,sub45,11,ling_word_target,0.002694237899758129
7612,sub45,12,ling_word_target,0.012184558534010426
7613,sub45,13,ling_word_target,-0.008338488603999493
7614,sub45,14,ling_word_target,-0.0012655904322087122
7615,sub45,15,ling_word_target,0.011060864999262838
7616,sub45,16,ling_word_target,-0.015226024935980494
7617,sub45,17,ling_word_target,-0.022690528813734696
7618,sub45,18,ling_word_target,0.016749216535201276
7619,sub45,19,ling_word_target,-0.0005874234601716067
7620,sub45,20,ling_word_target,0.009107984002327806
7621,sub45,21,ling_word_target,0.002682934350339036
7622,sub45,22,ling_word_target,0.02472897970151908
7623,sub45,23,ling_word_target,0.006593314400709184
7624,sub45,24,ling_word_target,0.0010499610457564256
7625,sub45,25,ling_word_target,-0.0043939856933554716
7626,sub45,26,ling_word_target,0.004254029436063409
7627,sub45,27,ling_word_target,0.01032711611198561
7628,sub45,28,ling_word_target,-0.023522652694981876
7629,sub45,29,ling_word_target,0.0033896517103550426
7630,sub45,30,ling_word_target,0.009171904690254562
7631,sub45,31,ling_word_target,-0.00021245677602292905
7632,sub45,32,ling_word_target,0.004788378759481253
7633,sub45,33,ling_word_target,0.012028346821599532
7634,sub45,34,ling_word_target,0.003503959437788305
7635,sub45,35,ling_word_target,0.0035144789522505828
7636,sub45,36,ling_word_target,-0.0031136339419369917
7637,sub45,37,ling_word_target,-0.006453986830517511
7638,sub45,38,ling_word_target,0.004688223434610276
7639,sub45,39,ling_word_target,-0.009364974722059202
7640,sub45,40,ling_word_target,0.005355108413202985
7641,sub45,41,ling_word_target,0.010958466700647283
7642,sub45,42,ling_word_target,0.001494042998040114
7643,sub45,43,ling_word_target,0.006495798521442278
7644,sub45,44,ling_word_target,-0.002399596405857278
7645,sub45,45,ling_word_target,-0.009027426108917476
7646,sub45,46,ling_word_target,0.011674056380455934
7647,sub45,47,ling_word_target,0.002864053763947296
7648,sub45,48,ling_word_target,0.008633993208426028
7649,sub45,49,ling_word_target,-0.001019233723831591
7650,sub45,50,ling_word_target,0.00029569346659973723
7651,sub45,51,ling_word_target,0.0042218978441585205
7652,sub45,52,ling_word_target,0.008179772201500797
7653,sub45,53,ling_word_target,-0.0011953564234924827
7654,sub45,54,ling_word_target,0.007508205123348855
7655,sub45,55,ling_word_target,0.01595604993254847
7656,sub45,56,ling_word_target,0.01031408802821094
7657,sub45,57,ling_word_target,0.017425747834064028
7658,sub45,58,ling_word_target,0.011246784619624502
7659,sub45,59,ling_word_target,0.017090707123614896
7660,sub45,60,ling_word_target,-0.0008112665880014491
7661,sub45,61,ling_word_target,-0.00847678627324617
7662,sub45,62,ling_word_target,0.00046807434345875885
7663,sub45,63,ling_word_target,-0.01375420328148046
7664,sub45,64,ling_word_target,0.012939928579553185
7665,sub45,65,ling_word_target,0.005158738218317607
7666,sub45,66,ling_word_target,0.007156915870428722
7667,sub45,67,ling_word_target,-0.02468948582894162
7668,sub45,68,ling_word_target,0.0006747390209673572
7669,sub45,69,ling_word_target,-0.002288955097566747
7670,sub45,70,ling_word_target,0.006209259660155251
7671,sub45,71,ling_word_target,-0.00048134576110786775
7672,sub45,72,ling_word_target,-0.005317015775009317
7673,sub45,73,ling_word_target,0.017889721178502342
7674,sub45,74,ling_word_target,0.014065435075537192
7675,sub45,75,ling_word_target,-0.016871582811143006
7676,sub45,76,ling_word_target,0.007276220353374004
7677,sub45,77,ling_word_target,0.007717390679197813
7678,sub45,78,ling_word_target,0.004631227821733917
7679,sub45,79,ling_word_target,-0.004990276428995938
7680,sub45,80,ling_word_target,-0.005025531651018754
7681,sub45,81,ling_word_target,0.0006059288147452688
7682,sub45,82,ling_word_target,-0.009957373285637167
7683,sub45,83,ling_word_target,-0.0141086068110681
7684,sub45,84,ling_word_target,0.007299145453433231
7685,sub45,85,ling_word_target,0.005792616336562827
7686,sub45,86,ling_word_target,-0.01015716200468483
7687,sub45,87,ling_word_target,0.006183032966479874
7688,sub45,88,ling_word_target,-0.003864142422868518
7689,sub45,89,ling_word_target,0.00741202778069289
7690,sub45,90,ling_word_target,-0.0013910131709115718
7691,sub45,91,ling_word_target,-0.0006386879468868505
7692,sub45,92,ling_word_target,0.0029742128730271046
7693,sub45,93,ling_word_target,0.01233815661575675
7694,sub45,94,ling_word_target,0.010860664208680287
7695,sub45,95,ling_word_target,-0.03507442810374692
7696,sub45,96,ling_word_target,-0.012884513338459004
7697,sub45,97,ling_word_target,-0.009377634964268971
7698,sub45,98,ling_word_target,0.006083278030412815
7699,sub45,99,ling_word_target,0.017827889915743134
7700,sub45,100,ling_word_target,-0.0058996177992012115
7701,sub45,101,ling_word_target,0.016116719246926484
7702,sub45,102,ling_word_target,-0.012925966462525688
7703,sub45,103,ling_word_target,0.011012348579692983
7704,sub45,104,ling_word_target,0.003995883544459669
7705,sub45,105,ling_word_target,0.006606876845364976
7706,sub45,106,ling_word_target,0.013942697285748061
7707,sub45,107,ling_word_target,0.0004736447103478181
7708,sub45,108,ling_word_target,0.0017855795119417995
7709,sub45,109,ling_word_target,0.02053078076758466
7710,sub45,110,ling_word_target,0.013652447463357009
7711,sub45,111,ling_word_target,-0.01185455009010973
7712,sub45,112,ling_word_target,0.0012963988355208988
7713,sub45,113,ling_word_target,-0.0012073729716840704
7714,sub45,114,ling_word_target,0.0038257071131670966
7715,sub45,115,ling_word_target,0.011774089334624153
7716,sub45,116,ling_word_target,0.002934957726965855
7717,sub45,117,ling_word_target,0.0031857236366731774
7718,sub45,118,ling_word_target,-0.0026686719576654097
7719,sub45,119,ling_word_target,0.004423170251867071
7720,sub45,120,ling_word_target,0.011374388091209456
7721,sub45,121,ling_word_target,-0.009977198217966811
7722,sub45,122,ling_word_target,0.009670664898426794
7723,sub45,123,ling_word_target,0.004971063042505953
7724,sub45,124,ling_word_target,-0.005041316455473505
7725,sub45,125,ling_word_target,-0.0037370031311601505
7726,sub45,126,ling_word_target,-0.014387862443885215
7727,sub45,127,ling_word_target,0.010465273115609387
7728,sub45,128,ling_word_target,-0.01103127482042234
7729,sub45,129,ling_word_target,-0.003812536223346396
7730,sub45,130,ling_word_target,-0.0028881453699750666
7731,sub45,131,ling_word_target,0.011853472804736429
7732,sub45,132,ling_word_target,-0.0031798246319065223
7733,sub45,133,ling_word_target,0.0037815608415453826
7734,sub45,134,ling_word_target,-0.00012007694378408057
7735,sub45,135,ling_word_target,-0.0047635176858670586
7736,sub45,136,ling_word_target,-0.0016850102940449301
7737,sub45,137,ling_word_target,0.011863622468568648
7738,sub45,138,ling_word_target,0.008904525703723977
7739,sub45,139,ling_word_target,0.0037301453423374646
7740,sub45,140,ling_word_target,-0.0020493432531253995
7741,sub45,141,ling_word_target,-0.019378106494094893
7742,sub45,142,ling_word_target,0.003254336094337919
7743,sub45,143,ling_word_target,0.014089379121176557
7744,sub45,144,ling_word_target,0.001936068990718472
7745,sub45,145,ling_word_target,-0.0016036118113192035
7746,sub45,146,ling_word_target,0.020361471446365763
7747,sub45,147,ling_word_target,0.0039143458395288966
7748,sub45,148,ling_word_target,0.006115802087747885
7749,sub45,149,ling_word_target,0.0034802071893963913
7750,sub45,150,ling_word_target,-0.018048054464383456
7751,sub45,151,ling_word_target,0.008010056715020789
7752,sub45,152,ling_word_target,-0.00898441702573722
7753,sub45,153,ling_word_target,0.007898663593654518
7754,sub45,154,ling_word_target,-0.004959501830023296
7755,sub45,155,ling_word_target,-0.005958900606000807
7756,sub45,156,ling_word_target,-0.0002210402726278918
7757,sub45,157,ling_word_target,0.016151476917234654
7758,sub45,158,ling_word_target,-0.0074426901217241985
7759,sub45,159,ling_word_target,-0.020239095568067484
7760,sub45,160,ling_word_target,-0.0020460068771519153
7761,sub45,161,ling_word_target,0.0019483813443646142
7762,sub45,162,ling_word_target,0.0026832369383514645
7763,sub45,163,ling_word_target,-0.002825027366587521
7764,sub45,164,ling_word_target,-0.001437095165005224
7765,sub45,165,ling_word_target,-0.0035645840520695513
7766,sub45,166,ling_word_target,-0.0024019530563489187
7767,sub45,167,ling_word_target,-0.013059709679280149
7768,sub45,168,ling_word_target,-0.00095036145466552
7769,sub45,169,ling_word_target,-0.005310404241778396
7770,sub45,170,ling_word_target,-0.0007267621716137392
7771,sub45,171,ling_word_target,0.010037336427182771
7772,sub45,172,ling_word_target,0.015129772788878719
7773,sub45,173,ling_word_target,-0.004189173131743705
7774,sub45,174,ling_word_target,0.007938000071803302
7775,sub45,175,ling_word_target,-0.0112670119619701
7776,sub45,176,ling_word_target,-0.004221160504443746
7777,sub45,177,ling_word_target,-0.0165596692934295
7778,sub45,178,ling_word_target,-0.00857616717465895
7779,sub45,179,ling_word_target,-0.0003408310264002418
7780,sub45,180,ling_word_target,-0.0022429055280308273
7781,sub45,181,ling_word_target,-0.010791918557791415
7782,sub45,182,ling_word_target,-0.014286819006797454
7783,sub45,183,ling_word_target,-0.0004389464231391764
7784,sub45,184,ling_word_target,-0.00028141933815091264
7785,sub45,185,ling_word_target,-0.0020361986218260628
7786,sub45,186,ling_word_target,-0.026671602840870206
7787,sub45,187,ling_word_target,-0.00728341471377429
7788,sub45,188,ling_word_target,-0.0085552217083406
7789,sub45,189,ling_word_target,0.006798735294475499
7790,sub45,190,ling_word_target,-0.021094401514891108
7791,sub45,191,ling_word_target,0.008281964364091465
7792,sub45,192,ling_word_target,-0.012371618734453598
7793,sub45,193,ling_word_target,0.00023997041506975482
7794,sub45,194,ling_word_target,-0.005484651550962485
7795,sub45,195,ling_word_target,-0.005864913816901991
7796,sub45,196,ling_word_target,0.0012544246332548575
7797,sub45,197,ling_word_target,0.008256472912240074
7798,sub45,198,ling_word_target,0.0004974583037242138
7799,sub45,199,ling_word_target,-0.0026972738964043206
7800,sub46,0,ling_word_target,0.01046801102725002
7801,sub46,1,ling_word_target,-0.00339271882427225
7802,sub46,2,ling_word_target,0.009932450945759867
7803,sub46,3,ling_word_target,0.01142637097476709
7804,sub46,4,ling_word_target,0.014839451911383365
7805,sub46,5,ling_word_target,0.0027402081765087413
7806,sub46,6,ling_word_target,0.013501971560591896
7807,sub46,7,ling_word_target,0.006459483739062434
7808,sub46,8,ling_word_target,-0.004006940490941362
7809,sub46,9,ling_word_target,0.008791473191939942
7810,sub46,10,ling_word_target,-0.011876232206894866
7811,sub46,11,ling_word_target,0.012655439819232603
7812,sub46,12,ling_word_target,-0.003962430184426976
7813,sub46,13,ling_word_target,-0.03121690225124992
7814,sub46,14,ling_word_target,0.013699166545288409
7815,sub46,15,ling_word_target,-0.0009247983641681961
7816,sub46,16,ling_word_target,0.008680954689744298
7817,sub46,17,ling_word_target,-0.010409641632509334
7818,sub46,18,ling_word_target,0.026014892905604364
7819,sub46,19,ling_word_target,0.010328667804237596
7820,sub46,20,ling_word_target,-0.008489437438860284
7821,sub46,21,ling_word_target,0.0038208430234724965
7822,sub46,22,ling_word_target,-0.0010021326598146135
7823,sub46,23,ling_word_target,0.02692378792527439
7824,sub46,24,ling_word_target,-0.0010612653664996584
7825,sub46,25,ling_word_target,0.006489322008479432
7826,sub46,26,ling_word_target,-0.005462453480294653
7827,sub46,27,ling_word_target,-0.0085807128055054
7828,sub46,28,ling_word_target,0.0034979809969849277
7829,sub46,29,ling_word_target,-0.003060174705349247
7830,sub46,30,ling_word_target,0.009519190978444336
7831,sub46,31,ling_word_target,-0.011555913438551819
7832,sub46,32,ling_word_target,0.00841319458177438
7833,sub46,33,ling_word_target,-0.01623402917124213
7834,sub46,34,ling_word_target,0.0036671170304993215
7835,sub46,35,ling_word_target,-0.006517583101917463
7836,sub46,36,ling_word_target,0.008459402738510423
7837,sub46,37,ling_word_target,0.00969313693144861
7838,sub46,38,ling_word_target,0.007123148672989453
7839,sub46,39,ling_word_target,-0.013053805709289167
7840,sub46,40,ling_word_target,0.0011750393206095104
7841,sub46,41,ling_word_target,0.006013653774614182
7842,sub46,42,ling_word_target,-0.027436992616200008
7843,sub46,43,ling_word_target,0.00275366717853505
7844,sub46,44,ling_word_target,-0.019989179745076694
7845,sub46,45,ling_word_target,-0.0023588702197952357
7846,sub46,46,ling_word_target,-0.0011319006066340211
7847,sub46,47,ling_word_target,0.0038349276238095163
7848,sub46,48,ling_word_target,-0.002480354234478953
7849,sub46,49,ling_word_target,0.00484240394093732
7850,sub46,50,ling_word_target,-0.00795862594190581
7851,sub46,51,ling_word_target,-0.0006850318388745205
7852,sub46,52,ling_word_target,-0.0013186800552633772
7853,sub46,53,ling_word_target,0.0005468490526811222
7854,sub46,54,ling_word_target,0.025694418929265998
7855,sub46,55,ling_word_target,0.0005241135223674577
7856,sub46,56,ling_word_target,0.022236418196303752
7857,sub46,57,ling_word_target,0.001966207988483408
7858,sub46,58,ling_word_target,-0.015249661481298336
7859,sub46,59,ling_word_target,0.003265018947988209
7860,sub46,60,ling_word_target,-0.01412316381495661
7861,sub46,61,ling_word_target,0.012985999749447641
7862,sub46,62,ling_word_target,-0.008123932430319857
7863,sub46,63,ling_word_target,-0.009586353379715064
7864,sub46,64,ling_word_target,0.009239585418182114
7865,sub46,65,ling_word_target,0.0020345013905190327
7866,sub46,66,ling_word_target,0.004533365790540748
7867,sub46,67,ling_word_target,0.01278770206015433
7868,sub46,68,ling_word_target,0.011442254484826804
7869,sub46,69,ling_word_target,0.010060320232355771
7870,sub46,70,ling_word_target,0.0048490258771691445
7871,sub46,71,ling_word_target,0.016765085008183935
7872,sub46,72,ling_word_target,0.005856553223701617
7873,sub46,73,ling_word_target,-0.013136634352623551
7874,sub46,74,ling_word_target,-0.020528595996812875
7875,sub46,75,ling_word_target,0.014366230061150814
7876,sub46,76,ling_word_target,0.01162582870110968
7877,sub46,77,ling_word_target,-0.005172557416577083
7878,sub46,78,ling_word_target,0.004405786979708339
7879,sub46,79,ling_word_target,-4.1190964454641845e-05
7880,sub46,80,ling_word_target,0.004085446082392108
7881,sub46,81,ling_word_target,0.010678179385714383
7882,sub46,82,ling_word_target,-0.000923695868068849
7883,sub46,83,ling_word_target,0.002206139640530201
7884,sub46,84,ling_word_target,-0.0017589387444954308
7885,sub46,85,ling_word_target,-0.004997237772397986
7886,sub46,86,ling_word_target,0.0014211511304159895
7887,sub46,87,ling_word_target,0.005516053697207477
7888,sub46,88,ling_word_target,-0.0022063715231337637
7889,sub46,89,ling_word_target,0.01829065964974592
7890,sub46,90,ling_word_target,0.005782533030506562
7891,sub46,91,ling_word_target,0.007899447555834797
7892,sub46,92,ling_word_target,0.0057730468882746765
7893,sub46,93,ling_word_target,-0.0008163800715245555
7894,sub46,94,ling_word_target,-0.00021657655829715976
7895,sub46,95,ling_word_target,-0.0035219912272421404
7896,sub46,96,ling_word_target,-0.0008069299701454459
7897,sub46,97,ling_word_target,0.006436147906699743
7898,sub46,98,ling_word_target,-1.4760658245953654e-05
7899,sub46,99,ling_word_target,0.009090429872165705
7900,sub46,100,ling_word_target,0.002240559040502568
7901,sub46,101,ling_word_target,-0.0017003906092265153
7902,sub46,102,ling_word_target,-0.008351160779121417
7903,sub46,103,ling_word_target,0.015230539480302337
7904,sub46,104,ling_word_target,0.00020782670883345676
7905,sub46,105,ling_word_target,0.010964293808271535
7906,sub46,106,ling_word_target,-0.010418266268877947
7907,sub46,107,ling_word_target,0.000587494280562932
7908,sub46,108,ling_word_target,-0.0005628686395094341
7909,sub46,109,ling_word_target,0.0033782974889132885
7910,sub46,110,ling_word_target,-0.00407524195261311
7911,sub46,111,ling_word_target,0.006294531236323672
7912,sub46,112,ling_word_target,-0.014509031252147786
7913,sub46,113,ling_word_target,-0.020453215687548924
7914,sub46,114,ling_word_target,0.013620792319487172
7915,sub46,115,ling_word_target,0.003647133555940806
7916,sub46,116,ling_word_target,0.006007583467158219
7917,sub46,117,ling_word_target,-0.020289375094506755
7918,sub46,118,ling_word_target,-0.01648275574869519
7919,sub46,119,ling_word_target,-0.004741765147383924
7920,sub46,120,ling_word_target,-0.0016119553256038306
7921,sub46,121,ling_word_target,-0.0011017872426806069
7922,sub46,122,ling_word_target,-0.0031831113850711574
7923,sub46,123,ling_word_target,0.020835465139814748
7924,sub46,124,ling_word_target,0.017479186985514723
7925,sub46,125,ling_word_target,0.012309862182287652
7926,sub46,126,ling_word_target,-0.004097419001204796
7927,sub46,127,ling_word_target,0.010640220226076113
7928,sub46,128,ling_word_target,0.016534195000283507
7929,sub46,129,ling_word_target,-0.0010653719543331046
7930,sub46,130,ling_word_target,0.025175327473746366
7931,sub46,131,ling_word_target,-0.015072828798720671
7932,sub46,132,ling_word_target,-0.0003004436329138803
7933,sub46,133,ling_word_target,-0.007138162642089348
7934,sub46,134,ling_word_target,-0.006687132086767997
7935,sub46,135,ling_word_target,-0.0025397214113162723
7936,sub46,136,ling_word_target,-0.007870777493617934
7937,sub46,137,ling_word_target,-0.0021233188035331917
7938,sub46,138,ling_word_target,0.02111022046272969
7939,sub46,139,ling_word_target,-0.0024103605607940087
7940,sub46,140,ling_word_target,0.01742769163784115
7941,sub46,141,ling_word_target,0.01776037321980941
7942,sub46,142,ling_word_target,-0.0028629509008121423
7943,sub46,143,ling_word_target,0.030753245672875094
7944,sub46,144,ling_word_target,-0.004164388412156124
7945,sub46,145,ling_word_target,-0.022968547793174116
7946,sub46,146,ling_word_target,-0.0016941809489246155
7947,sub46,147,ling_word_target,0.002006867690392545
7948,sub46,148,ling_word_target,-0.019393745721552943
7949,sub46,149,ling_word_target,0.005282862783206475
7950,sub46,150,ling_word_target,-0.011060838773228356
7951,sub46,151,ling_word_target,-0.0011276684132452202
7952,sub46,152,ling_word_target,-0.006102029390584089
7953,sub46,153,ling_word_target,-0.005041013432972283
7954,sub46,154,ling_word_target,-0.00391809267655066
7955,sub46,155,ling_word_target,0.005105654272249384
7956,sub46,156,ling_word_target,-0.01831260769109696
7957,sub46,157,ling_word_target,-0.006364869447727925
7958,sub46,158,ling_word_target,-0.004050164183561082
7959,sub46,159,ling_word_target,0.003593340655525149
7960,sub46,160,ling_word_target,-0.015675086233282627
7961,sub46,161,ling_word_target,-0.012006755537472814
7962,sub46,162,ling_word_target,0.010584036161908224
7963,sub46,163,ling_word_target,-0.029597933288273294
7964,sub46,164,ling_word_target,-0.0015088914018389894
7965,sub46,165,ling_word_target,0.013296774840802782
7966,sub46,166,ling_word_target,-0.010645390321394162
7967,sub46,167,ling_word_target,0.011917140696686798
7968,sub46,168,ling_word_target,0.006523581745685836
7969,sub46,169,ling_word_target,-0.0010753317732458733
7970,sub46,170,ling_word_target,-0.005654819623434551
7971,sub46,171,ling_word_target,0.002848025853508364
7972,sub46,172,ling_word_target,0.0214284170891242
7973,sub46,173,ling_word_target,0.0020687844365689756
7974,sub46,174,ling_word_target,-0.0008362766581258471
7975,sub46,175,ling_word_target,-0.0065359580025869035
7976,sub46,176,ling_word_target,0.001788707558744469
7977,sub46,177,ling_word_target,-0.008962816115197428
7978,sub46,178,ling_word_target,0.009894831859489975
7979,sub46,179,ling_word_target,0.0031115651020718277
7980,sub46,180,ling_word_target,0.013389481954608868
7981,sub46,181,ling_word_target,-0.0007354709860808134
7982,sub46,182,ling_word_target,0.01912606542303324
7983,sub46,183,ling_word_target,-0.0025945788440643997
7984,sub46,184,ling_word_target,0.0016811918743784543
7985,sub46,185,ling_word_target,-0.00921176994674568
7986,sub46,186,ling_word_target,0.007173504128805786
7987,sub46,187,ling_word_target,0.008173936244536537
7988,sub46,188,ling_word_target,-0.0028376136445630675
7989,sub46,189,ling_word_target,-0.017011452913529117
7990,sub46,190,ling_word_target,-0.009827941130650306
7991,sub46,191,ling_word_target,-0.0032998508927542386
7992,sub46,192,ling_word_target,0.006663851055492675
7993,sub46,193,ling_word_target,0.014383397924428618
7994,sub46,194,ling_word_target,-0.0014840259243127218
7995,sub46,195,ling_word_target,0.0060984672915499576
7996,sub46,196,ling_word_target,-0.013333856200549306
7997,sub46,197,ling_word_target,0.01796794508400533
7998,sub46,198,ling_word_target,0.011366106224897986
7999,sub46,199,ling_word_target,0.007143539920188233
8000,sub47,0,ling_word_target,-0.023241289337802267
8001,sub47,1,ling_word_target,0.013706640355734948
8002,sub47,2,ling_word_target,0.004410082681075238
8003,sub47,3,ling_word_target,0.014439795930737843
8004,sub47,4,ling_word_target,-0.012332098775280811
8005,sub47,5,ling_word_target,0.003110641570359844
8006,sub47,6,ling_word_target,-0.0034144216787025793
8007,sub47,7,ling_word_target,0.026224332793972842
8008,sub47,8,ling_word_target,-0.013043070254728605
8009,sub47,9,ling_word_target,0.025197758695421037
8010,sub47,10,ling_word_target,0.008178331210321431
8011,sub47,11,ling_word_target,0.013567863759566055
8012,sub47,12,ling_word_target,-0.007266237729876333
8013,sub47,13,ling_word_target,-0.018286421679699346
8014,sub47,14,ling_word_target,-0.02243835584004086
8015,sub47,15,ling_word_target,0.001526840730094788
8016,sub47,16,ling_word_target,-0.021580436823292044
8017,sub47,17,ling_word_target,0.008242939301072495
8018,sub47,18,ling_word_target,0.022405987746552385
8019,sub47,19,ling_word_target,0.005478455013330556
8020,sub47,20,ling_word_target,-0.011250240985822973
8021,sub47,21,ling_word_target,-0.004196639529670573
8022,sub47,22,ling_word_target,0.022194444367221466
8023,sub47,23,ling_word_target,-0.002320354743445472
8024,sub47,24,ling_word_target,-0.0025231534096174578
8025,sub47,25,ling_word_target,-0.00542563486992227
8026,sub47,26,ling_word_target,0.004228077241312904
8027,sub47,27,ling_word_target,0.01839258019623973
8028,sub47,28,ling_word_target,-0.003451287246141683
8029,sub47,29,ling_word_target,0.019434772419014087
8030,sub47,30,ling_word_target,-0.018482948348777235
8031,sub47,31,ling_word_target,0.009217449216949797
8032,sub47,32,ling_word_target,0.0009454603605893317
8033,sub47,33,ling_word_target,0.0025147447706625713
8034,sub47,34,ling_word_target,-0.0008566129951541268
8035,sub47,35,ling_word_target,-0.004230641131654655
8036,sub47,36,ling_word_target,-0.0019842568072735056
8037,sub47,37,ling_word_target,0.004435603459037491
8038,sub47,38,ling_word_target,0.006984329123101743
8039,sub47,39,ling_word_target,-0.010746451818377014
8040,sub47,40,ling_word_target,0.017367613892036782
8041,sub47,41,ling_word_target,0.005144035372258567
8042,sub47,42,ling_word_target,0.0027899026053661235
8043,sub47,43,ling_word_target,0.012106733496642996
8044,sub47,44,ling_word_target,0.0043356514468634155
8045,sub47,45,ling_word_target,-0.012855475545681477
8046,sub47,46,ling_word_target,0.0036092137968205457
8047,sub47,47,ling_word_target,0.006332508063163495
8048,sub47,48,ling_word_target,0.0033394871924281775
8049,sub47,49,ling_word_target,0.008559730538560547
8050,sub47,50,ling_word_target,-0.0023256607661563847
8051,sub47,51,ling_word_target,0.01384754897776443
8052,sub47,52,ling_word_target,0.00045874448814242673
8053,sub47,53,ling_word_target,-0.0221701351038056
8054,sub47,54,ling_word_target,8.747298390167338e-05
8055,sub47,55,ling_word_target,0.006033916142682466
8056,sub47,56,ling_word_target,0.0064216707196570934
8057,sub47,57,ling_word_target,0.004275514548294361
8058,sub47,58,ling_word_target,-0.01600150896152011
8059,sub47,59,ling_word_target,-0.019988907784100694
8060,sub47,60,ling_word_target,-0.018860429647397724
8061,sub47,61,ling_word_target,0.002565880046071988
8062,sub47,62,ling_word_target,0.025815958251110414
8063,sub47,63,ling_word_target,-0.010720241386820923
8064,sub47,64,ling_word_target,0.017087740303855663
8065,sub47,65,ling_word_target,0.0016062752467126025
8066,sub47,66,ling_word_target,-0.0186458417049751
8067,sub47,67,ling_word_target,-0.03516353580628429
8068,sub47,68,ling_word_target,0.012106546483377296
8069,sub47,69,ling_word_target,-0.010068262473815322
8070,sub47,70,ling_word_target,-0.015203967492845258
8071,sub47,71,ling_word_target,-0.0036117575352092764
8072,sub47,72,ling_word_target,-0.005045801618709731
8073,sub47,73,ling_word_target,-0.011338014760300668
8074,sub47,74,ling_word_target,0.014004268616891108
8075,sub47,75,ling_word_target,0.0031906024475341827
8076,sub47,76,ling_word_target,-0.01582417376826811
8077,sub47,77,ling_word_target,0.019478906077484266
8078,sub47,78,ling_word_target,0.014794566896814592
8079,sub47,79,ling_word_target,0.007472543886008245
8080,sub47,80,ling_word_target,0.005733064293940087
8081,sub47,81,ling_word_target,0.004221978040068157
8082,sub47,82,ling_word_target,-0.009244314378621438
8083,sub47,83,ling_word_target,-0.04295874932945519
8084,sub47,84,ling_word_target,0.0037689169835846688
8085,sub47,85,ling_word_target,-0.0026194855437403045
8086,sub47,86,ling_word_target,-0.014015058651304046
8087,sub47,87,ling_word_target,0.0007447536951370915
8088,sub47,88,ling_word_target,0.0016091431833533123
8089,sub47,89,ling_word_target,-0.008249208905244094
8090,sub47,90,ling_word_target,0.01677254304156727
8091,sub47,91,ling_word_target,0.0010897214135503852
8092,sub47,92,ling_word_target,0.013278661103781732
8093,sub47,93,ling_word_target,0.008469627746044902
8094,sub47,94,ling_word_target,0.007788078686066547
8095,sub47,95,ling_word_target,-0.0007106733250248742
8096,sub47,96,ling_word_target,0.01663738944112009
8097,sub47,97,ling_word_target,0.022222836213312613
8098,sub47,98,ling_word_target,-0.026801126983242246
8099,sub47,99,ling_word_target,-0.0005455042931952371
8100,sub47,100,ling_word_target,-0.0009166103337106538
8101,sub47,101,ling_word_target,-0.013989404902396911
8102,sub47,102,ling_word_target,0.018973021793537843
8103,sub47,103,ling_word_target,-0.027684132936348617
8104,sub47,104,ling_word_target,0.007711574931724441
8105,sub47,105,ling_word_target,-0.007888652196159772
8106,sub47,106,ling_word_target,-0.002706389774950658
8107,sub47,107,ling_word_target,-0.0334744978016268
8108,sub47,108,ling_word_target,0.005818796625217933
8109,sub47,109,ling_word_target,0.008342680436621166
8110,sub47,110,ling_word_target,0.002553234537948496
8111,sub47,111,ling_word_target,-0.01985810202678861
8112,sub47,112,ling_word_target,-0.020952623063794446
8113,sub47,113,ling_word_target,-0.024233745714263358
8114,sub47,114,ling_word_target,-0.012463652082940332
8115,sub47,115,ling_word_target,-0.008247090702383402
8116,sub47,116,ling_word_target,0.017530452291124453
8117,sub47,117,ling_word_target,-0.015530755091201427
8118,sub47,118,ling_word_target,0.01649263802004985
8119,sub47,119,ling_word_target,0.025198015267971757
8120,sub47,120,ling_word_target,-0.0006519505737096727
8121,sub47,121,ling_word_target,0.009405098204322454
8122,sub47,122,ling_word_target,0.01230567699028277
8123,sub47,123,ling_word_target,-0.017589970509718084
8124,sub47,124,ling_word_target,0.0031383472648460163
8125,sub47,125,ling_word_target,-0.008283404544181517
8126,sub47,126,ling_word_target,-0.00781928907005899
8127,sub47,127,ling_word_target,-0.016663478663941897
8128,sub47,128,ling_word_target,-0.0034598420639836537
8129,sub47,129,ling_word_target,-0.00025339608572302435
8130,sub47,130,ling_word_target,-0.02625873654445525
8131,sub47,131,ling_word_target,0.002143565200616381
8132,sub47,132,ling_word_target,0.022101256310051495
8133,sub47,133,ling_word_target,0.0025862580493835703
8134,sub47,134,ling_word_target,0.002262201311588138
8135,sub47,135,ling_word_target,0.006600154924053043
8136,sub47,136,ling_word_target,0.016527647953631923
8137,sub47,137,ling_word_target,-0.013935190771238818
8138,sub47,138,ling_word_target,0.01372493374505646
8139,sub47,139,ling_word_target,-0.0065162373537505204
8140,sub47,140,ling_word_target,-0.02884368467046222
8141,sub47,141,ling_word_target,0.022122794847034367
8142,sub47,142,ling_word_target,-0.00020038377633744495
8143,sub47,143,ling_word_target,-0.024195878916210983
8144,sub47,144,ling_word_target,0.00262740357513355
8145,sub47,145,ling_word_target,0.016621236969929322
8146,sub47,146,ling_word_target,-0.01800446209828804
8147,sub47,147,ling_word_target,-0.009026498015887932
8148,sub47,148,ling_word_target,-0.0008327170750701516
8149,sub47,149,ling_word_target,-0.006663603915372995
8150,sub47,150,ling_word_target,0.01330207477006651
8151,sub47,151,ling_word_target,-0.010221076396562194
8152,sub47,152,ling_word_target,0.027732462981528545
8153,sub47,153,ling_word_target,-0.0188121316208675
8154,sub47,154,ling_word_target,-0.0020390580722858963
8155,sub47,155,ling_word_target,0.007247988601393904
8156,sub47,156,ling_word_target,-0.006244171619779464
8157,sub47,157,ling_word_target,0.0275183283054494
8158,sub47,158,ling_word_target,0.007771666232565618
8159,sub47,159,ling_word_target,-0.012903471040103103
8160,sub47,160,ling_word_target,0.006289297267784084
8161,sub47,161,ling_word_target,0.02927630774979489
8162,sub47,162,ling_word_target,0.02121918659551606
8163,sub47,163,ling_word_target,-0.012665299781080337
8164,sub47,164,ling_word_target,0.0017972291293486967
8165,sub47,165,ling_word_target,-0.0015247267569810236
8166,sub47,166,ling_word_target,-0.015201416949385137
8167,sub47,167,ling_word_target,-0.005122039473284324
8168,sub47,168,ling_word_target,-0.019028300064839878
8169,sub47,169,ling_word_target,0.03763254430417661
8170,sub47,170,ling_word_target,-0.03408809261136608
8171,sub47,171,ling_word_target,0.01390852826020099
8172,sub47,172,ling_word_target,0.017319666702886233
8173,sub47,173,ling_word_target,0.008954260937180623
8174,sub47,174,ling_word_target,0.007424555862640459
8175,sub47,175,ling_word_target,-0.00837299919726843
8176,sub47,176,ling_word_target,-0.011148921320091865
8177,sub47,177,ling_word_target,-0.021607707330974016
8178,sub47,178,ling_word_target,0.00857021394315731
8179,sub47,179,ling_word_target,0.011758846538263599
8180,sub47,180,ling_word_target,-0.02320590825097977
8181,sub47,181,ling_word_target,0.01570942053704325
8182,sub47,182,ling_word_target,-0.017815999647995667
8183,sub47,183,ling_word_target,-0.0029718591434220397
8184,sub47,184,ling_word_target,-0.009876791875357546
8185,sub47,185,ling_word_target,-0.007749806623977983
8186,sub47,186,ling_word_target,-0.04378267424425882
8187,sub47,187,ling_word_target,0.002489026997501099
8188,sub47,188,ling_word_target,0.009749045867215202
8189,sub47,189,ling_word_target,0.005408140009713162
8190,sub47,190,ling_word_target,-0.0059283458404984675
8191,sub47,191,ling_word_target,0.023160817533139474
8192,sub47,192,ling_word_target,-0.00353302882186321
8193,sub47,193,ling_word_target,-0.0052778213985421015
8194,sub47,194,ling_word_target,-0.008585870772612941
8195,sub47,195,ling_word_target,-0.0072895926193895086
8196,sub47,196,ling_word_target,0.033721778777131686
8197,sub47,197,ling_word_target,0.0011133969576329838
8198,sub47,198,ling_word_target,0.0027360141486695725
8199,sub47,199,ling_word_target,0.009640265359809986
8200,sub48,0,ling_word_target,-0.023929508026211556
8201,sub48,1,ling_word_target,0.008973731384807651
8202,sub48,2,ling_word_target,0.0011129576680531101
8203,sub48,3,ling_word_target,-0.018723934981953204
8204,sub48,4,ling_word_target,-0.028108098282970423
8205,sub48,5,ling_word_target,-0.003770644472677239
8206,sub48,6,ling_word_target,-0.010216262684429822
8207,sub48,7,ling_word_target,-0.003144909663043056
8208,sub48,8,ling_word_target,-0.009855450213704224
8209,sub48,9,ling_word_target,0.005028203355003915
8210,sub48,10,ling_word_target,0.018129348454106353
8211,sub48,11,ling_word_target,0.006280291529789328
8212,sub48,12,ling_word_target,0.0019003493832866689
8213,sub48,13,ling_word_target,0.014020590884923774
8214,sub48,14,ling_word_target,-0.01913614607109482
8215,sub48,15,ling_word_target,0.005229589233455497
8216,sub48,16,ling_word_target,0.006462396365242896
8217,sub48,17,ling_word_target,-0.00818841005760466
8218,sub48,18,ling_word_target,0.006491506765890152
8219,sub48,19,ling_word_target,0.005130409230546912
8220,sub48,20,ling_word_target,0.013545360065337277
8221,sub48,21,ling_word_target,0.0009195742600027554
8222,sub48,22,ling_word_target,0.01081834434354322
8223,sub48,23,ling_word_target,-0.010491162478403851
8224,sub48,24,ling_word_target,-0.016669596192638327
8225,sub48,25,ling_word_target,-0.004357457854746166
8226,sub48,26,ling_word_target,-0.010333200485655395
8227,sub48,27,ling_word_target,0.004908393495752982
8228,sub48,28,ling_word_target,0.004871767204609529
8229,sub48,29,ling_word_target,0.015459653742171606
8230,sub48,30,ling_word_target,-0.013018062803580041
8231,sub48,31,ling_word_target,0.01809996260991676
8232,sub48,32,ling_word_target,0.002295660783632895
8233,sub48,33,ling_word_target,0.0024725987173315595
8234,sub48,34,ling_word_target,0.016697712169436243
8235,sub48,35,ling_word_target,0.0097050148754657
8236,sub48,36,ling_word_target,-0.006545931438959897
8237,sub48,37,ling_word_target,0.010638152394007042
8238,sub48,38,ling_word_target,0.004390844706553516
8239,sub48,39,ling_word_target,0.007871853702664354
8240,sub48,40,ling_word_target,0.017646410261462867
8241,sub48,41,ling_word_target,0.011917334939989626
8242,sub48,42,ling_word_target,0.021208534458255598
8243,sub48,43,ling_word_target,-0.020449920895872196
8244,sub48,44,ling_word_target,0.011041147272572525
8245,sub48,45,ling_word_target,-0.0044282773563647385
8246,sub48,46,ling_word_target,0.0003465712490809425
8247,sub48,47,ling_word_target,0.011613310339413574
8248,sub48,48,ling_word_target,0.012389298395033083
8249,sub48,49,ling_word_target,0.020808605040012196
8250,sub48,50,ling_word_target,-0.030265006128763695
8251,sub48,51,ling_word_target,-0.010925885424697525
8252,sub48,52,ling_word_target,-0.003559562463982731
8253,sub48,53,ling_word_target,-0.01781490758103348
8254,sub48,54,ling_word_target,0.006707797958073643
8255,sub48,55,ling_word_target,0.01590797006898436
8256,sub48,56,ling_word_target,0.009620899200117971
8257,sub48,57,ling_word_target,0.012009463577731805
8258,sub48,58,ling_word_target,0.004711453123557378
8259,sub48,59,ling_word_target,0.016168241074549443
8260,sub48,60,ling_word_target,-0.0288374985405764
8261,sub48,61,ling_word_target,-0.00882514030425009
8262,sub48,62,ling_word_target,-0.004919574668525371
8263,sub48,63,ling_word_target,-0.008508940036719799
8264,sub48,64,ling_word_target,-0.008045014702336163
8265,sub48,65,ling_word_target,0.024068547010933746
8266,sub48,66,ling_word_target,0.032106352976563654
8267,sub48,67,ling_word_target,0.00044879964243869073
8268,sub48,68,ling_word_target,0.012970720507592284
8269,sub48,69,ling_word_target,-0.012425696941119177
8270,sub48,70,ling_word_target,-0.0053836314591754345
8271,sub48,71,ling_word_target,-0.003484698106052024
8272,sub48,72,ling_word_target,0.006393383920881741
8273,sub48,73,ling_word_target,-0.010320444634025774
8274,sub48,74,ling_word_target,-0.01041267521214443
8275,sub48,75,ling_word_target,0.007684594168751967
8276,sub48,76,ling_word_target,0.0005304504932117443
8277,sub48,77,ling_word_target,-0.022009473134873198
8278,sub48,78,ling_word_target,0.009197595125186347
8279,sub48,79,ling_word_target,-0.004135393869943733
8280,sub48,80,ling_word_target,-0.019962470130245404
8281,sub48,81,ling_word_target,0.003989585565506355
8282,sub48,82,ling_word_target,0.00198018658631832
8283,sub48,83,ling_word_target,0.011238247065556897
8284,sub48,84,ling_word_target,-0.0006493056351591138
8285,sub48,85,ling_word_target,0.002555705461191198
8286,sub48,86,ling_word_target,-0.0019389995106813232
8287,sub48,87,ling_word_target,-0.0017526321505237448
8288,sub48,88,ling_word_target,-0.009278093948857766
8289,sub48,89,ling_word_target,0.011919360317461795
8290,sub48,90,ling_word_target,-0.014669358360275652
8291,sub48,91,ling_word_target,0.007508422595824734
8292,sub48,92,ling_word_target,-0.004396880679942757
8293,sub48,93,ling_word_target,0.023847028631600476
8294,sub48,94,ling_word_target,0.00030914324636799117
8295,sub48,95,ling_word_target,0.003825135404585355
8296,sub48,96,ling_word_target,-0.004291093688868887
8297,sub48,97,ling_word_target,0.0006625496036380554
8298,sub48,98,ling_word_target,0.013857983274274741
8299,sub48,99,ling_word_target,0.003707898864848118
8300,sub48,100,ling_word_target,0.008511348513223048
8301,sub48,101,ling_word_target,0.005232309106914098
8302,sub48,102,ling_word_target,-0.005549116649827607
8303,sub48,103,ling_word_target,0.009808308750726509
8304,sub48,104,ling_word_target,0.010300205707537462
8305,sub48,105,ling_word_target,-0.002899375226471782
8306,sub48,106,ling_word_target,0.028657634067606817
8307,sub48,107,ling_word_target,-0.004468381852703677
8308,sub48,108,ling_word_target,0.007859187011580228
8309,sub48,109,ling_word_target,0.00045028682716719107
8310,sub48,110,ling_word_target,0.002440560512172677
8311,sub48,111,ling_word_target,-0.005570794052634474
8312,sub48,112,ling_word_target,0.003943764826009691
8313,sub48,113,ling_word_target,-0.009539862250232798
8314,sub48,114,ling_word_target,-0.005399088234819706
8315,sub48,115,ling_word_target,0.004457664141806031
8316,sub48,116,ling_word_target,-0.01599777035947682
8317,sub48,117,ling_word_target,-0.003918052875409609
8318,sub48,118,ling_word_target,-0.006447244169341889
8319,sub48,119,ling_word_target,0.0030316985838499647
8320,sub48,120,ling_word_target,-0.007547246556302511
8321,sub48,121,ling_word_target,-0.010845754931716663
8322,sub48,122,ling_word_target,0.005634081257869166
8323,sub48,123,ling_word_target,-0.011773197621337722
8324,sub48,124,ling_word_target,0.009995718989853249
8325,sub48,125,ling_word_target,0.00687369227298848
8326,sub48,126,ling_word_target,-0.005727783343851359
8327,sub48,127,ling_word_target,-0.0017792495666542586
8328,sub48,128,ling_word_target,0.008229571224864913
8329,sub48,129,ling_word_target,-0.011532184111527741
8330,sub48,130,ling_word_target,0.0032063278963047337
8331,sub48,131,ling_word_target,-0.018817371600011703
8332,sub48,132,ling_word_target,0.008191396163927436
8333,sub48,133,ling_word_target,0.04190061019520397
8334,sub48,134,ling_word_target,0.02007595107663116
8335,sub48,135,ling_word_target,-0.0018490256338472987
8336,sub48,136,ling_word_target,-0.020179889049999872
8337,sub48,137,ling_word_target,-0.011899349437759839
8338,sub48,138,ling_word_target,-0.023537458452324137
8339,sub48,139,ling_word_target,-0.010814841828871647
8340,sub48,140,ling_word_target,-0.006262774876861432
8341,sub48,141,ling_word_target,-0.003577882347077651
8342,sub48,142,ling_word_target,-0.00728147229697815
8343,sub48,143,ling_word_target,-0.003967693228745287
8344,sub48,144,ling_word_target,0.0012310338922826825
8345,sub48,145,ling_word_target,-0.005276188444043338
8346,sub48,146,ling_word_target,0.017258333398376915
8347,sub48,147,ling_word_target,-0.01810968770281653
8348,sub48,148,ling_word_target,-0.022059773666532455
8349,sub48,149,ling_word_target,0.005017982308700987
8350,sub48,150,ling_word_target,0.0052665960489408975
8351,sub48,151,ling_word_target,-0.006052552882960246
8352,sub48,152,ling_word_target,-0.0022022814869061547
8353,sub48,153,ling_word_target,-0.00011633967746710802
8354,sub48,154,ling_word_target,0.011620312669371378
8355,sub48,155,ling_word_target,0.023323822118412506
8356,sub48,156,ling_word_target,-0.010508357501864572
8357,sub48,157,ling_word_target,0.009425881463563303
8358,sub48,158,ling_word_target,0.004296857917249119
8359,sub48,159,ling_word_target,-0.001936805886034924
8360,sub48,160,ling_word_target,-0.0016180760231214086
8361,sub48,161,ling_word_target,0.01475573730913045
8362,sub48,162,ling_word_target,0.0035244342922058683
8363,sub48,163,ling_word_target,0.0005284881963849575
8364,sub48,164,ling_word_target,-0.004117854130598953
8365,sub48,165,ling_word_target,0.00470045361653873
8366,sub48,166,ling_word_target,-0.013910728919535298
8367,sub48,167,ling_word_target,0.00026683917774557764
8368,sub48,168,ling_word_target,0.0003497964867646591
8369,sub48,169,ling_word_target,-0.010983809937965487
8370,sub48,170,ling_word_target,0.014561367863325897
8371,sub48,171,ling_word_target,0.002131962146154463
8372,sub48,172,ling_word_target,0.009101082344234063
8373,sub48,173,ling_word_target,-0.013474703235185119
8374,sub48,174,ling_word_target,-0.03099875816466632
8375,sub48,175,ling_word_target,0.01751866316497831
8376,sub48,176,ling_word_target,0.010880433310952101
8377,sub48,177,ling_word_target,-0.01540651552910465
8378,sub48,178,ling_word_target,0.015086405784008957
8379,sub48,179,ling_word_target,0.00962016820010389
8380,sub48,180,ling_word_target,0.003692917823085915
8381,sub48,181,ling_word_target,0.020391347731071152
8382,sub48,182,ling_word_target,0.0011984944286263465
8383,sub48,183,ling_word_target,-0.004942167905756745
8384,sub48,184,ling_word_target,0.0031827871760368885
8385,sub48,185,ling_word_target,-0.02626666817493709
8386,sub48,186,ling_word_target,0.0001237963293800131
8387,sub48,187,ling_word_target,-0.0057465831972766815
8388,sub48,188,ling_word_target,-0.006101086681331539
8389,sub48,189,ling_word_target,0.005490432403145628
8390,sub48,190,ling_word_target,-0.029169529196345845
8391,sub48,191,ling_word_target,0.021282660045272184
8392,sub48,192,ling_word_target,0.012340593906829704
8393,sub48,193,ling_word_target,0.006043685180401891
8394,sub48,194,ling_word_target,0.01680468376893416
8395,sub48,195,ling_word_target,0.013668866945767943
8396,sub48,196,ling_word_target,0.012875407577220672
8397,sub48,197,ling_word_target,-0.022292109888714978
8398,sub48,198,ling_word_target,0.0035569059060154753
8399,sub48,199,ling_word_target,0.011998036087113811
8400,sub49,0,ling_word_target,0.00019354917499836275
8401,sub49,1,ling_word_target,-0.004001598983942325
8402,sub49,2,ling_word_target,-0.007248278245633184
8403,sub49,3,ling_word_target,0.00011527563738556429
8404,sub49,4,ling_word_target,0.007883641958435843
8405,sub49,5,ling_word_target,-0.005185241111712791
8406,sub49,6,ling_word_target,0.01173536272676111
8407,sub49,7,ling_word_target,-0.004901090217373682
8408,sub49,8,ling_word_target,-0.005237550575312103
8409,sub49,9,ling_word_target,-0.0034156387731554523
8410,sub49,10,ling_word_target,-0.0038434568462160524
8411,sub49,11,ling_word_target,0.004525632495446356
8412,sub49,12,ling_word_target,-0.021027769224417844
8413,sub49,13,ling_word_target,0.0006009893186944282
8414,sub49,14,ling_word_target,-0.00690594914244422
8415,sub49,15,ling_word_target,-0.009492570581562419
8416,sub49,16,ling_word_target,0.009278241444611472
8417,sub49,17,ling_word_target,0.011815839674314937
8418,sub49,18,ling_word_target,0.007441105260988269
8419,sub49,19,ling_word_target,-0.01087727981023024
8420,sub49,20,ling_word_target,0.0034651278243462503
8421,sub49,21,ling_word_target,-0.006039443032524798
8422,sub49,22,ling_word_target,-0.00229719747734078
8423,sub49,23,ling_word_target,0.006978710135413804
8424,sub49,24,ling_word_target,0.002601105106596344
8425,sub49,25,ling_word_target,-0.0099223658745544
8426,sub49,26,ling_word_target,-0.01395143963856947
8427,sub49,27,ling_word_target,-0.010395574501068651
8428,sub49,28,ling_word_target,-0.004487149708328919
8429,sub49,29,ling_word_target,0.01342645691002691
8430,sub49,30,ling_word_target,-0.010588275485060633
8431,sub49,31,ling_word_target,0.00482908641553585
8432,sub49,32,ling_word_target,-0.0053798474173596695
8433,sub49,33,ling_word_target,0.0023838039255973504
8434,sub49,34,ling_word_target,-0.005095942793528364
8435,sub49,35,ling_word_target,-0.0025808719441390428
8436,sub49,36,ling_word_target,-0.006688545549801706
8437,sub49,37,ling_word_target,0.010856765598912044
8438,sub49,38,ling_word_target,-0.00227656242655492
8439,sub49,39,ling_word_target,-0.0013203499603225608
8440,sub49,40,ling_word_target,0.004697955563267395
8441,sub49,41,ling_word_target,-0.004417931488993156
8442,sub49,42,ling_word_target,-0.028803890921494827
8443,sub49,43,ling_word_target,-0.009744836510713813
8444,sub49,44,ling_word_target,-0.007848954555550014
8445,sub49,45,ling_word_target,-0.006057346671367142
8446,sub49,46,ling_word_target,-0.006801537830179253
8447,sub49,47,ling_word_target,-0.007550722479042279
8448,sub49,48,ling_word_target,-0.0030467627520339657
8449,sub49,49,ling_word_target,0.000334458945671669
8450,sub49,50,ling_word_target,-0.0021814917537902935
8451,sub49,51,ling_word_target,-0.013819458186029011
8452,sub49,52,ling_word_target,0.005452213385304198
8453,sub49,53,ling_word_target,-0.004570822300086563
8454,sub49,54,ling_word_target,0.016417169248419416
8455,sub49,55,ling_word_target,-0.01106125951672549
8456,sub49,56,ling_word_target,0.013911347537928451
8457,sub49,57,ling_word_target,-0.002017644766434847
8458,sub49,58,ling_word_target,0.006883579148190303
8459,sub49,59,ling_word_target,-0.009493627972886356
8460,sub49,60,ling_word_target,-0.007459966549428542
8461,sub49,61,ling_word_target,-0.007669298564617694
8462,sub49,62,ling_word_target,-0.007004936113862348
8463,sub49,63,ling_word_target,0.012507889239864465
8464,sub49,64,ling_word_target,-0.0009370326082946689
8465,sub49,65,ling_word_target,0.004140477485562083
8466,sub49,66,ling_word_target,0.01126063991443354
8467,sub49,67,ling_word_target,-0.018985850786917766
8468,sub49,68,ling_word_target,-0.003120980824685016
8469,sub49,69,ling_word_target,0.0009036958688313516
8470,sub49,70,ling_word_target,-0.0002777940754013966
8471,sub49,71,ling_word_target,0.009234975520059745
8472,sub49,72,ling_word_target,0.001552308250217149
8473,sub49,73,ling_word_target,0.0004533879605854735
8474,sub49,74,ling_word_target,0.0018597255208745494
8475,sub49,75,ling_word_target,0.008029933764073646
8476,sub49,76,ling_word_target,0.018002084880786348
8477,sub49,77,ling_word_target,0.0013419104251442507
8478,sub49,78,ling_word_target,-0.021971914068851822
8479,sub49,79,ling_word_target,-0.0001879707261963948
8480,sub49,80,ling_word_target,-0.003966285770041902
8481,sub49,81,ling_word_target,-0.014008187282989953
8482,sub49,82,ling_word_target,-0.011523506733119127
8483,sub49,83,ling_word_target,-0.002977575203039882
8484,sub49,84,ling_word_target,0.009321290969495126
8485,sub49,85,ling_word_target,-0.05371637298576008
8486,sub49,86,ling_word_target,-0.008991485506501749
8487,sub49,87,ling_word_target,0.00416280969437596
8488,sub49,88,ling_word_target,-0.01755988177580689
8489,sub49,89,ling_word_target,0.008045495587225294
8490,sub49,90,ling_word_target,-0.0023334461019926945
8491,sub49,91,ling_word_target,0.006851056486906069
8492,sub49,92,ling_word_target,0.001102548942237553
8493,sub49,93,ling_word_target,0.013140649185818554
8494,sub49,94,ling_word_target,0.011316298664709805
8495,sub49,95,ling_word_target,0.013734892980922234
8496,sub49,96,ling_word_target,0.003129613598814552
8497,sub49,97,ling_word_target,0.01622982168394139
8498,sub49,98,ling_word_target,0.0053872329275057185
8499,sub49,99,ling_word_target,-0.008840747725680161
8500,sub49,100,ling_word_target,0.005379954928199491
8501,sub49,101,ling_word_target,0.010084203584357975
8502,sub49,102,ling_word_target,0.002384876387224946
8503,sub49,103,ling_word_target,-0.0061177747056643745
8504,sub49,104,ling_word_target,-0.002381939157656835
8505,sub49,105,ling_word_target,0.01566823423440943
8506,sub49,106,ling_word_target,-0.018755089716936933
8507,sub49,107,ling_word_target,-0.004893338335344728
8508,sub49,108,ling_word_target,-0.011128692091395487
8509,sub49,109,ling_word_target,-0.010350972911730216
8510,sub49,110,ling_word_target,0.005395550993417976
8511,sub49,111,ling_word_target,0.011748651687172358
8512,sub49,112,ling_word_target,-0.015491599602190226
8513,sub49,113,ling_word_target,0.00025538231509934084
8514,sub49,114,ling_word_target,-0.00462090188054597
8515,sub49,115,ling_word_target,0.009610061260634597
8516,sub49,116,ling_word_target,0.014789955028983554
8517,sub49,117,ling_word_target,-0.01659158106125428
8518,sub49,118,ling_word_target,0.01762736871448661
8519,sub49,119,ling_word_target,-0.004853689436827023
8520,sub49,120,ling_word_target,-0.006815286077091862
8521,sub49,121,ling_word_target,-0.0032975379675044747
8522,sub49,122,ling_word_target,0.005107662271803443
8523,sub49,123,ling_word_target,-0.010264506227279377
8524,sub49,124,ling_word_target,0.002709820337011516
8525,sub49,125,ling_word_target,-0.0010685909535073663
8526,sub49,126,ling_word_target,-0.0046752182473871135
8527,sub49,127,ling_word_target,0.001371461344643019
8528,sub49,128,ling_word_target,-0.0053423502491788
8529,sub49,129,ling_word_target,0.01625725966145998
8530,sub49,130,ling_word_target,-0.006755450596465199
8531,sub49,131,ling_word_target,-0.006965245895544687
8532,sub49,132,ling_word_target,-0.003665513729690496
8533,sub49,133,ling_word_target,-0.012865932306709741
8534,sub49,134,ling_word_target,0.005295526289845028
8535,sub49,135,ling_word_target,-0.01797354319122809
8536,sub49,136,ling_word_target,0.018154889434685687
8537,sub49,137,ling_word_target,-0.010016721565432044
8538,sub49,138,ling_word_target,-0.02738702222335501
8539,sub49,139,ling_word_target,0.021719051324554726
8540,sub49,140,ling_word_target,0.014756131037573754
8541,sub49,141,ling_word_target,0.002217332530990874
8542,sub49,142,ling_word_target,-0.0005530182321245729
8543,sub49,143,ling_word_target,0.008631442460104572
8544,sub49,144,ling_word_target,0.0042650178565129485
8545,sub49,145,ling_word_target,0.0014664814910559313
8546,sub49,146,ling_word_target,0.004530096497755111
8547,sub49,147,ling_word_target,-0.011547440419969445
8548,sub49,148,ling_word_target,0.0030384209398089394
8549,sub49,149,ling_word_target,-0.010529057319764416
8550,sub49,150,ling_word_target,0.001326142388996292
8551,sub49,151,ling_word_target,-0.00997608312525367
8552,sub49,152,ling_word_target,-0.005838426843840877
8553,sub49,153,ling_word_target,0.017654701300598066
8554,sub49,154,ling_word_target,0.0005742248172702136
8555,sub49,155,ling_word_target,0.010757327308938953
8556,sub49,156,ling_word_target,-0.021968982688822372
8557,sub49,157,ling_word_target,-0.009854812415892079
8558,sub49,158,ling_word_target,-0.008222359463149925
8559,sub49,159,ling_word_target,-0.0036891629559179058
8560,sub49,160,ling_word_target,-0.0011420470662667768
8561,sub49,161,ling_word_target,-0.00994820787628467
8562,sub49,162,ling_word_target,0.0019420662799315975
8563,sub49,163,ling_word_target,-0.011323258090758159
8564,sub49,164,ling_word_target,0.0029327211463982847
8565,sub49,165,ling_word_target,0.010461665272701348
8566,sub49,166,ling_word_target,-0.002567723547207737
8567,sub49,167,ling_word_target,0.004028772169622546
8568,sub49,168,ling_word_target,-0.011250774558413421
8569,sub49,169,ling_word_target,-0.00347477153336496
8570,sub49,170,ling_word_target,0.029485642751225297
8571,sub49,171,ling_word_target,0.003976582132204329
8572,sub49,172,ling_word_target,-0.006025542638819924
8573,sub49,173,ling_word_target,0.01136029706009666
8574,sub49,174,ling_word_target,0.014523528861034897
8575,sub49,175,ling_word_target,-0.002502361158290221
8576,sub49,176,ling_word_target,0.019178543083344164
8577,sub49,177,ling_word_target,-0.011622564935943668
8578,sub49,178,ling_word_target,-0.00035352465200618935
8579,sub49,179,ling_word_target,0.019665854967959546
8580,sub49,180,ling_word_target,-0.00243311812289765
8581,sub49,181,ling_word_target,-0.007196358983140805
8582,sub49,182,ling_word_target,0.013298707084979954
8583,sub49,183,ling_word_target,0.004033701602327248
8584,sub49,184,ling_word_target,-0.003274908997687798
8585,sub49,185,ling_word_target,0.016185795878841575
8586,sub49,186,ling_word_target,-0.01235983605572679
8587,sub49,187,ling_word_target,0.016365774206821376
8588,sub49,188,ling_word_target,-0.01073314915290117
8589,sub49,189,ling_word_target,0.008944752041318718
8590,sub49,190,ling_word_target,0.016515411028902898
8591,sub49,191,ling_word_target,0.0039330784881130435
8592,sub49,192,ling_word_target,0.010668157523901435
8593,sub49,193,ling_word_target,-0.0010367854776013236
8594,sub49,194,ling_word_target,0.024915567375038323
8595,sub49,195,ling_word_target,0.005064801089394898
8596,sub49,196,ling_word_target,0.0014060867933534617
8597,sub49,197,ling_word_target,0.021320234250510228
8598,sub49,198,ling_word_target,0.006707779776769408
8599,sub49,199,ling_word_target,0.010966012824432554
8600,sub50,0,ling_word_target,0.0085449846572327
8601,sub50,1,ling_word_target,0.012429847034838609
8602,sub50,2,ling_word_target,-0.002639131814391707
8603,sub50,3,ling_word_target,0.06457981565986955
8604,sub50,4,ling_word_target,0.009765077348934156
8605,sub50,5,ling_word_target,-0.018687108244758645
8606,sub50,6,ling_word_target,0.03235494239367872
8607,sub50,7,ling_word_target,0.020397797459529802
8608,sub50,8,ling_word_target,0.007232043346997898
8609,sub50,9,ling_word_target,0.008439013485487857
8610,sub50,10,ling_word_target,0.01695175143258923
8611,sub50,11,ling_word_target,-0.012082512361499403
8612,sub50,12,ling_word_target,0.018286566766102387
8613,sub50,13,ling_word_target,-0.003107003555570431
8614,sub50,14,ling_word_target,-0.002956106797666579
8615,sub50,15,ling_word_target,0.011731894113274483
8616,sub50,16,ling_word_target,-0.00792187202671691
8617,sub50,17,ling_word_target,0.008942682365015888
8618,sub50,18,ling_word_target,-0.002717963297425335
8619,sub50,19,ling_word_target,-0.02884167423827999
8620,sub50,20,ling_word_target,0.007992457637098693
8621,sub50,21,ling_word_target,0.020588183845986454
8622,sub50,22,ling_word_target,-0.007956072375717665
8623,sub50,23,ling_word_target,-0.02722727292818382
8624,sub50,24,ling_word_target,-0.01824756042264893
8625,sub50,25,ling_word_target,0.04221378058722312
8626,sub50,26,ling_word_target,0.01773787947550748
8627,sub50,27,ling_word_target,-0.004157008586086375
8628,sub50,28,ling_word_target,-0.010522978318410172
8629,sub50,29,ling_word_target,0.004375982928657428
8630,sub50,30,ling_word_target,0.005582422089322094
8631,sub50,31,ling_word_target,-0.024844734688458513
8632,sub50,32,ling_word_target,0.0382107698845815
8633,sub50,33,ling_word_target,0.010337690381874744
8634,sub50,34,ling_word_target,-0.03138927492320727
8635,sub50,35,ling_word_target,0.007254062110203735
8636,sub50,36,ling_word_target,0.0058663856089794094
8637,sub50,37,ling_word_target,-0.006792554111612509
8638,sub50,38,ling_word_target,0.005765214848320097
8639,sub50,39,ling_word_target,0.02286816200813811
8640,sub50,40,ling_word_target,0.026992630518722055
8641,sub50,41,ling_word_target,0.0056538572155954555
8642,sub50,42,ling_word_target,0.021131133689508384
8643,sub50,43,ling_word_target,0.036904793438055
8644,sub50,44,ling_word_target,0.011299698377059334
8645,sub50,45,ling_word_target,0.0007360865183950942
8646,sub50,46,ling_word_target,0.023901608692583405
8647,sub50,47,ling_word_target,0.01809391177357625
8648,sub50,48,ling_word_target,-0.0058491400121817565
8649,sub50,49,ling_word_target,0.009516154906521308
8650,sub50,50,ling_word_target,0.024291870084348605
8651,sub50,51,ling_word_target,-0.002912545792218208
8652,sub50,52,ling_word_target,0.0029519412562453
8653,sub50,53,ling_word_target,-0.008990403396706181
8654,sub50,54,ling_word_target,-0.002332624252342904
8655,sub50,55,ling_word_target,0.007952131088667411
8656,sub50,56,ling_word_target,0.04602510224244332
8657,sub50,57,ling_word_target,-0.013738790572848098
8658,sub50,58,ling_word_target,0.003833266694927873
8659,sub50,59,ling_word_target,-0.01832072532395098
8660,sub50,60,ling_word_target,0.007425359881469449
8661,sub50,61,ling_word_target,-0.006720100364562761
8662,sub50,62,ling_word_target,-0.03888356546712526
8663,sub50,63,ling_word_target,0.013326705965571384
8664,sub50,64,ling_word_target,0.012662540833152198
8665,sub50,65,ling_word_target,-0.01949913219337444
8666,sub50,66,ling_word_target,0.005781845653921867
8667,sub50,67,ling_word_target,-0.029099328965877518
8668,sub50,68,ling_word_target,0.012180582547968645
8669,sub50,69,ling_word_target,0.008077171649636113
8670,sub50,70,ling_word_target,0.04461009984618674
8671,sub50,71,ling_word_target,0.0002631328830428573
8672,sub50,72,ling_word_target,0.011316525553054605
8673,sub50,73,ling_word_target,0.007330047116383566
8674,sub50,74,ling_word_target,0.014652698641356505
8675,sub50,75,ling_word_target,-0.004802444981740093
8676,sub50,76,ling_word_target,-0.00013469418946462154
8677,sub50,77,ling_word_target,0.005377240424775045
8678,sub50,78,ling_word_target,-0.0008995331068422036
8679,sub50,79,ling_word_target,-0.009493949699107586
8680,sub50,80,ling_word_target,-0.035764706859799336
8681,sub50,81,ling_word_target,-0.011802302970171217
8682,sub50,82,ling_word_target,0.006868389984170712
8683,sub50,83,ling_word_target,0.008826124324468216
8684,sub50,84,ling_word_target,0.0026361178716211363
8685,sub50,85,ling_word_target,0.025635340487419143
8686,sub50,86,ling_word_target,0.019593374030219483
8687,sub50,87,ling_word_target,0.002833948042833577
8688,sub50,88,ling_word_target,0.0035414128453288775
8689,sub50,89,ling_word_target,-0.014463092216362933
8690,sub50,90,ling_word_target,0.03264178861688517
8691,sub50,91,ling_word_target,0.005025113461363711
8692,sub50,92,ling_word_target,-0.00412032606403402
8693,sub50,93,ling_word_target,0.02129119753208251
8694,sub50,94,ling_word_target,-0.017417721896733355
8695,sub50,95,ling_word_target,0.020929923609605335
8696,sub50,96,ling_word_target,-0.02206880730992641
8697,sub50,97,ling_word_target,0.03183195524032588
8698,sub50,98,ling_word_target,-0.010048088972336161
8699,sub50,99,ling_word_target,-0.017697666632485728
8700,sub50,100,ling_word_target,-0.004586233905134263
8701,sub50,101,ling_word_target,0.005166426727683931
8702,sub50,102,ling_word_target,0.03281611691612379
8703,sub50,103,ling_word_target,-0.0062762633048286404
8704,sub50,104,ling_word_target,-0.004076662120171494
8705,sub50,105,ling_word_target,-0.009856282853650322
8706,sub50,106,ling_word_target,0.0003322273379884784
8707,sub50,107,ling_word_target,0.016553219727755968
8708,sub50,108,ling_word_target,-0.004805178196853674
8709,sub50,109,ling_word_target,-0.023284714018618806
8710,sub50,110,ling_word_target,0.011531808004744095
8711,sub50,111,ling_word_target,-0.006860950306466026
8712,sub50,112,ling_word_target,9.69170669491013e-05
8713,sub50,113,ling_word_target,0.011275188846496637
8714,sub50,114,ling_word_target,-0.0003662134418547704
8715,sub50,115,ling_word_target,-0.0029222102948079885
8716,sub50,116,ling_word_target,-0.02818941698514978
8717,sub50,117,ling_word_target,-0.014035089414102869
8718,sub50,118,ling_word_target,-0.017763974570949165
8719,sub50,119,ling_word_target,0.031969197563900764
8720,sub50,120,ling_word_target,0.01943820742385314
8721,sub50,121,ling_word_target,-0.008276451190484162
8722,sub50,122,ling_word_target,0.02532444683779136
8723,sub50,123,ling_word_target,-0.004135551174794448
8724,sub50,124,ling_word_target,0.005344689334403515
8725,sub50,125,ling_word_target,-0.004600199565386428
8726,sub50,126,ling_word_target,0.008409257142571722
8727,sub50,127,ling_word_target,-0.011595619287725413
8728,sub50,128,ling_word_target,0.018440793051563806
8729,sub50,129,ling_word_target,0.025380853642788567
8730,sub50,130,ling_word_target,0.009002343701695031
8731,sub50,131,ling_word_target,0.003034292678911487
8732,sub50,132,ling_word_target,0.019917996819776983
8733,sub50,133,ling_word_target,0.016383192093439893
8734,sub50,134,ling_word_target,-0.0018155982398207276
8735,sub50,135,ling_word_target,0.0068448080356496395
8736,sub50,136,ling_word_target,0.020707966957819707
8737,sub50,137,ling_word_target,0.04058226308878327
8738,sub50,138,ling_word_target,0.02418418746035102
8739,sub50,139,ling_word_target,0.0012550001099121892
8740,sub50,140,ling_word_target,0.017379968221030415
8741,sub50,141,ling_word_target,-0.0034798154495059323
8742,sub50,142,ling_word_target,0.02349103605048221
8743,sub50,143,ling_word_target,0.0038665772824568296
8744,sub50,144,ling_word_target,0.0008967345205833936
8745,sub50,145,ling_word_target,0.003956967270028851
8746,sub50,146,ling_word_target,0.0047900278790004415
8747,sub50,147,ling_word_target,-0.009812852439060776
8748,sub50,148,ling_word_target,-0.009753273159612726
8749,sub50,149,ling_word_target,-0.01072416882030368
8750,sub50,150,ling_word_target,0.034698287707639504
8751,sub50,151,ling_word_target,0.016806861782846513
8752,sub50,152,ling_word_target,-0.004059223864690406
8753,sub50,153,ling_word_target,-0.003496752297787397
8754,sub50,154,ling_word_target,-0.00022636238447076566
8755,sub50,155,ling_word_target,0.00648910849077168
8756,sub50,156,ling_word_target,0.010492971214428179
8757,sub50,157,ling_word_target,0.0007427252674780228
8758,sub50,158,ling_word_target,-0.0026498946330962827
8759,sub50,159,ling_word_target,0.010328899830649772
8760,sub50,160,ling_word_target,0.006615083896291038
8761,sub50,161,ling_word_target,0.02170110830608027
8762,sub50,162,ling_word_target,-0.04911145718757535
8763,sub50,163,ling_word_target,-0.0027994180461829435
8764,sub50,164,ling_word_target,0.01811795858219658
8765,sub50,165,ling_word_target,0.012299858802868395
8766,sub50,166,ling_word_target,0.015463224707819717
8767,sub50,167,ling_word_target,0.04441933276191435
8768,sub50,168,ling_word_target,0.011040983061198568
8769,sub50,169,ling_word_target,-0.01292609591279295
8770,sub50,170,ling_word_target,-0.031799366975329035
8771,sub50,171,ling_word_target,0.006265390331562422
8772,sub50,172,ling_word_target,0.0019342945866532655
8773,sub50,173,ling_word_target,0.018431169058890473
8774,sub50,174,ling_word_target,0.006340600998663503
8775,sub50,175,ling_word_target,0.01484654129550183
8776,sub50,176,ling_word_target,0.012546061828745517
8777,sub50,177,ling_word_target,4.58321107665228e-06
8778,sub50,178,ling_word_target,0.016261971453606697
8779,sub50,179,ling_word_target,0.0044144657083030675
8780,sub50,180,ling_word_target,0.0020153449161707843
8781,sub50,181,ling_word_target,-0.024269457728033475
8782,sub50,182,ling_word_target,0.015073990625925807
8783,sub50,183,ling_word_target,-0.019534458902553873
8784,sub50,184,ling_word_target,-0.011196725265831767
8785,sub50,185,ling_word_target,-0.005076376106063446
8786,sub50,186,ling_word_target,0.020052361379744896
8787,sub50,187,ling_word_target,-0.000800033701900992
8788,sub50,188,ling_word_target,-0.01086537615879707
8789,sub50,189,ling_word_target,0.003591771385786327
8790,sub50,190,ling_word_target,-0.012182800143006944
8791,sub50,191,ling_word_target,0.011369317589331263
8792,sub50,192,ling_word_target,-0.016147334872108426
8793,sub50,193,ling_word_target,0.03868190120372549
8794,sub50,194,ling_word_target,-0.01111797597062115
8795,sub50,195,ling_word_target,-0.0005368951449672183
8796,sub50,196,ling_word_target,0.024986512701561252
8797,sub50,197,ling_word_target,0.0021353125691267547
8798,sub50,198,ling_word_target,-0.004113673855003051
8799,sub50,199,ling_word_target,0.02730761428851538
8800,sub51,0,ling_word_target,-0.004283800548071317
8801,sub51,1,ling_word_target,-0.006731174070808432
8802,sub51,2,ling_word_target,-0.02160479232259526
8803,sub51,3,ling_word_target,0.004608118560617201
8804,sub51,4,ling_word_target,-0.012379730394433157
8805,sub51,5,ling_word_target,-0.008112003754304426
8806,sub51,6,ling_word_target,-0.015782862327668058
8807,sub51,7,ling_word_target,0.03144930104280174
8808,sub51,8,ling_word_target,0.007646140258277367
8809,sub51,9,ling_word_target,-0.006871179113016701
8810,sub51,10,ling_word_target,0.009815476642867483
8811,sub51,11,ling_word_target,0.002734332560529516
8812,sub51,12,ling_word_target,-0.012624942310641188
8813,sub51,13,ling_word_target,0.038490646920526284
8814,sub51,14,ling_word_target,0.006956202541691094
8815,sub51,15,ling_word_target,0.01967666077408898
8816,sub51,16,ling_word_target,-0.003250958726833013
8817,sub51,17,ling_word_target,0.0005126216577488352
8818,sub51,18,ling_word_target,-0.013430496403370362
8819,sub51,19,ling_word_target,0.02321427920382359
8820,sub51,20,ling_word_target,-0.010346577809549793
8821,sub51,21,ling_word_target,-0.0061927101624934325
8822,sub51,22,ling_word_target,0.0006106168652215061
8823,sub51,23,ling_word_target,0.008408782256097678
8824,sub51,24,ling_word_target,0.011286390959302891
8825,sub51,25,ling_word_target,-0.006147539789667314
8826,sub51,26,ling_word_target,0.016442000982406935
8827,sub51,27,ling_word_target,0.010558565380670746
8828,sub51,28,ling_word_target,-0.003689074068946339
8829,sub51,29,ling_word_target,0.004790166546188184
8830,sub51,30,ling_word_target,-0.001998065354238376
8831,sub51,31,ling_word_target,0.01875173024325224
8832,sub51,32,ling_word_target,-0.013021302206492847
8833,sub51,33,ling_word_target,-0.004624940362032992
8834,sub51,34,ling_word_target,0.012988156095936228
8835,sub51,35,ling_word_target,-0.0237557418502184
8836,sub51,36,ling_word_target,-0.029975876512476043
8837,sub51,37,ling_word_target,-0.01481905462985954
8838,sub51,38,ling_word_target,-0.013798151027305982
8839,sub51,39,ling_word_target,-0.02176117148336967
8840,sub51,40,ling_word_target,0.020063474575224154
8841,sub51,41,ling_word_target,-0.006308072801648967
8842,sub51,42,ling_word_target,-0.024323844796992646
8843,sub51,43,ling_word_target,-0.0023120328590864746
8844,sub51,44,ling_word_target,0.00288304033493472
8845,sub51,45,ling_word_target,0.001805476115408594
8846,sub51,46,ling_word_target,0.014676580222352645
8847,sub51,47,ling_word_target,-0.017097880885461634
8848,sub51,48,ling_word_target,-0.008423626194830641
8849,sub51,49,ling_word_target,-0.012751186483831554
8850,sub51,50,ling_word_target,0.001276792445816786
8851,sub51,51,ling_word_target,-0.001346229982687282
8852,sub51,52,ling_word_target,0.007883177769648572
8853,sub51,53,ling_word_target,0.012484450895857516
8854,sub51,54,ling_word_target,-0.014446534311152741
8855,sub51,55,ling_word_target,-0.01060402070886766
8856,sub51,56,ling_word_target,0.0023440503582973535
8857,sub51,57,ling_word_target,0.004413497566757913
8858,sub51,58,ling_word_target,0.0015880161758608674
8859,sub51,59,ling_word_target,0.006435864353118673
8860,sub51,60,ling_word_target,-0.0021612158342570495
8861,sub51,61,ling_word_target,0.024439768799927705
8862,sub51,62,ling_word_target,-0.0017784481907883378
8863,sub51,63,ling_word_target,0.011606256027433698
8864,sub51,64,ling_word_target,0.006790671647374606
8865,sub51,65,ling_word_target,-2.9179689382719777e-05
8866,sub51,66,ling_word_target,-0.0107695746230396
8867,sub51,67,ling_word_target,-0.010525169235562506
8868,sub51,68,ling_word_target,-0.007275574546622341
8869,sub51,69,ling_word_target,0.004924159482015715
8870,sub51,70,ling_word_target,-0.024962109199615855
8871,sub51,71,ling_word_target,0.00933003624843468
8872,sub51,72,ling_word_target,-0.00812078709848293
8873,sub51,73,ling_word_target,-0.003829851625066199
8874,sub51,74,ling_word_target,-0.0038197846691287096
8875,sub51,75,ling_word_target,-0.0037568720844254836
8876,sub51,76,ling_word_target,0.00042479519954624466
8877,sub51,77,ling_word_target,0.004926011691047345
8878,sub51,78,ling_word_target,-0.013383058771264819
8879,sub51,79,ling_word_target,0.004593606490468817
8880,sub51,80,ling_word_target,0.002839664959935641
8881,sub51,81,ling_word_target,-0.0023747954323567392
8882,sub51,82,ling_word_target,0.0054131357880866805
8883,sub51,83,ling_word_target,0.004203106821664474
8884,sub51,84,ling_word_target,-0.006069115463357788
8885,sub51,85,ling_word_target,-0.003633190215190383
8886,sub51,86,ling_word_target,0.0007462623757601642
8887,sub51,87,ling_word_target,0.02941200103671533
8888,sub51,88,ling_word_target,0.004413595936040804
8889,sub51,89,ling_word_target,0.032322006506623126
8890,sub51,90,ling_word_target,-0.015690406850335993
8891,sub51,91,ling_word_target,0.011706417889463833
8892,sub51,92,ling_word_target,-0.011373249121810319
8893,sub51,93,ling_word_target,-0.010189873600773629
8894,sub51,94,ling_word_target,0.0016119151314756437
8895,sub51,95,ling_word_target,0.0034806864334147925
8896,sub51,96,ling_word_target,-0.006015272406370604
8897,sub51,97,ling_word_target,0.02360099030786321
8898,sub51,98,ling_word_target,0.012837630405212266
8899,sub51,99,ling_word_target,-0.015605432882861517
8900,sub51,100,ling_word_target,-0.02952613080445117
8901,sub51,101,ling_word_target,-0.007338731442350176
8902,sub51,102,ling_word_target,0.0033519455076581606
8903,sub51,103,ling_word_target,-0.019839751929238928
8904,sub51,104,ling_word_target,0.005953155243056224
8905,sub51,105,ling_word_target,0.008669878179339017
8906,sub51,106,ling_word_target,-0.0014167112262051744
8907,sub51,107,ling_word_target,0.026438109175616908
8908,sub51,108,ling_word_target,-0.015104155600167877
8909,sub51,109,ling_word_target,0.03700758786035298
8910,sub51,110,ling_word_target,-0.004322498873952722
8911,sub51,111,ling_word_target,0.015194951319521602
8912,sub51,112,ling_word_target,0.009179378765636334
8913,sub51,113,ling_word_target,-0.00016340625494492775
8914,sub51,114,ling_word_target,-0.003139677651459423
8915,sub51,115,ling_word_target,0.03505531487029957
8916,sub51,116,ling_word_target,-0.005865160937850397
8917,sub51,117,ling_word_target,-0.002612325060910617
8918,sub51,118,ling_word_target,0.010816873667166766
8919,sub51,119,ling_word_target,0.004671657213271753
8920,sub51,120,ling_word_target,-0.018269684377374616
8921,sub51,121,ling_word_target,-0.000976638163763673
8922,sub51,122,ling_word_target,0.012988126394048337
8923,sub51,123,ling_word_target,-0.015654808767984224
8924,sub51,124,ling_word_target,0.006186314572286401
8925,sub51,125,ling_word_target,-0.010927678976734616
8926,sub51,126,ling_word_target,-5.511354792768536e-05
8927,sub51,127,ling_word_target,0.0016988370205376388
8928,sub51,128,ling_word_target,-0.0070477758717497774
8929,sub51,129,ling_word_target,0.0017564149032425727
8930,sub51,130,ling_word_target,0.0027813617892417613
8931,sub51,131,ling_word_target,-0.02001925743416433
8932,sub51,132,ling_word_target,0.013128307100183208
8933,sub51,133,ling_word_target,-0.0001553829752473143
8934,sub51,134,ling_word_target,0.015249828338635434
8935,sub51,135,ling_word_target,-0.005186293327665454
8936,sub51,136,ling_word_target,-0.005455862020971646
8937,sub51,137,ling_word_target,0.00803440943910149
8938,sub51,138,ling_word_target,0.0004129614975055668
8939,sub51,139,ling_word_target,0.009959999273805586
8940,sub51,140,ling_word_target,0.0021802035912521166
8941,sub51,141,ling_word_target,-0.008126190525357213
8942,sub51,142,ling_word_target,0.011473260901710304
8943,sub51,143,ling_word_target,-0.006979650731435225
8944,sub51,144,ling_word_target,0.00753470902086728
8945,sub51,145,ling_word_target,-0.012670591867899473
8946,sub51,146,ling_word_target,-0.0005265389534869128
8947,sub51,147,ling_word_target,0.034422894500090916
8948,sub51,148,ling_word_target,-8.691704168598882e-05
8949,sub51,149,ling_word_target,0.034002363012871205
8950,sub51,150,ling_word_target,-0.008791850114938464
8951,sub51,151,ling_word_target,0.02632375461396907
8952,sub51,152,ling_word_target,0.012448194218479652
8953,sub51,153,ling_word_target,-0.014387606421493072
8954,sub51,154,ling_word_target,-0.015790022211243607
8955,sub51,155,ling_word_target,0.0009487865752986036
8956,sub51,156,ling_word_target,-0.005092375063333661
8957,sub51,157,ling_word_target,-0.017097109848444886
8958,sub51,158,ling_word_target,-0.012013475279224532
8959,sub51,159,ling_word_target,-0.001981529758052206
8960,sub51,160,ling_word_target,-0.007930532791617758
8961,sub51,161,ling_word_target,-0.002080384386805667
8962,sub51,162,ling_word_target,-0.0005340339813281923
8963,sub51,163,ling_word_target,0.003538824484963959
8964,sub51,164,ling_word_target,-0.0037772029827846804
8965,sub51,165,ling_word_target,0.013838981599620907
8966,sub51,166,ling_word_target,-0.01111292071098417
8967,sub51,167,ling_word_target,0.007339950362934869
8968,sub51,168,ling_word_target,0.013297994722726605
8969,sub51,169,ling_word_target,0.01156388298629528
8970,sub51,170,ling_word_target,0.005740050772166122
8971,sub51,171,ling_word_target,-0.002955889310265572
8972,sub51,172,ling_word_target,0.007142120876288561
8973,sub51,173,ling_word_target,0.0003406232304592265
8974,sub51,174,ling_word_target,0.011502519185460006
8975,sub51,175,ling_word_target,0.014618289617453829
8976,sub51,176,ling_word_target,-0.006214473644391244
8977,sub51,177,ling_word_target,0.02095915502916375
8978,sub51,178,ling_word_target,0.02113088281506313
8979,sub51,179,ling_word_target,-0.009861521303432841
8980,sub51,180,ling_word_target,-0.008494126307537608
8981,sub51,181,ling_word_target,0.025407586459225005
8982,sub51,182,ling_word_target,0.004973967710570419
8983,sub51,183,ling_word_target,0.016734320174642377
8984,sub51,184,ling_word_target,0.003467601471427451
8985,sub51,185,ling_word_target,0.0051750704912848725
8986,sub51,186,ling_word_target,0.008314460125591684
8987,sub51,187,ling_word_target,0.004565158700714248
8988,sub51,188,ling_word_target,-0.031252350510808644
8989,sub51,189,ling_word_target,0.005726570798321444
8990,sub51,190,ling_word_target,-0.007853861962138895
8991,sub51,191,ling_word_target,-0.003991320839188257
8992,sub51,192,ling_word_target,0.006891232597227682
8993,sub51,193,ling_word_target,0.006389224046848499
8994,sub51,194,ling_word_target,0.0038117831184312037
8995,sub51,195,ling_word_target,-0.007191171740169211
8996,sub51,196,ling_word_target,0.015715536807921537
8997,sub51,197,ling_word_target,-0.004345590063429011
8998,sub51,198,ling_word_target,0.002745731687790622
8999,sub51,199,ling_word_target,-0.004719159336540184
9000,sub52,0,ling_word_target,0.02550909577898414
9001,sub52,1,ling_word_target,-0.0057072396580495925
9002,sub52,2,ling_word_target,-0.002724479776428687
9003,sub52,3,ling_word_target,0.029524836625905014
9004,sub52,4,ling_word_target,-0.01877156113042779
9005,sub52,5,ling_word_target,0.012643289759278725
9006,sub52,6,ling_word_target,-0.004528192781607494
9007,sub52,7,ling_word_target,-0.011050448378595598
9008,sub52,8,ling_word_target,0.014328926679753363
9009,sub52,9,ling_word_target,0.00608205211120828
9010,sub52,10,ling_word_target,0.027119794788069747
9011,sub52,11,ling_word_target,-0.025776035868940433
9012,sub52,12,ling_word_target,0.025316476844245685
9013,sub52,13,ling_word_target,0.0033486858144539293
9014,sub52,14,ling_word_target,0.001772590503031754
9015,sub52,15,ling_word_target,-0.017355170697248224
9016,sub52,16,ling_word_target,-0.00033154005764681437
9017,sub52,17,ling_word_target,-0.00849324312169484
9018,sub52,18,ling_word_target,-0.019500782801399236
9019,sub52,19,ling_word_target,-0.008321469492249857
9020,sub52,20,ling_word_target,0.0005804619016372483
9021,sub52,21,ling_word_target,0.0007144551422195288
9022,sub52,22,ling_word_target,0.00044185593291555314
9023,sub52,23,ling_word_target,0.02548424883401785
9024,sub52,24,ling_word_target,0.0014748813591530365
9025,sub52,25,ling_word_target,0.018893080372316184
9026,sub52,26,ling_word_target,0.021654055233642368
9027,sub52,27,ling_word_target,0.012654947080764783
9028,sub52,28,ling_word_target,0.0018713323332216949
9029,sub52,29,ling_word_target,-0.009839147917946099
9030,sub52,30,ling_word_target,0.024040474520840915
9031,sub52,31,ling_word_target,-0.0022734667991694993
9032,sub52,32,ling_word_target,-0.02579954899923704
9033,sub52,33,ling_word_target,0.0235511574051781
9034,sub52,34,ling_word_target,0.014598218180595653
9035,sub52,35,ling_word_target,-0.004646400545313638
9036,sub52,36,ling_word_target,0.004260977364302427
9037,sub52,37,ling_word_target,0.01934045700272047
9038,sub52,38,ling_word_target,0.006634551523470949
9039,sub52,39,ling_word_target,-0.004654202290860127
9040,sub52,40,ling_word_target,-0.008459683407404866
9041,sub52,41,ling_word_target,-0.003211927424050765
9042,sub52,42,ling_word_target,0.0036085907124778537
9043,sub52,43,ling_word_target,0.016062778948998376
9044,sub52,44,ling_word_target,0.007287338326952942
9045,sub52,45,ling_word_target,-0.0005182290619781109
9046,sub52,46,ling_word_target,0.009829440713642341
9047,sub52,47,ling_word_target,0.0183117525753965
9048,sub52,48,ling_word_target,-0.003995230191853452
9049,sub52,49,ling_word_target,-0.0016625339377457336
9050,sub52,50,ling_word_target,0.01580954825015524
9051,sub52,51,ling_word_target,0.02279371352609438
9052,sub52,52,ling_word_target,0.004280048967212887
9053,sub52,53,ling_word_target,0.006264605862321354
9054,sub52,54,ling_word_target,0.0020893237774655318
9055,sub52,55,ling_word_target,0.00123008999405335
9056,sub52,56,ling_word_target,0.0011251684797585037
9057,sub52,57,ling_word_target,-0.01544968604104688
9058,sub52,58,ling_word_target,0.005341218675797651
9059,sub52,59,ling_word_target,0.007035700947409144
9060,sub52,60,ling_word_target,0.017015225932622443
9061,sub52,61,ling_word_target,0.003599897952632466
9062,sub52,62,ling_word_target,0.007523143079264303
9063,sub52,63,ling_word_target,6.538010369074772e-05
9064,sub52,64,ling_word_target,0.013275647998615364
9065,sub52,65,ling_word_target,-0.016109674158530346
9066,sub52,66,ling_word_target,0.0036936489464999573
9067,sub52,67,ling_word_target,0.014205888890173799
9068,sub52,68,ling_word_target,0.010007999783061123
9069,sub52,69,ling_word_target,0.04163699133441847
9070,sub52,70,ling_word_target,-0.022715789662632272
9071,sub52,71,ling_word_target,-0.01715559466522127
9072,sub52,72,ling_word_target,0.0005673757506555792
9073,sub52,73,ling_word_target,-0.022877506763974122
9074,sub52,74,ling_word_target,0.012554512760374845
9075,sub52,75,ling_word_target,-0.008591661527413629
9076,sub52,76,ling_word_target,0.018163921960792664
9077,sub52,77,ling_word_target,0.01306371742035352
9078,sub52,78,ling_word_target,0.0010108072318095475
9079,sub52,79,ling_word_target,-0.00016304561681415274
9080,sub52,80,ling_word_target,-0.016149957886904986
9081,sub52,81,ling_word_target,0.01557129031395678
9082,sub52,82,ling_word_target,-0.01076904288058528
9083,sub52,83,ling_word_target,0.015246623904105288
9084,sub52,84,ling_word_target,0.038065782759033044
9085,sub52,85,ling_word_target,0.012989919789654183
9086,sub52,86,ling_word_target,0.010591373315719589
9087,sub52,87,ling_word_target,-0.003098763353859909
9088,sub52,88,ling_word_target,0.01593015794763957
9089,sub52,89,ling_word_target,-0.02285780692896895
9090,sub52,90,ling_word_target,0.005886282626048141
9091,sub52,91,ling_word_target,-0.006232574397580655
9092,sub52,92,ling_word_target,0.022965051732935456
9093,sub52,93,ling_word_target,-0.024327544569103934
9094,sub52,94,ling_word_target,-0.0008468608057080825
9095,sub52,95,ling_word_target,0.026536557044356673
9096,sub52,96,ling_word_target,-0.016813640690834113
9097,sub52,97,ling_word_target,0.018730029292183262
9098,sub52,98,ling_word_target,0.0232432081271908
9099,sub52,99,ling_word_target,0.007274021583550239
9100,sub52,100,ling_word_target,-0.00651610548007252
9101,sub52,101,ling_word_target,-0.010262176616974046
9102,sub52,102,ling_word_target,-0.007387638710418284
9103,sub52,103,ling_word_target,-0.018935020747175024
9104,sub52,104,ling_word_target,0.01338041881329279
9105,sub52,105,ling_word_target,-0.0036449468560712838
9106,sub52,106,ling_word_target,0.0021053168291943693
9107,sub52,107,ling_word_target,0.006259334261033965
9108,sub52,108,ling_word_target,0.019135540019186905
9109,sub52,109,ling_word_target,0.03406388551654487
9110,sub52,110,ling_word_target,0.008036936856964204
9111,sub52,111,ling_word_target,0.022721832286138787
9112,sub52,112,ling_word_target,0.0014888800757756702
9113,sub52,113,ling_word_target,0.0043388199931971355
9114,sub52,114,ling_word_target,0.042531779584088505
9115,sub52,115,ling_word_target,0.002859928924577879
9116,sub52,116,ling_word_target,-0.0001563917702270273
9117,sub52,117,ling_word_target,0.005775130170138839
9118,sub52,118,ling_word_target,0.0011851366819203594
9119,sub52,119,ling_word_target,-0.0010134190384119566
9120,sub52,120,ling_word_target,-0.0024803426035608046
9121,sub52,121,ling_word_target,-0.005079396800850404
9122,sub52,122,ling_word_target,0.018955724303396003
9123,sub52,123,ling_word_target,0.007927415879585533
9124,sub52,124,ling_word_target,-0.02946124679558427
9125,sub52,125,ling_word_target,-0.0030724927716122242
9126,sub52,126,ling_word_target,-0.011511815963869689
9127,sub52,127,ling_word_target,0.0024805582604009923
9128,sub52,128,ling_word_target,0.023947325144573726
9129,sub52,129,ling_word_target,0.014025838208325975
9130,sub52,130,ling_word_target,0.003647610608719042
9131,sub52,131,ling_word_target,0.008274942506498196
9132,sub52,132,ling_word_target,0.013164269379016522
9133,sub52,133,ling_word_target,0.0073318694830609675
9134,sub52,134,ling_word_target,-0.01451046781909134
9135,sub52,135,ling_word_target,0.016124242179740657
9136,sub52,136,ling_word_target,-0.003278024128030125
9137,sub52,137,ling_word_target,0.006685325170301756
9138,sub52,138,ling_word_target,-0.004012363376808983
9139,sub52,139,ling_word_target,-0.010981174403778571
9140,sub52,140,ling_word_target,0.02936835638438128
9141,sub52,141,ling_word_target,0.0071691235253135525
9142,sub52,142,ling_word_target,-0.004292405028335198
9143,sub52,143,ling_word_target,0.039398224439059035
9144,sub52,144,ling_word_target,0.0030564916416720884
9145,sub52,145,ling_word_target,-0.009624230924461125
9146,sub52,146,ling_word_target,-0.00976382393636228
9147,sub52,147,ling_word_target,-0.014208243448073199
9148,sub52,148,ling_word_target,0.0052079214569669685
9149,sub52,149,ling_word_target,-0.008205356909634762
9150,sub52,150,ling_word_target,-0.00393196634066345
9151,sub52,151,ling_word_target,-0.02505802343278327
9152,sub52,152,ling_word_target,-0.0024146821570666588
9153,sub52,153,ling_word_target,-0.006143894860163481
9154,sub52,154,ling_word_target,1.8682239342202282e-05
9155,sub52,155,ling_word_target,0.001548195006769803
9156,sub52,156,ling_word_target,-2.4468650641794633e-05
9157,sub52,157,ling_word_target,0.022225452825458018
9158,sub52,158,ling_word_target,0.0068027380753227585
9159,sub52,159,ling_word_target,-0.010438964371902792
9160,sub52,160,ling_word_target,0.020247521148034422
9161,sub52,161,ling_word_target,-0.004508054644285237
9162,sub52,162,ling_word_target,0.010428476463290988
9163,sub52,163,ling_word_target,0.0019261284788632599
9164,sub52,164,ling_word_target,0.008901512813499927
9165,sub52,165,ling_word_target,0.00851413038154923
9166,sub52,166,ling_word_target,0.003252843516206872
9167,sub52,167,ling_word_target,-0.010807860525430486
9168,sub52,168,ling_word_target,-0.020436602263315756
9169,sub52,169,ling_word_target,-0.0031527626652736755
9170,sub52,170,ling_word_target,-0.011986346335128703
9171,sub52,171,ling_word_target,0.004809559502663584
9172,sub52,172,ling_word_target,0.0054304926131237665
9173,sub52,173,ling_word_target,-0.0025245948886107135
9174,sub52,174,ling_word_target,0.0009406486039560225
9175,sub52,175,ling_word_target,0.01646400310751275
9176,sub52,176,ling_word_target,0.014626516700375947
9177,sub52,177,ling_word_target,0.006265474870226663
9178,sub52,178,ling_word_target,0.0014356308220832485
9179,sub52,179,ling_word_target,0.016171264456792768
9180,sub52,180,ling_word_target,-0.007551588945484954
9181,sub52,181,ling_word_target,0.00869461041763719
9182,sub52,182,ling_word_target,-0.01566669517972687
9183,sub52,183,ling_word_target,-0.012975210518173338
9184,sub52,184,ling_word_target,0.005574634380700806
9185,sub52,185,ling_word_target,0.016294244851058123
9186,sub52,186,ling_word_target,-0.0024844917357851677
9187,sub52,187,ling_word_target,0.007621889888253286
9188,sub52,188,ling_word_target,-0.009272187064589965
9189,sub52,189,ling_word_target,-0.0028448393500177574
9190,sub52,190,ling_word_target,0.009384531751094945
9191,sub52,191,ling_word_target,0.013084603985700329
9192,sub52,192,ling_word_target,-0.015644787855317505
9193,sub52,193,ling_word_target,-0.0027949899950900493
9194,sub52,194,ling_word_target,-0.005967955227634937
9195,sub52,195,ling_word_target,0.03894323958629068
9196,sub52,196,ling_word_target,-0.009252800947910826
9197,sub52,197,ling_word_target,0.0057594259677893125
9198,sub52,198,ling_word_target,0.0008213401702395515
9199,sub52,199,ling_word_target,0.010197881642449134
9200,sub53,0,ling_word_target,-0.005876533978364716
9201,sub53,1,ling_word_target,-0.05052644424530269
9202,sub53,2,ling_word_target,-0.0032202584970406254
9203,sub53,3,ling_word_target,0.002695084839516805
9204,sub53,4,ling_word_target,0.0032178323572750775
9205,sub53,5,ling_word_target,-0.02909980599590276
9206,sub53,6,ling_word_target,-0.010685616652114264
9207,sub53,7,ling_word_target,0.0062734224801713695
9208,sub53,8,ling_word_target,-0.021491559764868582
9209,sub53,9,ling_word_target,0.012909824075977409
9210,sub53,10,ling_word_target,-0.012963008088327755
9211,sub53,11,ling_word_target,0.008402795847966165
9212,sub53,12,ling_word_target,-0.009538133298159484
9213,sub53,13,ling_word_target,0.0034498985141046714
9214,sub53,14,ling_word_target,-0.005149039056744252
9215,sub53,15,ling_word_target,0.008574470854008184
9216,sub53,16,ling_word_target,-0.0031737014986746473
9217,sub53,17,ling_word_target,0.00035661106051596925
9218,sub53,18,ling_word_target,-0.0008062880224909649
9219,sub53,19,ling_word_target,-0.016348863550618774
9220,sub53,20,ling_word_target,-0.006787654232667495
9221,sub53,21,ling_word_target,-0.0007939383014553819
9222,sub53,22,ling_word_target,-0.0021344893144758805
9223,sub53,23,ling_word_target,0.006146739944227542
9224,sub53,24,ling_word_target,-0.00989506133833553
9225,sub53,25,ling_word_target,0.000999269161758187
9226,sub53,26,ling_word_target,0.0076091638033705875
9227,sub53,27,ling_word_target,0.0004955273492882617
9228,sub53,28,ling_word_target,-0.005052039398803997
9229,sub53,29,ling_word_target,-0.009563649816703606
9230,sub53,30,ling_word_target,0.017178020817477397
9231,sub53,31,ling_word_target,0.010610451768352541
9232,sub53,32,ling_word_target,0.010221858611320389
9233,sub53,33,ling_word_target,0.00894330408099295
9234,sub53,34,ling_word_target,0.025527538561728833
9235,sub53,35,ling_word_target,-0.005373791884999423
9236,sub53,36,ling_word_target,-0.009008892997136501
9237,sub53,37,ling_word_target,0.0004720107550916085
9238,sub53,38,ling_word_target,-0.010138065604626477
9239,sub53,39,ling_word_target,-0.0024516710600641636
9240,sub53,40,ling_word_target,0.0021293787472009672
9241,sub53,41,ling_word_target,0.0030417961054053236
9242,sub53,42,ling_word_target,0.00021275154271773114
9243,sub53,43,ling_word_target,-0.012468144516800932
9244,sub53,44,ling_word_target,0.0022532374862569106
9245,sub53,45,ling_word_target,0.0033632582952778096
9246,sub53,46,ling_word_target,0.008562427478248393
9247,sub53,47,ling_word_target,-0.006887285508559806
9248,sub53,48,ling_word_target,0.005657114857586105
9249,sub53,49,ling_word_target,0.005105973499650542
9250,sub53,50,ling_word_target,-0.007272602022793377
9251,sub53,51,ling_word_target,-0.0078061464367838295
9252,sub53,52,ling_word_target,-0.02303734453483306
9253,sub53,53,ling_word_target,0.016995949897385156
9254,sub53,54,ling_word_target,-0.0017172213639857943
9255,sub53,55,ling_word_target,-0.002392824737621582
9256,sub53,56,ling_word_target,0.006963960510285704
9257,sub53,57,ling_word_target,-0.01827129321936477
9258,sub53,58,ling_word_target,0.00820922608445951
9259,sub53,59,ling_word_target,-0.0010569820897372657
9260,sub53,60,ling_word_target,0.008692915098750717
9261,sub53,61,ling_word_target,0.011950731781407278
9262,sub53,62,ling_word_target,0.004492559695782772
9263,sub53,63,ling_word_target,0.0037225154821269313
9264,sub53,64,ling_word_target,0.005451386550203239
9265,sub53,65,ling_word_target,-0.0005894553862824195
9266,sub53,66,ling_word_target,0.007723567141724895
9267,sub53,67,ling_word_target,-0.004024672993378476
9268,sub53,68,ling_word_target,-0.015832816476106154
9269,sub53,69,ling_word_target,-0.0017997478965555693
9270,sub53,70,ling_word_target,0.022194070407096617
9271,sub53,71,ling_word_target,0.003618612954852732
9272,sub53,72,ling_word_target,-0.005231142384078008
9273,sub53,73,ling_word_target,0.0044150240335389225
9274,sub53,74,ling_word_target,-0.0018777616210632875
9275,sub53,75,ling_word_target,-0.04368636640966671
9276,sub53,76,ling_word_target,0.009230056441356669
9277,sub53,77,ling_word_target,-0.008074805020499799
9278,sub53,78,ling_word_target,0.022951465676995512
9279,sub53,79,ling_word_target,-0.008064199043321438
9280,sub53,80,ling_word_target,-0.004798290047457024
9281,sub53,81,ling_word_target,0.0002605750916553208
9282,sub53,82,ling_word_target,0.004321603245324296
9283,sub53,83,ling_word_target,-0.003014920501927284
9284,sub53,84,ling_word_target,0.01087501003274045
9285,sub53,85,ling_word_target,-0.0034390630133766314
9286,sub53,86,ling_word_target,-0.014844551646202206
9287,sub53,87,ling_word_target,-0.011225050607670683
9288,sub53,88,ling_word_target,-0.02678009297944768
9289,sub53,89,ling_word_target,-0.01647164134611985
9290,sub53,90,ling_word_target,0.0005584447923447058
9291,sub53,91,ling_word_target,-0.009536338177867991
9292,sub53,92,ling_word_target,-0.007263555162993117
9293,sub53,93,ling_word_target,0.007585600505312066
9294,sub53,94,ling_word_target,-0.0025890884782278074
9295,sub53,95,ling_word_target,-0.0035479235765827778
9296,sub53,96,ling_word_target,-0.0025382795778393983
9297,sub53,97,ling_word_target,0.00963098200102377
9298,sub53,98,ling_word_target,0.0023964327340556717
9299,sub53,99,ling_word_target,-0.0009539742760954736
9300,sub53,100,ling_word_target,0.003047394612517355
9301,sub53,101,ling_word_target,-0.0003282777796924976
9302,sub53,102,ling_word_target,0.014050300047346774
9303,sub53,103,ling_word_target,0.015786684995654332
9304,sub53,104,ling_word_target,0.002656035631016555
9305,sub53,105,ling_word_target,0.01569049811501255
9306,sub53,106,ling_word_target,-0.016920483992305214
9307,sub53,107,ling_word_target,0.005765688289271428
9308,sub53,108,ling_word_target,0.012065064453286934
9309,sub53,109,ling_word_target,0.021586871620467723
9310,sub53,110,ling_word_target,0.010692799161993713
9311,sub53,111,ling_word_target,0.0005216092894347153
9312,sub53,112,ling_word_target,-0.013819417396136244
9313,sub53,113,ling_word_target,0.012836740377224534
9314,sub53,114,ling_word_target,0.0008230486393785696
9315,sub53,115,ling_word_target,0.007945114013856346
9316,sub53,116,ling_word_target,0.001436415058064068
9317,sub53,117,ling_word_target,0.004084353993367651
9318,sub53,118,ling_word_target,-0.0028125421597729374
9319,sub53,119,ling_word_target,0.0015209985366285551
9320,sub53,120,ling_word_target,-0.006330080797385119
9321,sub53,121,ling_word_target,-0.0015666051019118188
9322,sub53,122,ling_word_target,-0.0009015684907597162
9323,sub53,123,ling_word_target,0.0026893452251746815
9324,sub53,124,ling_word_target,0.009427747647132103
9325,sub53,125,ling_word_target,-0.01156922270493592
9326,sub53,126,ling_word_target,-0.003674602406037663
9327,sub53,127,ling_word_target,0.010457630661826577
9328,sub53,128,ling_word_target,-0.006900118835671481
9329,sub53,129,ling_word_target,0.02466347538341325
9330,sub53,130,ling_word_target,0.012689961922373027
9331,sub53,131,ling_word_target,-0.0018756939750621856
9332,sub53,132,ling_word_target,0.015308311368647498
9333,sub53,133,ling_word_target,-0.006017185552035948
9334,sub53,134,ling_word_target,-0.008304623907887776
9335,sub53,135,ling_word_target,0.013328145344637513
9336,sub53,136,ling_word_target,0.007650998314117837
9337,sub53,137,ling_word_target,0.003683372546515337
9338,sub53,138,ling_word_target,-0.011402175879472473
9339,sub53,139,ling_word_target,0.006518874360201395
9340,sub53,140,ling_word_target,0.003643979314292681
9341,sub53,141,ling_word_target,-0.002425582015077983
9342,sub53,142,ling_word_target,-0.014497803498660105
9343,sub53,143,ling_word_target,0.0017921980026167968
9344,sub53,144,ling_word_target,-0.012626119807340621
9345,sub53,145,ling_word_target,0.01818398965844187
9346,sub53,146,ling_word_target,0.0016221663069398257
9347,sub53,147,ling_word_target,0.011440209502035616
9348,sub53,148,ling_word_target,-0.0030066320337743674
9349,sub53,149,ling_word_target,0.0008816789612541605
9350,sub53,150,ling_word_target,-0.01389190455130545
9351,sub53,151,ling_word_target,-0.03136976080619015
9352,sub53,152,ling_word_target,-0.0010344152649760128
9353,sub53,153,ling_word_target,0.007077988407086294
9354,sub53,154,ling_word_target,-0.0008328886353995127
9355,sub53,155,ling_word_target,-0.003956644667102594
9356,sub53,156,ling_word_target,0.010877313762604786
9357,sub53,157,ling_word_target,-0.013368960790542618
9358,sub53,158,ling_word_target,0.0037233089572406603
9359,sub53,159,ling_word_target,-0.010673648019317297
9360,sub53,160,ling_word_target,0.006342409754280457
9361,sub53,161,ling_word_target,0.009813107598034172
9362,sub53,162,ling_word_target,0.015439831782871949
9363,sub53,163,ling_word_target,0.004343011070955467
9364,sub53,164,ling_word_target,0.01119321169366388
9365,sub53,165,ling_word_target,-0.0012257419170179928
9366,sub53,166,ling_word_target,0.0010267836012343198
9367,sub53,167,ling_word_target,-0.004113561918796537
9368,sub53,168,ling_word_target,-0.011575912553623427
9369,sub53,169,ling_word_target,0.014473661714075119
9370,sub53,170,ling_word_target,-0.0013474891168717515
9371,sub53,171,ling_word_target,-0.0033211872291607756
9372,sub53,172,ling_word_target,-0.0009124711103287623
9373,sub53,173,ling_word_target,-0.0019250648833714027
9374,sub53,174,ling_word_target,-0.004166718505416336
9375,sub53,175,ling_word_target,-0.0016663495349854395
9376,sub53,176,ling_word_target,-0.012044218945511432
9377,sub53,177,ling_word_target,0.00994265097727881
9378,sub53,178,ling_word_target,0.005743995229266103
9379,sub53,179,ling_word_target,-0.00365356508353872
9380,sub53,180,ling_word_target,-0.003269222332947567
9381,sub53,181,ling_word_target,0.00995835832906947
9382,sub53,182,ling_word_target,0.007621773950757622
9383,sub53,183,ling_word_target,-0.00885888598674448
9384,sub53,184,ling_word_target,-0.01770488684992497
9385,sub53,185,ling_word_target,-0.012192174587583414
9386,sub53,186,ling_word_target,0.009722489392714747
9387,sub53,187,ling_word_target,0.0017403627208732821
9388,sub53,188,ling_word_target,0.0023834330847421308
9389,sub53,189,ling_word_target,0.022893213425311008
9390,sub53,190,ling_word_target,0.004814185817934256
9391,sub53,191,ling_word_target,0.005265882788192085
9392,sub53,192,ling_word_target,-0.0049409973812519345
9393,sub53,193,ling_word_target,0.00022884135038346573
9394,sub53,194,ling_word_target,-0.0087182890792633
9395,sub53,195,ling_word_target,0.011627966612371527
9396,sub53,196,ling_word_target,0.0014646558238805977
9397,sub53,197,ling_word_target,0.020410597875524863
9398,sub53,198,ling_word_target,-0.009715097784042408
9399,sub53,199,ling_word_target,0.008836196284279792
9400,sub55,0,ling_word_target,-0.029981966658476134
9401,sub55,1,ling_word_target,-0.019031737779917162
9402,sub55,2,ling_word_target,0.012713501755510531
9403,sub55,3,ling_word_target,-0.0034451657818778767
9404,sub55,4,ling_word_target,0.013526978289215237
9405,sub55,5,ling_word_target,-0.005713405697558921
9406,sub55,6,ling_word_target,0.009371340412493172
9407,sub55,7,ling_word_target,-0.019569994266089102
9408,sub55,8,ling_word_target,-0.0026460367500101326
9409,sub55,9,ling_word_target,0.0009845431757461221
9410,sub55,10,ling_word_target,-0.014463085675546251
9411,sub55,11,ling_word_target,0.006270420511501679
9412,sub55,12,ling_word_target,-0.023991794289883534
9413,sub55,13,ling_word_target,-0.012283275328533596
9414,sub55,14,ling_word_target,-0.006200750774742788
9415,sub55,15,ling_word_target,0.0027073101308597693
9416,sub55,16,ling_word_target,-0.04002697498612034
9417,sub55,17,ling_word_target,0.0055228189539093244
9418,sub55,18,ling_word_target,0.0061387336291129245
9419,sub55,19,ling_word_target,-0.009268787452917647
9420,sub55,20,ling_word_target,-0.002094536049201479
9421,sub55,21,ling_word_target,0.010335565845074661
9422,sub55,22,ling_word_target,-0.02287857105266416
9423,sub55,23,ling_word_target,-0.005301957415920513
9424,sub55,24,ling_word_target,-0.01813379716153972
9425,sub55,25,ling_word_target,-0.0036219838829842053
9426,sub55,26,ling_word_target,-0.0008809452815933234
9427,sub55,27,ling_word_target,0.009538687721057874
9428,sub55,28,ling_word_target,-0.009244182563801046
9429,sub55,29,ling_word_target,0.0007982191027550516
9430,sub55,30,ling_word_target,-0.00756862809105239
9431,sub55,31,ling_word_target,-0.008094514839892273
9432,sub55,32,ling_word_target,-0.006388565553967398
9433,sub55,33,ling_word_target,0.0010511851344859504
9434,sub55,34,ling_word_target,0.013606321554716496
9435,sub55,35,ling_word_target,0.010147667589075043
9436,sub55,36,ling_word_target,0.009213241396171974
9437,sub55,37,ling_word_target,-0.0036283929514015875
9438,sub55,38,ling_word_target,0.0067995727572491725
9439,sub55,39,ling_word_target,0.001887581088054071
9440,sub55,40,ling_word_target,-0.024894894814830724
9441,sub55,41,ling_word_target,0.012215428190764313
9442,sub55,42,ling_word_target,-0.01181860475793511
9443,sub55,43,ling_word_target,-0.020564216422556594
9444,sub55,44,ling_word_target,-0.010628124232371385
9445,sub55,45,ling_word_target,0.013370891621811815
9446,sub55,46,ling_word_target,-0.02205230806283882
9447,sub55,47,ling_word_target,0.03834894886305919
9448,sub55,48,ling_word_target,-0.03174867050432224
9449,sub55,49,ling_word_target,-0.007744263694917476
9450,sub55,50,ling_word_target,0.0010517832836909353
9451,sub55,51,ling_word_target,-0.0012705617685174633
9452,sub55,52,ling_word_target,-0.004027198795547386
9453,sub55,53,ling_word_target,0.009328220391075615
9454,sub55,54,ling_word_target,-0.01386156790856825
9455,sub55,55,ling_word_target,0.006325889120346287
9456,sub55,56,ling_word_target,0.002135947494618658
9457,sub55,57,ling_word_target,-0.02966322040619043
9458,sub55,58,ling_word_target,-0.007662789164020597
9459,sub55,59,ling_word_target,-0.011528672515456554
9460,sub55,60,ling_word_target,-0.01286064308800728
9461,sub55,61,ling_word_target,0.02094725441054987
9462,sub55,62,ling_word_target,-0.00552550851003928
9463,sub55,63,ling_word_target,-0.01872195087514092
9464,sub55,64,ling_word_target,-0.005536542101416131
9465,sub55,65,ling_word_target,-0.027369566648377884
9466,sub55,66,ling_word_target,-0.0160487156119584
9467,sub55,67,ling_word_target,0.003089728953108294
9468,sub55,68,ling_word_target,0.004921385787355175
9469,sub55,69,ling_word_target,0.004317071588708421
9470,sub55,70,ling_word_target,-0.0037534385329298244
9471,sub55,71,ling_word_target,0.000379699487373561
9472,sub55,72,ling_word_target,-0.016976090745686682
9473,sub55,73,ling_word_target,-0.01649301241098084
9474,sub55,74,ling_word_target,0.008691288884005086
9475,sub55,75,ling_word_target,0.005503666358018941
9476,sub55,76,ling_word_target,0.009575621766805946
9477,sub55,77,ling_word_target,0.0050471551464873025
9478,sub55,78,ling_word_target,0.011138797734388497
9479,sub55,79,ling_word_target,0.0028135022232638864
9480,sub55,80,ling_word_target,-0.00021546665709085865
9481,sub55,81,ling_word_target,0.014642984852392404
9482,sub55,82,ling_word_target,-0.020643504042934576
9483,sub55,83,ling_word_target,-0.02400769645878196
9484,sub55,84,ling_word_target,-0.00027334483614408655
9485,sub55,85,ling_word_target,0.006192158532916752
9486,sub55,86,ling_word_target,0.004230570595903663
9487,sub55,87,ling_word_target,0.01329010125618217
9488,sub55,88,ling_word_target,-0.0028609739699218687
9489,sub55,89,ling_word_target,0.006633252400796193
9490,sub55,90,ling_word_target,-0.005805139053551645
9491,sub55,91,ling_word_target,0.022150454369015006
9492,sub55,92,ling_word_target,-0.003022690089617295
9493,sub55,93,ling_word_target,-0.006099078176796637
9494,sub55,94,ling_word_target,0.0028394379146252573
9495,sub55,95,ling_word_target,-0.0010921867133249022
9496,sub55,96,ling_word_target,-0.025053223728616705
9497,sub55,97,ling_word_target,-0.015424693664334185
9498,sub55,98,ling_word_target,-0.022395136889524353
9499,sub55,99,ling_word_target,0.007271663341617976
9500,sub55,100,ling_word_target,0.01259253209709695
9501,sub55,101,ling_word_target,0.008844920703804283
9502,sub55,102,ling_word_target,0.0015273193022385277
9503,sub55,103,ling_word_target,-0.010566973654391463
9504,sub55,104,ling_word_target,0.011337772632640438
9505,sub55,105,ling_word_target,-0.0010929539929807176
9506,sub55,106,ling_word_target,-0.010590690335523695
9507,sub55,107,ling_word_target,-0.004958510602732047
9508,sub55,108,ling_word_target,-0.014785627361700832
9509,sub55,109,ling_word_target,0.002828724454425189
9510,sub55,110,ling_word_target,0.02383853960902952
9511,sub55,111,ling_word_target,0.011542876837767727
9512,sub55,112,ling_word_target,0.01369915194362307
9513,sub55,113,ling_word_target,0.000992785785813455
9514,sub55,114,ling_word_target,-0.009524420750404225
9515,sub55,115,ling_word_target,-0.01296623173237129
9516,sub55,116,ling_word_target,0.014297759011865958
9517,sub55,117,ling_word_target,0.02227908564061627
9518,sub55,118,ling_word_target,0.005989395548681305
9519,sub55,119,ling_word_target,0.036503170515077524
9520,sub55,120,ling_word_target,0.005073655754892086
9521,sub55,121,ling_word_target,0.01856473503390247
9522,sub55,122,ling_word_target,0.0005481625907853389
9523,sub55,123,ling_word_target,0.004705994345600897
9524,sub55,124,ling_word_target,-0.008695208047124585
9525,sub55,125,ling_word_target,0.007214113880050627
9526,sub55,126,ling_word_target,-0.003364169542121756
9527,sub55,127,ling_word_target,0.0022088305021473586
9528,sub55,128,ling_word_target,-0.002313680288841737
9529,sub55,129,ling_word_target,0.002793700905204799
9530,sub55,130,ling_word_target,0.0008386944304900042
9531,sub55,131,ling_word_target,-0.0385847224324511
9532,sub55,132,ling_word_target,-0.012365132562448223
9533,sub55,133,ling_word_target,0.015403244468232753
9534,sub55,134,ling_word_target,-0.01811418445133447
9535,sub55,135,ling_word_target,-0.004184973479049292
9536,sub55,136,ling_word_target,-0.0019081345437338708
9537,sub55,137,ling_word_target,-0.0076021488063910785
9538,sub55,138,ling_word_target,-0.007943167575537211
9539,sub55,139,ling_word_target,-0.012481387038350045
9540,sub55,140,ling_word_target,0.011841791280461355
9541,sub55,141,ling_word_target,0.012084884366135784
9542,sub55,142,ling_word_target,-0.004697120049043785
9543,sub55,143,ling_word_target,0.0015105874603649247
9544,sub55,144,ling_word_target,0.01952556138297179
9545,sub55,145,ling_word_target,-0.0013859523026795255
9546,sub55,146,ling_word_target,0.008474213373740151
9547,sub55,147,ling_word_target,0.0151368173294505
9548,sub55,148,ling_word_target,-0.001250601382442363
9549,sub55,149,ling_word_target,0.001921617097281543
9550,sub55,150,ling_word_target,0.0073404436045592086
9551,sub55,151,ling_word_target,0.012420139767054578
9552,sub55,152,ling_word_target,-0.012892723619690395
9553,sub55,153,ling_word_target,0.003974216823991611
9554,sub55,154,ling_word_target,-0.011982122904520033
9555,sub55,155,ling_word_target,-0.005157236356220333
9556,sub55,156,ling_word_target,-0.004746379447915318
9557,sub55,157,ling_word_target,0.003011351720338455
9558,sub55,158,ling_word_target,0.0007301802134516759
9559,sub55,159,ling_word_target,-0.01139836537625754
9560,sub55,160,ling_word_target,0.010242527849508848
9561,sub55,161,ling_word_target,2.5077154219456792e-05
9562,sub55,162,ling_word_target,0.00564825156993179
9563,sub55,163,ling_word_target,0.01896332279958577
9564,sub55,164,ling_word_target,-0.008927341411164393
9565,sub55,165,ling_word_target,-0.004839441587005951
9566,sub55,166,ling_word_target,-0.009046430723864868
9567,sub55,167,ling_word_target,-0.009036610633071753
9568,sub55,168,ling_word_target,0.01463026007516735
9569,sub55,169,ling_word_target,-0.006497967439918896
9570,sub55,170,ling_word_target,0.006994225350465809
9571,sub55,171,ling_word_target,-0.004998117648810365
9572,sub55,172,ling_word_target,0.0003226030347298819
9573,sub55,173,ling_word_target,-0.017918022373301513
9574,sub55,174,ling_word_target,0.007688264686254594
9575,sub55,175,ling_word_target,0.014667432639843044
9576,sub55,176,ling_word_target,-0.002586612383892377
9577,sub55,177,ling_word_target,0.0019301388145714425
9578,sub55,178,ling_word_target,0.0014491359654052226
9579,sub55,179,ling_word_target,0.0035712515909929947
9580,sub55,180,ling_word_target,0.007829700326181455
9581,sub55,181,ling_word_target,-0.007793219897450724
9582,sub55,182,ling_word_target,0.0136320726222139
9583,sub55,183,ling_word_target,-0.003082813598741707
9584,sub55,184,ling_word_target,-0.0003357752621762773
9585,sub55,185,ling_word_target,0.018044141594967682
9586,sub55,186,ling_word_target,-0.015834964578066754
9587,sub55,187,ling_word_target,0.0010592810908864108
9588,sub55,188,ling_word_target,0.006489845980149371
9589,sub55,189,ling_word_target,0.0035639022213111364
9590,sub55,190,ling_word_target,-0.033970364387035185
9591,sub55,191,ling_word_target,-0.022291877117319638
9592,sub55,192,ling_word_target,-0.004986953167128182
9593,sub55,193,ling_word_target,0.0003010844677482889
9594,sub55,194,ling_word_target,0.009337191001569335
9595,sub55,195,ling_word_target,-0.00440091130941415
9596,sub55,196,ling_word_target,-0.003149093906811762
9597,sub55,197,ling_word_target,-0.003013146616867843
9598,sub55,198,ling_word_target,-0.028257387205523496
9599,sub55,199,ling_word_target,-0.012288239546192946
9600,sub56,0,ling_word_target,0.01027760797019416
9601,sub56,1,ling_word_target,-0.000561394798596189
9602,sub56,2,ling_word_target,0.009073580148957741
9603,sub56,3,ling_word_target,0.002698281676053579
9604,sub56,4,ling_word_target,0.005445287096816154
9605,sub56,5,ling_word_target,-0.0143406710358746
9606,sub56,6,ling_word_target,0.0011148422754999178
9607,sub56,7,ling_word_target,-0.011488528105133705
9608,sub56,8,ling_word_target,0.0014680739687948164
9609,sub56,9,ling_word_target,-0.001041413093830846
9610,sub56,10,ling_word_target,-0.0007840827477488684
9611,sub56,11,ling_word_target,0.0014310865293556889
9612,sub56,12,ling_word_target,0.002090050072998304
9613,sub56,13,ling_word_target,-0.0005229956100412613
9614,sub56,14,ling_word_target,0.0016346617802923712
9615,sub56,15,ling_word_target,0.00687466121438024
9616,sub56,16,ling_word_target,-0.0050116751561905025
9617,sub56,17,ling_word_target,-0.0017350748066287522
9618,sub56,18,ling_word_target,-0.006044503524328016
9619,sub56,19,ling_word_target,0.007241015592647349
9620,sub56,20,ling_word_target,-0.0018930636188773246
9621,sub56,21,ling_word_target,-0.018300073892561716
9622,sub56,22,ling_word_target,0.007693359556517494
9623,sub56,23,ling_word_target,-0.02029938734620397
9624,sub56,24,ling_word_target,-0.01421779652860075
9625,sub56,25,ling_word_target,-0.006792909704829962
9626,sub56,26,ling_word_target,0.006772972130582356
9627,sub56,27,ling_word_target,0.028252196099790274
9628,sub56,28,ling_word_target,0.003091689446126001
9629,sub56,29,ling_word_target,0.013802681001263133
9630,sub56,30,ling_word_target,-0.013205067672482515
9631,sub56,31,ling_word_target,0.007269717223046999
9632,sub56,32,ling_word_target,-0.005870609010561345
9633,sub56,33,ling_word_target,-0.016524154096337472
9634,sub56,34,ling_word_target,0.02585571106909688
9635,sub56,35,ling_word_target,-0.00030123791280400246
9636,sub56,36,ling_word_target,-0.016810481927554414
9637,sub56,37,ling_word_target,0.0034982862362807937
9638,sub56,38,ling_word_target,0.01137694923042399
9639,sub56,39,ling_word_target,-0.0008441449244301625
9640,sub56,40,ling_word_target,0.007854050889742595
9641,sub56,41,ling_word_target,-0.023898987596238316
9642,sub56,42,ling_word_target,0.0037976254174595927
9643,sub56,43,ling_word_target,-0.02303710532274486
9644,sub56,44,ling_word_target,0.0013647825675236586
9645,sub56,45,ling_word_target,-0.03462407834051735
9646,sub56,46,ling_word_target,-0.002693983150752755
9647,sub56,47,ling_word_target,-0.009475007913326311
9648,sub56,48,ling_word_target,0.007064828487359988
9649,sub56,49,ling_word_target,0.010460484493925986
9650,sub56,50,ling_word_target,0.00317742641382901
9651,sub56,51,ling_word_target,-0.003659510261445016
9652,sub56,52,ling_word_target,0.007775446754165862
9653,sub56,53,ling_word_target,0.01164766242918647
9654,sub56,54,ling_word_target,0.009625582145415796
9655,sub56,55,ling_word_target,-0.0011670377425168836
9656,sub56,56,ling_word_target,-0.08463734475346942
9657,sub56,57,ling_word_target,-0.02049617059406864
9658,sub56,58,ling_word_target,0.015110388946144854
9659,sub56,59,ling_word_target,0.005438453717212057
9660,sub56,60,ling_word_target,-0.007240512199457345
9661,sub56,61,ling_word_target,0.00010155699767727519
9662,sub56,62,ling_word_target,0.003471272427302067
9663,sub56,63,ling_word_target,0.0019641739772033517
9664,sub56,64,ling_word_target,-0.00732813837751753
9665,sub56,65,ling_word_target,-0.001026190552525185
9666,sub56,66,ling_word_target,0.019199484647135907
9667,sub56,67,ling_word_target,-0.0013791251388840724
9668,sub56,68,ling_word_target,0.028308497626180464
9669,sub56,69,ling_word_target,0.018531523081413447
9670,sub56,70,ling_word_target,0.00044376875376209813
9671,sub56,71,ling_word_target,-0.004807705398138485
9672,sub56,72,ling_word_target,0.016123007928756695
9673,sub56,73,ling_word_target,0.004888474903812824
9674,sub56,74,ling_word_target,-0.004796628306420274
9675,sub56,75,ling_word_target,-0.021431676218610047
9676,sub56,76,ling_word_target,0.030590554003462635
9677,sub56,77,ling_word_target,0.017043375965687616
9678,sub56,78,ling_word_target,0.0035059651558872608
9679,sub56,79,ling_word_target,-0.02329810064243415
9680,sub56,80,ling_word_target,-0.014639637892466096
9681,sub56,81,ling_word_target,0.01892651313732569
9682,sub56,82,ling_word_target,-0.009835506127832154
9683,sub56,83,ling_word_target,0.0014518863664380998
9684,sub56,84,ling_word_target,0.0035441989422848137
9685,sub56,85,ling_word_target,0.004880865162013284
9686,sub56,86,ling_word_target,-0.00399464560705695
9687,sub56,87,ling_word_target,0.005770854995374063
9688,sub56,88,ling_word_target,0.0004453332830702382
9689,sub56,89,ling_word_target,-0.003981108350145975
9690,sub56,90,ling_word_target,0.010990511262409115
9691,sub56,91,ling_word_target,0.012208291644845501
9692,sub56,92,ling_word_target,0.008128573664398876
9693,sub56,93,ling_word_target,0.00811958438312059
9694,sub56,94,ling_word_target,0.005323439342667847
9695,sub56,95,ling_word_target,-0.002250953605638152
9696,sub56,96,ling_word_target,-0.006130997686381841
9697,sub56,97,ling_word_target,-0.01959213768746283
9698,sub56,98,ling_word_target,0.0022304334676978865
9699,sub56,99,ling_word_target,-0.029796120870688628
9700,sub56,100,ling_word_target,0.0008155118769171141
9701,sub56,101,ling_word_target,-0.005520065116003792
9702,sub56,102,ling_word_target,0.00924313760942976
9703,sub56,103,ling_word_target,-0.007723626666491809
9704,sub56,104,ling_word_target,-0.006409975580723505
9705,sub56,105,ling_word_target,0.007491690777314745
9706,sub56,106,ling_word_target,-0.0028673422900143512
9707,sub56,107,ling_word_target,0.00198553155384814
9708,sub56,108,ling_word_target,-0.0077531056119196865
9709,sub56,109,ling_word_target,-0.009222564944156544
9710,sub56,110,ling_word_target,-0.004790896980603328
9711,sub56,111,ling_word_target,0.0081359092204566
9712,sub56,112,ling_word_target,0.001731200119584292
9713,sub56,113,ling_word_target,-0.0006055040748274097
9714,sub56,114,ling_word_target,0.019167488751192355
9715,sub56,115,ling_word_target,-0.002119410529679097
9716,sub56,116,ling_word_target,-0.017030190616702977
9717,sub56,117,ling_word_target,-0.015287352932931625
9718,sub56,118,ling_word_target,-0.005928682801220426
9719,sub56,119,ling_word_target,0.01749323889625555
9720,sub56,120,ling_word_target,-0.005418446651775487
9721,sub56,121,ling_word_target,-0.004228703803304597
9722,sub56,122,ling_word_target,0.00796391934213182
9723,sub56,123,ling_word_target,0.002478752429407482
9724,sub56,124,ling_word_target,0.0167062795489456
9725,sub56,125,ling_word_target,0.0025000172293975064
9726,sub56,126,ling_word_target,-0.004114127772638455
9727,sub56,127,ling_word_target,-0.004899706512534202
9728,sub56,128,ling_word_target,-0.0008892840898904249
9729,sub56,129,ling_word_target,-0.01175810424717534
9730,sub56,130,ling_word_target,0.004968231855355144
9731,sub56,131,ling_word_target,0.006748587442131968
9732,sub56,132,ling_word_target,-0.025198277873678794
9733,sub56,133,ling_word_target,0.01908846840569376
9734,sub56,134,ling_word_target,-0.0039354614783323645
9735,sub56,135,ling_word_target,0.00038503404052359617
9736,sub56,136,ling_word_target,-0.02120313527899937
9737,sub56,137,ling_word_target,-0.007105564024778414
9738,sub56,138,ling_word_target,-0.02002427419844654
9739,sub56,139,ling_word_target,0.001137504096015547
9740,sub56,140,ling_word_target,0.0030671147636147705
9741,sub56,141,ling_word_target,-0.008040267140912114
9742,sub56,142,ling_word_target,0.006735108310338529
9743,sub56,143,ling_word_target,-0.02005151673350896
9744,sub56,144,ling_word_target,-0.016521450239538802
9745,sub56,145,ling_word_target,0.011076753501311636
9746,sub56,146,ling_word_target,-0.0002452608118984785
9747,sub56,147,ling_word_target,-0.021571651731636835
9748,sub56,148,ling_word_target,-0.010303270386127408
9749,sub56,149,ling_word_target,-0.00459025433207293
9750,sub56,150,ling_word_target,-0.018779878788758
9751,sub56,151,ling_word_target,-0.006543396497905947
9752,sub56,152,ling_word_target,0.010432471142516636
9753,sub56,153,ling_word_target,-0.002840169993934383
9754,sub56,154,ling_word_target,-0.00020404997385405795
9755,sub56,155,ling_word_target,-0.002402446514286091
9756,sub56,156,ling_word_target,0.005007115423779392
9757,sub56,157,ling_word_target,-0.003134643458510585
9758,sub56,158,ling_word_target,-0.0019604802446308326
9759,sub56,159,ling_word_target,-0.014361307953979439
9760,sub56,160,ling_word_target,-0.012467038133791622
9761,sub56,161,ling_word_target,0.0011671276813653307
9762,sub56,162,ling_word_target,0.022483308576830577
9763,sub56,163,ling_word_target,-0.0010362206213502048
9764,sub56,164,ling_word_target,0.0029310441890629518
9765,sub56,165,ling_word_target,0.013714101191678547
9766,sub56,166,ling_word_target,0.0056566208771279625
9767,sub56,167,ling_word_target,-0.012453854718264778
9768,sub56,168,ling_word_target,0.005776542066081234
9769,sub56,169,ling_word_target,-0.00732256028460424
9770,sub56,170,ling_word_target,0.019036428636671703
9771,sub56,171,ling_word_target,-0.011996459817507363
9772,sub56,172,ling_word_target,-0.013074179290839325
9773,sub56,173,ling_word_target,-0.000185207879010394
9774,sub56,174,ling_word_target,-0.008700175804445502
9775,sub56,175,ling_word_target,0.007705548517956348
9776,sub56,176,ling_word_target,-0.009408858122567811
9777,sub56,177,ling_word_target,0.0031644507251241765
9778,sub56,178,ling_word_target,0.010688542178401752
9779,sub56,179,ling_word_target,0.00808612548662853
9780,sub56,180,ling_word_target,0.011216389488344742
9781,sub56,181,ling_word_target,0.010684293078712692
9782,sub56,182,ling_word_target,0.005120243303187982
9783,sub56,183,ling_word_target,0.002031668220481931
9784,sub56,184,ling_word_target,0.002471854716880722
9785,sub56,185,ling_word_target,-0.00032738171650299817
9786,sub56,186,ling_word_target,-0.012093669282063303
9787,sub56,187,ling_word_target,-0.0008523625111359573
9788,sub56,188,ling_word_target,-0.001722840453367863
9789,sub56,189,ling_word_target,0.0045554567807226665
9790,sub56,190,ling_word_target,0.006401750197775971
9791,sub56,191,ling_word_target,0.02152177583634389
9792,sub56,192,ling_word_target,-0.006125150735903094
9793,sub56,193,ling_word_target,-0.01038579720320457
9794,sub56,194,ling_word_target,-0.024975114046121977
9795,sub56,195,ling_word_target,-0.003924244682529773
9796,sub56,196,ling_word_target,0.01309645606706146
9797,sub56,197,ling_word_target,-0.005122729693320312
9798,sub56,198,ling_word_target,0.0006370161278527197
9799,sub56,199,ling_word_target,-0.0035325467135886362
9800,sub57,0,ling_word_target,-0.0017657054826746273
9801,sub57,1,ling_word_target,-0.0005307481538671475
9802,sub57,2,ling_word_target,0.003497222960619917
9803,sub57,3,ling_word_target,0.006537843703710721
9804,sub57,4,ling_word_target,-0.0009203927060357477
9805,sub57,5,ling_word_target,0.011702495344538613
9806,sub57,6,ling_word_target,0.007766841785162447
9807,sub57,7,ling_word_target,0.006364993772059597
9808,sub57,8,ling_word_target,0.0005895479873270468
9809,sub57,9,ling_word_target,-0.0063162490197032186
9810,sub57,10,ling_word_target,-0.01766721642919044
9811,sub57,11,ling_word_target,0.014210724880908856
9812,sub57,12,ling_word_target,0.0004447286633714559
9813,sub57,13,ling_word_target,-0.00953833856208423
9814,sub57,14,ling_word_target,-0.0011203857926627254
9815,sub57,15,ling_word_target,-0.009361813560447293
9816,sub57,16,ling_word_target,0.0028750684958613066
9817,sub57,17,ling_word_target,0.00853986763169296
9818,sub57,18,ling_word_target,-0.0065874370933498355
9819,sub57,19,ling_word_target,0.0052826454220235
9820,sub57,20,ling_word_target,0.00012240656644103192
9821,sub57,21,ling_word_target,0.001588006476598337
9822,sub57,22,ling_word_target,-0.010628149867961317
9823,sub57,23,ling_word_target,1.4690544397149856e-05
9824,sub57,24,ling_word_target,-0.011000039490339661
9825,sub57,25,ling_word_target,0.008440809945349187
9826,sub57,26,ling_word_target,-0.0030539200021327396
9827,sub57,27,ling_word_target,0.007915453107279745
9828,sub57,28,ling_word_target,0.008725621609304166
9829,sub57,29,ling_word_target,0.003917230888593441
9830,sub57,30,ling_word_target,0.003686554978351346
9831,sub57,31,ling_word_target,-0.009265934507344259
9832,sub57,32,ling_word_target,0.007554947960838231
9833,sub57,33,ling_word_target,0.0034819641234782985
9834,sub57,34,ling_word_target,0.0006547615837609685
9835,sub57,35,ling_word_target,-0.007283041126063193
9836,sub57,36,ling_word_target,0.0018063835803321516
9837,sub57,37,ling_word_target,0.005237492595964184
9838,sub57,38,ling_word_target,0.014170888449968623
9839,sub57,39,ling_word_target,-0.008029617223853126
9840,sub57,40,ling_word_target,-0.017095229198842214
9841,sub57,41,ling_word_target,0.0049169875767643804
9842,sub57,42,ling_word_target,0.00638493146251699
9843,sub57,43,ling_word_target,0.012618979037723561
9844,sub57,44,ling_word_target,-0.014915582867664649
9845,sub57,45,ling_word_target,-0.008024562277418948
9846,sub57,46,ling_word_target,-0.0012111047864630463
9847,sub57,47,ling_word_target,0.01909267630181682
9848,sub57,48,ling_word_target,-0.006364645911674515
9849,sub57,49,ling_word_target,0.00686438906588401
9850,sub57,50,ling_word_target,-0.020333237245497852
9851,sub57,51,ling_word_target,-0.017285372789437526
9852,sub57,52,ling_word_target,0.011877960233961881
9853,sub57,53,ling_word_target,0.004835611179968066
9854,sub57,54,ling_word_target,-0.012317287921445916
9855,sub57,55,ling_word_target,-0.000750202778241257
9856,sub57,56,ling_word_target,-0.002491401532756018
9857,sub57,57,ling_word_target,-0.0013789579616980796
9858,sub57,58,ling_word_target,-0.006095103397666628
9859,sub57,59,ling_word_target,0.005062769467256752
9860,sub57,60,ling_word_target,0.0011804543800327419
9861,sub57,61,ling_word_target,-0.0093596593341707
9862,sub57,62,ling_word_target,-0.007236824493752791
9863,sub57,63,ling_word_target,-0.007372734624129057
9864,sub57,64,ling_word_target,-0.004937246000340516
9865,sub57,65,ling_word_target,0.006915743245510353
9866,sub57,66,ling_word_target,0.01471216395268857
9867,sub57,67,ling_word_target,0.0069692105225944555
9868,sub57,68,ling_word_target,-0.006143942124307723
9869,sub57,69,ling_word_target,0.005131039701583955
9870,sub57,70,ling_word_target,-0.003936824943312152
9871,sub57,71,ling_word_target,0.0010832091441343255
9872,sub57,72,ling_word_target,0.004942671106504589
9873,sub57,73,ling_word_target,0.0040243129597651315
9874,sub57,74,ling_word_target,0.0038101816846706623
9875,sub57,75,ling_word_target,0.0028587440399514825
9876,sub57,76,ling_word_target,-0.012273049685728454
9877,sub57,77,ling_word_target,-0.002003393828559247
9878,sub57,78,ling_word_target,-0.0026600928195414358
9879,sub57,79,ling_word_target,-0.009135069642464418
9880,sub57,80,ling_word_target,-0.014481340315599365
9881,sub57,81,ling_word_target,-0.00011989173600442222
9882,sub57,82,ling_word_target,-0.0007220979724986854
9883,sub57,83,ling_word_target,-0.0013264294005386667
9884,sub57,84,ling_word_target,0.0013263521250254276
9885,sub57,85,ling_word_target,-0.0003657164914527007
9886,sub57,86,ling_word_target,-0.003658276279885714
9887,sub57,87,ling_word_target,-0.009882291351836691
9888,sub57,88,ling_word_target,0.000447133470754272
9889,sub57,89,ling_word_target,0.0028683637895992923
9890,sub57,90,ling_word_target,0.008274770019845638
9891,sub57,91,ling_word_target,-0.004948095806725084
9892,sub57,92,ling_word_target,0.001560060509574538
9893,sub57,93,ling_word_target,-0.01286794102403959
9894,sub57,94,ling_word_target,-0.008711806138750468
9895,sub57,95,ling_word_target,-0.005629515220242349
9896,sub57,96,ling_word_target,-0.01164200005015209
9897,sub57,97,ling_word_target,-0.004396410454504554
9898,sub57,98,ling_word_target,-0.0009731495201132223
9899,sub57,99,ling_word_target,0.007496577137483146
9900,sub57,100,ling_word_target,0.003666617539777846
9901,sub57,101,ling_word_target,0.005911772830217714
9902,sub57,102,ling_word_target,0.005227309403653432
9903,sub57,103,ling_word_target,0.0020086438443745213
9904,sub57,104,ling_word_target,-0.001997626285299934
9905,sub57,105,ling_word_target,-0.0008532215538697266
9906,sub57,106,ling_word_target,0.006441623900277217
9907,sub57,107,ling_word_target,-0.002584065868017969
9908,sub57,108,ling_word_target,-0.007469755595602732
9909,sub57,109,ling_word_target,0.014143713425836217
9910,sub57,110,ling_word_target,0.0072228060474866665
9911,sub57,111,ling_word_target,0.00013868383757915972
9912,sub57,112,ling_word_target,-0.007705566794316619
9913,sub57,113,ling_word_target,0.007906168482069325
9914,sub57,114,ling_word_target,0.004359154548899627
9915,sub57,115,ling_word_target,-0.003169697526184358
9916,sub57,116,ling_word_target,0.0051335539482045885
9917,sub57,117,ling_word_target,-0.005904350507251554
9918,sub57,118,ling_word_target,-0.004567269209598329
9919,sub57,119,ling_word_target,0.0018124129053741097
9920,sub57,120,ling_word_target,0.004493103401265617
9921,sub57,121,ling_word_target,0.002058531485602904
9922,sub57,122,ling_word_target,-0.007597490958494046
9923,sub57,123,ling_word_target,-0.007952774160408052
9924,sub57,124,ling_word_target,-0.008578940938008602
9925,sub57,125,ling_word_target,-0.011164022191195376
9926,sub57,126,ling_word_target,-0.016120050054580334
9927,sub57,127,ling_word_target,-0.004027976595559239
9928,sub57,128,ling_word_target,-0.009259281465013746
9929,sub57,129,ling_word_target,-0.005665840031256611
9930,sub57,130,ling_word_target,0.005737834128632968
9931,sub57,131,ling_word_target,-0.009579395767853273
9932,sub57,132,ling_word_target,-0.0010319806055830605
9933,sub57,133,ling_word_target,-0.006047003516730552
9934,sub57,134,ling_word_target,0.005185051482632999
9935,sub57,135,ling_word_target,-0.00020576675547421167
9936,sub57,136,ling_word_target,-0.00848656893754956
9937,sub57,137,ling_word_target,-0.024382970610435508
9938,sub57,138,ling_word_target,-0.013816067144025869
9939,sub57,139,ling_word_target,0.003725075050264122
9940,sub57,140,ling_word_target,0.01273272894073641
9941,sub57,141,ling_word_target,0.0038585722068130946
9942,sub57,142,ling_word_target,0.009221549983223552
9943,sub57,143,ling_word_target,-0.00240850525434472
9944,sub57,144,ling_word_target,0.0004197518785261773
9945,sub57,145,ling_word_target,0.013898166334020948
9946,sub57,146,ling_word_target,-0.0033692613030787116
9947,sub57,147,ling_word_target,0.005300136408861107
9948,sub57,148,ling_word_target,-0.0006788471429278226
9949,sub57,149,ling_word_target,0.017201450025733266
9950,sub57,150,ling_word_target,0.009923758599916357
9951,sub57,151,ling_word_target,0.01289856540765736
9952,sub57,152,ling_word_target,-0.0029871456493775067
9953,sub57,153,ling_word_target,-0.0033389537476811596
9954,sub57,154,ling_word_target,-0.0013133058022741888
9955,sub57,155,ling_word_target,0.014054761970030262
9956,sub57,156,ling_word_target,0.006074452477684771
9957,sub57,157,ling_word_target,0.006494711088307524
9958,sub57,158,ling_word_target,0.021400857371085148
9959,sub57,159,ling_word_target,-0.0015038123914258845
9960,sub57,160,ling_word_target,0.002455325191765664
9961,sub57,161,ling_word_target,0.02758061718103586
9962,sub57,162,ling_word_target,-0.0019393689644997087
9963,sub57,163,ling_word_target,-0.0007858911821651873
9964,sub57,164,ling_word_target,-0.007955364781655585
9965,sub57,165,ling_word_target,-0.016823156824391144
9966,sub57,166,ling_word_target,-0.026878099357744593
9967,sub57,167,ling_word_target,0.017604236472545706
9968,sub57,168,ling_word_target,-0.013293510309624525
9969,sub57,169,ling_word_target,0.007641834697698528
9970,sub57,170,ling_word_target,0.005947819225965203
9971,sub57,171,ling_word_target,-0.0069210571055749685
9972,sub57,172,ling_word_target,-0.007366209046450214
9973,sub57,173,ling_word_target,0.002980444967647331
9974,sub57,174,ling_word_target,0.0006931203793171784
9975,sub57,175,ling_word_target,0.00807466380393976
9976,sub57,176,ling_word_target,-0.01070442847595475
9977,sub57,177,ling_word_target,0.014651218537171704
9978,sub57,178,ling_word_target,-0.012428813233535908
9979,sub57,179,ling_word_target,-0.012122683448606049
9980,sub57,180,ling_word_target,0.0018916423120031143
9981,sub57,181,ling_word_target,-0.0015662093890137442
9982,sub57,182,ling_word_target,0.0027074435431606258
9983,sub57,183,ling_word_target,0.0018736316002010234
9984,sub57,184,ling_word_target,0.005586999021302075
9985,sub57,185,ling_word_target,-0.02313027243708824
9986,sub57,186,ling_word_target,-0.020705789842727286
9987,sub57,187,ling_word_target,0.008515309283864198
9988,sub57,188,ling_word_target,-0.001967504870465966
9989,sub57,189,ling_word_target,-0.0019279289135747614
9990,sub57,190,ling_word_target,-0.0013706109918686436
9991,sub57,191,ling_word_target,-0.0031644118039479536
9992,sub57,192,ling_word_target,-0.02607081892745553
9993,sub57,193,ling_word_target,-0.0033124078223408624
9994,sub57,194,ling_word_target,-0.009067186124067518
9995,sub57,195,ling_word_target,0.00968965280299939
9996,sub57,196,ling_word_target,0.012164451516144915
9997,sub57,197,ling_word_target,-0.00412955454844539
9998,sub57,198,ling_word_target,-0.004985715032226851
9999,sub57,199,ling_word_target,0.0030541070808564265
10000,sub58,0,ling_word_target,0.0026050116275777506
10001,sub58,1,ling_word_target,0.02480267353604487
10002,sub58,2,ling_word_target,0.013763955175532824
10003,sub58,3,ling_word_target,-0.010440334964876811
10004,sub58,4,ling_word_target,0.0066700845165772165
10005,sub58,5,ling_word_target,0.013838575855405603
10006,sub58,6,ling_word_target,-0.009742452490170035
10007,sub58,7,ling_word_target,0.02288465935069191
10008,sub58,8,ling_word_target,0.009868428267994871
10009,sub58,9,ling_word_target,-0.0021537473216017068
10010,sub58,10,ling_word_target,0.023783477013062413
10011,sub58,11,ling_word_target,0.00236967770814659
10012,sub58,12,ling_word_target,0.0056326189991641315
10013,sub58,13,ling_word_target,0.002549210237127306
10014,sub58,14,ling_word_target,-0.0006356676336592313
10015,sub58,15,ling_word_target,0.0010222759836567025
10016,sub58,16,ling_word_target,0.006677476222205999
10017,sub58,17,ling_word_target,-0.0025760287505279217
10018,sub58,18,ling_word_target,0.02256793832979185
10019,sub58,19,ling_word_target,0.00751760764043695
10020,sub58,20,ling_word_target,-0.010899033165422605
10021,sub58,21,ling_word_target,0.0013756549936084037
10022,sub58,22,ling_word_target,-0.0024494195042381347
10023,sub58,23,ling_word_target,0.013149042321845219
10024,sub58,24,ling_word_target,-0.00897544221759098
10025,sub58,25,ling_word_target,-0.015832610424147544
10026,sub58,26,ling_word_target,0.006859398870363819
10027,sub58,27,ling_word_target,0.013670966056058413
10028,sub58,28,ling_word_target,0.018007839828191773
10029,sub58,29,ling_word_target,0.011965337586103759
10030,sub58,30,ling_word_target,0.003590323980851338
10031,sub58,31,ling_word_target,0.004285165833271766
10032,sub58,32,ling_word_target,0.024262782443373952
10033,sub58,33,ling_word_target,0.020522682274186105
10034,sub58,34,ling_word_target,0.01627925110071494
10035,sub58,35,ling_word_target,0.010039583057502799
10036,sub58,36,ling_word_target,-0.03708715648692416
10037,sub58,37,ling_word_target,0.00586935858281521
10038,sub58,38,ling_word_target,0.005678010372592842
10039,sub58,39,ling_word_target,-0.003434224067186478
10040,sub58,40,ling_word_target,-4.3242602339349436e-05
10041,sub58,41,ling_word_target,-0.004346647291932432
10042,sub58,42,ling_word_target,0.009666532375030016
10043,sub58,43,ling_word_target,-0.004789806564791369
10044,sub58,44,ling_word_target,-0.029632500432886136
10045,sub58,45,ling_word_target,0.011784594147665448
10046,sub58,46,ling_word_target,-0.006523716126632362
10047,sub58,47,ling_word_target,-0.00031011838948338143
10048,sub58,48,ling_word_target,-0.009386278053429007
10049,sub58,49,ling_word_target,0.006699225046215972
10050,sub58,50,ling_word_target,-0.008756074994967432
10051,sub58,51,ling_word_target,-0.013934275269549897
10052,sub58,52,ling_word_target,-6.551701971428194e-05
10053,sub58,53,ling_word_target,0.013309300536899039
10054,sub58,54,ling_word_target,0.0025331195705548875
10055,sub58,55,ling_word_target,-0.013812945958118092
10056,sub58,56,ling_word_target,0.015667750407701842
10057,sub58,57,ling_word_target,0.005954854201950464
10058,sub58,58,ling_word_target,-0.0003185710818921467
10059,sub58,59,ling_word_target,0.019332805671695447
10060,sub58,60,ling_word_target,-0.01135955247536387
10061,sub58,61,ling_word_target,0.01242166748819954
10062,sub58,62,ling_word_target,0.0056121281882995444
10063,sub58,63,ling_word_target,0.007300405332263686
10064,sub58,64,ling_word_target,-0.011384469448743276
10065,sub58,65,ling_word_target,-0.004030289581606544
10066,sub58,66,ling_word_target,-0.001439726721753529
10067,sub58,67,ling_word_target,0.005331211888964229
10068,sub58,68,ling_word_target,-0.007422534912154149
10069,sub58,69,ling_word_target,-0.014537614163855066
10070,sub58,70,ling_word_target,-0.03786076373330064
10071,sub58,71,ling_word_target,-0.005011477938356902
10072,sub58,72,ling_word_target,-0.004574969735653268
10073,sub58,73,ling_word_target,-0.006993332793181906
10074,sub58,74,ling_word_target,0.020301302167162198
10075,sub58,75,ling_word_target,-0.00579811395955305
10076,sub58,76,ling_word_target,0.01096525567445041
10077,sub58,77,ling_word_target,0.011060446720259553
10078,sub58,78,ling_word_target,-0.006654017230380679
10079,sub58,79,ling_word_target,0.0013299006073046395
10080,sub58,80,ling_word_target,-0.00356239004822706
10081,sub58,81,ling_word_target,-0.005929299630311586
10082,sub58,82,ling_word_target,0.012491946150003687
10083,sub58,83,ling_word_target,-0.0038365615249175812
10084,sub58,84,ling_word_target,-0.014487375532292353
10085,sub58,85,ling_word_target,0.016747132024932557
10086,sub58,86,ling_word_target,0.002103826273771971
10087,sub58,87,ling_word_target,0.01119279421513924
10088,sub58,88,ling_word_target,-0.005162959865191489
10089,sub58,89,ling_word_target,0.02830261810736735
10090,sub58,90,ling_word_target,0.009142665874297788
10091,sub58,91,ling_word_target,0.005325289767626333
10092,sub58,92,ling_word_target,-0.0011807590817623037
10093,sub58,93,ling_word_target,0.008291800295702553
10094,sub58,94,ling_word_target,-0.003952337157304778
10095,sub58,95,ling_word_target,0.013728573423147823
10096,sub58,96,ling_word_target,-0.010262254129541142
10097,sub58,97,ling_word_target,0.003705382554242183
10098,sub58,98,ling_word_target,-0.02064357296847252
10099,sub58,99,ling_word_target,-0.0020362529755872123
10100,sub58,100,ling_word_target,0.008142942721508215
10101,sub58,101,ling_word_target,-0.008563856525943103
10102,sub58,102,ling_word_target,0.0005471141032980648
10103,sub58,103,ling_word_target,-0.0006646836770385541
10104,sub58,104,ling_word_target,-0.008016321055210855
10105,sub58,105,ling_word_target,0.0010650532600233991
10106,sub58,106,ling_word_target,-0.012669552219635153
10107,sub58,107,ling_word_target,-0.018504111901916653
10108,sub58,108,ling_word_target,0.006661944164494783
10109,sub58,109,ling_word_target,-0.014756159541570234
10110,sub58,110,ling_word_target,-0.025620381282523804
10111,sub58,111,ling_word_target,0.010978836583042663
10112,sub58,112,ling_word_target,0.01250488235981778
10113,sub58,113,ling_word_target,0.006142780567516127
10114,sub58,114,ling_word_target,0.03336209389220552
10115,sub58,115,ling_word_target,-0.0028359481890306245
10116,sub58,116,ling_word_target,0.006835097407817794
10117,sub58,117,ling_word_target,-0.0038118176491343187
10118,sub58,118,ling_word_target,-0.02725087771661175
10119,sub58,119,ling_word_target,-0.010287758747627477
10120,sub58,120,ling_word_target,0.011848883051053138
10121,sub58,121,ling_word_target,0.00873374542418266
10122,sub58,122,ling_word_target,-0.0024874963049261105
10123,sub58,123,ling_word_target,-0.016593438293790827
10124,sub58,124,ling_word_target,-0.014295533906214578
10125,sub58,125,ling_word_target,-0.005212082932374139
10126,sub58,126,ling_word_target,0.0006404881002142554
10127,sub58,127,ling_word_target,-0.0041446321715223194
10128,sub58,128,ling_word_target,0.0054269157409575055
10129,sub58,129,ling_word_target,0.017083075240291998
10130,sub58,130,ling_word_target,-0.0026218089083866938
10131,sub58,131,ling_word_target,-0.00015944320765355047
10132,sub58,132,ling_word_target,0.023080398533323367
10133,sub58,133,ling_word_target,0.011004885192153317
10134,sub58,134,ling_word_target,-0.002610271445713722
10135,sub58,135,ling_word_target,0.004326377943517982
10136,sub58,136,ling_word_target,-0.004778148019614024
10137,sub58,137,ling_word_target,-0.019966264175589013
10138,sub58,138,ling_word_target,-0.0029884586437144466
10139,sub58,139,ling_word_target,-0.0021246733606834485
10140,sub58,140,ling_word_target,-0.0010539296302899558
10141,sub58,141,ling_word_target,-0.00940997003924745
10142,sub58,142,ling_word_target,0.003918978570264454
10143,sub58,143,ling_word_target,-0.018268046244769336
10144,sub58,144,ling_word_target,0.008740199117636502
10145,sub58,145,ling_word_target,0.002459371682227807
10146,sub58,146,ling_word_target,0.0013841719632641113
10147,sub58,147,ling_word_target,-0.0023929225207076047
10148,sub58,148,ling_word_target,-0.005213307064206155
10149,sub58,149,ling_word_target,-0.00570658658827885
10150,sub58,150,ling_word_target,0.005872158465277164
10151,sub58,151,ling_word_target,0.002165018069515409
10152,sub58,152,ling_word_target,0.01383156790226452
10153,sub58,153,ling_word_target,0.005584624491895424
10154,sub58,154,ling_word_target,-0.0010913371226169992
10155,sub58,155,ling_word_target,-0.0028510739960801337
10156,sub58,156,ling_word_target,0.0014629000246683664
10157,sub58,157,ling_word_target,-0.0016383389077420701
10158,sub58,158,ling_word_target,0.009593881860852943
10159,sub58,159,ling_word_target,-0.005095783054946451
10160,sub58,160,ling_word_target,0.03443536781564221
10161,sub58,161,ling_word_target,0.006673660465368476
10162,sub58,162,ling_word_target,0.0049412567897925315
10163,sub58,163,ling_word_target,-0.008033979750903024
10164,sub58,164,ling_word_target,-0.0058035542023123195
10165,sub58,165,ling_word_target,0.013786363733851047
10166,sub58,166,ling_word_target,0.005711786936748851
10167,sub58,167,ling_word_target,0.0005198666449128118
10168,sub58,168,ling_word_target,0.018132972447895954
10169,sub58,169,ling_word_target,0.0175206909482023
10170,sub58,170,ling_word_target,-0.026662983663141845
10171,sub58,171,ling_word_target,0.011465041384686743
10172,sub58,172,ling_word_target,0.01608933854932348
10173,sub58,173,ling_word_target,-0.01100082274192936
10174,sub58,174,ling_word_target,0.002001649717663182
10175,sub58,175,ling_word_target,0.006297198085871747
10176,sub58,176,ling_word_target,-0.0008750001474780803
10177,sub58,177,ling_word_target,0.00036084345142588014
10178,sub58,178,ling_word_target,0.00967817778302775
10179,sub58,179,ling_word_target,0.00465276248199787
10180,sub58,180,ling_word_target,0.0024069435874337864
10181,sub58,181,ling_word_target,0.006011041957804876
10182,sub58,182,ling_word_target,0.0025813474274681393
10183,sub58,183,ling_word_target,0.006242426575768651
10184,sub58,184,ling_word_target,0.025407334815382255
10185,sub58,185,ling_word_target,-0.006735231434639381
10186,sub58,186,ling_word_target,0.015141943290847894
10187,sub58,187,ling_word_target,-0.00838964550990332
10188,sub58,188,ling_word_target,-0.004977816212803423
10189,sub58,189,ling_word_target,0.009663456025075989
10190,sub58,190,ling_word_target,0.010377740309843793
10191,sub58,191,ling_word_target,0.018895473193909215
10192,sub58,192,ling_word_target,-0.00013447275078718265
10193,sub58,193,ling_word_target,0.008449807127348509
10194,sub58,194,ling_word_target,-0.019270206683592757
10195,sub58,195,ling_word_target,-0.013911575998916964
10196,sub58,196,ling_word_target,-0.003441248609242164
10197,sub58,197,ling_word_target,0.0026042877399068453
10198,sub58,198,ling_word_target,0.0074005743880032684
10199,sub58,199,ling_word_target,-0.033299138808051666
10200,sub59,0,ling_word_target,-0.020702156139427774
10201,sub59,1,ling_word_target,0.022043885055389595
10202,sub59,2,ling_word_target,-0.004003882986941899
10203,sub59,3,ling_word_target,0.007094004747124173
10204,sub59,4,ling_word_target,-0.0009897539486849044
10205,sub59,5,ling_word_target,0.02261890851599416
10206,sub59,6,ling_word_target,-0.007632978677920961
10207,sub59,7,ling_word_target,0.013379689930343252
10208,sub59,8,ling_word_target,-0.017770018188449917
10209,sub59,9,ling_word_target,0.0009582648097465773
10210,sub59,10,ling_word_target,0.006280825707943913
10211,sub59,11,ling_word_target,-0.0021118123271579863
10212,sub59,12,ling_word_target,-0.017282450170187022
10213,sub59,13,ling_word_target,0.00962210195391875
10214,sub59,14,ling_word_target,-0.010129580075200964
10215,sub59,15,ling_word_target,-0.01405734378835638
10216,sub59,16,ling_word_target,0.009311136367483375
10217,sub59,17,ling_word_target,-0.003281280787381172
10218,sub59,18,ling_word_target,0.01696342370983572
10219,sub59,19,ling_word_target,0.036774302031748946
10220,sub59,20,ling_word_target,0.00026176902918085393
10221,sub59,21,ling_word_target,0.02589137036291183
10222,sub59,22,ling_word_target,0.03658850685756802
10223,sub59,23,ling_word_target,0.03090352539889962
10224,sub59,24,ling_word_target,0.008694373231733055
10225,sub59,25,ling_word_target,-0.011234074378575527
10226,sub59,26,ling_word_target,0.003212006275553436
10227,sub59,27,ling_word_target,0.024481750925462422
10228,sub59,28,ling_word_target,-0.0035892145062699694
10229,sub59,29,ling_word_target,-0.007555432007353183
10230,sub59,30,ling_word_target,-0.012023296455892184
10231,sub59,31,ling_word_target,0.022141909486495533
10232,sub59,32,ling_word_target,0.016360344970385417
10233,sub59,33,ling_word_target,-0.03053469412554595
10234,sub59,34,ling_word_target,-0.025814943825922188
10235,sub59,35,ling_word_target,0.008067994319514334
10236,sub59,36,ling_word_target,-0.017080669644731258
10237,sub59,37,ling_word_target,0.0023299056303428133
10238,sub59,38,ling_word_target,0.006601506538034475
10239,sub59,39,ling_word_target,0.013748103424072004
10240,sub59,40,ling_word_target,0.003526259619782882
10241,sub59,41,ling_word_target,-0.008652889866261908
10242,sub59,42,ling_word_target,0.005121822701897678
10243,sub59,43,ling_word_target,0.00985523985054259
10244,sub59,44,ling_word_target,0.009960631489845438
10245,sub59,45,ling_word_target,-0.02158298264963658
10246,sub59,46,ling_word_target,-0.007216628621734034
10247,sub59,47,ling_word_target,-0.01719931015304989
10248,sub59,48,ling_word_target,-0.0029087461131971936
10249,sub59,49,ling_word_target,-0.006885809700439564
10250,sub59,50,ling_word_target,-0.01735494799263479
10251,sub59,51,ling_word_target,-0.011711151775776892
10252,sub59,52,ling_word_target,0.0022315791239521858
10253,sub59,53,ling_word_target,-0.0073991515532216634
10254,sub59,54,ling_word_target,0.027637855034662595
10255,sub59,55,ling_word_target,-0.010550779721234926
10256,sub59,56,ling_word_target,0.01815445156613931
10257,sub59,57,ling_word_target,-0.06517132058836929
10258,sub59,58,ling_word_target,-0.006879971053624764
10259,sub59,59,ling_word_target,0.00038403204170937155
10260,sub59,60,ling_word_target,0.0089215229525201
10261,sub59,61,ling_word_target,0.004663192736118224
10262,sub59,62,ling_word_target,-0.015798859234456928
10263,sub59,63,ling_word_target,-0.0002900548808827323
10264,sub59,64,ling_word_target,-0.006182652890944111
10265,sub59,65,ling_word_target,0.00879108282211649
10266,sub59,66,ling_word_target,-0.015745458634883306
10267,sub59,67,ling_word_target,-0.02906064142271642
10268,sub59,68,ling_word_target,-0.008404923211256162
10269,sub59,69,ling_word_target,-0.021611981810251573
10270,sub59,70,ling_word_target,0.001657364503724897
10271,sub59,71,ling_word_target,0.022650892310538386
10272,sub59,72,ling_word_target,-0.008273899159801286
10273,sub59,73,ling_word_target,-0.006111947623999299
10274,sub59,74,ling_word_target,-0.012940731780184548
10275,sub59,75,ling_word_target,0.032373061071537985
10276,sub59,76,ling_word_target,0.0009446536343925777
10277,sub59,77,ling_word_target,0.0071144347918734255
10278,sub59,78,ling_word_target,-0.016873027226908616
10279,sub59,79,ling_word_target,0.015137424801226462
10280,sub59,80,ling_word_target,-0.014512365877086562
10281,sub59,81,ling_word_target,-0.026497887646439358
10282,sub59,82,ling_word_target,0.01358108215692371
10283,sub59,83,ling_word_target,0.0008500610516129944
10284,sub59,84,ling_word_target,-0.007822647392027244
10285,sub59,85,ling_word_target,0.01831883041228137
10286,sub59,86,ling_word_target,-0.01535035191639052
10287,sub59,87,ling_word_target,-0.002439450031675771
10288,sub59,88,ling_word_target,-0.01288995409445632
10289,sub59,89,ling_word_target,-0.003987237468078455
10290,sub59,90,ling_word_target,-0.0174621111369464
10291,sub59,91,ling_word_target,-0.0016860794727957852
10292,sub59,92,ling_word_target,0.01713086990976021
10293,sub59,93,ling_word_target,-0.0021469351468916455
10294,sub59,94,ling_word_target,0.02572672194029522
10295,sub59,95,ling_word_target,0.004867426092043718
10296,sub59,96,ling_word_target,-0.0031307291182842657
10297,sub59,97,ling_word_target,-0.021005414042572487
10298,sub59,98,ling_word_target,0.0046985430910064865
10299,sub59,99,ling_word_target,-0.03596690433767089
10300,sub59,100,ling_word_target,0.003921137829799421
10301,sub59,101,ling_word_target,0.025598712839337342
10302,sub59,102,ling_word_target,0.0014887455064514345
10303,sub59,103,ling_word_target,-0.03108126544216139
10304,sub59,104,ling_word_target,0.007719065525454352
10305,sub59,105,ling_word_target,0.0038440056254922736
10306,sub59,106,ling_word_target,-0.003355920899071132
10307,sub59,107,ling_word_target,0.011108176844340897
10308,sub59,108,ling_word_target,-0.0006524263715644137
10309,sub59,109,ling_word_target,-0.000928922106379202
10310,sub59,110,ling_word_target,0.005090572730581404
10311,sub59,111,ling_word_target,0.002729706387954237
10312,sub59,112,ling_word_target,0.008290147839084038
10313,sub59,113,ling_word_target,-0.0016360937916448995
10314,sub59,114,ling_word_target,0.017784093363644057
10315,sub59,115,ling_word_target,0.0011895999704497875
10316,sub59,116,ling_word_target,-0.003579934240842594
10317,sub59,117,ling_word_target,0.008599115699190918
10318,sub59,118,ling_word_target,-0.013777123355604094
10319,sub59,119,ling_word_target,-0.006671690701904969
10320,sub59,120,ling_word_target,0.0276762424133399
10321,sub59,121,ling_word_target,0.0047757468907109885
10322,sub59,122,ling_word_target,-0.02353401525659047
10323,sub59,123,ling_word_target,0.008859411031443044
10324,sub59,124,ling_word_target,-0.0190404988406355
10325,sub59,125,ling_word_target,0.013273068250981852
10326,sub59,126,ling_word_target,-0.0084489652720024
10327,sub59,127,ling_word_target,0.001981266606087758
10328,sub59,128,ling_word_target,0.006996190390906335
10329,sub59,129,ling_word_target,-0.0018458293277011095
10330,sub59,130,ling_word_target,0.020497013022400645
10331,sub59,131,ling_word_target,-0.0028811267142573706
10332,sub59,132,ling_word_target,-0.01228880322613788
10333,sub59,133,ling_word_target,-0.022991812386082458
10334,sub59,134,ling_word_target,-7.327927576259575e-07
10335,sub59,135,ling_word_target,0.010192251628697024
10336,sub59,136,ling_word_target,0.0008576178240975148
10337,sub59,137,ling_word_target,0.018970032211537365
10338,sub59,138,ling_word_target,-0.014283073557181954
10339,sub59,139,ling_word_target,0.025024874153131014
10340,sub59,140,ling_word_target,-0.005485232919427627
10341,sub59,141,ling_word_target,0.014035930019685608
10342,sub59,142,ling_word_target,-0.004528172250579126
10343,sub59,143,ling_word_target,-0.03509941277121165
10344,sub59,144,ling_word_target,0.00277666809802635
10345,sub59,145,ling_word_target,0.0031461875622037986
10346,sub59,146,ling_word_target,-0.014058028383030125
10347,sub59,147,ling_word_target,0.02242825365711877
10348,sub59,148,ling_word_target,0.008959011547539978
10349,sub59,149,ling_word_target,-0.03263548036957526
10350,sub59,150,ling_word_target,0.01299313830105484
10351,sub59,151,ling_word_target,0.02489750308487851
10352,sub59,152,ling_word_target,0.00389197570470482
10353,sub59,153,ling_word_target,0.008727008358995194
10354,sub59,154,ling_word_target,-0.008796424243130128
10355,sub59,155,ling_word_target,0.008251424114914592
10356,sub59,156,ling_word_target,-0.02624497720220919
10357,sub59,157,ling_word_target,-0.022666375731813335
10358,sub59,158,ling_word_target,0.014098053454136103
10359,sub59,159,ling_word_target,-0.025298305914251074
10360,sub59,160,ling_word_target,0.01849620860780648
10361,sub59,161,ling_word_target,0.007699986998642105
10362,sub59,162,ling_word_target,-0.001687522483072912
10363,sub59,163,ling_word_target,-0.008100281056429586
10364,sub59,164,ling_word_target,-0.013058766309706734
10365,sub59,165,ling_word_target,0.001199497086567586
10366,sub59,166,ling_word_target,-0.004192820726110436
10367,sub59,167,ling_word_target,-0.027037894029727897
10368,sub59,168,ling_word_target,-0.020940054620668145
10369,sub59,169,ling_word_target,-0.012103021077056074
10370,sub59,170,ling_word_target,-0.016204947243046827
10371,sub59,171,ling_word_target,-0.002826322751963433
10372,sub59,172,ling_word_target,0.006155028295417507
10373,sub59,173,ling_word_target,0.015375127323298992
10374,sub59,174,ling_word_target,0.01766663646071647
10375,sub59,175,ling_word_target,0.013376484348997523
10376,sub59,176,ling_word_target,0.017134203014629593
10377,sub59,177,ling_word_target,-0.006223220158979635
10378,sub59,178,ling_word_target,0.0020832056767597315
10379,sub59,179,ling_word_target,0.0047400760642964754
10380,sub59,180,ling_word_target,-0.0196203692387282
10381,sub59,181,ling_word_target,0.006150158974021731
10382,sub59,182,ling_word_target,-0.005876824519730762
10383,sub59,183,ling_word_target,-0.005785916490339209
10384,sub59,184,ling_word_target,-0.04287463410858048
10385,sub59,185,ling_word_target,0.004962797650042012
10386,sub59,186,ling_word_target,-0.009339720976715109
10387,sub59,187,ling_word_target,0.008366459810579693
10388,sub59,188,ling_word_target,0.017811716967839515
10389,sub59,189,ling_word_target,0.0051379171496399095
10390,sub59,190,ling_word_target,-0.005166399473791693
10391,sub59,191,ling_word_target,0.019766090238461084
10392,sub59,192,ling_word_target,0.007678023326173292
10393,sub59,193,ling_word_target,-0.0026351539899730687
10394,sub59,194,ling_word_target,-0.015250188650726736
10395,sub59,195,ling_word_target,-0.0015703020891263747
10396,sub59,196,ling_word_target,0.0021560628608680733
10397,sub59,197,ling_word_target,0.002019145395110471
10398,sub59,198,ling_word_target,0.0120207164791488
10399,sub59,199,ling_word_target,0.030545396607822038
10400,sub60,0,ling_word_target,0.01529477022563899
10401,sub60,1,ling_word_target,-0.003800707731462101
10402,sub60,2,ling_word_target,-0.007483418942775858
10403,sub60,3,ling_word_target,0.007248856926326712
10404,sub60,4,ling_word_target,0.011461348364570877
10405,sub60,5,ling_word_target,-0.008917664849072186
10406,sub60,6,ling_word_target,-0.023968514415456884
10407,sub60,7,ling_word_target,0.014505180468637746
10408,sub60,8,ling_word_target,0.018260718374744484
10409,sub60,9,ling_word_target,-0.012801572896755242
10410,sub60,10,ling_word_target,0.0002938096345993679
10411,sub60,11,ling_word_target,-0.019851092618389958
10412,sub60,12,ling_word_target,-0.0013488598717150883
10413,sub60,13,ling_word_target,0.004988477115021443
10414,sub60,14,ling_word_target,-0.009937067564309912
10415,sub60,15,ling_word_target,-0.028741660692709562
10416,sub60,16,ling_word_target,-0.017236420129451147
10417,sub60,17,ling_word_target,0.011150139126405516
10418,sub60,18,ling_word_target,0.0034777254605786183
10419,sub60,19,ling_word_target,0.0051349421833496904
10420,sub60,20,ling_word_target,-0.006601929651936527
10421,sub60,21,ling_word_target,-0.004737567664953703
10422,sub60,22,ling_word_target,0.018562472978769576
10423,sub60,23,ling_word_target,0.02146233830772377
10424,sub60,24,ling_word_target,0.001980120843645274
10425,sub60,25,ling_word_target,0.005983577546686371
10426,sub60,26,ling_word_target,-0.03243385941371171
10427,sub60,27,ling_word_target,0.007898842049780634
10428,sub60,28,ling_word_target,0.00572321521365206
10429,sub60,29,ling_word_target,0.008753328328979399
10430,sub60,30,ling_word_target,-0.002762165697126996
10431,sub60,31,ling_word_target,0.020362684217691808
10432,sub60,32,ling_word_target,0.01837403426161452
10433,sub60,33,ling_word_target,0.02307563123756943
10434,sub60,34,ling_word_target,-0.003532570875703801
10435,sub60,35,ling_word_target,0.012942734859899815
10436,sub60,36,ling_word_target,0.017474049682311154
10437,sub60,37,ling_word_target,0.005500160305823273
10438,sub60,38,ling_word_target,0.007494813470329233
10439,sub60,39,ling_word_target,-0.01671322603529958
10440,sub60,40,ling_word_target,0.02029717441855986
10441,sub60,41,ling_word_target,-0.0076935945840544495
10442,sub60,42,ling_word_target,-0.005420352491924114
10443,sub60,43,ling_word_target,0.01150884413462343
10444,sub60,44,ling_word_target,0.002522350409047518
10445,sub60,45,ling_word_target,-0.0005372551028761672
10446,sub60,46,ling_word_target,0.007764693214969782
10447,sub60,47,ling_word_target,0.019772690665919527
10448,sub60,48,ling_word_target,-0.004086657616138154
10449,sub60,49,ling_word_target,0.015597542554898678
10450,sub60,50,ling_word_target,-0.0024364659508849243
10451,sub60,51,ling_word_target,0.001760858962999854
10452,sub60,52,ling_word_target,-0.012088039826282097
10453,sub60,53,ling_word_target,0.0067193480427978555
10454,sub60,54,ling_word_target,-0.0019146814677251935
10455,sub60,55,ling_word_target,-0.006931057535233002
10456,sub60,56,ling_word_target,0.009126665244288922
10457,sub60,57,ling_word_target,-0.018573915338623192
10458,sub60,58,ling_word_target,-0.00018299634474915204
10459,sub60,59,ling_word_target,-0.002440510067446973
10460,sub60,60,ling_word_target,0.004397833492954225
10461,sub60,61,ling_word_target,-0.0028121476257013008
10462,sub60,62,ling_word_target,0.018654182948069857
10463,sub60,63,ling_word_target,0.017256480880920348
10464,sub60,64,ling_word_target,0.020492136051883023
10465,sub60,65,ling_word_target,-0.0015664721637817917
10466,sub60,66,ling_word_target,0.005042524000814969
10467,sub60,67,ling_word_target,0.003391291615747259
10468,sub60,68,ling_word_target,0.0040788218465986955
10469,sub60,69,ling_word_target,0.01704439650666475
10470,sub60,70,ling_word_target,0.017823155691561864
10471,sub60,71,ling_word_target,-0.007271732597264419
10472,sub60,72,ling_word_target,-0.002122409984205694
10473,sub60,73,ling_word_target,0.003946985825613331
10474,sub60,74,ling_word_target,0.004394575754653384
10475,sub60,75,ling_word_target,0.009403180645046496
10476,sub60,76,ling_word_target,-0.011533896007756025
10477,sub60,77,ling_word_target,0.008682072848056837
10478,sub60,78,ling_word_target,0.009266646904999487
10479,sub60,79,ling_word_target,-0.014897647602272936
10480,sub60,80,ling_word_target,-0.007043181239771858
10481,sub60,81,ling_word_target,0.034829339423401065
10482,sub60,82,ling_word_target,0.004327745768303984
10483,sub60,83,ling_word_target,-0.03153965626572462
10484,sub60,84,ling_word_target,0.029128226502861725
10485,sub60,85,ling_word_target,-0.007647567220292961
10486,sub60,86,ling_word_target,0.005283492105140451
10487,sub60,87,ling_word_target,-0.008938635874370106
10488,sub60,88,ling_word_target,-0.018943230948456936
10489,sub60,89,ling_word_target,0.010733717943777584
10490,sub60,90,ling_word_target,0.0015149828963006615
10491,sub60,91,ling_word_target,0.008737253450045479
10492,sub60,92,ling_word_target,-0.006455265049425734
10493,sub60,93,ling_word_target,-0.0073766146130562135
10494,sub60,94,ling_word_target,0.007772572118601008
10495,sub60,95,ling_word_target,-0.02105326494267129
10496,sub60,96,ling_word_target,-0.007180364331189373
10497,sub60,97,ling_word_target,0.030661559718300008
10498,sub60,98,ling_word_target,-0.002936165436080782
10499,sub60,99,ling_word_target,-0.005044063280689685
10500,sub60,100,ling_word_target,-0.015165207033233602
10501,sub60,101,ling_word_target,0.004412919735826287
10502,sub60,102,ling_word_target,-0.004723051055247441
10503,sub60,103,ling_word_target,0.007977603571527768
10504,sub60,104,ling_word_target,-0.009992189098140406
10505,sub60,105,ling_word_target,0.011872073610877954
10506,sub60,106,ling_word_target,-0.005338490858277387
10507,sub60,107,ling_word_target,0.009278567654995757
10508,sub60,108,ling_word_target,-0.025861408581808815
10509,sub60,109,ling_word_target,-0.0017989674246193072
10510,sub60,110,ling_word_target,-0.007442424684933233
10511,sub60,111,ling_word_target,0.005334499844038569
10512,sub60,112,ling_word_target,0.030977301983767823
10513,sub60,113,ling_word_target,0.015848381491963555
10514,sub60,114,ling_word_target,0.01042049772894743
10515,sub60,115,ling_word_target,-0.023893144593093354
10516,sub60,116,ling_word_target,0.00780467224246173
10517,sub60,117,ling_word_target,-0.024834786506683512
10518,sub60,118,ling_word_target,0.0002498065909026143
10519,sub60,119,ling_word_target,0.0035596327730100996
10520,sub60,120,ling_word_target,-0.010813610538847275
10521,sub60,121,ling_word_target,-0.00761046133456298
10522,sub60,122,ling_word_target,-0.005314489235049308
10523,sub60,123,ling_word_target,0.01088723669254573
10524,sub60,124,ling_word_target,0.001192585606837543
10525,sub60,125,ling_word_target,0.00647390651416427
10526,sub60,126,ling_word_target,0.0001590795685131521
10527,sub60,127,ling_word_target,0.0026538257812013842
10528,sub60,128,ling_word_target,-0.009281708344450182
10529,sub60,129,ling_word_target,0.0013853555929072173
10530,sub60,130,ling_word_target,-0.004149925915058961
10531,sub60,131,ling_word_target,0.010455516917979869
10532,sub60,132,ling_word_target,-0.031371986907677916
10533,sub60,133,ling_word_target,0.04775293567262607
10534,sub60,134,ling_word_target,0.017631113924629686
10535,sub60,135,ling_word_target,-0.002835834000283448
10536,sub60,136,ling_word_target,-0.007517846776690585
10537,sub60,137,ling_word_target,0.0020870561455796715
10538,sub60,138,ling_word_target,0.0003246615065066346
10539,sub60,139,ling_word_target,0.01278398591110732
10540,sub60,140,ling_word_target,-0.009508949593495934
10541,sub60,141,ling_word_target,-0.0020629391081017482
10542,sub60,142,ling_word_target,0.010634557455968755
10543,sub60,143,ling_word_target,0.0049441846621853655
10544,sub60,144,ling_word_target,0.004224891967741318
10545,sub60,145,ling_word_target,-0.008964013250483358
10546,sub60,146,ling_word_target,0.014649860236112323
10547,sub60,147,ling_word_target,0.0009478041939643673
10548,sub60,148,ling_word_target,-0.007547741245264322
10549,sub60,149,ling_word_target,0.0025138236775154054
10550,sub60,150,ling_word_target,-0.015447941560509684
10551,sub60,151,ling_word_target,0.0034268077313571346
10552,sub60,152,ling_word_target,-0.0013340864581288868
10553,sub60,153,ling_word_target,-0.00974287406108175
10554,sub60,154,ling_word_target,-0.008670527243616371
10555,sub60,155,ling_word_target,-0.0026028689894294042
10556,sub60,156,ling_word_target,-0.0008304140057751412
10557,sub60,157,ling_word_target,0.018343393469215156
10558,sub60,158,ling_word_target,0.028777249472828906
10559,sub60,159,ling_word_target,-0.006010306481790677
10560,sub60,160,ling_word_target,0.006942046292516162
10561,sub60,161,ling_word_target,0.024349240865314474
10562,sub60,162,ling_word_target,0.0025327528449662676
10563,sub60,163,ling_word_target,-0.028393600247400324
10564,sub60,164,ling_word_target,0.010087811844372952
10565,sub60,165,ling_word_target,0.011484935273231647
10566,sub60,166,ling_word_target,-0.018890762816910392
10567,sub60,167,ling_word_target,0.011946323097239331
10568,sub60,168,ling_word_target,0.011254006606298262
10569,sub60,169,ling_word_target,-0.0036789634744849122
10570,sub60,170,ling_word_target,-0.01838320823143911
10571,sub60,171,ling_word_target,-0.0063459930998523584
10572,sub60,172,ling_word_target,-0.004245198455173102
10573,sub60,173,ling_word_target,-0.008872071806187225
10574,sub60,174,ling_word_target,0.030115543138417637
10575,sub60,175,ling_word_target,-0.003473377555688704
10576,sub60,176,ling_word_target,0.01637109362332355
10577,sub60,177,ling_word_target,0.0001329341923843525
10578,sub60,178,ling_word_target,-0.0037482399395556954
10579,sub60,179,ling_word_target,-0.0044030639267718125
10580,sub60,180,ling_word_target,0.007033311534644794
10581,sub60,181,ling_word_target,0.0024542999591200066
10582,sub60,182,ling_word_target,-0.011123235975781727
10583,sub60,183,ling_word_target,-0.006883395420878876
10584,sub60,184,ling_word_target,-0.000978880050120564
10585,sub60,185,ling_word_target,-0.0361486137048371
10586,sub60,186,ling_word_target,0.030017720998449314
10587,sub60,187,ling_word_target,-0.028607212978138563
10588,sub60,188,ling_word_target,0.022627532494680382
10589,sub60,189,ling_word_target,0.0158378855708663
10590,sub60,190,ling_word_target,0.027187749385359124
10591,sub60,191,ling_word_target,0.007859449856258485
10592,sub60,192,ling_word_target,-0.008145462098077113
10593,sub60,193,ling_word_target,-0.005288084580212305
10594,sub60,194,ling_word_target,-0.005078200716358265
10595,sub60,195,ling_word_target,0.018955099826920473
10596,sub60,196,ling_word_target,0.016227300521890444
10597,sub60,197,ling_word_target,0.004385595685721128
10598,sub60,198,ling_word_target,0.0024194867226856195
10599,sub60,199,ling_word_target,0.0075417342423553255
10600,sub61,0,ling_word_target,0.010794171969318036
10601,sub61,1,ling_word_target,0.017987481418372163
10602,sub61,2,ling_word_target,0.015345435561405605
10603,sub61,3,ling_word_target,0.002636909357733983
10604,sub61,4,ling_word_target,0.010445893323580636
10605,sub61,5,ling_word_target,-0.01691517845074691
10606,sub61,6,ling_word_target,-0.01846632264918531
10607,sub61,7,ling_word_target,-0.010373822818874692
10608,sub61,8,ling_word_target,0.027191490046388576
10609,sub61,9,ling_word_target,-0.027098109957231466
10610,sub61,10,ling_word_target,0.01147739511621298
10611,sub61,11,ling_word_target,0.009881513442118408
10612,sub61,12,ling_word_target,-0.018395339812719524
10613,sub61,13,ling_word_target,-0.020438192294484882
10614,sub61,14,ling_word_target,0.0015506013825467096
10615,sub61,15,ling_word_target,-0.023931818277344825
10616,sub61,16,ling_word_target,-0.03939880653695956
10617,sub61,17,ling_word_target,0.025519246141446454
10618,sub61,18,ling_word_target,0.02285780233529033
10619,sub61,19,ling_word_target,0.003713666059178949
10620,sub61,20,ling_word_target,-0.001631837358493799
10621,sub61,21,ling_word_target,-0.005816865501787815
10622,sub61,22,ling_word_target,-0.005958189178285831
10623,sub61,23,ling_word_target,0.0007403640757863465
10624,sub61,24,ling_word_target,0.027700426116934157
10625,sub61,25,ling_word_target,0.0015946031784731384
10626,sub61,26,ling_word_target,0.03347936383346184
10627,sub61,27,ling_word_target,5.2842313178173803e-05
10628,sub61,28,ling_word_target,0.02499063598321909
10629,sub61,29,ling_word_target,0.010845614326551949
10630,sub61,30,ling_word_target,0.02627644115383497
10631,sub61,31,ling_word_target,0.004017953163182579
10632,sub61,32,ling_word_target,-0.02530976627013427
10633,sub61,33,ling_word_target,0.04978874412337063
10634,sub61,34,ling_word_target,0.030829988999225524
10635,sub61,35,ling_word_target,-0.0028453757122388016
10636,sub61,36,ling_word_target,0.0188376976685874
10637,sub61,37,ling_word_target,-0.0005479459342117144
10638,sub61,38,ling_word_target,-0.0045589322354954226
10639,sub61,39,ling_word_target,-0.007490296291486661
10640,sub61,40,ling_word_target,0.0005871580506192262
10641,sub61,41,ling_word_target,0.016057038566687904
10642,sub61,42,ling_word_target,0.023425214346501567
10643,sub61,43,ling_word_target,-0.0003165886496188388
10644,sub61,44,ling_word_target,0.015857717454432874
10645,sub61,45,ling_word_target,0.018615969465329382
10646,sub61,46,ling_word_target,0.03264163241988679
10647,sub61,47,ling_word_target,0.006762018599326194
10648,sub61,48,ling_word_target,-0.005201082514413989
10649,sub61,49,ling_word_target,0.01938943019332452
10650,sub61,50,ling_word_target,-0.01955617476968603
10651,sub61,51,ling_word_target,-0.016692797521796063
10652,sub61,52,ling_word_target,-0.013317490644250241
10653,sub61,53,ling_word_target,-0.0037564170247634545
10654,sub61,54,ling_word_target,-0.012021475384507393
10655,sub61,55,ling_word_target,0.0017301858161406691
10656,sub61,56,ling_word_target,-0.01891628777497207
10657,sub61,57,ling_word_target,0.005781349496857449
10658,sub61,58,ling_word_target,-0.012172438570716959
10659,sub61,59,ling_word_target,0.007034921994353175
10660,sub61,60,ling_word_target,-0.00356949621392505
10661,sub61,61,ling_word_target,0.012431219329920662
10662,sub61,62,ling_word_target,0.004609126227551509
10663,sub61,63,ling_word_target,0.028683877481179964
10664,sub61,64,ling_word_target,-0.005692325973077719
10665,sub61,65,ling_word_target,-0.02714012359361054
10666,sub61,66,ling_word_target,-0.008579807478854118
10667,sub61,67,ling_word_target,0.013366812979495978
10668,sub61,68,ling_word_target,-0.018525843455041727
10669,sub61,69,ling_word_target,0.023410909330921468
10670,sub61,70,ling_word_target,0.01953319371140946
10671,sub61,71,ling_word_target,0.03453366388734335
10672,sub61,72,ling_word_target,0.024761359334579316
10673,sub61,73,ling_word_target,0.042542954392638645
10674,sub61,74,ling_word_target,-0.0003870903066604961
10675,sub61,75,ling_word_target,-0.002216711566033748
10676,sub61,76,ling_word_target,0.006828434705709294
10677,sub61,77,ling_word_target,0.008047873015735604
10678,sub61,78,ling_word_target,-0.013805698420588318
10679,sub61,79,ling_word_target,0.02074970960259772
10680,sub61,80,ling_word_target,0.017443969581394127
10681,sub61,81,ling_word_target,0.02918748701469494
10682,sub61,82,ling_word_target,0.02292620861695601
10683,sub61,83,ling_word_target,-0.025023239355648763
10684,sub61,84,ling_word_target,0.012576956851003442
10685,sub61,85,ling_word_target,0.029873126187759225
10686,sub61,86,ling_word_target,-0.0017325876888057592
10687,sub61,87,ling_word_target,-0.007103996149974173
10688,sub61,88,ling_word_target,-0.02313798184369183
10689,sub61,89,ling_word_target,0.009670490265883005
10690,sub61,90,ling_word_target,0.027152763745644716
10691,sub61,91,ling_word_target,0.005138837514994473
10692,sub61,92,ling_word_target,0.006586273917027117
10693,sub61,93,ling_word_target,-0.004602840892022795
10694,sub61,94,ling_word_target,0.0015046036077909256
10695,sub61,95,ling_word_target,0.0007254956226448999
10696,sub61,96,ling_word_target,0.01951146315071754
10697,sub61,97,ling_word_target,-0.004400385498409965
10698,sub61,98,ling_word_target,-0.012304525717446637
10699,sub61,99,ling_word_target,-0.03222652889451417
10700,sub61,100,ling_word_target,0.01348226038422319
10701,sub61,101,ling_word_target,0.0034273535447185153
10702,sub61,102,ling_word_target,0.014081690765983212
10703,sub61,103,ling_word_target,0.003440244724501358
10704,sub61,104,ling_word_target,0.025376535316869328
10705,sub61,105,ling_word_target,0.03677963942344576
10706,sub61,106,ling_word_target,0.007396330689087267
10707,sub61,107,ling_word_target,0.01183281843389619
10708,sub61,108,ling_word_target,0.017406220004205265
10709,sub61,109,ling_word_target,0.01180233802917194
10710,sub61,110,ling_word_target,-0.036048019695449456
10711,sub61,111,ling_word_target,-0.007225031088227707
10712,sub61,112,ling_word_target,-0.0029758699134151824
10713,sub61,113,ling_word_target,-0.0005061511240830493
10714,sub61,114,ling_word_target,0.017314865346593662
10715,sub61,115,ling_word_target,-0.023103838777177844
10716,sub61,116,ling_word_target,-0.0010925247636287521
10717,sub61,117,ling_word_target,0.011682843886541162
10718,sub61,118,ling_word_target,0.012714305522697925
10719,sub61,119,ling_word_target,-0.021227969429252827
10720,sub61,120,ling_word_target,-0.0017987179506619474
10721,sub61,121,ling_word_target,-0.00010361175294473153
10722,sub61,122,ling_word_target,0.000727260744453898
10723,sub61,123,ling_word_target,0.0005069402678539027
10724,sub61,124,ling_word_target,-0.007596833332186292
10725,sub61,125,ling_word_target,0.013378498256701576
10726,sub61,126,ling_word_target,0.011997059695087341
10727,sub61,127,ling_word_target,0.012878144705189451
10728,sub61,128,ling_word_target,-0.03873390809229134
10729,sub61,129,ling_word_target,0.0324503518354237
10730,sub61,130,ling_word_target,0.010862584858061826
10731,sub61,131,ling_word_target,0.014040264871999265
10732,sub61,132,ling_word_target,-0.016819724698540088
10733,sub61,133,ling_word_target,-0.012485046851617075
10734,sub61,134,ling_word_target,0.005338515761101969
10735,sub61,135,ling_word_target,-0.02224102496860312
10736,sub61,136,ling_word_target,-0.020313733809447468
10737,sub61,137,ling_word_target,0.05281283905109611
10738,sub61,138,ling_word_target,-0.02368966773190912
10739,sub61,139,ling_word_target,-0.003794999291845919
10740,sub61,140,ling_word_target,-0.009670743388854899
10741,sub61,141,ling_word_target,-0.004522200599599454
10742,sub61,142,ling_word_target,0.025479332364121577
10743,sub61,143,ling_word_target,-0.014315135945022782
10744,sub61,144,ling_word_target,0.00036112834209047205
10745,sub61,145,ling_word_target,-0.014489037695649918
10746,sub61,146,ling_word_target,0.011400980035916974
10747,sub61,147,ling_word_target,-0.008694207598694832
10748,sub61,148,ling_word_target,-0.02310017368935198
10749,sub61,149,ling_word_target,-0.006473823407099584
10750,sub61,150,ling_word_target,0.016144135405121784
10751,sub61,151,ling_word_target,0.015912657786639726
10752,sub61,152,ling_word_target,0.03351896003148826
10753,sub61,153,ling_word_target,0.0014590276337271232
10754,sub61,154,ling_word_target,-0.002033803066152813
10755,sub61,155,ling_word_target,0.026764609448667355
10756,sub61,156,ling_word_target,-0.011010522261890395
10757,sub61,157,ling_word_target,0.007456957316561485
10758,sub61,158,ling_word_target,0.01422314504467995
10759,sub61,159,ling_word_target,-0.004440006089693004
10760,sub61,160,ling_word_target,-0.023555682887444734
10761,sub61,161,ling_word_target,-0.0027400127584021523
10762,sub61,162,ling_word_target,-0.00894004945410037
10763,sub61,163,ling_word_target,0.014646650334131664
10764,sub61,164,ling_word_target,-0.023795966565947336
10765,sub61,165,ling_word_target,-0.03516494034913393
10766,sub61,166,ling_word_target,0.001538004458154054
10767,sub61,167,ling_word_target,0.00920539245547606
10768,sub61,168,ling_word_target,-0.007823148371420969
10769,sub61,169,ling_word_target,0.024279260987318984
10770,sub61,170,ling_word_target,0.005615182316361888
10771,sub61,171,ling_word_target,-0.0074395458590734076
10772,sub61,172,ling_word_target,0.03395967323737362
10773,sub61,173,ling_word_target,0.0017362418394798204
10774,sub61,174,ling_word_target,0.029478254061353088
10775,sub61,175,ling_word_target,-0.040081051167287544
10776,sub61,176,ling_word_target,0.00936997885965399
10777,sub61,177,ling_word_target,-0.021465301709078823
10778,sub61,178,ling_word_target,0.02064805315364774
10779,sub61,179,ling_word_target,0.02193098980909864
10780,sub61,180,ling_word_target,0.0024340251243903676
10781,sub61,181,ling_word_target,-0.010272891825355613
10782,sub61,182,ling_word_target,0.014790652467803585
10783,sub61,183,ling_word_target,-0.02338607332423935
10784,sub61,184,ling_word_target,0.025545648624596864
10785,sub61,185,ling_word_target,0.01384125816973875
10786,sub61,186,ling_word_target,0.008699942865718737
10787,sub61,187,ling_word_target,0.01310394395122591
10788,sub61,188,ling_word_target,-0.002110580940800183
10789,sub61,189,ling_word_target,0.01705608633083043
10790,sub61,190,ling_word_target,0.03494492158796875
10791,sub61,191,ling_word_target,0.015373868265016776
10792,sub61,192,ling_word_target,-0.0022203266840682937
10793,sub61,193,ling_word_target,0.017309538572958295
10794,sub61,194,ling_word_target,-0.02957069879910479
10795,sub61,195,ling_word_target,-0.018482669848649907
10796,sub61,196,ling_word_target,0.013666857349258986
10797,sub61,197,ling_word_target,0.008543961662013985
10798,sub61,198,ling_word_target,0.010655281705095923
10799,sub61,199,ling_word_target,-0.006576667190017551
10800,sub62,0,ling_word_target,-0.01766429662447683
10801,sub62,1,ling_word_target,-0.014351170089003999
10802,sub62,2,ling_word_target,-0.014052858167989079
10803,sub62,3,ling_word_target,0.03156034978361798
10804,sub62,4,ling_word_target,0.020264463066077078
10805,sub62,5,ling_word_target,0.006022867232477477
10806,sub62,6,ling_word_target,-0.004219525324476362
10807,sub62,7,ling_word_target,-0.0029580103624266985
10808,sub62,8,ling_word_target,0.010575991443275935
10809,sub62,9,ling_word_target,0.004205987981316783
10810,sub62,10,ling_word_target,-0.0008527795523863747
10811,sub62,11,ling_word_target,0.014973061420862863
10812,sub62,12,ling_word_target,-0.016637978167642443
10813,sub62,13,ling_word_target,0.004382164941968936
10814,sub62,14,ling_word_target,0.011269997180623445
10815,sub62,15,ling_word_target,-0.012778320758367812
10816,sub62,16,ling_word_target,-0.014674210116475987
10817,sub62,17,ling_word_target,0.01846558486574522
10818,sub62,18,ling_word_target,-0.0016499755862658492
10819,sub62,19,ling_word_target,0.012984315375371633
10820,sub62,20,ling_word_target,0.017736128403436965
10821,sub62,21,ling_word_target,0.010675759542337486
10822,sub62,22,ling_word_target,-0.01150112495416098
10823,sub62,23,ling_word_target,0.0005025755050846277
10824,sub62,24,ling_word_target,0.02052330824236646
10825,sub62,25,ling_word_target,-0.014763474991593842
10826,sub62,26,ling_word_target,-0.006224971528030006
10827,sub62,27,ling_word_target,-0.007654041609808165
10828,sub62,28,ling_word_target,-0.004659263495821902
10829,sub62,29,ling_word_target,0.014221867893181635
10830,sub62,30,ling_word_target,0.04444831147184009
10831,sub62,31,ling_word_target,0.016484116692259874
10832,sub62,32,ling_word_target,-0.002913023722855063
10833,sub62,33,ling_word_target,0.005443618936499536
10834,sub62,34,ling_word_target,0.022932845768296115
10835,sub62,35,ling_word_target,-0.017633618942364725
10836,sub62,36,ling_word_target,0.0330598970517765
10837,sub62,37,ling_word_target,0.005697853390274582
10838,sub62,38,ling_word_target,0.0030164072642345626
10839,sub62,39,ling_word_target,0.0030524483828641754
10840,sub62,40,ling_word_target,0.021819546619066488
10841,sub62,41,ling_word_target,0.009940560089089253
10842,sub62,42,ling_word_target,0.036399838046437316
10843,sub62,43,ling_word_target,-0.03190365032161873
10844,sub62,44,ling_word_target,-0.020062348898876124
10845,sub62,45,ling_word_target,-0.047973826562975073
10846,sub62,46,ling_word_target,0.004791399894240453
10847,sub62,47,ling_word_target,0.001754184757591372
10848,sub62,48,ling_word_target,0.007024788278561901
10849,sub62,49,ling_word_target,0.005643191816621346
10850,sub62,50,ling_word_target,-0.005647689040185373
10851,sub62,51,ling_word_target,0.015443464200692076
10852,sub62,52,ling_word_target,0.01398973971912637
10853,sub62,53,ling_word_target,0.017329426524371697
10854,sub62,54,ling_word_target,0.005478035890387355
10855,sub62,55,ling_word_target,-0.004459784071608764
10856,sub62,56,ling_word_target,0.014342867110135606
10857,sub62,57,ling_word_target,0.009257142185046512
10858,sub62,58,ling_word_target,-0.005994734606527416
10859,sub62,59,ling_word_target,0.00454936366494814
10860,sub62,60,ling_word_target,-0.01761089092294471
10861,sub62,61,ling_word_target,0.0018784982822298763
10862,sub62,62,ling_word_target,0.007070752691045968
10863,sub62,63,ling_word_target,0.02313478407094035
10864,sub62,64,ling_word_target,-0.004293316312730399
10865,sub62,65,ling_word_target,0.007006818506617575
10866,sub62,66,ling_word_target,0.0030257898822962973
10867,sub62,67,ling_word_target,0.0005147688814470046
10868,sub62,68,ling_word_target,0.009425482151453111
10869,sub62,69,ling_word_target,0.00764636393643398
10870,sub62,70,ling_word_target,0.007051023958310856
10871,sub62,71,ling_word_target,0.008746953885637237
10872,sub62,72,ling_word_target,0.015936805828434368
10873,sub62,73,ling_word_target,-0.016868032205645377
10874,sub62,74,ling_word_target,0.010583180699052525
10875,sub62,75,ling_word_target,0.00010221688850343212
10876,sub62,76,ling_word_target,-0.017483645706875477
10877,sub62,77,ling_word_target,0.027604356388599982
10878,sub62,78,ling_word_target,0.029274027672980683
10879,sub62,79,ling_word_target,0.02215301448624724
10880,sub62,80,ling_word_target,-0.007014004733541368
10881,sub62,81,ling_word_target,0.018586455737656674
10882,sub62,82,ling_word_target,0.006153527549998428
10883,sub62,83,ling_word_target,0.006269752884308441
10884,sub62,84,ling_word_target,0.004440452313500445
10885,sub62,85,ling_word_target,0.03141345036961856
10886,sub62,86,ling_word_target,-0.02077194602009924
10887,sub62,87,ling_word_target,-0.049973547189657165
10888,sub62,88,ling_word_target,-0.028959347662553567
10889,sub62,89,ling_word_target,0.027541970124033654
10890,sub62,90,ling_word_target,0.03304723148470051
10891,sub62,91,ling_word_target,0.026529283378814297
10892,sub62,92,ling_word_target,0.008289757094715291
10893,sub62,93,ling_word_target,-0.007548054849649922
10894,sub62,94,ling_word_target,0.018870394083661566
10895,sub62,95,ling_word_target,-0.011557679793407888
10896,sub62,96,ling_word_target,-0.001246322218583783
10897,sub62,97,ling_word_target,-0.0016644284714295826
10898,sub62,98,ling_word_target,0.014966914276900658
10899,sub62,99,ling_word_target,0.0069471297430906435
10900,sub62,100,ling_word_target,0.010168651505618905
10901,sub62,101,ling_word_target,0.011111234793572653
10902,sub62,102,ling_word_target,-0.002420201850722019
10903,sub62,103,ling_word_target,0.008041973561158917
10904,sub62,104,ling_word_target,0.007355770342340466
10905,sub62,105,ling_word_target,-0.02089868935793544
10906,sub62,106,ling_word_target,0.002057288766922195
10907,sub62,107,ling_word_target,-0.0028372876956420253
10908,sub62,108,ling_word_target,-0.005272958487636963
10909,sub62,109,ling_word_target,0.005651313406592658
10910,sub62,110,ling_word_target,-0.008614301791722467
10911,sub62,111,ling_word_target,0.008001839682987372
10912,sub62,112,ling_word_target,0.031724765979281006
10913,sub62,113,ling_word_target,-0.007924603886047932
10914,sub62,114,ling_word_target,0.010046567596593524
10915,sub62,115,ling_word_target,0.033689102264202346
10916,sub62,116,ling_word_target,-0.0048590047298879965
10917,sub62,117,ling_word_target,-0.0013383650413321892
10918,sub62,118,ling_word_target,-0.013934731933043959
10919,sub62,119,ling_word_target,-0.006607623049512027
10920,sub62,120,ling_word_target,-0.007040149480715287
10921,sub62,121,ling_word_target,-0.011135039987986421
10922,sub62,122,ling_word_target,-0.023333664379932985
10923,sub62,123,ling_word_target,0.007421012865322425
10924,sub62,124,ling_word_target,0.004628873622209909
10925,sub62,125,ling_word_target,0.006711280619175308
10926,sub62,126,ling_word_target,0.024343613824659705
10927,sub62,127,ling_word_target,0.002940112564705819
10928,sub62,128,ling_word_target,-0.025334183838663666
10929,sub62,129,ling_word_target,-0.023984069341570075
10930,sub62,130,ling_word_target,-0.005948940822119412
10931,sub62,131,ling_word_target,0.0011637903490961526
10932,sub62,132,ling_word_target,0.004057529405350456
10933,sub62,133,ling_word_target,0.0016524657805697036
10934,sub62,134,ling_word_target,0.0054218372260533216
10935,sub62,135,ling_word_target,-0.004676762961603621
10936,sub62,136,ling_word_target,0.02992000618109823
10937,sub62,137,ling_word_target,0.01957556221730589
10938,sub62,138,ling_word_target,-0.012287236847103153
10939,sub62,139,ling_word_target,-0.021328471831857564
10940,sub62,140,ling_word_target,0.020513406142513235
10941,sub62,141,ling_word_target,0.00020283585643478857
10942,sub62,142,ling_word_target,0.003747047981035641
10943,sub62,143,ling_word_target,0.0014570938665706026
10944,sub62,144,ling_word_target,-0.011583847182780804
10945,sub62,145,ling_word_target,-0.010566148553166418
10946,sub62,146,ling_word_target,0.0062058442032572455
10947,sub62,147,ling_word_target,0.008416980201166486
10948,sub62,148,ling_word_target,0.005850182342013452
10949,sub62,149,ling_word_target,0.021482962537893474
10950,sub62,150,ling_word_target,-0.020516760354821643
10951,sub62,151,ling_word_target,0.014281824434384988
10952,sub62,152,ling_word_target,0.007031115387971302
10953,sub62,153,ling_word_target,-0.0009442994798284305
10954,sub62,154,ling_word_target,-0.0001185039153249271
10955,sub62,155,ling_word_target,0.007210957724492407
10956,sub62,156,ling_word_target,0.02263878198989322
10957,sub62,157,ling_word_target,-0.009871890610247853
10958,sub62,158,ling_word_target,-0.006749442554571155
10959,sub62,159,ling_word_target,-0.0043967853353395975
10960,sub62,160,ling_word_target,-0.003249823465533888
10961,sub62,161,ling_word_target,-0.0007286109045635699
10962,sub62,162,ling_word_target,-0.015511837910883244
10963,sub62,163,ling_word_target,-0.004007638413435474
10964,sub62,164,ling_word_target,0.009333806166843702
10965,sub62,165,ling_word_target,0.015348252972691722
10966,sub62,166,ling_word_target,-0.034855904110724964
10967,sub62,167,ling_word_target,0.008814878661210375
10968,sub62,168,ling_word_target,0.03956587146660179
10969,sub62,169,ling_word_target,0.019634094502431813
10970,sub62,170,ling_word_target,0.013640812055130376
10971,sub62,171,ling_word_target,0.009689536359372489
10972,sub62,172,ling_word_target,-0.011438305274656146
10973,sub62,173,ling_word_target,-0.015391958018644151
10974,sub62,174,ling_word_target,0.02612484691104303
10975,sub62,175,ling_word_target,-0.007942020917905085
10976,sub62,176,ling_word_target,0.0001735548424312071
10977,sub62,177,ling_word_target,0.007754936064577192
10978,sub62,178,ling_word_target,0.0009390591332222766
10979,sub62,179,ling_word_target,-0.014892902000698557
10980,sub62,180,ling_word_target,0.01229442842146816
10981,sub62,181,ling_word_target,0.016142980323327054
10982,sub62,182,ling_word_target,0.003297822711828612
10983,sub62,183,ling_word_target,-0.00020573760875568106
10984,sub62,184,ling_word_target,-0.002130628279276094
10985,sub62,185,ling_word_target,0.007265852213417176
10986,sub62,186,ling_word_target,0.0025610967256217464
10987,sub62,187,ling_word_target,-0.02277637375960923
10988,sub62,188,ling_word_target,-0.006727862198957038
10989,sub62,189,ling_word_target,0.0008709222568512839
10990,sub62,190,ling_word_target,-0.0033422177147869755
10991,sub62,191,ling_word_target,0.016279993600801214
10992,sub62,192,ling_word_target,0.0050636216079098005
10993,sub62,193,ling_word_target,0.01512157289328953
10994,sub62,194,ling_word_target,-0.01731408208457516
10995,sub62,195,ling_word_target,0.011256714262909613
10996,sub62,196,ling_word_target,-0.00732024081438356
10997,sub62,197,ling_word_target,0.006614501337390847
10998,sub62,198,ling_word_target,0.0008441043005268684
10999,sub62,199,ling_word_target,-0.004741991424330772
11000,sub64,0,ling_word_target,0.030094601958797505
11001,sub64,1,ling_word_target,0.03423514709890899
11002,sub64,2,ling_word_target,-0.01754503814857958
11003,sub64,3,ling_word_target,0.023007722429134056
11004,sub64,4,ling_word_target,0.016583595608998
11005,sub64,5,ling_word_target,0.024988394439470638
11006,sub64,6,ling_word_target,0.007178312164920461
11007,sub64,7,ling_word_target,-0.004305841456895581
11008,sub64,8,ling_word_target,0.025098288324407372
11009,sub64,9,ling_word_target,0.0029342567143399194
11010,sub64,10,ling_word_target,0.00857235428027491
11011,sub64,11,ling_word_target,-0.013582879736372724
11012,sub64,12,ling_word_target,-0.003512608727045024
11013,sub64,13,ling_word_target,0.00394264377320757
11014,sub64,14,ling_word_target,0.0014976855008368933
11015,sub64,15,ling_word_target,0.004416161828671262
11016,sub64,16,ling_word_target,0.020267582885007886
11017,sub64,17,ling_word_target,0.027547262002125313
11018,sub64,18,ling_word_target,0.009565808981639579
11019,sub64,19,ling_word_target,-0.005962969107846557
11020,sub64,20,ling_word_target,0.016646103761049223
11021,sub64,21,ling_word_target,0.004168516267307701
11022,sub64,22,ling_word_target,0.005783851015385155
11023,sub64,23,ling_word_target,0.02185571032552039
11024,sub64,24,ling_word_target,0.0012903278140647195
11025,sub64,25,ling_word_target,0.0026276778154656955
11026,sub64,26,ling_word_target,0.019604814023226884
11027,sub64,27,ling_word_target,0.0009372523452401596
11028,sub64,28,ling_word_target,0.010399844704856935
11029,sub64,29,ling_word_target,0.019273084850948165
11030,sub64,30,ling_word_target,0.007097107237380215
11031,sub64,31,ling_word_target,-0.007664601482830098
11032,sub64,32,ling_word_target,0.005237896052283333
11033,sub64,33,ling_word_target,-0.006048944607529975
11034,sub64,34,ling_word_target,0.011637341558800283
11035,sub64,35,ling_word_target,-0.005143845492247589
11036,sub64,36,ling_word_target,0.010037929616874533
11037,sub64,37,ling_word_target,0.006161386742381521
11038,sub64,38,ling_word_target,0.007031000477614642
11039,sub64,39,ling_word_target,0.01816482323113243
11040,sub64,40,ling_word_target,-0.0046908726026339
11041,sub64,41,ling_word_target,-0.013851411632732803
11042,sub64,42,ling_word_target,-0.002482792219699894
11043,sub64,43,ling_word_target,0.02526027166993044
11044,sub64,44,ling_word_target,0.020098517847642446
11045,sub64,45,ling_word_target,-0.0040964305176361205
11046,sub64,46,ling_word_target,-0.022785001999669683
11047,sub64,47,ling_word_target,0.010991470712866614
11048,sub64,48,ling_word_target,0.002337114691166074
11049,sub64,49,ling_word_target,0.0019274158120286629
11050,sub64,50,ling_word_target,-0.0018237280157899723
11051,sub64,51,ling_word_target,-0.007321731165579492
11052,sub64,52,ling_word_target,0.012246909463040153
11053,sub64,53,ling_word_target,-0.01035470974740825
11054,sub64,54,ling_word_target,0.016581566288083927
11055,sub64,55,ling_word_target,-0.011961048898031715
11056,sub64,56,ling_word_target,0.020867591309030584
11057,sub64,57,ling_word_target,-0.009656716234485406
11058,sub64,58,ling_word_target,0.001991416258511811
11059,sub64,59,ling_word_target,-0.0012162923102955667
11060,sub64,60,ling_word_target,-0.008280192009828357
11061,sub64,61,ling_word_target,0.02635418150506772
11062,sub64,62,ling_word_target,0.01076846564584112
11063,sub64,63,ling_word_target,-0.006095749026386387
11064,sub64,64,ling_word_target,0.03904956368858604
11065,sub64,65,ling_word_target,0.02369124490519289
11066,sub64,66,ling_word_target,-0.0024492244090368637
11067,sub64,67,ling_word_target,0.012205190478782341
11068,sub64,68,ling_word_target,-0.001809910175345997
11069,sub64,69,ling_word_target,-0.008377211793039288
11070,sub64,70,ling_word_target,0.009925911286123171
11071,sub64,71,ling_word_target,0.011182113780802305
11072,sub64,72,ling_word_target,0.013709109647101519
11073,sub64,73,ling_word_target,0.00812159416668612
11074,sub64,74,ling_word_target,-0.005326377653456826
11075,sub64,75,ling_word_target,-0.012831949759832144
11076,sub64,76,ling_word_target,0.005442899978276925
11077,sub64,77,ling_word_target,-0.0035403747202675585
11078,sub64,78,ling_word_target,-0.02941077007301701
11079,sub64,79,ling_word_target,0.007093642216296625
11080,sub64,80,ling_word_target,-0.0016722535181171489
11081,sub64,81,ling_word_target,0.003649925448102664
11082,sub64,82,ling_word_target,-0.00032062091370222394
11083,sub64,83,ling_word_target,0.004208266217429464
11084,sub64,84,ling_word_target,-0.008812045044152138
11085,sub64,85,ling_word_target,0.011696943598505993
11086,sub64,86,ling_word_target,0.03318280453272493
11087,sub64,87,ling_word_target,0.00991016464621569
11088,sub64,88,ling_word_target,-0.014656351389481518
11089,sub64,89,ling_word_target,0.015974100970277374
11090,sub64,90,ling_word_target,-0.01539086884071196
11091,sub64,91,ling_word_target,0.007321859221027352
11092,sub64,92,ling_word_target,0.017738894870179975
11093,sub64,93,ling_word_target,0.010233285861083343
11094,sub64,94,ling_word_target,-0.007245927173333489
11095,sub64,95,ling_word_target,0.006700767274495518
11096,sub64,96,ling_word_target,0.015241665255842864
11097,sub64,97,ling_word_target,-0.00251259475510277
11098,sub64,98,ling_word_target,-0.01699119821941968
11099,sub64,99,ling_word_target,0.004638117142709956
11100,sub64,100,ling_word_target,-0.010029669188451008
11101,sub64,101,ling_word_target,-0.005054362147203525
11102,sub64,102,ling_word_target,-0.01128020823386353
11103,sub64,103,ling_word_target,0.0031853212502654334
11104,sub64,104,ling_word_target,0.011258317118535232
11105,sub64,105,ling_word_target,0.024323245050385536
11106,sub64,106,ling_word_target,0.007284472818804609
11107,sub64,107,ling_word_target,-0.018883840625210833
11108,sub64,108,ling_word_target,0.004740416109972473
11109,sub64,109,ling_word_target,-0.030691513325603475
11110,sub64,110,ling_word_target,-0.004158678206519653
11111,sub64,111,ling_word_target,0.007627222142268734
11112,sub64,112,ling_word_target,0.025916226670123454
11113,sub64,113,ling_word_target,0.012599521143265176
11114,sub64,114,ling_word_target,-0.021178152184902387
11115,sub64,115,ling_word_target,-0.010078768923350533
11116,sub64,116,ling_word_target,-0.022355289297941505
11117,sub64,117,ling_word_target,0.013839912346794384
11118,sub64,118,ling_word_target,0.00430880205694112
11119,sub64,119,ling_word_target,-0.004952844269238223
11120,sub64,120,ling_word_target,0.008345735298713918
11121,sub64,121,ling_word_target,-0.020190346246293046
11122,sub64,122,ling_word_target,0.0031932026766006896
11123,sub64,123,ling_word_target,0.0019812990571678036
11124,sub64,124,ling_word_target,-0.0021492313790571526
11125,sub64,125,ling_word_target,0.01056200911228295
11126,sub64,126,ling_word_target,-0.011826561853552593
11127,sub64,127,ling_word_target,-0.009041492856678738
11128,sub64,128,ling_word_target,0.012458529889753437
11129,sub64,129,ling_word_target,-0.0051427694374211646
11130,sub64,130,ling_word_target,0.025801720343286236
11131,sub64,131,ling_word_target,0.009211043612482418
11132,sub64,132,ling_word_target,-0.00561315516703486
11133,sub64,133,ling_word_target,-0.0067497729768104964
11134,sub64,134,ling_word_target,-0.010122024061665031
11135,sub64,135,ling_word_target,-0.004228692769839992
11136,sub64,136,ling_word_target,-0.003130339503451755
11137,sub64,137,ling_word_target,-0.017913842268666033
11138,sub64,138,ling_word_target,8.747512966454922e-05
11139,sub64,139,ling_word_target,-0.002648609353953386
11140,sub64,140,ling_word_target,-0.004886244070872016
11141,sub64,141,ling_word_target,0.0024822968460232486
11142,sub64,142,ling_word_target,0.008795618519994613
11143,sub64,143,ling_word_target,0.005291076008138815
11144,sub64,144,ling_word_target,-0.027210029560615485
11145,sub64,145,ling_word_target,0.008431179062111108
11146,sub64,146,ling_word_target,-0.006792356669674262
11147,sub64,147,ling_word_target,-0.014415222363582746
11148,sub64,148,ling_word_target,-0.004607687547275059
11149,sub64,149,ling_word_target,0.008643551816962143
11150,sub64,150,ling_word_target,0.015259019792786392
11151,sub64,151,ling_word_target,-0.004403859543313903
11152,sub64,152,ling_word_target,-0.009889331828561845
11153,sub64,153,ling_word_target,0.013087805009728837
11154,sub64,154,ling_word_target,-0.022811594363116066
11155,sub64,155,ling_word_target,-0.029056921980254967
11156,sub64,156,ling_word_target,0.00516572785666752
11157,sub64,157,ling_word_target,-0.003478634510977964
11158,sub64,158,ling_word_target,0.006846728908845018
11159,sub64,159,ling_word_target,0.000696960398601232
11160,sub64,160,ling_word_target,0.004841904472281193
11161,sub64,161,ling_word_target,-0.004178924976291316
11162,sub64,162,ling_word_target,0.0017189689141130365
11163,sub64,163,ling_word_target,0.01082805374124162
11164,sub64,164,ling_word_target,0.0027608304880621035
11165,sub64,165,ling_word_target,0.007440048745235052
11166,sub64,166,ling_word_target,-0.010663195179717661
11167,sub64,167,ling_word_target,0.006280402045916365
11168,sub64,168,ling_word_target,0.0031328612322415496
11169,sub64,169,ling_word_target,0.025285460654898333
11170,sub64,170,ling_word_target,-0.0051357746878772925
11171,sub64,171,ling_word_target,-0.002324544840778302
11172,sub64,172,ling_word_target,0.0037506533168739377
11173,sub64,173,ling_word_target,-0.0039197985270862604
11174,sub64,174,ling_word_target,0.017618306029078545
11175,sub64,175,ling_word_target,0.00790257788795794
11176,sub64,176,ling_word_target,-0.011777263111348356
11177,sub64,177,ling_word_target,0.004859077988283948
11178,sub64,178,ling_word_target,0.02268442038708844
11179,sub64,179,ling_word_target,0.017282685732481005
11180,sub64,180,ling_word_target,0.00788526772522635
11181,sub64,181,ling_word_target,0.015823449894726067
11182,sub64,182,ling_word_target,0.007047225314519332
11183,sub64,183,ling_word_target,-0.017179716552214012
11184,sub64,184,ling_word_target,0.001422662636209115
11185,sub64,185,ling_word_target,-0.00018790865069379957
11186,sub64,186,ling_word_target,-0.017724066508642985
11187,sub64,187,ling_word_target,0.0012055161373815786
11188,sub64,188,ling_word_target,0.004676235966059663
11189,sub64,189,ling_word_target,0.003920595326635182
11190,sub64,190,ling_word_target,-0.012354072370177717
11191,sub64,191,ling_word_target,-0.005757335947915499
11192,sub64,192,ling_word_target,0.002517768837993203
11193,sub64,193,ling_word_target,-0.009178499263214035
11194,sub64,194,ling_word_target,0.016777052561038463
11195,sub64,195,ling_word_target,-0.017294492756518228
11196,sub64,196,ling_word_target,-0.0012553000565791509
11197,sub64,197,ling_word_target,0.0012140201630514217
11198,sub64,198,ling_word_target,-0.010846717580057633
11199,sub64,199,ling_word_target,-0.01062947900244592
11200,sub65,0,ling_word_target,0.002444610602254165
11201,sub65,1,ling_word_target,0.008667501939630924
11202,sub65,2,ling_word_target,-0.0015079431502636788
11203,sub65,3,ling_word_target,-0.005976203163657927
11204,sub65,4,ling_word_target,0.005341572818742295
11205,sub65,5,ling_word_target,0.006198038562378478
11206,sub65,6,ling_word_target,-0.01083240339285192
11207,sub65,7,ling_word_target,0.004170439996286317
11208,sub65,8,ling_word_target,-0.0163221312974249
11209,sub65,9,ling_word_target,0.005213150402858135
11210,sub65,10,ling_word_target,-0.006171254504284644
11211,sub65,11,ling_word_target,-0.004975093877210445
11212,sub65,12,ling_word_target,-0.012407373280968265
11213,sub65,13,ling_word_target,0.0005155104787927226
11214,sub65,14,ling_word_target,0.009898574874785111
11215,sub65,15,ling_word_target,0.011042788906131295
11216,sub65,16,ling_word_target,-0.00585375968782726
11217,sub65,17,ling_word_target,0.0006306256843465783
11218,sub65,18,ling_word_target,0.00839836200209583
11219,sub65,19,ling_word_target,0.0029579787966661857
11220,sub65,20,ling_word_target,-0.0034063544957003093
11221,sub65,21,ling_word_target,-0.002035124097918284
11222,sub65,22,ling_word_target,0.0008406170201793752
11223,sub65,23,ling_word_target,-0.009594567457354408
11224,sub65,24,ling_word_target,-0.01960804950868058
11225,sub65,25,ling_word_target,0.004985744704281387
11226,sub65,26,ling_word_target,0.005449225889871658
11227,sub65,27,ling_word_target,0.01062951666503303
11228,sub65,28,ling_word_target,-0.0027675807849651918
11229,sub65,29,ling_word_target,0.009013092861069515
11230,sub65,30,ling_word_target,0.005224331164328403
11231,sub65,31,ling_word_target,0.009550596784838819
11232,sub65,32,ling_word_target,-0.00215250257773636
11233,sub65,33,ling_word_target,-0.0016259010724824527
11234,sub65,34,ling_word_target,-0.0025213448983006973
11235,sub65,35,ling_word_target,-0.016779507205646645
11236,sub65,36,ling_word_target,0.009999005887642187
11237,sub65,37,ling_word_target,-0.01575632828148512
11238,sub65,38,ling_word_target,0.007483473335017408
11239,sub65,39,ling_word_target,0.008825020428040068
11240,sub65,40,ling_word_target,-0.0024659448900192834
11241,sub65,41,ling_word_target,-0.0006129518760141276
11242,sub65,42,ling_word_target,-0.019810586338840547
11243,sub65,43,ling_word_target,-0.008029210623162948
11244,sub65,44,ling_word_target,-0.009968697924310235
11245,sub65,45,ling_word_target,-0.0030453330004253107
11246,sub65,46,ling_word_target,-0.006709750512783722
11247,sub65,47,ling_word_target,-1.3975084096944077e-05
11248,sub65,48,ling_word_target,0.009141445861659367
11249,sub65,49,ling_word_target,-0.009836043212947516
11250,sub65,50,ling_word_target,-0.00044532471979098987
11251,sub65,51,ling_word_target,-0.0062639062900796206
11252,sub65,52,ling_word_target,-0.0006914353534113274
11253,sub65,53,ling_word_target,0.006945019956277725
11254,sub65,54,ling_word_target,-0.009304696117291324
11255,sub65,55,ling_word_target,-0.0024854089931800934
11256,sub65,56,ling_word_target,-0.01546259046799875
11257,sub65,57,ling_word_target,-0.016162119608434732
11258,sub65,58,ling_word_target,0.00232947272121095
11259,sub65,59,ling_word_target,0.002384928780369405
11260,sub65,60,ling_word_target,-0.0017894831797716222
11261,sub65,61,ling_word_target,-0.00939553406652165
11262,sub65,62,ling_word_target,0.0016681474375153664
11263,sub65,63,ling_word_target,0.0012956424315524865
11264,sub65,64,ling_word_target,-0.008067349114320608
11265,sub65,65,ling_word_target,-0.008213114484335256
11266,sub65,66,ling_word_target,0.012641876232466898
11267,sub65,67,ling_word_target,-0.006624266439648031
11268,sub65,68,ling_word_target,-0.008047332283184843
11269,sub65,69,ling_word_target,0.008435113670543516
11270,sub65,70,ling_word_target,1.4698344767740922e-05
11271,sub65,71,ling_word_target,-0.004587634895185051
11272,sub65,72,ling_word_target,0.003395416236986156
11273,sub65,73,ling_word_target,-0.0006651362361187404
11274,sub65,74,ling_word_target,0.007928137671645142
11275,sub65,75,ling_word_target,0.007808940593317479
11276,sub65,76,ling_word_target,-0.008895734245219078
11277,sub65,77,ling_word_target,0.009521329117344957
11278,sub65,78,ling_word_target,-0.0048355224637654055
11279,sub65,79,ling_word_target,-0.0095563150690895
11280,sub65,80,ling_word_target,-0.00999613908126101
11281,sub65,81,ling_word_target,0.0065272863745532055
11282,sub65,82,ling_word_target,0.008848680257949193
11283,sub65,83,ling_word_target,-0.017610102595260052
11284,sub65,84,ling_word_target,-0.004586338053616255
11285,sub65,85,ling_word_target,-0.0028912411520286858
11286,sub65,86,ling_word_target,0.008954454225840909
11287,sub65,87,ling_word_target,-0.010346664673688116
11288,sub65,88,ling_word_target,-0.006105924462304104
11289,sub65,89,ling_word_target,0.006797517942077486
11290,sub65,90,ling_word_target,-0.027045526231827943
11291,sub65,91,ling_word_target,-0.003640108273575915
11292,sub65,92,ling_word_target,0.009780682537010378
11293,sub65,93,ling_word_target,0.01622202172203573
11294,sub65,94,ling_word_target,-0.004744075286651434
11295,sub65,95,ling_word_target,-0.004369296080426331
11296,sub65,96,ling_word_target,0.009139156420867628
11297,sub65,97,ling_word_target,0.0003130123615921184
11298,sub65,98,ling_word_target,-0.008391599119034325
11299,sub65,99,ling_word_target,0.008550769476618002
11300,sub65,100,ling_word_target,-0.01230571639708065
11301,sub65,101,ling_word_target,0.004052680744638548
11302,sub65,102,ling_word_target,0.002616738112597394
11303,sub65,103,ling_word_target,-0.01908260732334334
11304,sub65,104,ling_word_target,-0.005277655498516637
11305,sub65,105,ling_word_target,-0.008547146827170038
11306,sub65,106,ling_word_target,-0.01323193620255007
11307,sub65,107,ling_word_target,-0.004756354361787545
11308,sub65,108,ling_word_target,-0.004311854173440299
11309,sub65,109,ling_word_target,-2.353448603262038e-05
11310,sub65,110,ling_word_target,0.01535173591722308
11311,sub65,111,ling_word_target,0.002355702008829823
11312,sub65,112,ling_word_target,-0.0074238500431230104
11313,sub65,113,ling_word_target,-0.00012031533728735941
11314,sub65,114,ling_word_target,-0.010763430899402312
11315,sub65,115,ling_word_target,-0.009367874647326557
11316,sub65,116,ling_word_target,0.007154291221689708
11317,sub65,117,ling_word_target,0.006812884673745689
11318,sub65,118,ling_word_target,-0.011130518077981353
11319,sub65,119,ling_word_target,0.007075825449706445
11320,sub65,120,ling_word_target,-0.00015128501844607754
11321,sub65,121,ling_word_target,-0.005326525218585852
11322,sub65,122,ling_word_target,-0.006122489080553763
11323,sub65,123,ling_word_target,-0.00043712462446521776
11324,sub65,124,ling_word_target,0.0026147043326754243
11325,sub65,125,ling_word_target,0.00872549708732251
11326,sub65,126,ling_word_target,-0.006969360324349188
11327,sub65,127,ling_word_target,-0.01569352629306596
11328,sub65,128,ling_word_target,0.0035853851060241295
11329,sub65,129,ling_word_target,0.009210267266084168
11330,sub65,130,ling_word_target,-0.0034154718482593987
11331,sub65,131,ling_word_target,-0.0007877622146793729
11332,sub65,132,ling_word_target,-0.009085088735603847
11333,sub65,133,ling_word_target,-0.007723483335037332
11334,sub65,134,ling_word_target,-0.006907689558436206
11335,sub65,135,ling_word_target,0.0007537581568894453
11336,sub65,136,ling_word_target,0.002489464772479841
11337,sub65,137,ling_word_target,0.0008134592225483839
11338,sub65,138,ling_word_target,-0.016474389007053895
11339,sub65,139,ling_word_target,-0.00017397178310847513
11340,sub65,140,ling_word_target,-0.004339199255051411
11341,sub65,141,ling_word_target,-0.006784670183333264
11342,sub65,142,ling_word_target,-0.005103123463129999
11343,sub65,143,ling_word_target,-0.0011272019812893013
11344,sub65,144,ling_word_target,0.0008031124245549626
11345,sub65,145,ling_word_target,-0.00041132324472996915
11346,sub65,146,ling_word_target,-0.00460673943385698
11347,sub65,147,ling_word_target,-0.010249634763548836
11348,sub65,148,ling_word_target,-0.005724945118556274
11349,sub65,149,ling_word_target,-0.005815435201317125
11350,sub65,150,ling_word_target,0.003935177173829082
11351,sub65,151,ling_word_target,-0.014242807103812864
11352,sub65,152,ling_word_target,-0.007190912297070573
11353,sub65,153,ling_word_target,0.0020209252871209726
11354,sub65,154,ling_word_target,0.002286129417697924
11355,sub65,155,ling_word_target,0.009992381022935839
11356,sub65,156,ling_word_target,-0.010252685816237091
11357,sub65,157,ling_word_target,0.007664912555518847
11358,sub65,158,ling_word_target,-0.0004358841644454835
11359,sub65,159,ling_word_target,0.0029855724158791516
11360,sub65,160,ling_word_target,-0.0037146921176620567
11361,sub65,161,ling_word_target,0.001356346943873558
11362,sub65,162,ling_word_target,-0.00254149943260611
11363,sub65,163,ling_word_target,0.005964448538252589
11364,sub65,164,ling_word_target,-0.0006420433480904651
11365,sub65,165,ling_word_target,0.00022529554522708012
11366,sub65,166,ling_word_target,-0.0035500579343736155
11367,sub65,167,ling_word_target,-0.0031447022221013023
11368,sub65,168,ling_word_target,0.012195285962702949
11369,sub65,169,ling_word_target,0.00988514468536656
11370,sub65,170,ling_word_target,-0.01772878140946939
11371,sub65,171,ling_word_target,0.011883190107932323
11372,sub65,172,ling_word_target,-0.004324350733019762
11373,sub65,173,ling_word_target,0.004085451363678718
11374,sub65,174,ling_word_target,-0.0008282420577166191
11375,sub65,175,ling_word_target,0.0007450101049404651
11376,sub65,176,ling_word_target,-0.006377209045597227
11377,sub65,177,ling_word_target,-0.010575204101773818
11378,sub65,178,ling_word_target,-0.010011614463604943
11379,sub65,179,ling_word_target,-0.01009201488684365
11380,sub65,180,ling_word_target,0.00908021439448574
11381,sub65,181,ling_word_target,0.0016197571708335824
11382,sub65,182,ling_word_target,-0.0029684069061063456
11383,sub65,183,ling_word_target,-0.015136782264726001
11384,sub65,184,ling_word_target,-0.002205918955521194
11385,sub65,185,ling_word_target,-0.007663760231127022
11386,sub65,186,ling_word_target,0.001196968865237214
11387,sub65,187,ling_word_target,-0.003093988718579558
11388,sub65,188,ling_word_target,0.015578203010680532
11389,sub65,189,ling_word_target,-0.007198037164248199
11390,sub65,190,ling_word_target,0.0009309472051842045
11391,sub65,191,ling_word_target,-0.001105641872573893
11392,sub65,192,ling_word_target,0.006952788711933504
11393,sub65,193,ling_word_target,0.00047249959096729905
11394,sub65,194,ling_word_target,-0.0018841804039470703
11395,sub65,195,ling_word_target,0.010566408991144118
11396,sub65,196,ling_word_target,0.008922714231807691
11397,sub65,197,ling_word_target,0.003964706315420009
11398,sub65,198,ling_word_target,0.0035540738641652394
11399,sub65,199,ling_word_target,0.001968687573572248
11400,sub66,0,ling_word_target,-0.0007607197503523994
11401,sub66,1,ling_word_target,0.009901721564720781
11402,sub66,2,ling_word_target,-0.03182341177136459
11403,sub66,3,ling_word_target,0.0018517062497284107
11404,sub66,4,ling_word_target,0.002407573774330459
11405,sub66,5,ling_word_target,0.014590765210643215
11406,sub66,6,ling_word_target,0.03534263628859975
11407,sub66,7,ling_word_target,0.0039309005437946935
11408,sub66,8,ling_word_target,0.029602084828110595
11409,sub66,9,ling_word_target,0.01037754082647217
11410,sub66,10,ling_word_target,0.0006605452030988479
11411,sub66,11,ling_word_target,-0.016415573409341702
11412,sub66,12,ling_word_target,-0.012297221554939322
11413,sub66,13,ling_word_target,-0.007459675713499726
11414,sub66,14,ling_word_target,0.02191893797568521
11415,sub66,15,ling_word_target,0.0009594528648595198
11416,sub66,16,ling_word_target,-0.010494738847188816
11417,sub66,17,ling_word_target,0.006540505450533066
11418,sub66,18,ling_word_target,-0.00794505327271769
11419,sub66,19,ling_word_target,0.02591527759539189
11420,sub66,20,ling_word_target,0.006069627532826182
11421,sub66,21,ling_word_target,0.022987508292719488
11422,sub66,22,ling_word_target,-0.007218551968368505
11423,sub66,23,ling_word_target,0.02399143518313014
11424,sub66,24,ling_word_target,0.0173540321570373
11425,sub66,25,ling_word_target,0.006648724569197473
11426,sub66,26,ling_word_target,-0.030969073898146154
11427,sub66,27,ling_word_target,0.0020116303025175747
11428,sub66,28,ling_word_target,-0.004607685291048718
11429,sub66,29,ling_word_target,-0.00346525658811305
11430,sub66,30,ling_word_target,-0.008583185477304824
11431,sub66,31,ling_word_target,0.01963418191954207
11432,sub66,32,ling_word_target,0.006525422716862894
11433,sub66,33,ling_word_target,-0.004503162351050796
11434,sub66,34,ling_word_target,0.003925087065232775
11435,sub66,35,ling_word_target,0.00045893668863945764
11436,sub66,36,ling_word_target,-0.007419947548886407
11437,sub66,37,ling_word_target,-0.009096908644025221
11438,sub66,38,ling_word_target,0.0057449991936777125
11439,sub66,39,ling_word_target,0.002499972738510401
11440,sub66,40,ling_word_target,0.00786620472464063
11441,sub66,41,ling_word_target,-0.026313754428880145
11442,sub66,42,ling_word_target,-0.015758524306053266
11443,sub66,43,ling_word_target,-0.004334010653665705
11444,sub66,44,ling_word_target,-0.011022855097526575
11445,sub66,45,ling_word_target,-0.01210386679438884
11446,sub66,46,ling_word_target,-0.002846663337106197
11447,sub66,47,ling_word_target,-0.01570532658768617
11448,sub66,48,ling_word_target,0.0018476772991947571
11449,sub66,49,ling_word_target,0.018028860999184812
11450,sub66,50,ling_word_target,0.013502653350899162
11451,sub66,51,ling_word_target,0.02228685008200507
11452,sub66,52,ling_word_target,0.0168488140445873
11453,sub66,53,ling_word_target,-0.0004347316253479689
11454,sub66,54,ling_word_target,-0.026168343025777214
11455,sub66,55,ling_word_target,-0.005521643695500014
11456,sub66,56,ling_word_target,0.011455590428080782
11457,sub66,57,ling_word_target,0.0029854843540504323
11458,sub66,58,ling_word_target,-0.005911133744443177
11459,sub66,59,ling_word_target,-0.008596323684537938
11460,sub66,60,ling_word_target,0.0015570791755241697
11461,sub66,61,ling_word_target,-0.004403378333361964
11462,sub66,62,ling_word_target,0.01772386344592829
11463,sub66,63,ling_word_target,-0.01603468679896944
11464,sub66,64,ling_word_target,0.0021532163360638034
11465,sub66,65,ling_word_target,0.0016548899548431513
11466,sub66,66,ling_word_target,0.005918353433770352
11467,sub66,67,ling_word_target,-0.0036852855376511232
11468,sub66,68,ling_word_target,-0.02350904679237418
11469,sub66,69,ling_word_target,-0.0006175665497733966
11470,sub66,70,ling_word_target,0.007577304818930147
11471,sub66,71,ling_word_target,0.0013359804134813287
11472,sub66,72,ling_word_target,0.01277883241434648
11473,sub66,73,ling_word_target,0.012411417492033562
11474,sub66,74,ling_word_target,0.010310718081389177
11475,sub66,75,ling_word_target,0.012166985055997934
11476,sub66,76,ling_word_target,0.026340187552460252
11477,sub66,77,ling_word_target,0.008562270531190524
11478,sub66,78,ling_word_target,-0.008715646965867005
11479,sub66,79,ling_word_target,0.0228334951941277
11480,sub66,80,ling_word_target,-0.008784426119435557
11481,sub66,81,ling_word_target,0.000710762799791407
11482,sub66,82,ling_word_target,-0.006665362520119211
11483,sub66,83,ling_word_target,-0.01769690066778425
11484,sub66,84,ling_word_target,-0.006204599465701557
11485,sub66,85,ling_word_target,0.0029902624120395085
11486,sub66,86,ling_word_target,-0.0073260775462749336
11487,sub66,87,ling_word_target,-0.0022932643237402995
11488,sub66,88,ling_word_target,0.0024182221980620566
11489,sub66,89,ling_word_target,0.008061512751749192
11490,sub66,90,ling_word_target,0.004631545001387813
11491,sub66,91,ling_word_target,0.0016451715518415906
11492,sub66,92,ling_word_target,0.015895246643894703
11493,sub66,93,ling_word_target,-0.033073027016829085
11494,sub66,94,ling_word_target,0.013177340498541046
11495,sub66,95,ling_word_target,0.004428573106422645
11496,sub66,96,ling_word_target,-0.0014756134678527105
11497,sub66,97,ling_word_target,-0.0022266611868303997
11498,sub66,98,ling_word_target,0.0015693176975003537
11499,sub66,99,ling_word_target,-0.0022422250457650697
11500,sub66,100,ling_word_target,0.027513995193027007
11501,sub66,101,ling_word_target,0.014515413259096215
11502,sub66,102,ling_word_target,-0.002157530849481732
11503,sub66,103,ling_word_target,0.017977574502481098
11504,sub66,104,ling_word_target,0.021275950647773788
11505,sub66,105,ling_word_target,0.007666205582309956
11506,sub66,106,ling_word_target,0.0017051442086223809
11507,sub66,107,ling_word_target,0.01145509918386309
11508,sub66,108,ling_word_target,-0.016479830813539105
11509,sub66,109,ling_word_target,-0.006551018404276684
11510,sub66,110,ling_word_target,-0.010809875073241668
11511,sub66,111,ling_word_target,0.01191905705948488
11512,sub66,112,ling_word_target,-0.003524813595431726
11513,sub66,113,ling_word_target,0.024021691958867976
11514,sub66,114,ling_word_target,0.0047294311847503444
11515,sub66,115,ling_word_target,-0.01956017421297347
11516,sub66,116,ling_word_target,-0.018579896260799044
11517,sub66,117,ling_word_target,0.000820133738991757
11518,sub66,118,ling_word_target,-0.004894144187906725
11519,sub66,119,ling_word_target,-2.0280430804496096e-05
11520,sub66,120,ling_word_target,-0.009342579923332744
11521,sub66,121,ling_word_target,0.0009388149980025771
11522,sub66,122,ling_word_target,-0.010238039572757368
11523,sub66,123,ling_word_target,0.008966348384430074
11524,sub66,124,ling_word_target,-0.007034425007981359
11525,sub66,125,ling_word_target,-0.022134539313515132
11526,sub66,126,ling_word_target,-0.005195320163658252
11527,sub66,127,ling_word_target,0.006740074906295944
11528,sub66,128,ling_word_target,0.00457628988039781
11529,sub66,129,ling_word_target,0.004568130709424113
11530,sub66,130,ling_word_target,0.011253162231281623
11531,sub66,131,ling_word_target,-0.006293383732583709
11532,sub66,132,ling_word_target,-0.013938995728701489
11533,sub66,133,ling_word_target,0.010191291686141642
11534,sub66,134,ling_word_target,0.007755215763425937
11535,sub66,135,ling_word_target,0.010164993776403787
11536,sub66,136,ling_word_target,-0.010329545850946332
11537,sub66,137,ling_word_target,0.0015305608849920575
11538,sub66,138,ling_word_target,0.004224636307995211
11539,sub66,139,ling_word_target,-0.012252477022974084
11540,sub66,140,ling_word_target,-0.008883278095134317
11541,sub66,141,ling_word_target,0.00925761036436514
11542,sub66,142,ling_word_target,0.024103708081199104
11543,sub66,143,ling_word_target,0.015545977118420009
11544,sub66,144,ling_word_target,-0.019628960550215537
11545,sub66,145,ling_word_target,-0.01266170306470959
11546,sub66,146,ling_word_target,-0.007404465490019073
11547,sub66,147,ling_word_target,0.010824705987023217
11548,sub66,148,ling_word_target,-0.005671910125738846
11549,sub66,149,ling_word_target,-0.010352914634568331
11550,sub66,150,ling_word_target,0.009141445927124953
11551,sub66,151,ling_word_target,-0.006413086328239828
11552,sub66,152,ling_word_target,0.013210342466675197
11553,sub66,153,ling_word_target,0.013629452049146831
11554,sub66,154,ling_word_target,0.0018392643631919298
11555,sub66,155,ling_word_target,0.008606409921177536
11556,sub66,156,ling_word_target,0.008283851682694602
11557,sub66,157,ling_word_target,-0.02466340282534115
11558,sub66,158,ling_word_target,0.0036105694128111447
11559,sub66,159,ling_word_target,0.02006905798601514
11560,sub66,160,ling_word_target,-0.015246665342384221
11561,sub66,161,ling_word_target,0.008497867650211342
11562,sub66,162,ling_word_target,-0.0010872629635538908
11563,sub66,163,ling_word_target,0.0014190247824475998
11564,sub66,164,ling_word_target,0.004440484570053674
11565,sub66,165,ling_word_target,-0.026035482398314335
11566,sub66,166,ling_word_target,-0.013247766039937476
11567,sub66,167,ling_word_target,-0.012761540422291905
11568,sub66,168,ling_word_target,-0.005956033589147849
11569,sub66,169,ling_word_target,0.0006643666021707615
11570,sub66,170,ling_word_target,0.014007028976635161
11571,sub66,171,ling_word_target,-0.014136299567592308
11572,sub66,172,ling_word_target,0.028028074213213752
11573,sub66,173,ling_word_target,-0.0026684538928868507
11574,sub66,174,ling_word_target,0.019758728411704975
11575,sub66,175,ling_word_target,0.009007709083581991
11576,sub66,176,ling_word_target,-0.01226488855241128
11577,sub66,177,ling_word_target,0.00932651772597844
11578,sub66,178,ling_word_target,-0.015906890270812105
11579,sub66,179,ling_word_target,-0.007075212832672553
11580,sub66,180,ling_word_target,-0.00577803088551003
11581,sub66,181,ling_word_target,0.011791082442291673
11582,sub66,182,ling_word_target,0.0107473308007053
11583,sub66,183,ling_word_target,-0.005259329593539877
11584,sub66,184,ling_word_target,0.011882867648473615
11585,sub66,185,ling_word_target,0.0019632315465406905
11586,sub66,186,ling_word_target,-0.008499325390803742
11587,sub66,187,ling_word_target,-0.0028949993611491836
11588,sub66,188,ling_word_target,0.026170566103047466
11589,sub66,189,ling_word_target,-0.004135167382744971
11590,sub66,190,ling_word_target,0.009649378558844533
11591,sub66,191,ling_word_target,-0.003442716468103572
11592,sub66,192,ling_word_target,-0.0015550844462809707
11593,sub66,193,ling_word_target,-0.005362464937267986
11594,sub66,194,ling_word_target,-0.00860154942917377
11595,sub66,195,ling_word_target,-0.017263085694741546
11596,sub66,196,ling_word_target,0.004511085297022821
11597,sub66,197,ling_word_target,-0.01044599418963218
11598,sub66,198,ling_word_target,-0.012815752399237972
11599,sub66,199,ling_word_target,-0.0015694712978108877
11600,sub67,0,ling_word_target,-0.0059086601213638335
11601,sub67,1,ling_word_target,0.0053000668456406495
11602,sub67,2,ling_word_target,-0.012067263198410304
11603,sub67,3,ling_word_target,-0.01820945824023858
11604,sub67,4,ling_word_target,-0.00392179987623384
11605,sub67,5,ling_word_target,-0.03295441457004367
11606,sub67,6,ling_word_target,-0.012381299035551342
11607,sub67,7,ling_word_target,0.009307525606875783
11608,sub67,8,ling_word_target,0.02403248270396862
11609,sub67,9,ling_word_target,0.020285913412580802
11610,sub67,10,ling_word_target,-0.0023391430855718505
11611,sub67,11,ling_word_target,-0.007183479731740074
11612,sub67,12,ling_word_target,0.010523185850666127
11613,sub67,13,ling_word_target,-0.00530650727024229
11614,sub67,14,ling_word_target,0.01232697036583555
11615,sub67,15,ling_word_target,0.008805619490402436
11616,sub67,16,ling_word_target,-0.015895100120105216
11617,sub67,17,ling_word_target,-0.003745559907350935
11618,sub67,18,ling_word_target,0.015388790161944475
11619,sub67,19,ling_word_target,-0.0031261055070889894
11620,sub67,20,ling_word_target,-0.010731543978249039
11621,sub67,21,ling_word_target,0.0007236671652129911
11622,sub67,22,ling_word_target,0.0162561730945289
11623,sub67,23,ling_word_target,0.010781767670485784
11624,sub67,24,ling_word_target,-0.019443649547699487
11625,sub67,25,ling_word_target,0.0013248375040330808
11626,sub67,26,ling_word_target,0.01257188479626025
11627,sub67,27,ling_word_target,-0.0025980733986383773
11628,sub67,28,ling_word_target,0.00408836565021028
11629,sub67,29,ling_word_target,0.006000113659764967
11630,sub67,30,ling_word_target,-0.007670778460230547
11631,sub67,31,ling_word_target,0.011743077106396157
11632,sub67,32,ling_word_target,0.005644752762458881
11633,sub67,33,ling_word_target,0.011171212302780193
11634,sub67,34,ling_word_target,0.0014775575483342222
11635,sub67,35,ling_word_target,-0.013273614396033044
11636,sub67,36,ling_word_target,-0.008130830502757282
11637,sub67,37,ling_word_target,0.00818062993018655
11638,sub67,38,ling_word_target,0.007798264475938472
11639,sub67,39,ling_word_target,0.004937054755378631
11640,sub67,40,ling_word_target,0.011536837708611976
11641,sub67,41,ling_word_target,-0.005143091113017314
11642,sub67,42,ling_word_target,-0.008968243589618778
11643,sub67,43,ling_word_target,0.008525710044746651
11644,sub67,44,ling_word_target,0.00261714421663864
11645,sub67,45,ling_word_target,-0.005105795081764563
11646,sub67,46,ling_word_target,-0.015815667195245728
11647,sub67,47,ling_word_target,0.012195505419564582
11648,sub67,48,ling_word_target,0.008718989442046314
11649,sub67,49,ling_word_target,0.010491871926560035
11650,sub67,50,ling_word_target,0.017760967787882137
11651,sub67,51,ling_word_target,-0.008046575459173822
11652,sub67,52,ling_word_target,-0.020856497480922786
11653,sub67,53,ling_word_target,-0.0020295607096416294
11654,sub67,54,ling_word_target,0.008649132633869792
11655,sub67,55,ling_word_target,-0.021849596811047485
11656,sub67,56,ling_word_target,0.009777864699911485
11657,sub67,57,ling_word_target,-0.011228386016128246
11658,sub67,58,ling_word_target,-0.04194965496606111
11659,sub67,59,ling_word_target,0.0060426358133616204
11660,sub67,60,ling_word_target,0.008645709378951762
11661,sub67,61,ling_word_target,-0.01565722473199444
11662,sub67,62,ling_word_target,-0.001516323234806685
11663,sub67,63,ling_word_target,0.00779489589841468
11664,sub67,64,ling_word_target,-0.004266263527904275
11665,sub67,65,ling_word_target,0.007576524684300377
11666,sub67,66,ling_word_target,-0.0007145593003757532
11667,sub67,67,ling_word_target,0.0011184696352925733
11668,sub67,68,ling_word_target,0.01179815161160662
11669,sub67,69,ling_word_target,0.004376161805472412
11670,sub67,70,ling_word_target,-0.012536983440687705
11671,sub67,71,ling_word_target,0.001958270000464412
11672,sub67,72,ling_word_target,0.015411168335144151
11673,sub67,73,ling_word_target,0.006868720349335803
11674,sub67,74,ling_word_target,0.017014306496749402
11675,sub67,75,ling_word_target,0.002647627740539678
11676,sub67,76,ling_word_target,0.0098889695723535
11677,sub67,77,ling_word_target,0.00866852831817101
11678,sub67,78,ling_word_target,0.00780504420415796
11679,sub67,79,ling_word_target,0.005324776501353332
11680,sub67,80,ling_word_target,0.007803070052265124
11681,sub67,81,ling_word_target,0.00456771380700328
11682,sub67,82,ling_word_target,-0.007776193796163574
11683,sub67,83,ling_word_target,-0.018485652459193064
11684,sub67,84,ling_word_target,-0.01027466222917314
11685,sub67,85,ling_word_target,-0.001991870283014093
11686,sub67,86,ling_word_target,0.01344089216414095
11687,sub67,87,ling_word_target,0.00834449106501791
11688,sub67,88,ling_word_target,-0.019870891907063273
11689,sub67,89,ling_word_target,-0.012003579397977098
11690,sub67,90,ling_word_target,0.019149583506621454
11691,sub67,91,ling_word_target,0.005094244618029362
11692,sub67,92,ling_word_target,0.007535694804031399
11693,sub67,93,ling_word_target,0.010252523351153104
11694,sub67,94,ling_word_target,0.014237799239458712
11695,sub67,95,ling_word_target,0.013026737022950709
11696,sub67,96,ling_word_target,0.004309389459522763
11697,sub67,97,ling_word_target,-0.01438687238149168
11698,sub67,98,ling_word_target,-0.009011471993182238
11699,sub67,99,ling_word_target,0.007334544026849142
11700,sub67,100,ling_word_target,0.0054475578146453915
11701,sub67,101,ling_word_target,-0.01054071255803612
11702,sub67,102,ling_word_target,-0.0008713839456828778
11703,sub67,103,ling_word_target,0.021464752074609256
11704,sub67,104,ling_word_target,0.006254258036351183
11705,sub67,105,ling_word_target,-0.0014431348818974492
11706,sub67,106,ling_word_target,0.005959310794224514
11707,sub67,107,ling_word_target,-0.003982239229970506
11708,sub67,108,ling_word_target,0.023666582144958925
11709,sub67,109,ling_word_target,0.007150907499836317
11710,sub67,110,ling_word_target,-0.011617294043697868
11711,sub67,111,ling_word_target,0.0065388138816559966
11712,sub67,112,ling_word_target,-0.018150930111045953
11713,sub67,113,ling_word_target,0.005637535590323295
11714,sub67,114,ling_word_target,0.012625535697931633
11715,sub67,115,ling_word_target,0.02143791166855751
11716,sub67,116,ling_word_target,0.007416223776643926
11717,sub67,117,ling_word_target,0.0034998011463096197
11718,sub67,118,ling_word_target,-0.023218972627134127
11719,sub67,119,ling_word_target,0.017612702063844864
11720,sub67,120,ling_word_target,0.001900465223870585
11721,sub67,121,ling_word_target,0.007843434015865635
11722,sub67,122,ling_word_target,0.00655470194795852
11723,sub67,123,ling_word_target,-0.02049234527735321
11724,sub67,124,ling_word_target,-0.001122902550069093
11725,sub67,125,ling_word_target,-0.013547461989423602
11726,sub67,126,ling_word_target,0.005195692727541241
11727,sub67,127,ling_word_target,0.0018647689690536662
11728,sub67,128,ling_word_target,0.009068321946816895
11729,sub67,129,ling_word_target,0.009164611089950458
11730,sub67,130,ling_word_target,0.018179933121935676
11731,sub67,131,ling_word_target,-0.00043129935234309
11732,sub67,132,ling_word_target,-0.005786465887897157
11733,sub67,133,ling_word_target,-0.01594295728421043
11734,sub67,134,ling_word_target,0.002224622920428711
11735,sub67,135,ling_word_target,0.0005169366432628607
11736,sub67,136,ling_word_target,-0.0062251527786495505
11737,sub67,137,ling_word_target,0.007815858193632912
11738,sub67,138,ling_word_target,0.015737587973953374
11739,sub67,139,ling_word_target,-0.016803506611745973
11740,sub67,140,ling_word_target,0.020013978530782652
11741,sub67,141,ling_word_target,-0.0018090503934109796
11742,sub67,142,ling_word_target,-0.01504556135200556
11743,sub67,143,ling_word_target,-0.0005102513460520157
11744,sub67,144,ling_word_target,0.00658490597602358
11745,sub67,145,ling_word_target,-0.0037811647381448803
11746,sub67,146,ling_word_target,0.00046125568060104925
11747,sub67,147,ling_word_target,0.01186284026518461
11748,sub67,148,ling_word_target,-0.0009726702205459797
11749,sub67,149,ling_word_target,-0.020399228841264674
11750,sub67,150,ling_word_target,0.010742004793235258
11751,sub67,151,ling_word_target,0.0006948702757423134
11752,sub67,152,ling_word_target,0.004524768963325693
11753,sub67,153,ling_word_target,-0.00012939550971004268
11754,sub67,154,ling_word_target,0.007710114137313331
11755,sub67,155,ling_word_target,0.01269809243658398
11756,sub67,156,ling_word_target,-0.004966308236053302
11757,sub67,157,ling_word_target,0.010261429301657575
11758,sub67,158,ling_word_target,0.011380487673615053
11759,sub67,159,ling_word_target,0.002697571115318377
11760,sub67,160,ling_word_target,0.00811012499519733
11761,sub67,161,ling_word_target,0.002827005506949767
11762,sub67,162,ling_word_target,0.016442869052378926
11763,sub67,163,ling_word_target,0.010712631865761225
11764,sub67,164,ling_word_target,0.0017716376009375503
11765,sub67,165,ling_word_target,-0.00016597405390556734
11766,sub67,166,ling_word_target,0.0211126344978147
11767,sub67,167,ling_word_target,0.017059386938434954
11768,sub67,168,ling_word_target,0.007039271257981323
11769,sub67,169,ling_word_target,0.002639114492169775
11770,sub67,170,ling_word_target,-0.0006466436585951582
11771,sub67,171,ling_word_target,-0.0028471998370900426
11772,sub67,172,ling_word_target,0.02506332420668858
11773,sub67,173,ling_word_target,0.005813124224947583
11774,sub67,174,ling_word_target,0.01202558400130588
11775,sub67,175,ling_word_target,0.010928602671448273
11776,sub67,176,ling_word_target,-0.007244789187827143
11777,sub67,177,ling_word_target,0.01931999250624443
11778,sub67,178,ling_word_target,-0.0071841481949027584
11779,sub67,179,ling_word_target,0.011698254492124489
11780,sub67,180,ling_word_target,0.011284590477873975
11781,sub67,181,ling_word_target,0.007653549625644534
11782,sub67,182,ling_word_target,0.018682527819169462
11783,sub67,183,ling_word_target,0.006049140880514212
11784,sub67,184,ling_word_target,-0.0072358967383487245
11785,sub67,185,ling_word_target,0.004740240160353826
11786,sub67,186,ling_word_target,-0.012615518168455044
11787,sub67,187,ling_word_target,0.00048181688308219334
11788,sub67,188,ling_word_target,0.026977326456888103
11789,sub67,189,ling_word_target,-0.0034066481308182126
11790,sub67,190,ling_word_target,-0.022804605306421425
11791,sub67,191,ling_word_target,0.0024100661516603685
11792,sub67,192,ling_word_target,0.008262364978273455
11793,sub67,193,ling_word_target,-0.010991744424263573
11794,sub67,194,ling_word_target,-0.009399318487902463
11795,sub67,195,ling_word_target,0.005975571467440745
11796,sub67,196,ling_word_target,-0.00357485174614134
11797,sub67,197,ling_word_target,-0.0013320326305361113
11798,sub67,198,ling_word_target,-0.006711941034917482
11799,sub67,199,ling_word_target,-0.016721335823384035
11800,sub68,0,ling_word_target,-0.0017198652943390457
11801,sub68,1,ling_word_target,-0.011500456964840504
11802,sub68,2,ling_word_target,0.012934171828181138
11803,sub68,3,ling_word_target,0.005368033234286139
11804,sub68,4,ling_word_target,-0.05003778130163476
11805,sub68,5,ling_word_target,0.024453364650745
11806,sub68,6,ling_word_target,-0.004102937448654567
11807,sub68,7,ling_word_target,0.024035924894593115
11808,sub68,8,ling_word_target,0.0065530220469446655
11809,sub68,9,ling_word_target,0.011885676180420796
11810,sub68,10,ling_word_target,0.02712629194821027
11811,sub68,11,ling_word_target,0.045241178008336706
11812,sub68,12,ling_word_target,0.005062931211932368
11813,sub68,13,ling_word_target,0.03303952968391385
11814,sub68,14,ling_word_target,0.010826390474188315
11815,sub68,15,ling_word_target,-0.02844665148259752
11816,sub68,16,ling_word_target,0.027418574339032394
11817,sub68,17,ling_word_target,-0.006709615180256265
11818,sub68,18,ling_word_target,0.0020633842409625938
11819,sub68,19,ling_word_target,0.0054408951485102495
11820,sub68,20,ling_word_target,-0.019807374669999656
11821,sub68,21,ling_word_target,-5.0085472565175846e-05
11822,sub68,22,ling_word_target,0.011641512552272432
11823,sub68,23,ling_word_target,0.005978623317490459
11824,sub68,24,ling_word_target,0.014305532224742326
11825,sub68,25,ling_word_target,0.020055848484187705
11826,sub68,26,ling_word_target,0.025213950130947755
11827,sub68,27,ling_word_target,0.003246248032198953
11828,sub68,28,ling_word_target,0.025301253709474912
11829,sub68,29,ling_word_target,0.012868310143164209
11830,sub68,30,ling_word_target,0.002222238994313733
11831,sub68,31,ling_word_target,0.009580030306495515
11832,sub68,32,ling_word_target,-0.01500127880264799
11833,sub68,33,ling_word_target,-0.009254085758254222
11834,sub68,34,ling_word_target,-0.008105210911568171
11835,sub68,35,ling_word_target,0.010557926411973907
11836,sub68,36,ling_word_target,0.04561327537673673
11837,sub68,37,ling_word_target,-0.024197553912052545
11838,sub68,38,ling_word_target,0.0029676898000784444
11839,sub68,39,ling_word_target,-0.004702114158627969
11840,sub68,40,ling_word_target,0.020107098604103923
11841,sub68,41,ling_word_target,0.029073343503578986
11842,sub68,42,ling_word_target,-0.005773711789655811
11843,sub68,43,ling_word_target,0.003092256304905796
11844,sub68,44,ling_word_target,0.01113220368687153
11845,sub68,45,ling_word_target,-0.015559705035874286
11846,sub68,46,ling_word_target,0.006382006689328388
11847,sub68,47,ling_word_target,-0.009844802432086535
11848,sub68,48,ling_word_target,-0.009741807536988355
11849,sub68,49,ling_word_target,-0.006115241302167411
11850,sub68,50,ling_word_target,0.017379505000165166
11851,sub68,51,ling_word_target,0.0043991478037269886
11852,sub68,52,ling_word_target,0.002758049742432054
11853,sub68,53,ling_word_target,0.0035206366612063433
11854,sub68,54,ling_word_target,0.003439556845379714
11855,sub68,55,ling_word_target,0.012679433731701998
11856,sub68,56,ling_word_target,-0.011865746912098586
11857,sub68,57,ling_word_target,-0.004332132907785999
11858,sub68,58,ling_word_target,0.008389215170967645
11859,sub68,59,ling_word_target,0.00036722595531302215
11860,sub68,60,ling_word_target,0.0034659325220006746
11861,sub68,61,ling_word_target,0.03991359393447939
11862,sub68,62,ling_word_target,-0.0013592394611901786
11863,sub68,63,ling_word_target,-0.010821663774905961
11864,sub68,64,ling_word_target,0.003154737560517243
11865,sub68,65,ling_word_target,-0.008302790064256976
11866,sub68,66,ling_word_target,0.008016100180720636
11867,sub68,67,ling_word_target,0.004319841900687696
11868,sub68,68,ling_word_target,-0.008540595453695754
11869,sub68,69,ling_word_target,-0.001974557281899779
11870,sub68,70,ling_word_target,2.565453272245858e-05
11871,sub68,71,ling_word_target,0.0018549856468746781
11872,sub68,72,ling_word_target,-0.011225069162747075
11873,sub68,73,ling_word_target,0.0005934874492322029
11874,sub68,74,ling_word_target,0.025647831655759696
11875,sub68,75,ling_word_target,-0.011660143282924059
11876,sub68,76,ling_word_target,-0.016494809084959393
11877,sub68,77,ling_word_target,0.0015665106896516885
11878,sub68,78,ling_word_target,-0.008498827005262595
11879,sub68,79,ling_word_target,-0.012825658192920237
11880,sub68,80,ling_word_target,-0.01056262426018227
11881,sub68,81,ling_word_target,-0.0177535187947833
11882,sub68,82,ling_word_target,0.0042093409275299415
11883,sub68,83,ling_word_target,-0.016195994912984384
11884,sub68,84,ling_word_target,-0.006746422967317258
11885,sub68,85,ling_word_target,0.01048536588030712
11886,sub68,86,ling_word_target,-0.007342308048245069
11887,sub68,87,ling_word_target,0.0323036558620081
11888,sub68,88,ling_word_target,-0.0007789832507355882
11889,sub68,89,ling_word_target,0.05810919520305171
11890,sub68,90,ling_word_target,0.013907538468455834
11891,sub68,91,ling_word_target,-0.0069135116970016055
11892,sub68,92,ling_word_target,-0.0035562151978452386
11893,sub68,93,ling_word_target,0.005064666755461681
11894,sub68,94,ling_word_target,-0.005969046930986791
11895,sub68,95,ling_word_target,-0.004149711003072894
11896,sub68,96,ling_word_target,0.0146156353940028
11897,sub68,97,ling_word_target,-0.02366872352034412
11898,sub68,98,ling_word_target,-0.00389783074873628
11899,sub68,99,ling_word_target,0.008789336715980176
11900,sub68,100,ling_word_target,-0.003346707108535199
11901,sub68,101,ling_word_target,-0.009606451852426062
11902,sub68,102,ling_word_target,0.0002971781148517605
11903,sub68,103,ling_word_target,-0.011772514477675362
11904,sub68,104,ling_word_target,0.027518803590380468
11905,sub68,105,ling_word_target,0.002767692005902809
11906,sub68,106,ling_word_target,-0.011577794529334268
11907,sub68,107,ling_word_target,-0.010470979501986487
11908,sub68,108,ling_word_target,-0.003969059401644461
11909,sub68,109,ling_word_target,0.006785476429398138
11910,sub68,110,ling_word_target,-0.005945729776591254
11911,sub68,111,ling_word_target,-0.0003527200862087707
11912,sub68,112,ling_word_target,0.019311789284057176
11913,sub68,113,ling_word_target,0.015044459763123698
11914,sub68,114,ling_word_target,-0.000689878714652009
11915,sub68,115,ling_word_target,0.016153523857564144
11916,sub68,116,ling_word_target,0.0013169305251313854
11917,sub68,117,ling_word_target,0.029452488508326692
11918,sub68,118,ling_word_target,0.03014223707134779
11919,sub68,119,ling_word_target,0.027658464108962607
11920,sub68,120,ling_word_target,0.010126303426616658
11921,sub68,121,ling_word_target,0.0029760656574418466
11922,sub68,122,ling_word_target,0.009741761212208688
11923,sub68,123,ling_word_target,-0.0040885181160174935
11924,sub68,124,ling_word_target,0.006063347387624026
11925,sub68,125,ling_word_target,0.008329713539253807
11926,sub68,126,ling_word_target,0.0031815972756625223
11927,sub68,127,ling_word_target,-0.007821710629196775
11928,sub68,128,ling_word_target,0.00042104248238008737
11929,sub68,129,ling_word_target,-0.023766092593253425
11930,sub68,130,ling_word_target,-0.004137650358574407
11931,sub68,131,ling_word_target,0.012694554792273395
11932,sub68,132,ling_word_target,0.03779331837247366
11933,sub68,133,ling_word_target,-0.025732825274213694
11934,sub68,134,ling_word_target,-0.0014262453181911085
11935,sub68,135,ling_word_target,-0.037273746357669765
11936,sub68,136,ling_word_target,0.03547728360839014
11937,sub68,137,ling_word_target,0.0214149813962616
11938,sub68,138,ling_word_target,-0.004692682408689143
11939,sub68,139,ling_word_target,0.021136078695118042
11940,sub68,140,ling_word_target,-0.0042323879725941595
11941,sub68,141,ling_word_target,-0.011315747149901115
11942,sub68,142,ling_word_target,0.006136774622752292
11943,sub68,143,ling_word_target,0.006589139005786164
11944,sub68,144,ling_word_target,-0.02322426841717692
11945,sub68,145,ling_word_target,4.40559954021725e-06
11946,sub68,146,ling_word_target,-0.006425369073674136
11947,sub68,147,ling_word_target,-0.014477084787913588
11948,sub68,148,ling_word_target,0.006624850340786012
11949,sub68,149,ling_word_target,-0.06668618567357962
11950,sub68,150,ling_word_target,0.003711283365471137
11951,sub68,151,ling_word_target,-0.0026651835757832915
11952,sub68,152,ling_word_target,-0.012706103998766769
11953,sub68,153,ling_word_target,-0.020891219025981896
11954,sub68,154,ling_word_target,0.011777677372341004
11955,sub68,155,ling_word_target,0.014859486642361036
11956,sub68,156,ling_word_target,0.010740163918379423
11957,sub68,157,ling_word_target,-0.031285487151126036
11958,sub68,158,ling_word_target,-0.047965934612200244
11959,sub68,159,ling_word_target,0.0012090783690654463
11960,sub68,160,ling_word_target,-0.010669656626933362
11961,sub68,161,ling_word_target,0.0013254431761388493
11962,sub68,162,ling_word_target,0.008377357642689546
11963,sub68,163,ling_word_target,0.014458285313732054
11964,sub68,164,ling_word_target,-0.014705185073367587
11965,sub68,165,ling_word_target,0.02403429000784402
11966,sub68,166,ling_word_target,0.009359126476860014
11967,sub68,167,ling_word_target,0.023629379600032415
11968,sub68,168,ling_word_target,0.03525744839203246
11969,sub68,169,ling_word_target,-0.008102471753476215
11970,sub68,170,ling_word_target,-0.0007561841808012972
11971,sub68,171,ling_word_target,0.019668089788265477
11972,sub68,172,ling_word_target,0.002716858768531854
11973,sub68,173,ling_word_target,-0.021236120750087448
11974,sub68,174,ling_word_target,0.03882973845751926
11975,sub68,175,ling_word_target,-0.0003404911241592943
11976,sub68,176,ling_word_target,-0.00023029750458579746
11977,sub68,177,ling_word_target,0.02612366284270318
11978,sub68,178,ling_word_target,-0.01925073572802297
11979,sub68,179,ling_word_target,0.00018247778447060212
11980,sub68,180,ling_word_target,0.03998693498893812
11981,sub68,181,ling_word_target,-0.002364558875485953
11982,sub68,182,ling_word_target,-0.019755165747110948
11983,sub68,183,ling_word_target,0.01986442291646853
11984,sub68,184,ling_word_target,0.006799328287696267
11985,sub68,185,ling_word_target,0.032884894877278095
11986,sub68,186,ling_word_target,-0.016079931004106394
11987,sub68,187,ling_word_target,0.0009314403003129924
11988,sub68,188,ling_word_target,-0.012943185226857229
11989,sub68,189,ling_word_target,0.009524833045622022
11990,sub68,190,ling_word_target,-0.007956746740425602
11991,sub68,191,ling_word_target,-0.0005970698509806357
11992,sub68,192,ling_word_target,-6.055605037302636e-06
11993,sub68,193,ling_word_target,0.01948781015198907
11994,sub68,194,ling_word_target,-0.0223609768150544
11995,sub68,195,ling_word_target,0.005651578613109039
11996,sub68,196,ling_word_target,-0.006752931401082671
11997,sub68,197,ling_word_target,0.045168790590474066
11998,sub68,198,ling_word_target,-0.00863588821592818
11999,sub68,199,ling_word_target,0.022554090643114647
12000,sub69,0,ling_word_target,-0.059135685548469874
12001,sub69,1,ling_word_target,0.008536003791343231
12002,sub69,2,ling_word_target,0.010857289120110039
12003,sub69,3,ling_word_target,-0.03900588183162286
12004,sub69,4,ling_word_target,-0.0008367869188329141
12005,sub69,5,ling_word_target,0.00862855779470322
12006,sub69,6,ling_word_target,0.004413321331745856
12007,sub69,7,ling_word_target,0.002691125587374848
12008,sub69,8,ling_word_target,0.04387482684121783
12009,sub69,9,ling_word_target,-0.006804840750273278
12010,sub69,10,ling_word_target,-0.000604363438179586
12011,sub69,11,ling_word_target,0.01631055993309637
12012,sub69,12,ling_word_target,0.03023879661369081
12013,sub69,13,ling_word_target,-0.022170866206597264
12014,sub69,14,ling_word_target,0.040350377868334404
12015,sub69,15,ling_word_target,-0.03079838460296917
12016,sub69,16,ling_word_target,0.012756046836021055
12017,sub69,17,ling_word_target,0.016138854777719085
12018,sub69,18,ling_word_target,-0.005263089208244271
12019,sub69,19,ling_word_target,0.037873840761977674
12020,sub69,20,ling_word_target,0.015700859422657053
12021,sub69,21,ling_word_target,-0.04034050228259349
12022,sub69,22,ling_word_target,0.006078671407511083
12023,sub69,23,ling_word_target,-0.0019812307476741184
12024,sub69,24,ling_word_target,0.02740470881546292
12025,sub69,25,ling_word_target,-0.04545286312994979
12026,sub69,26,ling_word_target,0.020063906593891175
12027,sub69,27,ling_word_target,0.04601233561035423
12028,sub69,28,ling_word_target,0.010254345061835337
12029,sub69,29,ling_word_target,-0.025561121906105683
12030,sub69,30,ling_word_target,-0.026490352444574424
12031,sub69,31,ling_word_target,0.0034028587889581973
12032,sub69,32,ling_word_target,0.01008323786803037
12033,sub69,33,ling_word_target,-0.015051362721923457
12034,sub69,34,ling_word_target,0.014715267219849134
12035,sub69,35,ling_word_target,0.016563769787285486
12036,sub69,36,ling_word_target,0.003062109729344082
12037,sub69,37,ling_word_target,-0.02668289354147698
12038,sub69,38,ling_word_target,0.027835568294861262
12039,sub69,39,ling_word_target,0.011264786100984718
12040,sub69,40,ling_word_target,-0.0035093039628822232
12041,sub69,41,ling_word_target,-0.030930236659813346
12042,sub69,42,ling_word_target,-0.020826908283270523
12043,sub69,43,ling_word_target,0.006965602857578601
12044,sub69,44,ling_word_target,-0.019669086825686553
12045,sub69,45,ling_word_target,0.003364482624737988
12046,sub69,46,ling_word_target,0.0010219020820147636
12047,sub69,47,ling_word_target,-0.004447032816813599
12048,sub69,48,ling_word_target,0.036897071720130556
12049,sub69,49,ling_word_target,-0.0011202067464673086
12050,sub69,50,ling_word_target,-0.027823675013412798
12051,sub69,51,ling_word_target,-0.01448213548981503
12052,sub69,52,ling_word_target,0.02181136621601381
12053,sub69,53,ling_word_target,-0.005787137426697846
12054,sub69,54,ling_word_target,-0.016393148488239317
12055,sub69,55,ling_word_target,-0.005391916004159366
12056,sub69,56,ling_word_target,0.008240746560848968
12057,sub69,57,ling_word_target,0.012755785209945495
12058,sub69,58,ling_word_target,0.0333771432666072
12059,sub69,59,ling_word_target,-0.0015674544252966458
12060,sub69,60,ling_word_target,-0.005289185458244099
12061,sub69,61,ling_word_target,0.025265604353138394
12062,sub69,62,ling_word_target,0.01975609615383414
12063,sub69,63,ling_word_target,0.018119227598181676
12064,sub69,64,ling_word_target,0.03186773317124035
12065,sub69,65,ling_word_target,-0.013360059671464912
12066,sub69,66,ling_word_target,-0.02060330102228386
12067,sub69,67,ling_word_target,0.00725162371446819
12068,sub69,68,ling_word_target,0.010950907635606768
12069,sub69,69,ling_word_target,0.01286673316741075
12070,sub69,70,ling_word_target,-0.0022480878011149254
12071,sub69,71,ling_word_target,-0.027515044813661547
12072,sub69,72,ling_word_target,0.015838648965171193
12073,sub69,73,ling_word_target,0.04433528310442028
12074,sub69,74,ling_word_target,0.0006986066546268281
12075,sub69,75,ling_word_target,-0.0028832318947231593
12076,sub69,76,ling_word_target,-0.006282506807262824
12077,sub69,77,ling_word_target,-0.0018059971246689082
12078,sub69,78,ling_word_target,-0.011629138508443907
12079,sub69,79,ling_word_target,0.006790130628650175
12080,sub69,80,ling_word_target,0.017789134017970224
12081,sub69,81,ling_word_target,-0.004786172609203359
12082,sub69,82,ling_word_target,-0.019148833051843794
12083,sub69,83,ling_word_target,0.005590139270301972
12084,sub69,84,ling_word_target,-0.008472294349292432
12085,sub69,85,ling_word_target,0.0082811482333187
12086,sub69,86,ling_word_target,0.0051662598621748336
12087,sub69,87,ling_word_target,-0.01543743537803834
12088,sub69,88,ling_word_target,0.014110357904233817
12089,sub69,89,ling_word_target,0.04682848633562676
12090,sub69,90,ling_word_target,-0.0015334469263618093
12091,sub69,91,ling_word_target,-0.025367784247030872
12092,sub69,92,ling_word_target,0.031731669552822105
12093,sub69,93,ling_word_target,0.03564012184684459
12094,sub69,94,ling_word_target,-0.008436083414703657
12095,sub69,95,ling_word_target,-0.022313649512125066
12096,sub69,96,ling_word_target,0.01513243395208364
12097,sub69,97,ling_word_target,-0.007132764550815742
12098,sub69,98,ling_word_target,-0.022660554298970736
12099,sub69,99,ling_word_target,-0.0018143960091426949
12100,sub69,100,ling_word_target,-0.016220101394230343
12101,sub69,101,ling_word_target,-0.004027872086087465
12102,sub69,102,ling_word_target,0.013657553673104153
12103,sub69,103,ling_word_target,-0.02643540920208555
12104,sub69,104,ling_word_target,0.01400190713406226
12105,sub69,105,ling_word_target,-0.0004553606706445565
12106,sub69,106,ling_word_target,0.017667728720653385
12107,sub69,107,ling_word_target,0.03716132682124734
12108,sub69,108,ling_word_target,-0.008929470170316235
12109,sub69,109,ling_word_target,-0.010110895949065045
12110,sub69,110,ling_word_target,-0.011516810234537092
12111,sub69,111,ling_word_target,0.009694968049870193
12112,sub69,112,ling_word_target,0.024582297949279516
12113,sub69,113,ling_word_target,-0.017573059369921058
12114,sub69,114,ling_word_target,-0.030080079537439606
12115,sub69,115,ling_word_target,0.01098239060239598
12116,sub69,116,ling_word_target,0.040111314473993714
12117,sub69,117,ling_word_target,-0.031152430352668774
12118,sub69,118,ling_word_target,-0.01395151980684808
12119,sub69,119,ling_word_target,0.012955659970257027
12120,sub69,120,ling_word_target,0.010859505125193642
12121,sub69,121,ling_word_target,0.006796360843636267
12122,sub69,122,ling_word_target,-0.022743469850010304
12123,sub69,123,ling_word_target,-0.005299601714067866
12124,sub69,124,ling_word_target,0.010981780442789434
12125,sub69,125,ling_word_target,0.021599786051888174
12126,sub69,126,ling_word_target,-0.004037068650928459
12127,sub69,127,ling_word_target,-0.026375265397780224
12128,sub69,128,ling_word_target,0.004213635665833195
12129,sub69,129,ling_word_target,0.03458114128233927
12130,sub69,130,ling_word_target,0.016415431118517086
12131,sub69,131,ling_word_target,-0.018192066463968194
12132,sub69,132,ling_word_target,0.00546956263971805
12133,sub69,133,ling_word_target,0.017210249240734304
12134,sub69,134,ling_word_target,-0.0001490689655919345
12135,sub69,135,ling_word_target,-0.012519326171610059
12136,sub69,136,ling_word_target,0.021401729710731992
12137,sub69,137,ling_word_target,-0.0233123455091216
12138,sub69,138,ling_word_target,0.013901339334088608
12139,sub69,139,ling_word_target,0.0005469908497489159
12140,sub69,140,ling_word_target,0.0017410001031158554
12141,sub69,141,ling_word_target,-0.014770927763180204
12142,sub69,142,ling_word_target,0.02556224512792092
12143,sub69,143,ling_word_target,-0.003396836810126711
12144,sub69,144,ling_word_target,0.00358756560701466
12145,sub69,145,ling_word_target,0.0082000956450227
12146,sub69,146,ling_word_target,0.004055745713926054
12147,sub69,147,ling_word_target,0.009569458329216813
12148,sub69,148,ling_word_target,-0.023865124175334082
12149,sub69,149,ling_word_target,0.009787443233811977
12150,sub69,150,ling_word_target,-0.0004405983107252082
12151,sub69,151,ling_word_target,-0.028805021361440333
12152,sub69,152,ling_word_target,0.006476448206542603
12153,sub69,153,ling_word_target,-0.01659675098445267
12154,sub69,154,ling_word_target,-0.002277797727162094
12155,sub69,155,ling_word_target,0.02551053430737594
12156,sub69,156,ling_word_target,-0.005879397089710747
12157,sub69,157,ling_word_target,-0.01772365847915711
12158,sub69,158,ling_word_target,0.018501411041420376
12159,sub69,159,ling_word_target,-0.011550594530822708
12160,sub69,160,ling_word_target,0.04850766475117324
12161,sub69,161,ling_word_target,0.0066974611906071594
12162,sub69,162,ling_word_target,-0.004219840502463609
12163,sub69,163,ling_word_target,0.008194986409061451
12164,sub69,164,ling_word_target,-0.00533824050675836
12165,sub69,165,ling_word_target,-0.0076735011755956995
12166,sub69,166,ling_word_target,-0.010302416349909775
12167,sub69,167,ling_word_target,-0.007291392199694807
12168,sub69,168,ling_word_target,0.016832345308710788
12169,sub69,169,ling_word_target,0.0286642143910085
12170,sub69,170,ling_word_target,0.0334109203253015
12171,sub69,171,ling_word_target,-0.01486700836448352
12172,sub69,172,ling_word_target,0.010244313075811735
12173,sub69,173,ling_word_target,0.031057199666272357
12174,sub69,174,ling_word_target,-0.008724166239770516
12175,sub69,175,ling_word_target,-0.02253040509816363
12176,sub69,176,ling_word_target,0.0008655884742090903
12177,sub69,177,ling_word_target,-0.029408943854817998
12178,sub69,178,ling_word_target,-0.015504317247338632
12179,sub69,179,ling_word_target,-0.0011163052620721055
12180,sub69,180,ling_word_target,0.0022183812714083586
12181,sub69,181,ling_word_target,0.014066478427311343
12182,sub69,182,ling_word_target,-0.008200279636486361
12183,sub69,183,ling_word_target,-0.002595111303595357
12184,sub69,184,ling_word_target,0.0027991259239325992
12185,sub69,185,ling_word_target,-0.030940467761809625
12186,sub69,186,ling_word_target,-0.01619178877406473
12187,sub69,187,ling_word_target,-0.004872144542847863
12188,sub69,188,ling_word_target,0.0034276718997994092
12189,sub69,189,ling_word_target,0.01403455486962021
12190,sub69,190,ling_word_target,0.00030825068196015164
12191,sub69,191,ling_word_target,0.0015638027254168106
12192,sub69,192,ling_word_target,0.016559788621446365
12193,sub69,193,ling_word_target,-0.004652415924719503
12194,sub69,194,ling_word_target,-0.03922481207558804
12195,sub69,195,ling_word_target,-0.05235514770017439
12196,sub69,196,ling_word_target,0.04449635498606582
12197,sub69,197,ling_word_target,-0.015169801759310993
12198,sub69,198,ling_word_target,-0.02438083957854945
12199,sub69,199,ling_word_target,-0.012977715448834852
12200,sub70,0,ling_word_target,-0.006206094779858784
12201,sub70,1,ling_word_target,0.00012353787964950055
12202,sub70,2,ling_word_target,-0.0024401388158587127
12203,sub70,3,ling_word_target,-0.014064969849569888
12204,sub70,4,ling_word_target,-0.0062759095074069165
12205,sub70,5,ling_word_target,-0.008557581885081569
12206,sub70,6,ling_word_target,-0.0037679083747363088
12207,sub70,7,ling_word_target,-0.001392248077377245
12208,sub70,8,ling_word_target,0.015375597849862081
12209,sub70,9,ling_word_target,0.010344185386872432
12210,sub70,10,ling_word_target,-0.009372946232862807
12211,sub70,11,ling_word_target,-0.017308743512954597
12212,sub70,12,ling_word_target,-0.016843603205666313
12213,sub70,13,ling_word_target,-0.0043484046814150825
12214,sub70,14,ling_word_target,0.0029872935807836003
12215,sub70,15,ling_word_target,-0.006823093849521644
12216,sub70,16,ling_word_target,0.003892218562016228
12217,sub70,17,ling_word_target,-0.003816753432768141
12218,sub70,18,ling_word_target,0.01080760355571585
12219,sub70,19,ling_word_target,0.02264621250281949
12220,sub70,20,ling_word_target,0.0031680910985546025
12221,sub70,21,ling_word_target,-0.003471824913597234
12222,sub70,22,ling_word_target,0.012585408382862458
12223,sub70,23,ling_word_target,-0.006274611196652077
12224,sub70,24,ling_word_target,-0.027036651572479618
12225,sub70,25,ling_word_target,0.009581839863487368
12226,sub70,26,ling_word_target,0.01041189136955958
12227,sub70,27,ling_word_target,0.014926145031359627
12228,sub70,28,ling_word_target,-0.011597729162320103
12229,sub70,29,ling_word_target,-0.023396315329417418
12230,sub70,30,ling_word_target,0.005132056407848951
12231,sub70,31,ling_word_target,0.009205384568122917
12232,sub70,32,ling_word_target,0.00300037136731242
12233,sub70,33,ling_word_target,0.019373876201451295
12234,sub70,34,ling_word_target,-0.003482717683331464
12235,sub70,35,ling_word_target,0.00191678462779813
12236,sub70,36,ling_word_target,-0.004872399061426582
12237,sub70,37,ling_word_target,0.008632938647152363
12238,sub70,38,ling_word_target,0.023284322408734383
12239,sub70,39,ling_word_target,-0.00977106163123732
12240,sub70,40,ling_word_target,-0.010235249556040642
12241,sub70,41,ling_word_target,0.02148893005380241
12242,sub70,42,ling_word_target,0.018508317667842354
12243,sub70,43,ling_word_target,-0.02148305028503652
12244,sub70,44,ling_word_target,-0.013983471143164847
12245,sub70,45,ling_word_target,-0.013359868492263872
12246,sub70,46,ling_word_target,0.011336289359381316
12247,sub70,47,ling_word_target,0.0017303498260541827
12248,sub70,48,ling_word_target,0.014807012318817824
12249,sub70,49,ling_word_target,0.01339729381372691
12250,sub70,50,ling_word_target,-0.0022476328532274937
12251,sub70,51,ling_word_target,-0.009855670985619435
12252,sub70,52,ling_word_target,-0.002139255205700098
12253,sub70,53,ling_word_target,-0.02119689527865577
12254,sub70,54,ling_word_target,-0.007137706104416693
12255,sub70,55,ling_word_target,-0.012394303205754994
12256,sub70,56,ling_word_target,-0.0047420781526665064
12257,sub70,57,ling_word_target,0.019377322430140786
12258,sub70,58,ling_word_target,0.03370713383654532
12259,sub70,59,ling_word_target,0.016778924870124418
12260,sub70,60,ling_word_target,0.03741302549158688
12261,sub70,61,ling_word_target,-0.018795302072594854
12262,sub70,62,ling_word_target,0.01951437415580378
12263,sub70,63,ling_word_target,-0.010413940473030096
12264,sub70,64,ling_word_target,-0.012744000777141417
12265,sub70,65,ling_word_target,-0.005053537502275797
12266,sub70,66,ling_word_target,-0.002163930017942076
12267,sub70,67,ling_word_target,0.027900744657679718
12268,sub70,68,ling_word_target,0.01733713147210591
12269,sub70,69,ling_word_target,0.015567300998687096
12270,sub70,70,ling_word_target,0.0020078514810906796
12271,sub70,71,ling_word_target,-0.0034238242214538563
12272,sub70,72,ling_word_target,0.00910752324196938
12273,sub70,73,ling_word_target,0.0043107141144250165
12274,sub70,74,ling_word_target,0.005290013620976417
12275,sub70,75,ling_word_target,0.009672527409703691
12276,sub70,76,ling_word_target,-0.007928880556796305
12277,sub70,77,ling_word_target,-0.02646879456670892
12278,sub70,78,ling_word_target,0.007175868100605477
12279,sub70,79,ling_word_target,-0.002250361505395991
12280,sub70,80,ling_word_target,0.01345413854708438
12281,sub70,81,ling_word_target,0.0008151045427826875
12282,sub70,82,ling_word_target,-0.017011055808543448
12283,sub70,83,ling_word_target,0.0018337821801988527
12284,sub70,84,ling_word_target,0.008998157078212617
12285,sub70,85,ling_word_target,-0.013893248722988444
12286,sub70,86,ling_word_target,-0.01593322294057307
12287,sub70,87,ling_word_target,-0.008273798977255935
12288,sub70,88,ling_word_target,0.021212260763484453
12289,sub70,89,ling_word_target,0.012356938953631718
12290,sub70,90,ling_word_target,-0.007283737007393916
12291,sub70,91,ling_word_target,-0.02074146333280461
12292,sub70,92,ling_word_target,-0.024464376837953366
12293,sub70,93,ling_word_target,0.00510106356669441
12294,sub70,94,ling_word_target,0.01576072018918037
12295,sub70,95,ling_word_target,-0.009096976281183113
12296,sub70,96,ling_word_target,-0.006504129095070876
12297,sub70,97,ling_word_target,-0.008729064479608709
12298,sub70,98,ling_word_target,0.021512794022658925
12299,sub70,99,ling_word_target,-0.00634490615057198
12300,sub70,100,ling_word_target,-0.002000705743392838
12301,sub70,101,ling_word_target,-0.008079923009908278
12302,sub70,102,ling_word_target,-0.021687201984631598
12303,sub70,103,ling_word_target,-0.02375411594209766
12304,sub70,104,ling_word_target,-0.018315155262521848
12305,sub70,105,ling_word_target,-0.00480739663232574
12306,sub70,106,ling_word_target,-0.005641161458366635
12307,sub70,107,ling_word_target,-0.016886044054216072
12308,sub70,108,ling_word_target,-0.00211851446744798
12309,sub70,109,ling_word_target,0.008121321803745925
12310,sub70,110,ling_word_target,-0.002907061230837082
12311,sub70,111,ling_word_target,0.01050814080098434
12312,sub70,112,ling_word_target,0.003390696872409556
12313,sub70,113,ling_word_target,-0.010765222025183532
12314,sub70,114,ling_word_target,-0.0037554450114862256
12315,sub70,115,ling_word_target,0.010842205460010615
12316,sub70,116,ling_word_target,0.01919014254434293
12317,sub70,117,ling_word_target,0.007912575279831711
12318,sub70,118,ling_word_target,-0.01801825899630503
12319,sub70,119,ling_word_target,0.0014120636300099505
12320,sub70,120,ling_word_target,0.006558389901522041
12321,sub70,121,ling_word_target,0.0051591158565619
12322,sub70,122,ling_word_target,-0.006631190660635328
12323,sub70,123,ling_word_target,0.0011079582897580357
12324,sub70,124,ling_word_target,-0.0017862031112637013
12325,sub70,125,ling_word_target,0.010352628599224862
12326,sub70,126,ling_word_target,-0.01362283192580276
12327,sub70,127,ling_word_target,0.019153652339068607
12328,sub70,128,ling_word_target,0.001443439830854278
12329,sub70,129,ling_word_target,0.002974156927302748
12330,sub70,130,ling_word_target,0.0009399597178242406
12331,sub70,131,ling_word_target,0.006975094818539418
12332,sub70,132,ling_word_target,-0.01539977927163313
12333,sub70,133,ling_word_target,-0.023751054120185463
12334,sub70,134,ling_word_target,-0.004704916030371419
12335,sub70,135,ling_word_target,0.0035473969284520075
12336,sub70,136,ling_word_target,0.018679986431127005
12337,sub70,137,ling_word_target,0.008872351550026115
12338,sub70,138,ling_word_target,0.0063678912941701055
12339,sub70,139,ling_word_target,0.004048852444162533
12340,sub70,140,ling_word_target,0.02188179859404259
12341,sub70,141,ling_word_target,0.008221059919518383
12342,sub70,142,ling_word_target,-0.009493544530774724
12343,sub70,143,ling_word_target,-0.014166328615136963
12344,sub70,144,ling_word_target,0.006914105015734039
12345,sub70,145,ling_word_target,-0.0018127108059901931
12346,sub70,146,ling_word_target,-0.015615616985989806
12347,sub70,147,ling_word_target,-0.0037417761047017968
12348,sub70,148,ling_word_target,0.010918230692385024
12349,sub70,149,ling_word_target,-0.0015981518965198067
12350,sub70,150,ling_word_target,-0.003101523691994532
12351,sub70,151,ling_word_target,0.01681004370671455
12352,sub70,152,ling_word_target,0.011082553644307332
12353,sub70,153,ling_word_target,0.004712617356089546
12354,sub70,154,ling_word_target,-0.015135563723072813
12355,sub70,155,ling_word_target,0.013892964091962542
12356,sub70,156,ling_word_target,0.0009413566800503999
12357,sub70,157,ling_word_target,0.011657864206523703
12358,sub70,158,ling_word_target,0.020904032372986516
12359,sub70,159,ling_word_target,-0.006513163683509892
12360,sub70,160,ling_word_target,-0.0007012310371804761
12361,sub70,161,ling_word_target,0.01416663174516275
12362,sub70,162,ling_word_target,-0.002122863094168738
12363,sub70,163,ling_word_target,0.0026957790267624964
12364,sub70,164,ling_word_target,-0.01200274936024885
12365,sub70,165,ling_word_target,0.00897399754880387
12366,sub70,166,ling_word_target,0.004160308122782198
12367,sub70,167,ling_word_target,-0.0076118232659974925
12368,sub70,168,ling_word_target,-0.023764906467015887
12369,sub70,169,ling_word_target,0.004418490874495134
12370,sub70,170,ling_word_target,-0.009090104345385314
12371,sub70,171,ling_word_target,0.004041735410683441
12372,sub70,172,ling_word_target,-0.010927164463296751
12373,sub70,173,ling_word_target,-0.0044960616040781035
12374,sub70,174,ling_word_target,0.003993635408133335
12375,sub70,175,ling_word_target,-0.005434555571223294
12376,sub70,176,ling_word_target,-0.009996933035135233
12377,sub70,177,ling_word_target,-0.003982383258465616
12378,sub70,178,ling_word_target,0.01566176080589033
12379,sub70,179,ling_word_target,-0.013506480813727243
12380,sub70,180,ling_word_target,0.0023452976022076398
12381,sub70,181,ling_word_target,-0.00687111669565313
12382,sub70,182,ling_word_target,-0.0004440466123980082
12383,sub70,183,ling_word_target,0.013894086050248146
12384,sub70,184,ling_word_target,0.005709610703754024
12385,sub70,185,ling_word_target,0.0015443815348344045
12386,sub70,186,ling_word_target,-0.010642746194281627
12387,sub70,187,ling_word_target,-0.009005281767761608
12388,sub70,188,ling_word_target,0.00791433128627513
12389,sub70,189,ling_word_target,0.006805733198719076
12390,sub70,190,ling_word_target,-0.0041635447702338835
12391,sub70,191,ling_word_target,-0.006205132306129505
12392,sub70,192,ling_word_target,-0.009698009195801504
12393,sub70,193,ling_word_target,0.008435072741271463
12394,sub70,194,ling_word_target,0.009639129066274744
12395,sub70,195,ling_word_target,-0.01643399961119928
12396,sub70,196,ling_word_target,-0.0037248854565891344
12397,sub70,197,ling_word_target,-0.0003952524984423731
12398,sub70,198,ling_word_target,-0.014915742239570247
12399,sub70,199,ling_word_target,-0.004387265067151409
12400,sub72,0,ling_word_target,0.049118774221272726
12401,sub72,1,ling_word_target,0.03296789909837271
12402,sub72,2,ling_word_target,-0.0016541546382504999
12403,sub72,3,ling_word_target,0.03647145804239826
12404,sub72,4,ling_word_target,-0.012736894835369009
12405,sub72,5,ling_word_target,0.01073433952739133
12406,sub72,6,ling_word_target,-0.04896378687082093
12407,sub72,7,ling_word_target,-0.025625847421212843
12408,sub72,8,ling_word_target,0.033496043565174945
12409,sub72,9,ling_word_target,0.010524495389021253
12410,sub72,10,ling_word_target,-0.022515627726430645
12411,sub72,11,ling_word_target,-0.010181749923189844
12412,sub72,12,ling_word_target,-0.002016414709229213
12413,sub72,13,ling_word_target,0.0019115431924500482
12414,sub72,14,ling_word_target,-0.010793197643394868
12415,sub72,15,ling_word_target,-0.002948420716708817
12416,sub72,16,ling_word_target,0.04182380726317596
12417,sub72,17,ling_word_target,0.018250899759149536
12418,sub72,18,ling_word_target,-0.02177305088206133
12419,sub72,19,ling_word_target,-0.0033664048410536706
12420,sub72,20,ling_word_target,-0.0057495012890831755
12421,sub72,21,ling_word_target,-0.013652663557181921
12422,sub72,22,ling_word_target,0.0899831017169655
12423,sub72,23,ling_word_target,0.024145135225252135
12424,sub72,24,ling_word_target,-0.06887554463645101
12425,sub72,25,ling_word_target,-0.007399743747914867
12426,sub72,26,ling_word_target,0.03174061597532902
12427,sub72,27,ling_word_target,-0.036679466149818055
12428,sub72,28,ling_word_target,0.03587362651114146
12429,sub72,29,ling_word_target,0.004862733611471692
12430,sub72,30,ling_word_target,0.016086343392923863
12431,sub72,31,ling_word_target,-0.028766353728324937
12432,sub72,32,ling_word_target,-0.04693425679031832
12433,sub72,33,ling_word_target,0.03537131344741175
12434,sub72,34,ling_word_target,-0.021986570648948642
12435,sub72,35,ling_word_target,0.06293680461030295
12436,sub72,36,ling_word_target,0.030744535042555626
12437,sub72,37,ling_word_target,-0.0022385914296669347
12438,sub72,38,ling_word_target,0.03762574168265676
12439,sub72,39,ling_word_target,-0.04289113103115684
12440,sub72,40,ling_word_target,0.07203030275594616
12441,sub72,41,ling_word_target,-0.027462127066605266
12442,sub72,42,ling_word_target,0.04725168650544097
12443,sub72,43,ling_word_target,-0.04312457676543379
12444,sub72,44,ling_word_target,0.05411768483670959
12445,sub72,45,ling_word_target,0.0014738882112767728
12446,sub72,46,ling_word_target,0.05311302873402572
12447,sub72,47,ling_word_target,-0.019002805426718075
12448,sub72,48,ling_word_target,-0.06231756105752925
12449,sub72,49,ling_word_target,-0.010358741437588545
12450,sub72,50,ling_word_target,-0.008293560470590431
12451,sub72,51,ling_word_target,0.04337247423154915
12452,sub72,52,ling_word_target,-0.04944149304515464
12453,sub72,53,ling_word_target,0.021506585914315247
12454,sub72,54,ling_word_target,0.03300953540245664
12455,sub72,55,ling_word_target,0.008225932979753077
12456,sub72,56,ling_word_target,0.0008770243163405075
12457,sub72,57,ling_word_target,0.019791197470974173
12458,sub72,58,ling_word_target,-0.06222009851969857
12459,sub72,59,ling_word_target,-0.02049345956194421
12460,sub72,60,ling_word_target,0.02753666593981513
12461,sub72,61,ling_word_target,-0.016734361013462058
12462,sub72,62,ling_word_target,-0.03804885195191107
12463,sub72,63,ling_word_target,-0.014238251232026196
12464,sub72,64,ling_word_target,-0.014700867402155841
12465,sub72,65,ling_word_target,0.04932547087317414
12466,sub72,66,ling_word_target,0.0667472116669501
12467,sub72,67,ling_word_target,0.03455703807233122
12468,sub72,68,ling_word_target,-0.03885430358929842
12469,sub72,69,ling_word_target,-0.016295914479921743
12470,sub72,70,ling_word_target,0.05357478544187659
12471,sub72,71,ling_word_target,0.02054392788476351
12472,sub72,72,ling_word_target,0.06850404496500057
12473,sub72,73,ling_word_target,-0.016545937976154022
12474,sub72,74,ling_word_target,0.038626286632451046
12475,sub72,75,ling_word_target,0.005317714874335846
12476,sub72,76,ling_word_target,0.056535486107857684
12477,sub72,77,ling_word_target,0.026872425327533533
12478,sub72,78,ling_word_target,-0.021566858027717795
12479,sub72,79,ling_word_target,0.0005134946790774128
12480,sub72,80,ling_word_target,0.026408799927331614
12481,sub72,81,ling_word_target,0.00011276116311203107
12482,sub72,82,ling_word_target,0.011179593508247269
12483,sub72,83,ling_word_target,-0.0025359143810327026
12484,sub72,84,ling_word_target,-0.011506906317928332
12485,sub72,85,ling_word_target,0.038045951534434984
12486,sub72,86,ling_word_target,0.026225089547602807
12487,sub72,87,ling_word_target,0.03827730964766202
12488,sub72,88,ling_word_target,-0.013368379947855209
12489,sub72,89,ling_word_target,0.012116267006716919
12490,sub72,90,ling_word_target,-0.03855848788946007
12491,sub72,91,ling_word_target,0.08342673234480434
12492,sub72,92,ling_word_target,0.04426130892688947
12493,sub72,93,ling_word_target,0.008809104058561595
12494,sub72,94,ling_word_target,0.010350892424644296
12495,sub72,95,ling_word_target,0.054367282865284056
12496,sub72,96,ling_word_target,0.011459672587580188
12497,sub72,97,ling_word_target,0.023262603118041722
12498,sub72,98,ling_word_target,-0.014377179156814803
12499,sub72,99,ling_word_target,0.003943619469823421
12500,sub72,100,ling_word_target,0.05718111622170207
12501,sub72,101,ling_word_target,0.034068412917501296
12502,sub72,102,ling_word_target,0.03882009547377208
12503,sub72,103,ling_word_target,0.03908259725052089
12504,sub72,104,ling_word_target,0.05896815275310632
12505,sub72,105,ling_word_target,-0.021674651831302773
12506,sub72,106,ling_word_target,-0.005070902299962043
12507,sub72,107,ling_word_target,-0.015311218261370328
12508,sub72,108,ling_word_target,0.022351883505591363
12509,sub72,109,ling_word_target,0.044498323168238825
12510,sub72,110,ling_word_target,0.019892968444019617
12511,sub72,111,ling_word_target,0.023782019592926987
12512,sub72,112,ling_word_target,-0.08170225399640889
12513,sub72,113,ling_word_target,0.035591603976096065
12514,sub72,114,ling_word_target,0.057867096401485484
12515,sub72,115,ling_word_target,0.035183229007777664
12516,sub72,116,ling_word_target,-0.024210496269827478
12517,sub72,117,ling_word_target,-0.02020240548836642
12518,sub72,118,ling_word_target,-0.027874574037029986
12519,sub72,119,ling_word_target,0.04318512634684304
12520,sub72,120,ling_word_target,0.006815538842688314
12521,sub72,121,ling_word_target,-0.008600213817840265
12522,sub72,122,ling_word_target,-0.04109626366061813
12523,sub72,123,ling_word_target,0.06894788831664027
12524,sub72,124,ling_word_target,0.10735377658948494
12525,sub72,125,ling_word_target,0.02803299639824553
12526,sub72,126,ling_word_target,0.06872719994122904
12527,sub72,127,ling_word_target,-0.03616056813937008
12528,sub72,128,ling_word_target,0.03388289002806895
12529,sub72,129,ling_word_target,0.0003055385519106308
12530,sub72,130,ling_word_target,0.040045092816246596
12531,sub72,131,ling_word_target,-0.004092827526141575
12532,sub72,132,ling_word_target,0.04283622015166043
12533,sub72,133,ling_word_target,0.03493363500400959
12534,sub72,134,ling_word_target,0.011097619846556397
12535,sub72,135,ling_word_target,-0.007256067401090681
12536,sub72,136,ling_word_target,0.004281595036565854
12537,sub72,137,ling_word_target,0.04648099640862451
12538,sub72,138,ling_word_target,0.01614196362220226
12539,sub72,139,ling_word_target,0.05253924325435505
12540,sub72,140,ling_word_target,0.024864156261046332
12541,sub72,141,ling_word_target,0.021096894293014805
12542,sub72,142,ling_word_target,-0.025194999058166245
12543,sub72,143,ling_word_target,-0.006270400280772458
12544,sub72,144,ling_word_target,-0.025458170429758033
12545,sub72,145,ling_word_target,0.01562844427391168
12546,sub72,146,ling_word_target,-0.05984997668473492
12547,sub72,147,ling_word_target,0.05366610786484122
12548,sub72,148,ling_word_target,-0.02337349630140676
12549,sub72,149,ling_word_target,-0.043118753315570364
12550,sub72,150,ling_word_target,0.017175741984064987
12551,sub72,151,ling_word_target,-0.0489946794628025
12552,sub72,152,ling_word_target,0.045688840917294436
12553,sub72,153,ling_word_target,-0.007333513564366604
12554,sub72,154,ling_word_target,-0.052752801555534586
12555,sub72,155,ling_word_target,0.025815616929536062
12556,sub72,156,ling_word_target,0.08664842135621671
12557,sub72,157,ling_word_target,0.01653372173861024
12558,sub72,158,ling_word_target,0.049803275090477085
12559,sub72,159,ling_word_target,-0.03669861521880272
12560,sub72,160,ling_word_target,0.0689771002238842
12561,sub72,161,ling_word_target,0.030653965013551592
12562,sub72,162,ling_word_target,0.062274953543304465
12563,sub72,163,ling_word_target,-0.0023977021422685544
12564,sub72,164,ling_word_target,0.037972118509492205
12565,sub72,165,ling_word_target,-0.02185278728065946
12566,sub72,166,ling_word_target,-0.016286105618124495
12567,sub72,167,ling_word_target,-0.021184206587264123
12568,sub72,168,ling_word_target,0.031119883152368813
12569,sub72,169,ling_word_target,0.008134182888712552
12570,sub72,170,ling_word_target,0.015036588970731816
12571,sub72,171,ling_word_target,0.006529311768189978
12572,sub72,172,ling_word_target,-0.02709909641274688
12573,sub72,173,ling_word_target,0.023032356763044527
12574,sub72,174,ling_word_target,-0.03380927465974104
12575,sub72,175,ling_word_target,0.007256960104470789
12576,sub72,176,ling_word_target,-0.05874990781643829
12577,sub72,177,ling_word_target,-0.0230511304570246
12578,sub72,178,ling_word_target,0.009186547156871339
12579,sub72,179,ling_word_target,0.06283272506446684
12580,sub72,180,ling_word_target,0.035578762262059166
12581,sub72,181,ling_word_target,0.05035316016093157
12582,sub72,182,ling_word_target,-0.005876901819661513
12583,sub72,183,ling_word_target,0.0022562021373385786
12584,sub72,184,ling_word_target,-0.010898928879767249
12585,sub72,185,ling_word_target,0.025790300093617036
12586,sub72,186,ling_word_target,0.03778438374121499
12587,sub72,187,ling_word_target,0.05751347539518831
12588,sub72,188,ling_word_target,-0.014580793379960842
12589,sub72,189,ling_word_target,0.09872160749024791
12590,sub72,190,ling_word_target,0.027931251130648704
12591,sub72,191,ling_word_target,0.043743960563891945
12592,sub72,192,ling_word_target,0.06366774689548672
12593,sub72,193,ling_word_target,0.0022298714163124845
12594,sub72,194,ling_word_target,0.0035520876132274044
12595,sub72,195,ling_word_target,0.007210916176275313
12596,sub72,196,ling_word_target,0.029206008091729962
12597,sub72,197,ling_word_target,0.03467162425259841
12598,sub72,198,ling_word_target,-0.004237116482830896
12599,sub72,199,ling_word_target,0.04429332542326304
